:020000040000fa
:020000041fc01b
:042ff000ffffff38a8
:020000040000fa
:020000041fc01b
:042ff400d979f8ff90
:020000040000fa
:020000041fc01b
:042ff800fb0d74ff5a
:020000040000fa
:020000041fc01b
:042ffc00ffffff7f55
:020000040000fa
:020000041fc01b
:100000000200f00f0000000000601a40c0045a7f98
:100010000500401300000000049d1a3c20fd5a27f3
:10002000080040030000000002a01d3cf8ffbd27af
:1000300000a01c3cf07f9c27026009402058200152
:10004000801e2a7d8449497d02608940c0000000ed
:1000500000e0dc4102608b40c0000000049d083cd1
:100060001003082509f8000100000000039d083c6a
:10007000b06a082509f80001000000000000093cf2
:100080000000292510002011000000000200093c9a
:100090000000292588bf0a3c10204a25000049adf0
:1000a0000200093c0000292588bf0a3c20204a257f
:1000b000000049ad0200093c0000292588bf0a3c28
:1000c00030204a25000049ad00488040ffff0a2447
:1000d00000588a404000083c00600a4025500a0150
:1000e00000608a40c09f093c00102925c000000024
:1000f000017889400000093c0100292500000a24fc
:1001000044492a7d01608a408000093c006889409a
:10011000008008408005097d404c090000600840cf
:100120005800013c2440010125402801006088401e
:10013000c0000000049d083c1803082509f80001d0
:100140000000000000600840bfff013cffff2134b9
:100150002440010100608840000084300000a53088
:10016000049d083c14ab08250800000100000000b5
:020000040000fa
:020000041fc01b
:10038000049d1a3cf0fc5a270800400300000000be
:020000040000fa
:020000041fc01b
:10118000039d1a3c64e45a27080040030000000055
:020000040000fa
:020000041fc01b
:10120000029d1a3cc0005a2708004003000000005d
:020000040000fa
:020000041fc01b
:08122000f341400b0000000047
:020000040000fa
:020000041fc01b
:081240009cf0400b00000000cf
:020000040000fa
:020000041fc01b
:081260009cf0400b00000000af
:020000040000fa
:020000041fc01b
:081280005641400b0000000084
:020000040000fa
:020000041fc01b
:0812a0009cf0400b000000006f
:020000040000fa
:020000041fc01b
:0812c0009cf0400b000000004f
:020000040000fa
:020000041fc01b
:0812e0009cf0400b000000002f
:020000040000fa
:020000041fc01b
:081300009cf0400b000000000e
:020000040000fa
:020000041fc01b
:081320009cf0400b00000000ee
:020000040000fa
:020000041fc01b
:081340009cf0400b00000000ce
:020000040000fa
:020000041fc01b
:081360009cf0400b00000000ae
:020000040000fa
:020000041fc01b
:081380009cf0400b000000008e
:020000040000fa
:020000041fc01b
:0813a0009cf0400b000000006e
:020000040000fa
:020000041fc01b
:0813c0009cf0400b000000004e
:020000040000fa
:020000041fc01b
:0813e0009cf0400b000000002e
:020000040000fa
:020000041fc01b
:081400009cf0400b000000000d
:020000040000fa
:020000041fc01b
:081420009cf0400b00000000ed
:020000040000fa
:020000041fc01b
:081440009cf0400b00000000cd
:020000040000fa
:020000041fc01b
:081460009cf0400b00000000ad
:020000040000fa
:020000041fc01b
:081480009cf0400b000000008d
:020000040000fa
:020000041fc01b
:0814a0009cf0400b000000006d
:020000040000fa
:020000041fc01b
:0814c0009cf0400b000000004d
:020000040000fa
:020000041fc01b
:0814e0009cf0400b000000002d
:020000040000fa
:020000041fc01b
:10150000029d1a3c74025a270800400300000000a4
:020000040000fa
:020000041fc01b
:081520009cf0400b00000000ec
:020000040000fa
:020000041fc01b
:081540009cf0400b00000000cc
:020000040000fa
:020000041fc01b
:081560009cf0400b00000000ac
:020000040000fa
:020000041fc01b
:081580009cf0400b000000008c
:020000040000fa
:020000041fc01b
:0815a0009cf0400b000000006c
:020000040000fa
:020000041fc01b
:0815c0009cf0400b000000004c
:020000040000fa
:020000041fc01b
:0815e0009cf0400b000000002c
:020000040000fa
:020000041fc01b
:081600009cf0400b000000000b
:020000040000fa
:020000041fc01b
:081620009cf0400b00000000eb
:020000040000fa
:020000041fc01b
:081640009cf0400b00000000cb
:020000040000fa
:020000041fc01b
:081660009cf0400b00000000ab
:020000040000fa
:020000041fc01b
:081680009cf0400b000000008b
:020000040000fa
:020000041fc01b
:0816a0009cf0400b000000006b
:020000040000fa
:020000041fc01b
:0816c0009cf0400b000000004b
:020000040000fa
:020000041fc01b
:0816e0009cf0400b000000002b
:020000040000fa
:020000041fc01b
:081700009cf0400b000000000a
:020000040000fa
:020000041fc01b
:081720009cf0400b00000000ea
:020000040000fa
:020000041fc01b
:081740009cf0400b00000000ca
:020000040000fa
:020000041fc01b
:081760009cf0400b00000000aa
:020000040000fa
:020000041fc01b
:081780009cf0400b000000008a
:020000040000fa
:020000041fc01b
:0817a0009cf0400b000000006a
:020000040000fa
:020000041fc01b
:0817c0009cf0400b000000004a
:020000040000fa
:020000041fc01b
:0817e0009cf0400b000000002a
:020000040000fa
:020000041fc01b
:10180000029d1a3c28045a270800400300000000eb
:020000040000fa
:020000041fc01b
:081820009cf0400b00000000e9
:020000040000fa
:020000041fc01b
:081840009cf0400b00000000c9
:020000040000fa
:020000041fc01b
:081860009cf0400b00000000a9
:020000040000fa
:020000041fc01b
:1004800000f89b40c0000000049d1b3c1cc97b275a
:10049000020060130000000000c09b4000f81b40f9
:0c04a000c00000001f000042000000002f
:020000040000fa
:020000041d00dd
:100000004452562050485920696e697420666169cf
:100010006c65643a2025640d0a00000050494333a2
:1000200032494e540000000050485920436f6e641e
:100030003a2025732c20696e206c696e653a202564
:10004000642c200d0a00000050485920417373654c
:1000500072743a2025732c20696e206c696e653aa3
:100060002025642c200d0a004452565f5048592028
:100070006f7065726174696f6e206572726f723a2b
:100080002025640d0a000000644d49494d2041734c
:10009000736572743a2025732c20696e206c696e2a
:1000a000653a2025642c200d0a00000025642e25c9
:1000b000642e25642e256400252e32783a252e32b2
:1000c000783a252e32783a252e32783a252e327813
:1000d0003a252e327800000066756c6c0000000036
:1000e0006c6f77005443502f495020537461636bf9
:1000f0003a202573204d414320696e697469616c13
:10010000697a6174696f6e206661696c65640d0a55
:10011000000000005443502f495020537461636b1a
:100120003a202573204d4143204f70656e20666153
:10013000696c65640d0a00005443502f49502053e8
:100140007461636b3a204d6f64756c65206e6f3a15
:1001500020256420496e697469616c697a617469eb
:100160006f6e206661696c65640d0a005443502f00
:10017000495020537461636b3a202573204d4143ed
:10018000206576656e74206e6f746966696361744c
:10019000696f6e2073657474696e67206661696c3f
:1001a00065640d0a000000005443502f495020534d
:1001b0007461636b3a20486561702044656c6574b6
:1001c00065206661696c21204e6f207472616365e1
:1001d000206578697374730d0a0000005443502f32
:1001e000495020537461636b3a2048656170206305
:1001f00072656174696f6e206661696c65642c203c
:10020000747970653a2025640d0a00005443502f1c
:10021000495020537461636b3a204e6574776f7256
:100220006b20636f6e66696775726174696f6e20ab
:10023000616c6c6f636174696f6e206661696c6577
:10024000643a20256c750d0a000000005443502fbd
:10025000495020537461636b3a205061636b65743d
:1002600020696e697469616c697a6174696f6e2066
:100270006661696c65643a20307825780d0a000063
:100280005443502f495020537461636b3a204465a6
:100290006661756c7420466c617368204e65747776
:1002a0006f726b20636f6e66696775726174696fd8
:1002b0006e206c6f6164206661696c6564202564e2
:1002c0000d0a00005443502f495020537461636b52
:1002d0003a204e6574776f726b20636f6e66696744
:1002e00075726174696f6e20696e697469616c6999
:1002f0007a6174696f6e206661696c65643a202565
:10030000640d0a005443502f495020537461636bad
:100310003a204e6574776f726b20636f6e66696703
:1003200075726174696f6e3a20416c6961736573af
:10033000206e6f7420737570706f727465643a20ec
:1003400025640d0a000000005443502f49502053eb
:100350007461636b3a204e6574776f726b20636fc4
:100360006e66696775726174696f6e3a20696e7640
:10037000616c696420495020616464726573733aea
:100380002030782538780d0a000000002573256498
:10039000000000005443502f495020537461636b98
:1003a0003a20506f776572204d6f646520696e69e1
:1003b0007469616c697a6174696f6e206661696cd9
:1003c0003a2025640d0a00005443502f4950205311
:1003d0007461636b3a2044796e616d6963206d6569
:1003e0006d6f7279206973206c6f773a20256c7578
:1003f0000d0a00005443502f495020537461636b21
:100400003a20496e697469616c697a6174696f6eca
:10041000206661696c6564202564202d2041626f2f
:100420007274696e6721200d0a0000005443502f3a
:10043000495020537461636b3a20496e6974696155
:100440006c697a6174696f6e20537461727465644b
:10045000200d0a005443502f495020537461636ba0
:100460003a204e6574776f726b20636f6e666967b2
:1004700075726174696f6e206c6f6164206661696a
:100480006c65643a2025640d0a0000005443502f27
:10049000495020537461636b3a205469636b207236
:1004a0006567697374726174696f6e206661696ce7
:1004b00065643a2025640d0a000000005443502f63
:1004c000495020537461636b3a20496e69746961c5
:1004d0006c697a6174696f6e2053595320544d5280
:1004e000206661696c65643a202564202d20416294
:1004f0006f7274696e6721200d0a00005443502ffb
:10050000495020537461636b3a20496e6974696184
:100510006c697a6174696f6e20456e646564202d24
:100520002073756363657373200d0a005443502f65
:10053000495020537461636b3a20496e746572664a
:1005400061636520496e697469616c697a61746977
:100550006f6e206661696c65643a2030782578207a
:100560002d2041626f7274696e6721200d0a0000b0
:10057000382e3130202d204833000000544350499c
:100580005020537461636b204173736572743a2019
:10059000696e2066696c653a2025732c2066756e3d
:1005a000633a2025732c206c696e653a2025642cf3
:1005b000200d0a002e2e2f7372632f636f6e6669f3
:1005c000672f70696333326d785f6574685f736b32
:1005d000325f6672656572746f732f6c69627261e7
:1005e00072792f74637069702f7372632f746370e4
:1005f00069705f6d616e616765722e630000000057
:10060000544350495020537461636b20436f6e64b0
:100610003a20696e2066696c653a2025732c206645
:10062000756e633a2025732c206c696e653a20251f
:10063000642c200d0a000000756e6b006574680064
:10064000776c616e00000000707070006733616449
:10065000700000005061636b65742041636b3a2049
:100660006f727068616e207061636b657421200d1c
:100670000a000000444843503a204661696c6564b2
:1006800020746f20726567697374657220495076b3
:10069000342066696c74657221200d0a0000000028
:1006a0002e2e2f7372632f636f6e6669672f7069ca
:1006b0006333326d785f6574685f736b325f667247
:1006c000656572746f732f6c6962726172792f74d1
:1006d000637069702f7372632f646863702e630098
:1006e0004c696d697465640044697265637465641e
:1006f0000000000055736167653a20616e6e6f758a
:100700006e636520302f310d0a00000025732062d2
:1007100063617374207375626d69747465643a20e3
:1007200025640d0a0000000055736167653a206d6d
:100730006163696e666f200d0a00000045783a20fb
:100740006d6163696e666f200d0a0000496e746505
:1007500072666163653a202573204472697665721a
:1007600020537461746973746963730d0a00000027
:100770000d0a20526563656976652053746174695a
:1007800073746963730d0a0009206e52784f6b50c1
:1007900061636b6574733a2025640d0a09206e52fb
:1007a0007850656e64427566666572733a2025649a
:1007b0000d0a09206e527853636865644275666657
:1007c0006572733a2025640d0a00000009206e52fc
:1007d000784572726f725061636b6574733a20254d
:1007e000640d0a09206e5278467261676d656e74f9
:1007f0004572726f72733a2025640d0a09206e5299
:1008000078427566664e6f74417661696c61626ca0
:10081000653a2025640d0a000d0a205472616e733a
:100820006d697420537461746973746963730d0a1c
:100830000000000009206e54784f6b5061636b65b7
:1008400074733a2025640d0a09206e547850656e41
:1008500064427566666572733a2025640d0a092044
:100860006e54784572726f725061636b6574733a3f
:100870002025640d0a09206e54785175657565460a
:10088000756c6c3a2025640d0a0d0a00096e6f74b0
:1008900020737570706f727465640d0a000000003b
:1008a000496e746572666163653a202573204861fc
:1008b000726477617265205265676973746572202e
:1008c0005374617475730d0a0000000009202573cc
:1008d0003a20307825780d0a00000000656e6162cc
:1008e0006c650000656e61626c65640064697361cb
:1008f000626c650064697361626c6564000000008d
:100900006e6f6e650000000055736167653a206484
:100910006e7363203c64656c2f696e666f2f6f6e1b
:100920002f6f66662f6c6f6f6b75703e200d0a001f
:1009300055736167653a202573203c6f6e2f6f6693
:10094000663e203c696e746572666163653e203c5c
:100950007374726963742f707265663e2f3c636caa
:100960006561723e200d0a0045783a202573206f9c
:100970006e20657468300d0a00000000556e6b6ec5
:100980006f776e20696e746572666163650d0a002b
:100990006f6e000073747269637400007072656634
:1009a000000000006f666600636c65617200000005
:1009b000556e6b6e6f776e206f7074696f6e0d0a77
:1009c0000000000025732025730d0a004661696c44
:1009d000656420746f2025732025730d0a000000c4
:1009e00055736167653a20646e7363206c6f6f6b3b
:1009f0007570203c747970653e203c686f73744e4e
:100a0000616d653e200d0a0048656c703a203c68b7
:100a10006f73744e616d653e2855524c29202d2010
:100a20006c6f6f6b20757020666f7220686f7374c7
:100a30006e616d650d0a000048656c703a203c746b
:100a40007970653e203a2061206f72204120666fe8
:100a50007220495076342061646472657373206c2f
:100a60006f6f6b75700d0a0048656c703a203c74ae
:100a70007970653e203a2061616161206f7220418a
:100a800041414120666f722049507636206164648e
:100a900072657373206c6f6f6b75700d0a000000c8
:100aa00048656c703a203c747970653e203a20614c
:100ab0006e7920666f7220626f74682049507634b8
:100ac00020616e64204950763620616464726573db
:100ad00073206c6f6f6b75700d0a0000646e73632a
:100ae000206c6f6f6b75703a20636f6d6d616e6413
:100af00020696e2070726f67726573732e20526565
:100b0000747279206c617465722e0d0a0000000009
:100b1000410000006100000041414141000000002f
:100b20006161616100000000414e5900616e790011
:100b3000646e7363206c6f6f6b75703a205b257306
:100b40005d204c6f6f6b75702054797065206e6fef
:100b50007420737570706f727465642e0d0a0000d6
:100b6000646e7363206c6f6f6b75703a20486f739f
:100b700074206e616d6520746f6f206c6f6e672ed0
:100b80002052657472792e0d0a000000646e736342
:100b9000206c6f6f6b75703a207265736f6c76693d
:100ba0006e6720686f73743a20257320666f722019
:100bb000747970653a2573200d0a000055736167da
:100bc000653a20646e73632064656c203c686f73c3
:100bd000744e616d653e7c616c6c200d0a000000f6
:100be00048656c703a203c686f73744e616d653e69
:100bf0002855524c29202d2052656d6f7665207442
:100c0000686520656e7472792069662065786973fd
:100c10007473200d0a00000048656c703a20616c06
:100c20006c202d2052656d6f766520616c6c207490
:100c30006865207265736f6c76656420656e74728a
:100c400079200d0a00000000616c6c005b25735d6b
:100c5000206e6f742070617274206f6620746865f6
:100c600020444e5320436163686520656e74727939
:100c7000200d0a00496e636f6d706c6574652063aa
:100c80006f6d6d616e64200d0a0000005573616721
:100c9000653a20646e736320696e666f200d0a00ea
:100ca00048656c703a20646973706c61792074686f
:100cb0006520444e5320636163686520656e7472dd
:100cc000792064657461696c73200d0a000000006e
:100cd000444e5320436c69656e7420697320646fc1
:100ce000776e210d0a000000444e5320436c696565
:100cf0006e74204946202d205374726963743a2023
:100d000025732c205072656665727265643a2025e1
:100d1000730d0a00444e5320436c69656e74202d98
:100d20002074696d653a2025642c2070656e6469b5
:100d30006e673a2025642c2063757272656e743a72
:100d40002025642c20746f74616c3a2025640d0a90
:100d500000000000486f73746e616d65203d2025b2
:100d600073200d0a54696d656f7574203d202564ec
:100d7000200d0a0049507634203d25730d0a0000ed
:100d800049507636203d2025730d0a002d2d2d2d3e
:100d90002d2d2d2d2d2d2d2d2d2d2d2d2d2d2d2d83
:100da0002d2d2d2d2d2d2d2d2d2d2d2d2d2d2d2d73
:100db0002d2d2d2d2d2d2d2d2d2d2d2d2d2d2d2d63
:100dc0000d0a00004e6f20444e5320436c69656e3f
:100dd0007420436163686520656e74726965732071
:100de0000d0a0000496e76616c696420496e707569
:100df0007420436f6d6d616e64203a5b2025732013
:100e00005d200d0a0000000064656c00696e666f6d
:100e1000000000006c6f6f6b75700000556e6b6e9c
:100e20006f776e206865617020747970652e20552b
:100e300073653a205b312c2025645d0d0a000000ab
:100e40004e6f206865617020696e666f20657869f5
:100e500073747320666f7220747970653a202573fd
:100e6000210d0a004865617020747970653a20256b
:100e7000732e20496e697469616c206372656174b8
:100e8000656420686561702073697a653a2025641d
:100e90002042797465730d0a00000000416c6c6f8c
:100ea0006361626c6520626c6f636b206865617062
:100eb0002073697a653a2025642042797465730d40
:100ec0000a000000416c6c20617661696c61626ca3
:100ed0006520686561702073697a653a2025642011
:100ee00042797465732c206869676820776174653e
:100ef000726d61726b3a2025640d0a004c61737447
:100f00002068656170206572726f723a20307825b2
:100f1000780d0a004e6f20547261636520696e6619
:100f20006f206578697374732e0d0a0053746163c2
:100f30006b207570206661696c65640d0a000000a5
:100f4000537461636b2075702073756363656564aa
:100f500065640d0a0000000055736167653a2073ef
:100f60007461636b203c75702f646f776e3e203c1c
:100f700070726573657276653e0d0a0045783a2099
:100f8000737461636b20646f776e20707265736534
:100f90007276650d0a000000537461636b20616c0a
:100fa0007265616479207570210d0a005475726e46
:100fb00020537461636b20646f776e20616e6420d0
:100fc0007468656e207570210d0a00005265737497
:100fd000617274696e672074686520737461636bf5
:100fe000207769746820256420696e746572666173
:100ff00063652873290d0a00537461636b20646f65
:10100000776e3a2063616e6e6f742067657420613d
:1010100020737461636b2068616e646c650d0a00f7
:10102000537461636b20646f776e20646f6e650d1f
:101030000a00000055736167653a206966203c69c3
:101040006e746572666163653e203c646f776e2fd7
:1010500075703e200d0a000045783a2069662050e0
:1010600049433332494e5420646f776e200d0a0095
:10107000556e6b6e6f776e20696e74657266616314
:101080006520737065636966696564200d0a0000f8
:101090005468697320696e74657266616365206166
:1010a0006c72656164792075700d0a004f7065720d
:1010b0006174696f6e206661696c65642e204e6f85
:1010c00020636f6e66696775726174696f6e0d0a71
:1010d000000000005468697320696e74657266616f
:1010e000636520616c726561647920646f776e0d51
:1010f0000a00000057726f6e6720706172616d6543
:1011000074657220737065636966696564200d0a91
:10111000000000004f7065726174696f6e20737516
:10112000636365737366756c210d0a004f70657299
:101130006174696f6e206661696c6564210d0a00d7
:1011400055736167653a207365746d6163203c690e
:101150006e746572666163653e203c783a783a78d1
:101160003a783a783a783e200d0a000045783a20dd
:101170007365746d6163205049433332494e542086
:1011800061613a62623a63633a64643a65653a66f9
:1011900066200d0a00000000617267765b325d3ade
:1011a0002025730d0a000000496e76616c69642089
:1011b0004d41432061646472657373207374726976
:1011c0006e67200d0a000000536574204d414320d6
:1011d00061646472657373206661696c65640d0a8d
:1011e000000000005365742042494f53204e616d4a
:1011f00065204f4b0d0a00005365742042494f5340
:10120000204e616d65206661696c65640d0a0000a1
:1012100055736167653a2073657462696f73203c2a
:10122000696e746572666163653e203c782e782e27
:10123000782e783e200d0a0045783a207365746256
:10124000696f73205049433332494e54204d43480f
:1012500050424f4152445f3239200d0a00000000d5
:101260005365742067617465776179206164647285
:10127000657373204f4b0d0a000000005365742006
:101280006761746577617920616464726573732046
:101290006661696c65640d0a000000005573616742
:1012a000653a207365746777203c696e7465726671
:1012b0006163653e203c697076342f36206164643a
:1012c000726573733e203c76616c696454696d6528
:1012d0003e200d0a0000000045783a2073657467cf
:1012e00077205049433332494e54203139322e3120
:1012f00036382e302e31200d0a000000496e7661fe
:101300006c69642049502061646472657373207352
:101310007472696e67200d0a000000005365742026
:1013200069702061646472657373204f4b0d0a000d
:1013300053657420697020616464726573732066fc
:1013400061696c65640d0a0055736167653a2073c5
:1013500065746970203c696e746572666163653e90
:10136000203c697076342f36206164647265737333
:101370003e203c697076346d61736b2f69707636f0
:1013800020707265666978206c656e3e0d0a0000fb
:1013900045783a2073657469702050494333324967
:1013a0004e54203139322e3136382e302e382032fc
:1013b00035352e3235352e3235352e30200d0a009a
:1013c0004e6f207375636820696e74657266616321
:1013d000652069732075700d0a000000416e206160
:1013e00064647265737320736572766963652069de
:1013f0007320616c72656164792072756e6e696ebe
:10140000672e2053746f7020444843502c205a4359
:101410004c4c2c206574632e2066697273740d0a1f
:1014200000000000496e76616c6964204950206daf
:1014300061736b20737472696e67200d0a0000007f
:10144000737563636573730055736167653a2073e1
:101450006574646e7320312f32203c696e7465723e
:10146000666163653e203c782e782e782e783e208b
:101470000d0a000045783a20736574646e7320315c
:101480002065746830203235352e3235352e3235b0
:10149000352e30200d0a0000556e6b6e6f776e2072
:1014a000444e5320696e6465780d0a0053657420bc
:1014b000444e532025642061646472657373202553
:1014c000730d0a006e6f7420676976656e00000008
:1014d0004e6f6e65000000006661696c00000000e0
:1014e00055736167653a202573203c696e74657297
:1014f000666163653e203c6f6e2f6f66662f726576
:101500006e65772f726571756573742f696e666f7e
:101510003e200d0a0000000045783a202573205037
:1015200049433332494e54206f6e200d0a000000ab
:1015300072656e6577000000726571756573740081
:1015400052657175657374206e6565647320616e94
:1015500020495020616464726573730d0a000000b5
:1015600044484350207374617475733a2025642095
:1015700028202564203d3d20426f756e64292c2073
:1015800074696d653a2025640d0a00004448435093
:10159000206c656173652073746172743a202564f0
:1015a0002c206475726174696f6e3a202564730d26
:1015b0000a000000444843502072656e657720742d
:1015c000696d653a2025642c20726562696e64201d
:1015d00074696d653a2025640d0a00004448435043
:1015e00020616464726573733a2025730d0a0000ec
:1015f00044484350207365727665723a2025730d16
:101600000a0000004448435020626f6f74206e61ee
:101610006d653a2025730d0a0000000044484350d0
:101620002054696d6520736572766572733a202562
:10163000642c2025730d0a0044484350204e54501a
:1016400020736572766572733a2025642c202573a9
:101650000d0a0000444843503a206661696c656495
:1016600020746f2067657420696e666f0d0a000034
:1016700025732025732025730d0a0000737563639d
:1016800065737366756c00006661696c6564210042
:10169000736574006765740044656661756c7420d9
:1016a000696e746572666163652073657420257365
:1016b0000d0a000044656661756c7420696e74657e
:1016c00072666163652069733a2025730d0a000014
:1016d00055736167653a206465666e65742073654d
:1016e000742f676574203c696e746572666163650a
:1016f0003e0d0a0045783a206465666e6574207375
:10170000657420657468300d0a00000055500000b3
:10171000444f574e000000004e6f742052656164c4
:101720007900000055736167653a206e6574696ed3
:10173000666f0d0a0000000045783a206e657469f6
:101740006e666f0d0a0000002d2d2d2d2d2d2d2dd7
:101750002d2d20496e74657266616365203c25738a
:101760002f25733e202d2d2d2d2d2d2d2d2d2d2072
:101770000d0a0000496e74657266616365206973c5
:1017800020646f776e0d0a00486f7374204e616d90
:10179000653a202573202d204e424e5320656e6100
:1017a000626c65640d0a000049507634204164641f
:1017b000726573733a2025730d0a00004d61736bd7
:1017c0003a2025730d0a0000476174657761793a04
:1017d0002025730d0a000000444e53313a20257332
:1017e0000d0a0000444e53323a2025730d0a0000c2
:1017f0004d414320416464726573733a2025730d33
:101800000a0000004950763620556e696361737492
:10181000206164647265737365733a0d0a00000099
:101820002020202025730d0a000000002020202009
:10183000556e6b6e6f776e0d0a000000495076365c
:10184000204d756c746963617374206164647265a2
:10185000737365733a0d0a006468637020697320be
:1018600025730d0a000000004c696e6b206973201f
:1018700025730d0a000000005374617475733a20db
:1018800025730d0a0000000064656661756c7420a4
:101890004950206164647265737300002573206988
:1018a00073204f4e0d0a0000646863700000000052
:1018b000444e53204c6f6f6b75703a20444e53204a
:1018c0006661696c75726520666f722025732c20c5
:1018d0006572723a2025640d0a000000444e5320c0
:1018e0004c6f6f6b75703a207265717565737420fb
:1018f00074696d656f75742e0d0a00004c6f6f6b07
:10190000757020416e737765723a0d0a2d2d2d2d5d
:101910002d2d2d2d2d2d2d2d2d2d2d2d2d2d2d2df7
:101920002d2d0d0a000000004e6f204c6f6f6b755f
:101930007020656e74727920666f72205b25735d0e
:101940000d0a00005b25735d20412049507634204c
:1019500041646472657373203a2025642e25642ed9
:1019600025642e25640d0a005b25735d20414141ed
:101970004120495076362041646472657373203a81
:1019800025730d0a0000000055736167653a202534
:1019900073203c696e746572666163653e203c6fbe
:1019a0006e2f6f66663e200d0a000000556e6b6e4e
:1019b0006f776e20736572766963652025730d0af3
:1019c000000000003a20737461636b20636f6d6ddb
:1019d000616e647300000000746370697000000041
:1019e0004661696c656420746f206372656174651b
:1019f00020544350495020436f6d6d616e64730de8
:101a00000a000000544350495020636f6d6d616eb1
:101a10006473207461736b2072656769737472619b
:101a200074696f6e206661696c65640d0a00000060
:101a3000696e7465726e616c00000000706f6f6c8f
:101a40000000000065787465726e616c0000000033
:101a50006e6574696e666f003a20476574206e6526
:101a600074776f726b20696e666f726d6174696fe7
:101a70006e0000006465666e657400003a20536570
:101a8000742f4765742064656661756c7420696e97
:101a900074657266616365003a2044484350206370
:101aa0006c69656e7420636f6d6d616e64730000a8
:101ab0007a636c6c000000003a205475726e205af4
:101ac000434c4c206f6e2f6f666600007365746424
:101ad0006e7300003a2053657420444e53206164b5
:101ae00064726573730000007365746970000000b0
:101af0003a205365742049502061646472657373a1
:101b000020616e64206d61736b0000007365746703
:101b1000770000003a20536574204761746577614f
:101b20007920616464726573730000007365746288
:101b3000696f73003a2053657420686f737427735c
:101b4000204e657442494f53206e616d6500000060
:101b50007365746d616300003a20536574204d41d4
:101b6000432061646472657373000000696600005d
:101b70003a204272696e6720616e20696e746572e8
:101b8000666163652075702f646f776e00000000da
:101b9000737461636b0000003a20537461636b20bf
:101ba0007475726e206f6e2f6f6666006865617067
:101bb000696e666f000000003a20436865636b2021
:101bc000686561702073746174757300646e73630b
:101bd000000000003a20444e5320636c69656e7427
:101be00020636f6d6d616e64730000006d616369e9
:101bf0006e666f003a20436865636b204d41432059
:101c0000737461746973746963730000616e6e6fdd
:101c1000756e6365000000003a20416e6e6f756e50
:101c200063650000554450204e554c4c2064796e3d
:101c3000616d696320616c6c6f636174696f6e20a4
:101c400068616e646c6500005544502044796e6193
:101c50006d696320616c6c6f636174696f6e20667f
:101c600061696c6564000000544350204e554c4c33
:101c70002064796e616d696320616c6c6f6361745f
:101c8000696f6e2068616e646c652f696e6974207f
:101c90006461746100000000205443502044796e58
:101ca000616d696320616c6c6f636174696f6e2034
:101cb0006661696c656400002e2e2f7372632f635a
:101cc0006f6e6669672f70696333326d785f657414
:101cd000685f736b325f6672656572746f732f6cc9
:101ce0006962726172792f74637069702f737263a5
:101cf0002f697076362e63004950763420496e691c
:101d0000743a204661696c656420746f20696e695d
:101d100074616c697a653a20256421200d0a0000ff
:101d2000495076343a204661696c656420746f20ae
:101d3000726567697374657220415250206e6f74ca
:101d4000696669636174696f6e21200d0a00000085
:101d5000495076343a2041525020656e747269655c
:101d60007320706f6f6c20656d707479210d0a009f
:101d70001b5b324a1b5b33316d1b5b316d4d6963fd
:101d8000726f636869702054656c6e65742053656a
:101d90007276657220312e311b5b306d0d0a4c6fef
:101da00067696e3a20000000546f6f206d7563689c
:101db00020646174612e2041626f727465640d0a43
:101dc000000000000d0a4163636573732064656e53
:101dd0006965640d0a0d0a000d0a000050617373f5
:101de000776f72643a20fffd2d0000000d0a4c6fe2
:101df0006767656420696e207375636365737366d6
:101e0000756c6c790d0a0d0a000000000d0a2d2d6d
:101e10002d2054656c6e657420436f6e736f6c6516
:101e2000202d2d2d0d0a547970652068656c702069
:101e3000666f7220636f6d6d616e64730d0a3e0094
:101e40004661696c656420746f20636f6e6e6563b4
:101e50007420746f2074686520636f6d6d616e64ab
:101e60002070726f636573736f722e2041626f72a0
:101e700074696e67210d0a0074656c6e6574204e7e
:101e8000554c4c2064796e616d696320616c6c6f98
:101e9000636174696f6e2068616e646c652f696e32
:101ea00069742064617461002074656c6e657420cf
:101eb00044796e616d696320616c6c6f63617469f4
:101ec0006f6e206661696c65640000002074656c4b
:101ed0006e65743a2053657474696e672054582097
:101ee000427566666572206661696c65643a202594
:101ef000640d0a002074656c6e65743a2053657435
:101f000074696e6720525820427566666572206655
:101f100061696c65643a2025640d0a000d0a2d2d57
:101f20002d2d2d2d2d20537570706f7274656420ca
:101f3000636f6d6d616e642067726f757073202db5
:101f40002d2d2d2d2d0000000d0a202a2a2a2000db
:101f5000202a2a2a000000000d0a2d2d2d2d2d2dbe
:101f60002d2d2d2d204275696c7420696e20636fb4
:101f70006d6d616e6473202d2d2d2d2d2d2d2d2d2c
:101f80002d0000000d0a556e6b6e6f776e20636f2b
:101f90006d6d616e642067726f75702e205472795a
:101fa0002068656c700d0a00082008000800000019
:101fb0001b5b2564430000001b5b2564440000009c
:101fc0000d0a202a2a2a205175697474696e6720c7
:101fd00074686520436f6d6d616e642050726f632d
:101fe0006573736f722e20427965202a2a2a0d0aa2
:101ff000000000000d0a202a2a2a205379737465f4
:102000006d205265626f6f74202a2a2a0d0a000023
:1020100020092c004661696c656420746f2063722e
:10202000656174652074686520436f6e736f6c65bd
:10203000204150490d0a0000202a2a2a20436f6db2
:102040006d616e642050726f636573736f723a20b6
:10205000506c65617365207479706520696e2061cc
:1020600020636f6d6d616e642a2a2a0d0a000000dc
:102070000a0d20546f6f206d616e79206172677553
:102080006d656e74732e204d6178696d756d20617c
:1020900072677320737570706f727465643a20256f
:1020a00064210d0a00000000202a2a2a20436f6db7
:1020b0006d616e642050726f636573736f723a2046
:1020c000756e6b6e6f776e20636f6d6d616e642ed3
:1020d000202a2a2a0d0a00003e000000081b5b4b44
:1020e00025731b5b25644400081b5b4b000000004c
:1020f0001b5b4b25731b5b256444000025731b5b36
:1021000025644400202a2a2a20436f6d6d616e6485
:102110002050726f636573736f72206275666665b7
:10212000722065786365656465642e2052657472fb
:10213000792e202a2a2a0d0a000000007265736594
:10214000740000003a20526573657420686f7374e0
:1021500000000000710000003a207175697420636e
:102160006f6d6d616e642070726f636573736f72f3
:102170000000000068656c70000000003a2068658f
:102180006c7000001b5b41001b5b42001b5b43004b
:102190001b5b44001b5b317e000000001b5b347e38
:1021a000000000005359535f434d445f5441534b6b
:1021b000530000004452565f4d49494d5f546173ce
:1021c0006b73000054435049505f535441434b5f7d
:1021d0005461736b730000004e45545f5052455379
:1021e0005f5461736b7300004150505f5461736bb7
:1021f000730000004554484d414300004d43485092
:10220000424f4152445f45003139322e3136382e2b
:102210003130302e313000003235352e3235352e0a
:102220003235352e300000003139322e3136382e1d
:102230003130302e31000000302e302e302e300064
:10224000706f6f6c2e6e74702e6f726700000000de
:1022500049444c450000000055736167653a206fa2
:1022600070656e75726c203c75726c3e0d0a0000d4
:1022700045783a206f70656e75726c206874747062
:102280003a2f2f7777772e676f6f676c652e636fa6
:102290006d2f0d0a000000003a2061707020636ffe
:1022a0006d6d616e64730000617070006f70656ebb
:1022b00075726c003a20436f6e6e65637420746fa4
:1022c00020612075726c20616e6420646f20612033
:1022d000474554004d6963726f6368697000000080
:1022e0004861726d6f6e79002f2f00005443504982
:1022f000505f444e535f49735265736f6c766564eb
:102300002072657475726e6564206661696c7572a1
:10231000650d0a004661696c65642100537563634d
:10232000657373006e756c6c0000000020415050a6
:102330003a205443502f495020737461636b2069d5
:102340006e697469616c697a6174696f6e20666127
:10235000696c6564210d0a0020202020496e746597
:102360007266616365202573206f6e20686f7374d9
:10237000202573202d204e424e5320656e61626ce5
:1023800065640d0a0000000054656c6e6574206180
:10239000757468656e7469636174696f6e207265c7
:1023a00067697374726174696f6e3a2025730d0ae0
:1023b0000000000020495020416464726573733a44
:1023c0002000000025642e25642e25642e2564201f
:1023d0000d0a000057616974696e6720666f72208c
:1023e000636f6d6d616e6420747970653a206f70f3
:1023f000656e75726c203c75726c3e0d0a000000b3
:10240000436f756c64206e6f742070617273652009
:1024100055524c2000000000436f756c64206e6fb5
:102420007420737461727420636f6e6e6563746977
:102430006f6e0d0a000000005374617274696e675c
:1024400020636f6e6e656374696f6e0d0a00000025
:102450004572726f7220696e20444e532e20416285
:102460006f7274696e670d0a0000000047455420c2
:102470002f257320485454502f312e310d0a486fa8
:1024800073743a2025730d0a436f6e6e6563746929
:102490006f6e3a20636c6f73650d0a0d0a000000c1
:1024a0000d0a436f6e6e656374696f6e20436c6fc7
:1024b0007365640d0a000000286e696c2900000035
:1024c00025000000494e4600696e66004e414e00f0
:0424d0006e616e00cb
:020000040000fa
:020000041d00dd
:1024d40030ffbd27cc00bfafc800beafc400b7af4c
:1024e400c000b6afbc00b5afb800b4afb400b3af72
:1024f400b000b2afac00b1afa800b0afe000b38f92
:10250400e400b197e800b797ec00a293a000a2af53
:10251400f000b69302000224350080103200a2a419
:10252400258080002590a00025f0c000a1f7400f71
:1025340025a0e00025a840000300658a0000659af4
:102544000700648a0400649a0b00638a0800639a93
:102554000f00628a0c00629a1800a5af1c00a4af99
:102564002000a3af2400a2af0300858a0000859a4f
:102574000700848a0400849a0b00838a0800839ae3
:102584000f00828a0c00829a2800a5af2c00a4af09
:102594003000a3af3400a2afee67400f2520200225
:1025a4003800a2af3c00a0a73e00a0a33a0002243a
:1025b4003f00a2a32530000028000524f667400f41
:1025c4001800a427a400a2af25300000252820026b
:1025d400f667400f1800448ea400a38f2718030049
:1025e400ffff63300e006210f6ff0224320042a6a1
:1025f400cc00bf8fc800be8fc400b78fc000b68f99
:10260400bc00b58fb800b48fb400b38fb000b28fe4
:10261400ac00b18fa800b08f0800e003d000bd2744
:102624002528e00278fe400f252040024000a5271f
:1026340038fd400f252040024000a2930500432ca2
:1026440055006010800043386b00401407000624d6
:10265400ee67400f4200a4974200a2a74000a29355
:10266400860003248d0043108700432cc8046010a7
:102674000200032493004310800042380200422cdd
:102684000b0040104000a293ee67400f4400a49753
:102694004400a2a7ee67400f4600a4974600a2a7f5
:1026a4004000a2938a00432cd2ff6010cc00bf8f5d
:1026b400201c027cb904600404000324c4004310f9
:1026c4000500432ccaff601003000324b700431025
:1026d400010003247f00431002000324c4ff4314b9
:1026e4003000312ec3ff2016cc00bf8fae00410f47
:1026f40025204002180045246000410f2520400297
:10270400100006242800a52730fd400f2520400294
:102714002800a393ff000224770062144400a38fcf
:102724003a00a2962b1062000d00401000a0023c5b
:1027340042f0400f3a00a3a625f2400f258840003e
:1027440080180200211062000019020023186200a0
:10275400c0180300211071003400a2ae00a0023c96
:10276400682c428ca2ff40100800052478fe400f1c
:10277400252040024000a2271000a2af25386002a5
:10278400253080020200052402d1400f25200002da
:1027940098ff0010cc00bf8f0a00632cacff6010c0
:1027a40080ff4324800042380a00422ca8ff4010d6
:1027b400ff00633080180300009d023cd4274224ac
:1027c400211043000000428c08004000000000007b
:1027d4001028009d1028009d5426009d5426009d1d
:1027e4005426009d2828009d4828009d6828009da7
:1027f4006828009d8028009d4100a52730fd400fda
:102804002520400292ff001000000000070006246b
:102814004100a52730fd400f252040028cff001009
:10282400000000000500022471ffc2120700062404
:102834004100a52730fd400f2520400284ff0010f1
:10284400000000000500022469ffc2120f000624e4
:102854004100a52730fd400f252040027cff0010d9
:1028640000000000170006244100a52730fd400f9a
:102874002520400276ff001000000000050002241d
:102884005bffc212270006244100a52730fd400f3c
:10289400252040026eff001000000000ee67400f8c
:1028a4004600a4974600a2a7eb67400f4c00a48ff4
:1028b4004c00a2afeb67400f4800a48f78ff0010d4
:1028c4004800a2afeb67400f4400a48f74ff0010d0
:1028d4004400a2af4000a2271000a2af2538600236
:1028e400253080020100052402d1400f252000027a
:1028f40040ff0010cc00bf8f020006242800a5274b
:102904005aae400f252000021200401425884000d2
:102914004400a38f3800a2962b10620090ff401051
:1029240000a0023c42f0400f3800a3a625f2400f5d
:10293400258840008018020021106200001902005e
:1029440023186200c01803002110710083ff0010d7
:102954003400a2ae3800a3964400a28f2b1062006c
:10296400010040544400a3af4400a38f18002296f2
:102974002b1062007aff401000a0023c42f0400f8e
:10298400180023a625f2400f25a840008018020055
:10299400211062000019020023186200c01803000d
:1029a400211875006dff0010140023ae4000a2270b
:1029b4001000a2af253860022530800203000524f0
:1029c40002d1400f252000020aff0010cc00bf8f67
:1029d4004000a2271000a2af2538600225308002f3
:1029e4000400052402d1400f2520000201ff00103d
:1029f400cc00bf8f0800222e03004010f2ff0224f7
:102a0400fbfe0010320042a64000a2271000a2af35
:102a140025386002253080028000052402d1400f51
:102a2400252000020800e526ffffa53078fe400fb0
:102a3400252040022528600273a2400f25200002b1
:102a4400ebfe401025a04000010002242300c21622
:102a54000800de274600a2971400a2af4400a29704
:102a64001000a2af81000724253060022528c0038e
:102a7400c8cd400f25200002ddfe40102580400017
:102a8400f8ff3126ffff333225286002fea6400fef
:102a9400252040002a10510006004010eeff0224b9
:102aa400320042a6e1f1400f25200002d1fe0010c1
:102ab400cc00bf8f2538600202000624252840027e
:102ac400ae91400f25200002240014aeb8fc400f44
:102ad40025200002c7fe0010cc00bf8ffdffd626c4
:102ae400ff00d6320200d62ec1fec01225300000ef
:102af400252860027b94400f25200002bcfe401074
:102b04004600a2971400a2af4400a2971000a2afff
:102b140081000724253060022528c003c8cd400f5a
:102b240025200002b2fe401025804000f8ff312627
:102b3400ffff333225286002fea6400f2520400007
:102b44002a10510006004010eeff0224320042a673
:102b5400e1f1400f25200002a6fe0010cc00bf8f3b
:102b6400253860020200062425284002ae91400f59
:102b740025200002240014aeb8fc400f25200002da
:102b84009cfe0010cc00bf8f4000a2271000a2af13
:102b940025386002253080028100052402d1400fcf
:102ba400252000022528600205e9400f25200002a7
:102bb40090fe0010cc00bf8f252860021ad0400f71
:102bc400252000020f0042300200032488fe431433
:102bd400ff000224a000a38f85fe62144100a2938b
:102be40083fe40141100222e81fe40141000e226c0
:102bf4006800a0a37000a0a39000a0a3ffff423030
:102c0400a000a2af2528400078fe400f25204002f6
:102c1400f0ff3126ffff313225b0200202000624e6
:102c24009800a52730fd400f252040029900a2936b
:102c3400c01802006efe4010a400a3af9800a29337
:102c4400feff742405000324ce004310ffff9432da
:102c54000600432c05006010010003240a00431001
:102c640003000324b40043501e000224ae00410fad
:102c740025204002212854006000410f25204002f5
:102c84000a000010a400a28f0600022458fe821637
:102c9400010002246800a2a3060006246a00a527f6
:102ca40030fd400f25204002a400a28f2310c20251
:102cb400ffff5630daffc01602000624eae6400f92
:102cc400252000022528e00278fe400f252040023e
:102cd40025300000252860025aae400f252000024e
:102ce40025b040000200401025a040000400548c90
:102cf4004400a293010040547800a2a24800b78f78
:102d04001300e0124c00a28f2800a28e0e00e212e3
:102d14004800a28f96fc400f00000000ff004230e4
:102d24008000422402105770021202006210033c19
:102d3400d34d6324190043001010000082110200d7
:102d44002c00a2ae4800a28f2800a2ae4c00a28f95
:102d5400010040543000a2ae4600a297ae004010dd
:102d6400000000001900c016010006242528600296
:102d74005aae400f252000028f00401025a04000cd
:102d84006800a2930a004010060006246a00a527e2
:102d9400a9f6400f140084260500401004000724ff
:102da4006a00a62725288002c3ab400f2520000215
:102db4004600a697252880028bda400f25200002c2
:102dc4000bfe401025b040004600a29742f0400f91
:102dd4000800c2ae0c00c2ae0400d48e9802801269
:102de4006800a29330008292010003240400627cf4
:102df400300082a26800a2939300401406000624c7
:102e04007000a29326004010a000a58f78fe400f0a
:102e14002520400203001724020006249800a52759
:102e240030fd400f252040029900b393c098130051
:102e3400feff76269800a2938e005714ffffd63229
:102e44001e0006247200a52730fd400f25204002f5
:102e5400030002247000a2a30200d6267100b6a3c8
:102e6400eb67400f7400a48f7400a2afeb67400fb0
:102e74007800a48f7800a2af7000a5276cbe400f25
:102e8400252000027000a5273d90400f2520000258
:102e940023983302ffff7132e0ff2016020006245c
:102ea4009000a293d2fd40109400a38f00fb6224f3
:102eb400dc00422ccffd4010cc00bf8f42f0400f0d
:102ec4003800a3a625f2400f258040008020020090
:102ed400212082000019040023186400c018030094
:102ee400211070003400a2ae5400a28ec1fd401027
:102ef400cc00bf8f9400a48fffff85301c00438c4f
:102f0400090074540000428c180043942b18640088
:102f1400050060540000428c180045a43400a38ec0
:102f2400140043ac0000428cf4ff4014cc00bf8f6b
:102f3400b1fd0010c800be8fadfd8216030014243d
:102f44007000b4a37400a0af7800a0af1e000624e4
:102f54007200a52730fd400f252040027000b4a365
:102f6400200002247100a2a3eb67400f7400a48f19
:102f74007400a2afeb67400f7800a48f4aff0010e3
:102f84007800a2af0600022499fd821605000224ef
:102f94009000a2a39400a0af060006249200a527e7
:102fa40030fd400f25204002eb67400f9400a48fb2
:102fb4003dff00109400a2af6800a2930d004010e2
:102fc400010002241400beaf1000a2af04000724c5
:102fd4006a00a627252860027b9e400f2520000258
:102fe40025a0400082fd80124600a69772ff0010c3
:102ff400252880021400beaf1000a2af01000724f0
:1030040025300000252860027b9e400f2520000209
:10301400f4ff001025a040000400c0122530000079
:103024002528c0029a90400f252000026dff8016cb
:1030340001000624252860025aae400f2520000214
:1030440066ff001025a040006a00a527a9f6400fde
:10305400140084266aff4010040007246a00a6278f
:1030640025288002c3ab400f2520000265ff001015
:103074007000a293ae00410f252040022128560083
:103084006000410f2520400282ff00102398330284
:103094004800a5271ad0400f2520000230004230f6
:1030a4003000032452fd4310ff000224a000a38f2c
:1030b4004ffd62144100a2934dfd40141800222ece
:1030c4004bfd40141800e526ffffa53078fe400fa5
:1030d40025204002e8ff3126ffff3132e3012012b0
:1030e4006800a0a3020006249800a52730fd400f25
:1030f400252040029900b5933dfda012c0a81500fb
:10310400feffb6269800a393010002244a0062142d
:10311400ffffd6320600022435fdc2160100022448
:103124006800a2a36900a2a3060006246a00a527da
:1031340030fd400f2520400223a83502ffffb132a5
:10314400e8ff20161000062425286002029d043c96
:10315400a9f6400f8c5f8424ff004230cb01401459
:103164006800a3930100022422fd6210cc00bf8feb
:1031740083e0400f252080021dfd40100500062439
:103184004800a52739be400f252000023100401415
:1031940025204000010006244800a52739be400f21
:1031a4002520000212fd4010010003241400a3afe7
:1031b4001000a0af4800a727029d063c7c5fc624f0
:1031c40008004524eea9400f2520000208fd401008
:1031d40025884000020002246800a2a30100022402
:1031e4006900a2a33f00028a3c00029a6d00a2abd0
:1031f4006a00a2bb400002926e00a2a341000292a8
:103204006f00a2a308000524fea6400f252020027b
:103214002000401008000724030006246800a527a6
:10322400ae91400f25202002b8fc400f252020023b
:10323400f0fc0010cc00bf8fae00410f25204002ef
:10324400212856006000410f25204002bbff0010da
:1032540023a83502e8dd400f25280000e5fc001016
:10326400cc00bf8f060006246a00a527a9f6400fec
:1032740014002426a3014010040007246a00a62792
:1032840025282002c3ab400f252000029e01001018
:1032940001001224e1f1400f25202002d5fc00108a
:1032a400cc00bf8fd2fc2012010012249701001021
:1032b4001400b2afe1f1400f25206002cdfc0010f4
:1032c400cc00bf8f4800a5271ad0400f252000024c
:1032d4003000423030000324c5fc4310ff000224b8
:1032e400a000a38fc2fc62144100a293c0fc40144e
:1032f4001800222ebefc4014030002240d00c21646
:103304004400a29340004230b9fc40141800e52662
:10331400ffffa53078fe400f25204002e8ff31264c
:10332400ffff31320b0020166800a0a32800001014
:103334004400a2931800e526ffffa53078fe400f55
:1033440025204002e8ff3126ffff31321b00201206
:103354006800a0a3020006249800a52730fd400fb2
:10336400252040029900b393a1fc6012c098130079
:10337400feff74269800a393020002242100621425
:10338400ffff94320600022499fc821602000224f4
:103394006800a2a3010002246900a2a30600062477
:1033a4006a00a52730fd400f2520400223983302f0
:1033b400ffff7132e8ff201602000624fdffd62627
:1033c400ff00d6320200d62e0400c0124400a2939d
:1033d4004000423087fc4014cc00bf8f0500062417
:1033e4004800a52739be400f252000020c004010dc
:1033f40025204000e8dd400f010005247dfc00107d
:10340400cc00bf8fae00410f25204002212854007c
:103414006000410f25204002e5ff0010239833028d
:10342400010006244800a52739be400f25200002cc
:103434006ffc4014010006244800a5275aae400f33
:10344400252000026afc4010258840001a00529092
:10345400ffff4226ff0042300200422c1d004010b4
:103464006800a3930200022461fc62144400a29346
:10347400400042300c004010030007246a00a627d5
:1034840025282002c3ab400f252000024400a2835c
:103494000c00410401000324300022920400627ce9
:1034a40053fc0010300022a2040007246a00a6275f
:1034b40025282002c3ab400f25200002f4ff001092
:1034c4004400a283300022920400027c48fc0010d5
:1034d400300022a2020002240f0062140600062417
:1034e4006a00a527a9f6400f140024264400a393dc
:1034f4002000643022008010ffff42302900401475
:103504006d00a28b40006330300060140300062479
:10351400060000104400a38f4400a29340004230f0
:103524002a004014030006244400a38fc001637cd6
:103534003000228e010042302efc4310cc00bf8f9d
:10354400300022920400627c300022a2010042304a
:1035540027fc4014253000004800a5275aae400f30
:103564002520000222fc40102528400025300000c0
:103574009a90400f252000021efc0010cc00bf8f43
:10358400e0ff40100300022419fc42160400062444
:103594002528200291b5400f2520000215fc0010bb
:1035a400cc00bf8f6a00a29b170022aa140022ba83
:1035b4006e00a293180022a26f00a2934000633011
:1035c40007006010190022a2030006242528200207
:1035d40091b5400f25200002d4ff00104400a38fb2
:1035e400040006242528200291b5400f252000025e
:1035f400ceff00104400a38f252860021ad0400f8c
:10360400252000020f00423002000324f8fb43147b
:10361400ff000224a000a38ff5fb62144100a293d3
:10362400f3fb40142800222ef1fb40145800a3930e
:10363400ff000224eefb6210100006245800a527a8
:10364400a9f6400f4800a427070040104800a5270a
:103654001ad0400f2520000230004230100003240d
:10366400e4fb4314cc00bf8f5800a52773a2400f7e
:1036740025200002defb401010000624040045242f
:10368400a9f6400f25206002d9fb40142800e52646
:10369400ffffa53078fe400f25204002d8ff3126d9
:1036a400ffff31321b0020126800a0a30200062491
:1036b4009800a52730fd400f252040029900a293d1
:1036c400cbfb4010c0980200feff74269800a39321
:1036d4000200022434006214ffff94320600022424
:1036e400c3fb8216020002246800a2a30100022484
:1036f4006900a2a3060006246a00a52730fd400f36
:103704002520400223103302ffff5130e8ff20162a
:1037140002000624100006245800a527a9f6400f2d
:103724004800a42725904000010006244800a5274e
:103734005aae400f252000022b004014258840007b
:103744006800a393020002241e0062142b9012004e
:103754001400beaf1000b2af040007246a00a6270d
:103764004800a5277b9e400f2520000225884000a5
:10377400a0fb2012cc00bf8f020006245800a5270e
:103784005aae400f252000022b0040142538200299
:103794003800a6965800a527cdb1400f2520000279
:1037a40094fb0010cc00bf8fae00410f25204002d7
:1037b400212854006000410f25204002d2ff001050
:1037c400231033021400beaf1000b2af010007246f
:1037d400253000004800a5277b9e400f25200002cd
:1037e400e3ff001025884000040040120100032478
:1037f400300042900400627c300022a26800a3934f
:1038040002000224dcff6214060006246a00a527d5
:10381400a9f6400f14002426d7ff40100400072403
:103824006a00a62725282002c3ab400f25200002ea
:10383400d2ff0010020006246dfb00101c0051ace6
:103844006ffd4010010002241400beaf1000a2afaf
:10385400040007246a00a627252860027b9e400fe7
:103864002520000266fd001025a04000100006245b
:1038740025286002029d043ca9f6400f8c5f842435
:10388400ff0042303afe401000000000050006240c
:103894004800a52739be400f2520000254fb4014e0
:1038a400010006244800a52739be400f2520000248
:1038b4004ffb401025a0400001000624252860028b
:1038c4005aae400f25200002258840006800a393cb
:1038d4000100022473fe62140000000061fe201641
:1038e400040007241400beaf1000a0af6a00a6278e
:1038f400252860027b9e400f252000023cfb4010df
:1039040025884000010012241400b2af1000b2afa9
:103914004800a7270400262608008526eea9400fa4
:103924002520000225984000020002246800a2a37a
:103934006900b2a33f00038a3c00039a6d00a3ab65
:103944006a00a3bb400002926e00a2a3410002924f
:103954006f00a2a308000524fea6400f25206002e4
:1039640054fe401008000724030006246800a5271d
:10397400ae91400f25206002240071aeb8fc400fc8
:10398400252060021bfb0010cc00bf8f4000a293d7
:103994008a00432c17fb6050cc00bf8f80ff432468
:1039a400800042380a00422c11fb4010ff006330b3
:1039b40080180300009d023cd039422421104300aa
:1039c4000000428c0800400000000000f829009d1f
:1039d4008c2b009df425009df425009df425009d6d
:1039e400f425009dbc2b009d9430009dc832009da1
:0439f400fc35009d01
:020000040000fa
:020000041d00dd
:1039f800a8ffbd275400bfaf5000beaf4c00b7af03
:103a08004800b6af4400b5af4000b4af3c00b3af18
:103a18003800b2af3400b1af3000b0af25808000bd
:103a280025b0a0006400a7af6800b78f0d00b29062
:103a38000800b58c0400a28c2400a2af3e0082943a
:103a480000404330100060102588c000020042305a
:103a58000d004014790080a042f0400f00000000e3
:103a6800700003963c81848f021864706210043cd5
:103a7800d34d842419006400101800008219030033
:103a880021186200240003ae740002960442027cee
:103a9800740002a676000292290040100100032457
:103aa8005a004310010042322c00a2af040040101b
:103ab8002000b1af01002226ffff42302000a2af54
:103ac80002004232040040102000a28f010042246c
:103ad800ffff42302000a2af1c00028e2000148e8f
:103ae8002b1854009200605423a082021800038e01
:103af8001400048e2318640023105400231062005d
:103b0800ffff54305800138e2400a28f23985300cf
:103b18002800b3af2000a38fa40060502800a28f14
:103b2800a900805204005232840060062b107402ef
:103b38008d0040142000a28f850000102a187402fe
:103b4800040042320f004010252800001e5a400f82
:103b5800252000025400bf8f5000be8f4c00b78f45
:103b68004800b68f4400b58f4000b48f3c00b38f37
:103b78003800b28f3400b18f3000b08f0800e003f6
:103b88005800bd27100042320a00401025300000be
:103b9800540015ae040005249f14400f2520000290
:103ba800252800001e5a400f25200002eaff0010b9
:103bb8005400bf8f020052320f0040122400a28f1f
:103bc80001004224580002ae80ab400f2520c002fd
:103bd8006a0002a6cbeb400f252000020100062454
:103be800120005249f14400f252000020200022421
:103bf800d8ff0010760002a2252800001e5a400fa8
:103c080025200002d4ff00105400bf8f0400423268
:103c1800d0ff4014100051320b002052770003925d
:103c28005400138e0700751201000624540015aec7
:103c3800040005249f14400f25200002c5ff001032
:103c4800540013ae77000392020002240800625465
:103c5800020052324800138eaa00410f4c00048e15
:103c68002528400005e9400f252060020200523255
:103c7800b8ff40122400a28f01004224580002ae6f
:103c88000e00c2966e0002a6640002a680ab400f2a
:103c98002520c0026a0002a6cbeb400f25200002b7
:103ca8001d00201201000624100005249f14400f57
:103cb8002520000203000224760002a20000e28e02
:103cc800000142340000e2ae3e000296004042305d
:103cd8000e0040503e00029642f0400f00000000e7
:103ce800700003963c81848f021864706210043c53
:103cf800d34d8424190064001018000082190300b1
:103d080021186200240003ae3e0002964408027c9b
:103d180090ff00103e0002a6120005249f14400fd9
:103d280025200002020002248aff0010760002a269
:103d3800ffff942673ff0010ffff943225106000e8
:103d48002118730006006058251000002a18740214
:103d580005006014231082022a1053000100423823
:103d68001900405004005232060042321d00401033
:103d780010004232040052320700401201000324ae
:103d88000000e28e000842340000e2ae3e000296d7
:103d9800444a627c3e0002a6252800001e5a400fb5
:103da800252000026cff00105400bf8fefff405029
:103db80006004232030040042a107402ebff40144c
:103dc800060042320400523262ff40160100062407
:103dd800100005249f14400f252000025eff0010ec
:103de8005400bf8f5bff401002000224770003924b
:103df800080062547600029248001e8eaa00410f05
:103e08004c00048e2528400005e9400f2520c003fa
:103e18007600029209000324210143100a00432c72
:103e28002701601008000324070043100200032440
:103e38001f004310fdff4224ff0042300400422cc3
:103e480020014050200052321000038e0800028edc
:103e580023104300060043045400048e0400048e1b
:103e68000000058e23208500211044005400048e94
:103e78002328a4022310a2002100401804000624cd
:103e88007400058e0402a5300300a6140100052461
:103e98001600455001008424253000001000052438
:103ea8009f14400f252000022bff00105400bf8fe5
:103eb80054001e8e0700d51304000524540015aec7
:103ec800010006249f14400f2520000221ff001046
:103ed80054001eae03000224760002a20000e28e07
:103ee80000014234d8ff00100000e2ae540004aed6
:103ef8007400029601000424444a827c740002a6dd
:103f08005400028e0c00048e2b3064003600c01062
:103f1800232864000400038e0000048e2318640024
:103f28002310a2022110450021f062002402c05f84
:103f38000400028e3800028e5f0040500c00038e91
:103f480042f0400f000000003800038e23104300a9
:103f58005800400401fa03343400028e4010020075
:103f68002b18430000fa04340a10830042f0400f73
:103f7800340002ae3400038e3c81848f02186470d2
:103f88006210043cd34d842419006400101800000a
:103f98008219030021186200380003ae1000038e56
:103fa8000c00048e232864005400028e2310450060
:103fb8002b18640006006010540002ae0400038e43
:103fc8000000058e2318650023104300540002ae3c
:103fd800100004ae3e00029601000324c439627c3e
:103fe800340000103e0002a62310a20221f0450072
:103ff8009300c01b000000000400028e0000058e24
:10400800231045002b105e008d004014dc050224af
:1040180042f0400f340002ae3400038e3c81848f9e
:10402800021864706210043cd34d842419006400a3
:10403800101800008219030021186200380003ae2e
:104048003e0002964429027c3e0002a60c00048e23
:1040580021109e000c0002ae1000038e2b2064007d
:104068005b0080142b20620064008010231843003a
:104078005400048e21188300540003ae100002aed1
:104088000400038e2b204300610080500000048e42
:10409800760002920300032403004310080003245f
:1040a800050043540c00038e0000e28e04004234e5
:1040b8000000e2ae0c00038e0800028e1700625466
:1040c8000e00c3963e000296000143306000601463
:1040d800004042300e0040503e00029642f0400f31
:1040e80000000000700003963c81848f0218647001
:1040f8006210043cd34d8424190064001018000099
:104108008219030021186200240003ae3e000296c3
:104118004408027c3e0002a60e00c3966e0002967a
:104128002b104300010040546e0003a65400038e78
:104138002310a3020e00c4962110440064000496c4
:1041480006008014ffff42300400401001000524df
:104158003e0004968431a47c3e0004a6640002a6b6
:104168007600029204000424450044540600042406
:104178001300751420005232740002960400423075
:104188000f0040100000000042f0400f0000000047
:104198003c81838f88130424021864706210043ce5
:1041a800d34d8424190064001018000082190300fc
:1041b80021186200300003ae05000224760002a236
:1041c80065fe40165400bf8f480000100000000034
:1041d8000400048e0000058e232085002118640049
:1041e8002b20620005008010231843005400048e21
:1041f80021188300540003ae100002ae0400038ea1
:104208002b204300060080541000028e0000048e0c
:1042180023206400231044000c0002ae1000028e1c
:104228002b2043009bff8054760002920000048eee
:10423800231864002310430095ff0010100002aefd
:104248009dff64500c00038e3bff00103800028e67
:104258005400028eb1ff55540e00c39674000296a6
:1042680004004230adff40500e00c3963e00029657
:104278004408027c0442027ca7ff00103e0002a60c
:10428800100044142000523232fe75142528000014
:104298001e5a400f252000022ffe00105400bf8f29
:1042a8005400028e010042242afe551425280000dd
:1042b8001e5a400f2520000227fe00105400bf8f11
:1042c8002000523224fe40165400bf8f760003921d
:1042d800f8ff6224ff0042300200422c1efe401408
:1042e800060002241dfe62105000be8f45002012f9
:1042f8002800a28f9400401c211033020c00c28eab
:104308000019427c80100200231053002110c202c1
:104318001800a2af2110330225884000ffff423069
:104328002b1082020100405425888002ffff3132a1
:104338001c00058e1800028e2118b1002b184300ae
:104348006400601001001224231045000100542469
:10435800ffff93321000b2af253860021800a6277d
:1043680054a5400f6400a48f25b0400023383302c1
:104378001000b2afffffe7301800a6271400058e23
:1043880054a5400f6400a48f2110c202ffff4230e1
:1043980023a034021400038e21a074001a002216f0
:1043a8002000a28f5800028e21105100580002ae42
:1043b8001c0014ae76000292fdff4224ff0042303a
:1043c8000300422c050040505c00028e0000e28e83
:1043d800000242340000e2ae5c00028effff0324bc
:1043e80008004310231051005c0002ae68000396d9
:1043f800211862004000610400000000ffff022451
:104408005c0002ae2000a28f110040102c00a28f89
:1044180076000292fdff4224ff0042300300422c46
:10442800040040543e0002961c00028e200002ae9a
:104438003e00029610004230a200401001000624ff
:10444800100005249f14400f252000022c00a28f85
:10445800c0fd40102000a38f5800028e01004224a6
:104468002400a48f21186400bafd4314010003241a
:10447800580002ae0000e28e000442340000e2aeb2
:104488003e0002968452627c3e0002a676000292aa
:1044980005000324c10043100600432c07006010e8
:1044a80004000324af004310020003249e004310bd
:1044b80003000324a400431008000224010006247a
:1044c800100005249f14400f25200002a2fd0010b3
:1044d8005400bf8f010002241000a2af253820022b
:1044e8001800a62754a5400f6400a48f1c00148e42
:1044f800aaff001021a09102c3ff401c2000a28f38
:104508005800028e21104300580002ae1c00028e93
:10451800211043001c0002ae1800038e2b206200fd
:1045280007008050ffff02241400048e2318640043
:1045380027180300211043001c0002aeffff0224cd
:10454800b0ff00105c0002ae2a1082020300401087
:104558000c00c28e23889302ffff31320019427c7f
:10456800801002002110c2021800a2af1c00058ea4
:104578001800038e211033022110a2002b106200b4
:104588002d00401001000224231065000100422480
:10459800231053001b004004ffff54300100122475
:1045a8001000b2af253880021800a6272128b300d2
:1045b80054a5400f6400a48f25b04000233834026e
:1045c8001000b2afffffe7301800a6271400058ed1
:1045d80054a5400f6400a48f2110c202ffff42308f
:1045e80089ff22162000a28f5c00028effff0324a1
:1045f800190043542b1862025c0013ae81ff0010af
:10460800680011a6ffff62261400048e23186400b8
:1046180023104300010003241000a3af2538200213
:104628001800a6272128a20054a5400f6400a48fd3
:10463800ebff0010000000001000a2af2538200298
:104648001800a6272128b30054a5400f6400a48fa2
:10465800e3ff0010000000000f006010212033026b
:1046680068000396212862002b28a4000800a054a3
:10467800680011a62b20820005008054680011a64e
:104688002118620023187300ffff7130680011a61b
:104698005cff00105c0013ae6800039621186200ee
:1046a8002b20640058ff80502000a28f2b18730025
:1046b80054ff6014231062022110220251ff0010df
:1046c800680002a63e000296010003240421627cd1
:1046d8003e0002a6080042305dff40142c00a28f65
:1046e8003e000296c418627c42f0400f3e0002a6cb
:1046f8003c81848f4018040021186400c01803000e
:1047080021186400801803006210043cd34d8424ef
:1047180019006400101800008219030021186200b3
:104728004aff00102c0003ae09000224760002a202
:1047380001000624110005249f14400f25200002c3
:1047480005fd00105400bf8f760002a27400029687
:1047580000014230fffc40140100062459ff0010fc
:10476800100005245400028e09005514253000005d
:10477800100005249f14400f252000022528000062
:104788001e5a400f25200002f3fc00105400bf8f72
:104798000600022449ff0010760002a2253000001e
:1047a800100005249f14400f252000022528000032
:1047b8001e5a400f25200002e7fc00105400bf8f4e
:1047c8000000038e231043002b105e0010fe4050a3
:0c47d800dc050224d8fd00103800028e21
:020000040000fa
:020000041d00dd
:1047e400d0ffbd272c00beaf2800b7af2400b6af62
:1047f4002000b5af1c00b4af1800b3af1400b2afc3
:104804001000b1af0c00b0af5000888c5400968cef
:104814000000b58c5800828c2630c2022430c800b7
:104824002630c2006ad7023c78a442344c00838c00
:1048340021106200211055002130c20042362600aa
:10484400213006010400b88c2648160124482601ac
:1048540026483601c7e8023c56b742345800838cd8
:10486400211062002110580021482201024d290024
:104874002148c9000800aa8c26100601241049000a
:10488400261048002024033cdb7063242118c30253
:1048940021186a0021104300c213220021102201b2
:1048a4000c00b08c2618c900241862002618660073
:1048b400bdc1073ceecee734213807012138f000b2
:1048c40021186700821a2300211843001000ac8cc1
:1048d400263822012438e3002638e9007cf50b3c15
:1048e400af0f6b2521588b01213066012138e6007a
:1048f400423e2700213867001400b28c2630430062
:104904002430c7002630c20087470b3c2ac66b35cb
:1049140021584b02214869012130c9000235260083
:104924002130e6001800ae8c265867002458660132
:104934002658630130a8093c134629252148c9019a
:104944002110220121586201c25b2b002158cb00a7
:104954001c00b48c2610e60024104b0026104700df
:1049640046fd093c01952935214889022118230176
:104974002110430082122200211062012000af8c1a
:104984002618cb0024186200261866008069093caa
:10499400d89829352148e9012138270121186700d1
:1049a400421e2300211843002400a98c26386201ea
:1049b4002438e3002638eb00448b0d3caff7ad35cb
:1049c40021682d012130a6012138e600023d27008f
:1049d400213867002800b98c263043002430c700f2
:1049e4002630c200ffff0d3cb15bad2521682d03cd
:1049f4002158ab012130cb00c23326002130e60020
:104a04002c00ab8c26f0670024f0c60326f0c30309
:104a14005c890d3cbed7ad3521686d012110a20122
:104a240021f0c20382f23e0021f0de003000b18c9e
:104a34002610e60024105e0026104700906b0d3c03
:104a44002211ad2521682d022118a3012110430054
:104a5400421622002110c2033400ad8c2618de0059
:104a6400241862002618660098fd133c937173267f
:104a74002198b3012198670221187300021d2300b5
:104a8400211843003800b38c2638c2032438e300cd
:104a94002638fe0079a6173c8e43f72621b8770204
:104aa40021b8e6022138f700c23b2700213867000d
:104ab4003c00b78c263043002430c7002630c200a7
:104ac400b449053c2108a5242128e5022128be007b
:104ad4002130c500823226002130e6002628e60077
:104ae4002428a3002628a7001ef61e3c6225de27e4
:104af40021f01e0321f0c2032128be00c22e25008e
:104b04002128c5002610c5002410470026104600a1
:104b140040c01e3c40b3de3721f0de0121f0c30368
:104b240021105e00c21522002110a2002618a20046
:104b340024186600261865005e261e3c515ade279e
:104b440021f07e0121f0c70321187e00821c23007e
:104b540021184300263843002438e5002638e200b3
:104b6400b6e91e3caac7de3721f0be0221f0c60317
:104b74002138fe00023b27002138670026306700f9
:104b84002430c2002630c3002fd61e3c5d10de2721
:104b940021f05e0221f0c5032130de00c23626007a
:104ba4002130e6002628e6002428a3002628a700b2
:104bb40044021e3c5314de2721f03e0321f0c203bd
:104bc4002128be00c22d25002128c5002610c500bd
:104bd4002410470026104600a1d81e3c81e6de378b
:104be40021f0fe0221f0c30321105e008214220092
:104bf4002110a2002618a2002418660026186500b9
:104c0400d3e71e3cc8fbde3721f09e0121f0c70329
:104c140021187e00021b230021184300263843007c
:104c24002438e5002638e200e1211e3ce6cdde37db
:104c340021f03e0121f0c6032138fe00c23e2700c8
:104c440021386700263067002430c2002630c300b4
:104c540037c31e3cd607de2721f07e0221f0c503b0
:104c64002130de00c23526002130e6002628e60089
:104c74002428a3002628a700d5f41e3c870dde2790
:104c840021f01e0221f0c2032128be00822c25003f
:104c94002128c5002610c500241047002610460010
:104ca4005a451e3ced14de2721f0fe0121f0c3031a
:104cb40021105e00021322002110a2002618a20077
:104cc4002418660026186500e3a91e3c05e9de37b2
:104cd40021f0be0121f0c70321187e00c21e23006b
:104ce40021184300263843002438e5002638e20022
:104cf400effc1e3cf8a3de3721f05e0121f0c60371
:104d04002130fe00c23526002130660026386600b8
:104d14002438e2002638e3006f671e3cd902de2700
:104d240021f09e0221f0c5032128fe00822c2500db
:104d34002128c50026f0c5002438c3032638e60020
:104d44000000a7af2a8d073c8a4ce72421382702ac
:104d54002138e2000000a28f21384700023b2700df
:104d64002138a700faff023c4239422421104202b2
:104d74002110430026f0c70321105e000217220011
:104d84002110e2002618a7002618620071871e3c35
:104d940081f6de3721f0fe0121f0c60321307e00ca
:104da40042352600213046002618e2002618660007
:104db4009d6d1e3c2261de2721f07e0121f0c5039a
:104dc40021287e00022c25002128c5002618460033
:104dd40026186500e5fd1e3c0c38de2721f07e0216
:104de40021f0c70321187e00421a23002118a300d2
:104df4002638c5002638e300bea41e3c44eade374c
:104e040021f01e0321f0c2032110fe00021722002c
:104e1400211062002638a3002638e200de4b1e3c37
:104e2400a9cfde3721f09e0121f0c6032138fe0010
:104e3400423d270021384700263062002630c70053
:104e4400bbf61e3c604bde2721f09e0221f0c50319
:104e54002130de00023426002130e60026284700f7
:104e64002628a600bfbe1e3c70bcde3721f03e03e0
:104e740021f0c3032128be00422a25002128c500b1
:104e840026f0e60026f0c5039b28033cc67e632477
:104e94002118a3012118620021f0c30302f73e0088
:104ea40021f0be002618c50026187e00a1ea023ca7
:104eb400fa2742242110a20221104700211862007f
:104ec400421d23002118c3032610be0026104300f0
:104ed400efd4073c8530e724213807022138e60067
:104ee4002110470002142200211062002638c30357
:104ef4002638e2008804063c051dc6242130c6017c
:104f04002130c5002138e600423a27002138470005
:104f1400263062002630c700d4d9053c39d0a534e8
:104f2400212825012128be002130c5000237260092
:104f34002130e600262847002628a600dbe61e3c92
:104f4400e599de3721f03e0221f0c3032128be009b
:104f5400422d25002128c50026f0e60026f0c503d1
:104f6400a21f033cf87c63242118e3022118620089
:104f740021f0c30302f43e0021f0be002618c50050
:104f840026187e00acc4023c65564224211042011e
:104f94002110470021186200421a23002118c3037c
:104fa400271005002510430026105e0029f4073c55
:104fb4004422e72421a8a70221a8a6022110550013
:104fc400821622002110620027301e002530c20004
:104fd4002630c3002a43073c97ffe73421a0870209
:104fe40021a0850221a0d40082a5340021a0540070
:104ff400272803002528b4002628a20094ab063ce9
:10500400a723c6242198660221987e022198b30022
:10501400429c330021989302272802002528b300dc
:105024002628b40093fc063c39a0c63421904602dd
:10503400219043022128b200c22a250021286502ba
:10504400273814002538e5002638f3005b65033c57
:10505400c359632421882302218822022138f100c4
:10506400823e27002138a700273013002530c700cf
:105074002630c5000c8f023c92cc423421800202bf
:10508400218014022130d000823526002130e60030
:10509400271805002518660026186700efff023c54
:1050a4007df4423421c8220321c833032118790036
:1050b400421c23002118c3002710070025104300b9
:1050c400261046008485193cd15d392721c0190377
:1050d40021c0050321105800c212220021106200d1
:1050e400272806002528a2002628a300a86f183c1c
:1050f4004f7e18272178f8012178e7012128af0095
:10510400822e250021284500273803002538e50094
:105114002638e2002cfe0f3ce0e6ef3521b8ef0222
:1051240021b8e6022138f700823d27002138a70084
:10513400273002002530c7002630c50001a30f3cec
:105144001443ef252170cf012170c3012130ce001b
:10515400423426002130e600271805002518660091
:1051640026186700084e0e3ca111ce252168ae0119
:105174002168a20121186d00c21a23002118c3005e
:1051840027100700251043002610460053f70d3c56
:10519400827ead2521608d012160850121104c00a6
:1051a4008216220021106200272806002528a2006a
:1051b4002628a3003abd0c3c35f28c3521586c01ed
:1051c400215867012128ab00822d25002138450094
:1051d400272803002528a7002628a200d72a0b3c4d
:1051e400bbd26b3521504b01215046012128aa0026
:1051f400422c25002128e5004c00868c2130c20079
:105204004c0086ac271002002510450026104700ec
:1052140086eb063c91d3c63421482601214823015c
:1052240021104900c21222002140050121404800fa
:10523400500088ac21b0c502540096ac5800828c52
:1052440021104700580082ac251000002c00be8fae
:105254002800b78f2400b68f2000b58f1c00b48fb0
:105264001800b38f1400b28f1000b18f0c00b08ff0
:085274000800e0033000bd2733
:020000040000fa
:020000041d00dd
:10527c00a8ffbd275400bfaf5000b7af4c00b6af6e
:10528c004800b5af4400b4af4000b3af3c00b2af80
:10529c003800b1af3400b0af2580800025a0a0004d
:1052ac0077008290010003241900431025a8c00048
:1052bc000200032411014314feff1224faef400fe5
:1052cc00252000004c00128ed801401225284000e9
:1052dc000d00429220004230d401401401000324fe
:1052ec000d0042924429627c0d0042a24c00118eaa
:1052fc0003f2400f252000004d0220120000000098
:10530c00f3cf400f25202002d20100100100823281
:10531c00faef400f252000004c00038ebf016010f7
:10532c00252840002000628c08004430bb0180140a
:10533c0008004234200062ac03f2400f4c00118e86
:10534c001c0020162000073c0600e724040006245d
:10535c00140005244de0400f780004243f02401057
:10536c0025884000029d023c94fb4224080022ae9a
:10537c000c0030ae01000224700022a6580022a6b8
:10538c002000228e08004234200022aefaef400f9b
:10539c0025200000252840004c00028e01004050c2
:1053ac004c0011ae03f2400f25200000a9010010a3
:1053bc0001008232560020a6540020a6480020aee0
:1053cc006e0020a66c0020a6600020ae1000228e7d
:1053dc00000040ac1000228e9d0100100c0040a477
:1053ec000800038e1000028e0b0262106a001796e2
:1053fc006400029635004010259000007700029260
:10540c00010003248101431402000324b200410f64
:10541c000000000077000492020003240a0083506d
:10542c000800128e080040540800128e6c00029680
:10543c00ffff43302b18e302010060542510e002fb
:10544c00ffff57300800128e1000068e2b10d20072
:10545c00b60040500400078e64000296239046026a
:10546c002b1842020a9043002b10f2020500401048
:10547c00010003243e000296c439627c3e0002a661
:10548c002590e0021400a0af1000a0afffff473240
:10549c00252820025ac1400f252000021000028e40
:1054ac0021105200100002ae3e0002960001423064
:1054bc000600401000000000640002960300521029
:1054cc00000000000100f25601009436c0014012a9
:1054dc00ffff56326400029623105600ffff423045
:1054ec00080094360100b5320e00a012640002a62a
:1054fc00780000a23c81838f4011030023104300ed
:10550c008010020021104300c01002006210033c06
:10551c00d34d6324190043001010000082110200c7
:10552c00500002ae42f0400f000000005000038e0d
:10553c0021186200240003ae3e00029601000324f1
:10554c004408627c3e0002a662000296000062a63d
:10555c0060000296020062a65400028e040062ae45
:10556c005800028e080062ae0c0062920418027c95
:10557c000c0062a20d0074a2120060a6100060a6be
:10558c005400028e21105200540002ae02008232ee
:10559c000e00401025a800001000823202004010be
:1055ac00251800000800638e080063ae7400029694
:1055bc00080042309f0040505400028e0400628e5e
:1055cc00ffff4224040062ae040015240100823265
:1055dc000400401001000324740002968410627cc5
:1055ec00740002a610008232040040100100032453
:1055fc00740002960442627c740002a61c00038ea6
:10560c002000028e2b206200920080542310430055
:10561c001800048e1400058e2320850023186200c8
:10562c0023108300ffff42300e0062a6660002a624
:10563c0091dd400f252060020c00628e0019427c27
:10564c00050042240c0063920439437c0c0063a2d5
:10565c007700039202000224030062140600052462
:10566c00c4ef400f25202002770002920100032492
:10567c007b0043100200032463014314000000006c
:10568c004655400f2520200227900200c297120099
:10569c001100c052ffff52263800028e0d0040143c
:1056ac00dc05022442f0400f340002ae3400038ebd
:1056bc003c81848f021864706210043cd34d8424a6
:1056cc0019006400101800008219030021186200f0
:1056dc00380003aeffff5226b6004012040094328d
:1056ec007700039201000224050062142510400289
:1056fc002000228ec418027c200022ae251040020d
:10570c005400bf8f5000b78f4c00b68f4800b58f38
:10571c004400b48f4000b38f3c00b28f3800b18f7f
:10572c003400b08f0800e0035800bd272338e60092
:10573c000000038e219047022390430264000296de
:10574c002b2052000b9044002b10f202050040104d
:10575c00010004243e000296c439827c3e0002a65d
:10576c002590e0022b10f2000a3842021400471276
:10577c0023104702ffff42301400a2af1000a3af6a
:10578c00ffffe730252820025ac1400f25200002d8
:10579c001000028e21105200100002ae0400038e85
:1057ac002b20430041ff80543e0002960000048ee3
:1057bc0023186400231043003bff0010100002aebe
:1057cc001400a0af1000a0afffffe7302528200287
:1057dc005ac1400f25200002eeff00101000028e6f
:1057ec00fe00001025b000000200423056ff4010b1
:1057fc00259000000100b5320800a0160000000042
:10580c007800029205004010ffff4224780002a2ab
:10581c005000028e42100200500002ae42f0400fc7
:10582c00259000005000038e2118620046ff0010e6
:10583c00240003ae01004224540002ae7400029610
:10584c0001000324c418627c740002a65fff0010e0
:10585c0004001524ffff422473ff0010ffff4230a9
:10586c004000028e8aff4010259000003adf400f66
:10587c002520000286ff4010259040001400b5261c
:10588c004400028e380022ae4000028e3c0022ae54
:10589c004800028e400022ae1000238e0c00629451
:1058ac002110a2020c0062a41c00338e100060a612
:1058bc004800028e80004290010042302500405486
:1058cc00850002923800228e1c00a2af3c00228e72
:1058dc002000a2af2400a0a3060002242500a2a34e
:1058ec002120b602ee67400fffff84302600a2a7ee
:1058fc00253000000c000524f667400f1c00a4277f
:10590c0027300200ffffc6302528a002f667400fa3
:10591c0025206002273802001d00c012ffffe7306f
:10592c001000238e1000629408004234100062a410
:10593c002530c0025000258e0ba0400f25202002e0
:10594c0027380200ffffe73027380700100067a652
:10595c00850002922900a2a3860002922800a2a32d
:10596c002a00a0a32130b6022800a727ffffc630cb
:10597c0006000524f96b400f25202002000020ae04
:10598c0048fd400f2520200241ff001025904000cb
:10599c001000238e10006294c418027ceaff0010e1
:1059ac00100062a44eff0010feff12244cff0010ea
:1059bc00fdff122452ff801225104002faef400f17
:1059cc00252000007c00138e8000148e7a00119626
:1059dc002528400003f2400f2520000047ff6012ed
:1059ec000800313245ff20122538800208000624b9
:1059fc004800058e09f860023c00048640ff001048
:105a0c0025104002b7fe0010259000008efe43507a
:105a1c000800128e86fe00106c00029603f2400ff6
:105a2c002520000048fe00102000073c03f2400f28
:105a3c002520000006d5400f2520000287004010cd
:105a4c00258840007f0040564c00058e4c0011ae5e
:105a5c000100823205004010010003243e00029632
:105a6c000442627c3e0002a6fe0094323e00029686
:105a7c008410027cc418027c0421027c8431027cd8
:105a8c00c439027c4429027c3e0002a677000392b2
:105a9c000200022406006254259800007ffe400f8d
:105aac0025202002bfff401025984000770003926c
:105abc0001000224010062501c00338e0c00629223
:105acc000439027c0c0062a20600823244fe4010b3
:105adc000200823242ff4010020002241800a2a3ee
:105aec00040002241900a2a37700049202000324ec
:105afc000600831425100000d3e6400f4800048ee6
:105b0c00ecff4224ffff4230770004920100032493
:105b1c000d008314a018027c4800028e050040146e
:105b2c00000000003adf400f25200002ecfe401080
:105b3c00fcff12248efb400f4800048eecff422425
:105b4c00ffff4230a018027c1a00a3a76c0002a62b
:105b5c000c00628e0019427c010042240c006392fe
:105b6c000439437c0c0063a27700039202000224e8
:105b7c000c00621404000524fea6400f2520200210
:105b8c000400422cd6fe4014fdff1224040007240e
:105b9c00030006241800a527ae91400f25202002f3
:105bac007700039201000224030062141800a28ff4
:105bbc00170062aa140062ba5400028e040040144a
:105bcc0025b000005874400f25200002540002ae8e
:105bdc00030082328bff4054640002960200a23212
:105bec0001ff40503e0002967900029201004224cf
:105bfc00790002a25400028effff4224540002ae30
:105c0c0051fe001001001224b5fec012ffff122439
:105c1c00a1fe0010259000003e0016960001d63221
:105c2c00ebffc0122590000024fe001064000296c9
:105c3c0006d5400f252000020800401025884000a2
:105c4c004c00058e5673400f2520200281ff401416
:105c5c0001008232e1f1400f25202002a7fe001046
:045c6c00fdff122402
:020000040000fa
:020000041d00dd
:105c700000a0023c80234224510244140000000092
:105c8000b0ffbd274c00bfaf4800b6af4400b5af72
:105c90004000b4af3c00b3af3800b2af3400b1af96
:105ca0003000b0af9880838fffff62240200422c47
:105cb0000d004010bc80828f170040149480828faa
:105cc00009f840001000a4270800401c4c00bf8fba
:105cd0000f0040141000a48f03008050988080af04
:105ce000932e400f000000004c00bf8f4800b68f7d
:105cf0004400b58f4000b48f3c00b38f3800b28fa2
:105d00003400b18f3000b08f0800e0035000bd2791
:105d1000f5ff0010988080af010002243600621465
:105d20001480838fffff022433006214049d063c1d
:105d3000b0bbc62425280000bafa400f0500042491
:105d4000ffff032403024310148082af25f2400fab
:105d5000020014248020020021208200e703842412
:105d60006210033cd34d632419008300102000000f
:105d700082210400401904002318640080180300e5
:105d800021186400c01803001b006200f4014000e9
:105d90001288000025902002a48091af00a0103c42
:105da0000821102600a0133c682373260000028ef1
:105db00009004050100010260a0006860500c01099
:105dc00025280002b8f2400f25208002dc01401097
:105dd0004c01222610001026f4ff13160100942611
:105de0004c0122261b005200f40140021210000058
:105df00002105170a08082af00a0023c8023429428
:105e0000f3004010bc80908f2588000000a0123c59
:105e1000802353266c00048e180080500100312628
:105e20004400028e1800428c09f840000000000077
:105e300042000296004042301000405001003126de
:105e40004400028e1400428c09f840006c00048e5d
:105e50003a00410403000724040006242528000218
:105e600038bc400f25206002420002960100032446
:105e7000c47b627c420002a6010031268023449646
:105e80002a102402e3ff40148c0010269880838f90
:105e900001000224d800621400000000d000801825
:105ea000bc80918f2528200225800000251000004d
:105eb00000040724010006244200a394000c68306b
:105ec000460007152046037c87ff0105400063302c
:105ed00002006010041846002580030201004224dd
:105ee000f5ff82148c00a524010002240410820016
:105ef000ffff4224ba00501000a0023c80234294cd
:105f000039004014ffff0224ba00410f988082af8d
:105f100076ff40504c00bf8fb800410f00000000da
:105f200025300002009d053c2c05a524d8c8400f53
:105f3000252040006dff00104c00bf8f020003249d
:105f4000cdff4314dc0502241000a0af1400a0af65
:105f50001800a0af1c00a0af2400a0af2800a0af85
:105f60002c00a0af2000a2af4400028e4000428c63
:105f70001000a52709f840007000048e1000a28fc1
:105f80003f0002aa3c0002ba1400a293400002a201
:105f90001500a293410002a21800a38f2b18030042
:105fa00042000296446b627c420002a62000a38f4e
:105fb0007e0003a62800a38f800003a22400a38fe5
:105fc000810003a2010003248431627c8473027c7b
:105fd000c47b627ca8ff0010420002a604184600a1
:105fe000beff001025800302259000004040153cb4
:105ff00000a0133c802374264000228e24105500fc
:106000000500401003000724040006242528200270
:1060100038bc400f25208002010052268023629662
:106020002a104202f4ff40148c003126b6ff001003
:10603000ffff02244d014224a08082af00a0023c59
:10604000802342945d004010bc80908f2588000022
:106050000100132400a0123c42000296400042308e
:106060000e004050010031264400028e2400428c74
:1060700009f840007000048e820003920100633032
:106080000600431001003126820003924408637e1b
:106090008410437c0400437c820003a28023429648
:1060a0002a102202ecff40148c0010267c00001005
:1060b000010012242800b0ac253000007ecf400f34
:1060c000010004244400028e3400428c253000007c
:1060d0002528000009f840007000048ef5ff4014e8
:1060e00025284000a880828f01004224a88082af2a
:1060f00095000010420002961400028eee67400fd9
:106100000c00449425980000039d113c30be3126bc
:106110000400032400002496180082142530000097
:106120002000028e04ac027c200002ae0400238e0c
:1061300025106200200002ae252800027ecf400f0d
:106140000200249610004010010002240410620294
:10615000241856008d0060142530000025b0c202be
:106160000200249600210400010005248de1400f67
:106170002120840285000010000000000100732629
:10618000e4ff63160800312601000624f3ff05240e
:10619000dbe1400f252000027c0000100000000021
:1061a0000c0002a625300000020005248de1400ffe
:1061b00025200002bb00001010001026b480828f42
:1061c000a50040100100122438000010000000005b
:1061d0009880838f010002240700621400000000f1
:1061e00002000224988082af009d053cfc04a52497
:1061f00072df400f2520000032e0400f2520000014
:10620000b080828f0600401400000000b480828fae
:106210009c80838f25104300b4fe40104c00bf8f3c
:10622000b080828f1e00401025900000b08080afab
:106230006600410f0000000050dc400f2580400048
:106240002588600025904000253000022538000098
:1062500025204000314f400f25286000908082affc
:106260006210023cd34d422419000202103000009b
:10627000823106002538000025204002314f400fb2
:10628000252820028c8082afa080828fa480838ffb
:106290002310430067ff401801001224a08082af42
:1062a000b480828f4800401000a0023cb48080afd0
:1062b00000a0023c802342942f00401025a0000043
:1062c000bc80908f00a0153c4200029640004230f6
:1062d00025004050010094267a0011964400028e59
:1062e0005400428c09f840007000048e2588220278
:1062f000faef400f01000424ffff33322718130088
:106300007a000496241864007a0003a62528400029
:1063100003f2400f010004247c00029625986202db
:106320007c0013a64400028e5000428c25282002d7
:1063300009f840007000048e1600313262ff2056ca
:106340004400028e42000296002042300600405077
:10635000010094264400028e3800428c09f8400067
:106360007000048e010094268023a2962a108202d7
:10637000d5ff40148c00102625b0000000a0153c6d
:106380006420b52600a0143ce8209426c9f5400fef
:106390002520a00258ff401425804000faef400f4e
:1063a0000100042400a0033ce82063241800649446
:1063b0000400047c180064a42528400003f2400f68
:1063c0000100042400a0023c8023429420004010dd
:1063d000bc80908f2588000000a0133c42000296ec
:1063e0004000423016004050010031267c000396e8
:1063f000860662300500405082000292ac80828f97
:1064000001004224ac8082af82000292020044303c
:106410000900801004004230020040100010653472
:1064200000086534820002924408027c820002a2c5
:10643000c2b2400f252000027c0000a601003126d8
:10644000802362962a102202e4ff40148c0010265a
:106450002100401200a0103c00a0103c0821102692
:1064600000a0113c682331260000028e0d00405030
:10647000100010260a0004860a0080501000102622
:106480000c000296a480838f23104300ffff43304b
:106490002016027c42ff4058211064000c0002a626
:1064a00010001026f1ff11560000028efaef400f87
:1064b0000100042400a0033ce82063240800649445
:1064c0004408047c080064a42528400003f2400f1f
:1064d0000100042400a0103c0821102600a0113c5b
:1064e00068233126faef400f252000000000128ead
:1064f000080013962528400003f2400f25200000d5
:106500000500401210001026030060120000000079
:1065100009f8400200000000f2ff11169c80828ff3
:10652000f1fd4010253000000001052400a0043cce
:1065300098f2400ff8208424ecfd00104c00bf8f2f
:106540001b005200f40140021210000002105170b2
:10655000a08082afba00410f000000000800401088
:1065600000000000b800410f0000000005000624f4
:10657000009d053c8c04a524d8c8400f2520400070
:106580009ca5400f00000000ffff0224ba00410f4d
:10659000988082afd5fd40504c00bf8fb800410fae
:1065a00000000000ffff0624009d053cbc04a5245c
:1065b000d8c8400f25204000ccfd00104c00bf8ff4
:0865c0000800e00300000000e8
:020000040000fa
:020000041d00dd
:1065c800b0ffbd274c00bfaf4800beaf4400b7af17
:1065d8004000b6af3c00b5af3800b4af3400b3af3d
:1065e8003000b2af2c00b1af2800b0af8c81828fe1
:1065f800950040182590000003001424010013247e
:1066080001f6400f2520400225884000a1f7400fe1
:10661800252040001c00508c160000520100522614
:106628009658400f25200002070054100400432804
:10663800330060500300028a2a004050ac81828fe8
:106648002f0053540300028aac81828fffff42243b
:10665800ac8182af07000624252800029a90400fdb
:106668002520200225804000edff001600000000d4
:10667800010052268c81828f2a184202e0ff6014a2
:10668800000000007000401825a0000025900000c0
:10669800029d153c029d133c6c5f732601f6400f6a
:1066a8002520400225804000a081918f2188340256
:1066b8000400229201000324140043100200032462
:1066c800a400431000000000010052268c81828f34
:1066d8002a104202f1ff40140c0094265a000010c0
:1066e80000000000ffff4224ac8182af2528000291
:1066f8006fd5400f25202002dbff001025804000c9
:106708000000029ad8ff0010258040004800029639
:10671800004042300500405025b0600208f3400fa9
:1067280025200002e8ff401025b040000800258e13
:106738000500a010020003242600a2900f0042309a
:106748006300431001000224a1f7400f2520000236
:106758000400458c080025ae1800a014020003248c
:106768002530c0028c5fa5260dd4400f25200002dd
:10677800b8fc400f25204000050022920100422469
:1067880042f0400f050022a225f2400f258040006c
:106798008018020021107000000022ae02000224be
:1067a800c9ff0010040022a20300a2880000a298da
:1067b80025284000eaff4010080022ae2600a290db
:1067c8000f004230f8ff4314010002241000a2a376
:1067d8001100a2a33f00028a3c00029a1500a2ab56
:1067e8001200a2bb400002921600a2a3410002922e
:1067f8001700a2a32530c0020800a5240dd4400f1d
:1068080025200002100040102580400008000524c3
:10681800fea6400f252000020900401008000724aa
:10682800030006241000a527ae91400f2520000282
:10683800b8fc400f25200002d0ff0010050022926e
:10684800e1f1400f2520000242f0400f0000000057
:1068580025904000a88180af8c81828f88004018e5
:1068680025980000009d153c01f6400f2520600288
:1068780025884000a1f7400f252040003c00508c9f
:106888007a00001225a04000bc68b6261a000292c1
:106898000700422c58004010251000021a000292ee
:1068a800801002002110c2020000428c0800400043
:1068b80000000000dc69009d946e009dec6c009d5a
:1068c8003c6a009d9c69009d606b009d886b009de3
:1068d8001000a2a31100a2a33f00028a3c00029a62
:1068e8001500a2ab1200a2bb400002921600a2a3a0
:1068f800410002921700a2a32530c0020800a52477
:106908000dd4400f25200002cfff40102580400005
:1069180008000524fea6400f25204000090040106d
:1069280008000724030006241000a527ae91400f95
:1069380025200002b8fc400f252000028fff001020
:1069480005002292e1f1400f25200002beff001051
:106958000000000042f0400f000000000000238efd
:106968002310430058ff4018030002240500239217
:106978000600621401000224040020a2a481828f70
:10698800ffff422450ff0010a48182af4eff001089
:10699800040022a22800028e590040142000172665
:1069a8002c00028e2e004010231042022d00405869
:1069b8000000108e3000029201004230280040147e
:1069c80025280002d6ad400f252020020a0000101d
:1069d80000000000300002924408027c300002a24d
:1069e800200017262800028e0700401425280002e0
:1069f800d6ad400f252020021a0050500000108efe
:106a08001800001025804000c9f5400f2520e0023d
:106a1800252040001400428cf3ff40502800028ecd
:106a28001c00868c09f8400025280000eeff0010a5
:106a38002800028e300002920400423029004014df
:106a4800200017261c00028e231042022a0040183c
:106a5800040006242528000291b5400f25202002b5
:106a68000000108e8aff00561a0002920100732659
:106a78008c81828f2a1062027bff40140000000084
:106a88004c00bf8f4800be8f4400b78f4000b68fc0
:106a98003c00b58f3800b48f3400b38f3000b28f0c
:106aa8002c00b18f2800b08f0800e0035000bd27ec
:106ab8004f71400f2000048eeaff40500000108ef6
:106ac800c9f5400f2520e002252040001400428c23
:106ad800050040502800028e1c00868c09f84000f2
:106ae800010005242800028ef1ff40140000000078
:106af800dcff00100000108efaff0010200017269f
:106b08004f71400f2000048ea6ff40502c00028ecb
:106b1800c9f5400f2520e002252040001400428cd2
:106b280005004010050006241c00868c09f840006a
:106b380001000524050006242528000291b5400f10
:106b4800252020022800028eedff401400000000de
:106b580094ff00102c00028ea881828f010042242d
:106b6800a88182af1c00028e23104202bcff40188d
:106b7800060006242528000291b5400f2520200292
:106b8800a881828f0100422442f0400fa88182af81
:106b98001c00038e23104300b2ff40580000108ee3
:106ba8001b0002920300422c4a00401025280002d4
:106bb8003400028e060040103c000626040005261c
:106bc8007b94400f252020020b0040140100032471
:106bd80025300000040005267b94400f2520200264
:106be800050040140100032442f0400f000000009b
:106bf8009bff00101c0002ae2000a3a32100a3a34a
:106c08003f00238a3c00239a2500a3ab2200a3bba4
:106c1800400023922600a3a3410023922700a3a3a8
:106c2800040006262538c00008004524c7c0400fc8
:106c3800252020020500401425b8400042f0400fee
:106c48000000000086ff00101c0002ae08000524aa
:106c5800fea6400f252040001a0040100800072417
:106c6800030006242000a527ae91400f2520e0024e
:106c78002400f0aeb8fc400f2520e0021b00029271
:106c88000100422442f0400f1b0002a225f0400000
:106c9800a1f7400f2520200225f2400f3000578c25
:106ca80002b8e2726210023cd34d42241900e2029b
:106cb80010b8000082b9170021b8fe0268ff001062
:106cc8001c0017aee1f1400f2520e00265ff00101f
:106cd8000000108ed6ad400f2520200246ff001080
:106ce800000000001c00028e231042025cff4018c6
:106cf800030002241b0003920500621425280002e9
:106d0800d6ad400f252020023bff001000000000f8
:106d1800ffff02241000a2a3020003241100a3a372
:106d28001200a0a31300a0a31400a0a31500a0a301
:106d38001600a0a31700a0a31800a0a31900a0a3e1
:106d48001a00a0a3010003241b00a3a31c00a2a3f4
:106d5800110002921d00a2a3120002921e00a2a31b
:106d6800130002921f00a2a33400028e06004010f6
:106d78003c000626040005267b94400f25202002af
:106d88000d004054340002ae2530000004000526f2
:106d98007b94400f25202002060040142530000077
:106da8002528000291b5400f252020022dff001054
:106db8000000108e340002ae010003242000a3a3bb
:106dc8002100a3a33f00238a3c00239a2500a3abfc
:106dd8002200a3bb400023922600a3a341002392d4
:106de8002700a3a3040007261000a62708004524af
:106df800c7c0400f252020020500401425b84000d8
:106e080042f0400f0000000015ff00101c0002ae09
:106e180008000524fea6400f25204000170040105a
:106e280008000724030006242000a527ae91400f80
:106e38002520e002b8fc400f2520e0021b0002924a
:106e48000100422442f0400f1b0002a225f040003e
:106e580025f2400f3000978e02b8e2726210023cb1
:106e6800d34d42241900e20210b8000082b917007d
:106e780021b8fe02fafe00101c0017aee1f1400f27
:106e88002520e002f7fe00100000108edafe001048
:046e980025100002bf
:020000040000fa
:020000041d00dd
:106e9c00b8febd274401bfaf4001beaf3c01b7af48
:106eac003801b6af3401b5af3001b4af2c01b3af7c
:106ebc002801b2af2401b1af2001b0af2580800012
:106ecc002598a0002590c0000400918c039d023ce5
:106edc006cd442241800a327200044240000488cc2
:106eec000400478c0800468c0c00458c000068acf4
:106efc00040067ac080066ac0c0065ac10004224c2
:106f0c00f6ff4414100063240000448c0400428cef
:106f1c00000064ac040062ac0200622a1200401053
:106f2c00009d053c0000028e0000428c0809a5243f
:106f3c0009f84000252020024401bf8f4001be8f7c
:106f4c003c01b78f3801b68f3401b58f3001b48f47
:106f5c002c01b38f2801b28f2401b18f2001b08f87
:106f6c000800e0034801bd270400558e1800b62721
:106f7c0025a00000050017240000c58e07fb400f5c
:106f8c002520a0021d00401404000324c0a01400fe
:106f9c0021a0b4031c00828e8f0043100500432ceb
:106fac001900601003000324200043100100032487
:106fbc000d014310020003241300431402000224a9
:106fcc004a016212009d053c0000028e0000428cba
:106fdc008c0ca52409f84000252020020000028e0c
:106fec000000428c009d053ca00ca52409f8400033
:106ffc0025202002d1ff00104401bf8f01009426f0
:10700c00ddff97160800d6260000028e0400428c85
:10701c002530a002009d053ce40da52409f8400094
:10702c0025202002c5ff00104401bf8f0300622af7
:10703c0010004010009d053c0000028e0400428ca4
:10704c000000468e3009a52409f8400025202002b6
:10705c000000028e0400428c0000468e009d053c10
:10706c006809a52409f8400025202002b3ff001070
:10707c004401bf8f08d7400f0800448e090040140c
:10708c0025a040000000028e0000428c009d053cb3
:10709c007c09a52409f8400025202002a7ff001038
:1070ac004401bf8f0400558e02000624009d053c50
:1070bc009009a524a9f6400f2520a0022100401418
:1070cc00020006240400732a0e0060162528000016
:1070dc000c00538e009d053c9409a52407fb400f22
:1070ec00252060020700401001000524009d053c8e
:1070fc009c09a52407fb400f252060020100452cac
:10710c004028050028fd400f25208002009d063cec
:10711c00dc08c624009d073ce408e7242500401049
:10712c00009d053c0000028e0400428c0000468e3f
:10713c00c409a52409f84000252020027fff001077
:10714c004401bf8f009d053ca409a524a9f6400f5e
:10715c002520a0020f0040140400732a06006016bc
:10716c0025280000009d053ca809a52407fb400f1d
:10717c000c00448e0100452c29c1400f25208002b3
:10718c00009d063cec08c624009d073ce3ff001064
:10719c00f408e7240000028e0000428c009d053ca0
:1071ac00b009a52409f840002520200263ff001037
:1071bc004401bf8f0000028e0400428c0000478ef9
:1071cc00009d053ccc09a52409f84000252020028f
:1071dc005aff00104401bf8f0400022420006212e9
:1071ec00009d053c0000028e0000428ce009a524a5
:1071fc0009f84000252020020000028e0000428c7d
:10720c00009d053c080aa52409f840002520200211
:10721c000000028e0000428c009d053c380aa5241b
:10722c0009f84000252020020000028e0000428c4c
:10723c00009d053c680aa52409f840002520200281
:10724c000000028e0000428c009d053ca00aa52483
:10725c0009f840002520200238ff00104401bf8fa0
:10726c00f080828f08004010009d053c0000028ecb
:10727c000000428cdc0aa52409f8400025202002dd
:10728c002eff00104401bf8f0800538e009d053c5b
:10729c00100ba52407fb400f252060022200401094
:1072ac00009d053c140ba52407fb400f2520600214
:1072bc002c004010009d053c180ba52407fb400f2b
:1072cc002520600229004010009d053c200ba524c0
:1072dc0007fb400f2520600226004010009d053c56
:1072ec00280ba52407fb400f25206002230040102b
:1072fc00009d053c2c0ba52407fb400f25206002ac
:10730c0020004010253060020000028e0400428ce8
:10731c00009d053c300ba52409f8400025202002d7
:10732c0006ff00104401bf8f01000224208082afb1
:10733c000c00538efcfa400f252060024100422cb9
:10734c0012004014009d053c0000028e0000428c8f
:10735c00600ba52409f8400025202002f7fe001040
:10736c004401bf8ff1ff001001000224efff001059
:10737c001c000224edff00101c000224ebff001087
:10738c00ff000224e9ff0010ff0002242528600200
:10739c0000a0113cdefb400f242a24260400028ea0
:1073ac00e88082af0000028e0400428c0800478ef9
:1073bc00242a2626009d053c8c0ba52409f84000a8
:1073cc002520000208000224f08082aff88090afe4
:1073dc00c8000624f480858fb8f2400f20000424e6
:1073ec00d6fe00104401bf8f030002241400621269
:1073fc00009d053c0000028e0000428cbc0ba524b5
:10740c0009f84000252020020000028e0000428c6a
:10741c00009d053ce00ba52409f840002520200226
:10742c000000028e0000428c009d053c180ca52427
:10743c0009f8400025202002c0fe00104401bf8f37
:10744c000800528e08004016009d053c0000028e7c
:10745c000000428cb009a52409f840002520200228
:10746c00b6fe00104401bf8f009d053c480ca524be
:10747c0007fb400f252040020500401400000000cf
:10748c00a0d2400f00000000acfe00104401bf8fe2
:10749c0045e5400f25204002faff03240b00431062
:1074ac00ffff0324a4fe4314253040020000028e8b
:1074bc000400428c009d053c4c0ca52409f84000ae
:1074cc00252020029dfe00104401bf8f0000028e7b
:1074dc000000428c009d053c740ca52409f840006a
:1074ec002520200295fe00104401bf8f4000a227ea
:1074fc008400a2af410002248800a2afe000a227c2
:10750c008c00a2af050002249000a2af0801a227b4
:10751c009400a2af010002249800a2afc3e8400f70
:10752c00f400a42709004010259840000000028eaa
:10753c000000428c009d053cd00ca52409f84000ad
:10754c00252020027dfe00104401bf8f1dfe400f40
:10755c00f400a48f0300401425904000009d123cc1
:10756c00000952261dfe400ff800a48f03004014a2
:10757c0025384000009d073c0009e7240000028ede
:10758c000400428c25304002009d053ce80ca524eb
:10759c0009f84000252020020000028e0401a39768
:1075ac001400a3af0201a3971000a3af0400428cf8
:1075bc000001a797fc00a68f009d053c140da52487
:1075cc0009f840002520200225a00000009d173c52
:1075dc00009d163c009d023c800d42241801a2af78
:1075ec00009d153c25286002cc70400f8400a42718
:1075fc003c004014259040000000028e0400428c98
:10760c00a000a78f4000a627540de52609f84000de
:10761c0025202002ac00a28f140040189800a28fe5
:10762c0025a04002740dbe26801014002c000624e8
:10763c00b400a5278c00a48fe9d3400f2120820031
:10764c000000028e0400428cb400a6272528c0033b
:10765c0009f840002520200201009426ac00a28fde
:10766c002a108202f0ff40149800a28f14004018d8
:10767c00b000a28f130040580000028e00111200bf
:10768c002c000624b400a5279400a48f3d98400f2d
:10769c00212082000000028e0400428cb400a62738
:1076ac001801a58f09f84000252020020100522660
:1076bc00b000a28f2a104202f1ff401400111200f8
:1076cc000000028e0400428c253000008c0dc52673
:1076dc0009f840002520200201001424c1ff0010ed
:1076ec00010073260200422cfcff4014fcff022414
:1076fc00bcff4212010073260ffe8016009d053c54
:10770c000000028e0000428cc40da52409f8400034
:0c771c002520200209fe00104401bf8f50
:020000040000fa
:020000041d00dd
:1077280080ffbd278c00a7af0000a28c6c00b5af0e
:107738002400a2af0800a28c0400d58c2800a2afb8
:107748001000a28c6000b2af4800a2af0000c28c4b
:107758005c00b1af1c00a2af1c00a38f0400b28c68
:107768000c00b18c8000a4af8400a5af25300000c8
:1077780025380000252060002528a0027c00bfaf26
:107788007800beaf7400b7af7000b6af6800b4af92
:107798006400b3af3396400f5800b0af0f004004f9
:1077a8000080023c2400a28f040042300d004014e7
:1077b8002b0002242400a28f080042302000a2af30
:1077c8002800a28f1800a2af2000a28f0c00401042
:1077d8001c00a38f030000102000022426a85500d7
:1077e8002d000224000022a22800a28fffff4224bd
:1077f8001800a2af010002242000a2af1c00a38f32
:107808002600601400f0a27ef07f033c240043149d
:10781800f07f043c2000a28f212022028c00a28f3e
:10782800bfff42241a00422c1a004010009d053c5c
:10783800009d053cc424a524defb400f0000000089
:10784800fcfa400f252020022400a38f2800a78fd0
:107858008000a48f1000a3af25282002d4b0400fc9
:10786800253040007c00bf8f7800be8f7400b78f32
:107878007000b68f6c00b58f6800b48f6400b38f4a
:107888006000b28f5c00b18f5800b08f0800e00331
:107898008000bd27e8ff0010c824a524f07f043c21
:1078a800010083242b184300050060502000a28f9c
:1078b8000e0044141c00a28f0c0040102000a28f60
:1078c800212022028c00a28fbfff42241a00422ce2
:1078d80004004050009d053c009d053cd6ff00106b
:1078e800cc24a524d4ff0010d024a5241c00a38fe9
:1078f800253000002520600025380000db95400f6a
:107908002528a002049d173c049d033cb08af38ef1
:10791800b48af68e2c00a3affc004014258000002a
:10792800dafe400f8c00a48f20f4027c97014006f9
:10793800670002240b00c21725a0c00301004052b3
:1079480001001224fcff022a1000401465001424d0
:107958002a1012020e0040101c00ab8f0c0001060a
:1079680066001424660002240800821601005226cc
:107978000400010667000224b08af38eb48af68eea
:10798800258000000100c257219050021c00ab8fd7
:107998002548600225b8c0023000b5af2550000068
:1079a8003000ad8f25206001253020012538e00208
:1079b8002528a0015400aaaf3800abafad35400f61
:1079c8004c00a9af2520400044a7400f252860009f
:1079d8003000ad8f4c00a98f3800ac8f4000a2afab
:1079e8000080083c4400a3af26100d014000a48f7e
:1079f8004400a58f253020012538e0021000acafe7
:107a08001400a2afd627400f5000a9af0080083c51
:107a18003800a2af4c00a2af261003013000a2af7d
:107a28002c00a28f5000a98fd88a468cdc8a478cfc
:107a380025202001ad35400f2528e0025400aa8feb
:107a48004c00ab8f01004a2525484000d4ff4a1658
:107a580025b86000049d023ce08a468ce48a478c85
:107a6800252020016d54400f252860002540400046
:107a78003800a48f3000a28f2530800025384000c0
:107a8800252000012528600025b86000db95400fff
:107a98004c00a8afc800401c3000a28f4c00a88f33
:107aa8003800a48f25384000253080002528e002c2
:107ab80025200001db95400f3000a8af08004014d6
:107ac8003000a88f4000a48f8fd0400f4400a58fae
:107ad80001004230b9004010254000003000a88f56
:107ae8001c00a38f253000012538e0022528a002bc
:107af800e33c400f252060001c00a2af3800a2af75
:107b08002c00a28f25206002d88a468cdc8a478cfc
:107b18002528c00225b860006d54400f3000a3af7f
:107b28003800ab8f2538e002253060012520400061
:107b38002528600025a840003396400f3000a3afe9
:107b4800a000401c660002243000a98f9f00821606
:107b58000100102601005226255000022310520170
:107b68002000b38f3000a2af25b0000025900000a0
:107b78003000a28f07004211255860028400a28fae
:107b88001000428cfbff42242b1062029300401429
:107b98001c00a38f070040162400a28f100042305b
:107ba8000400401021582b022e00022401007326e5
:107bb800000062a1212033026500022423008216fe
:107bc800000080a003000106252800002380100083
:107bd800010005244800a28f02001224ffff42245e
:107be80021182202000060a00a000624d500001611
:107bf80000000000d300401e2b0003242d000624a3
:107c08000b18c50021282202ffffa3a08c00a38f18
:107c180045000524bfff6324feff42241a00632c9d
:107c28000ba0a3002a9862022128220203006012f6
:107c38000000b4a0defb400f000000001800a28f77
:107c480021104202fcff42241800a2af2400a28f98
:107c58000200032403004230f9fe43141800a28fe7
:107c6800f7fe401800000000fcfa400f2520200213
:107c78002000a38f2a184300bc0060101800a68fac
:107c88002000a28f30000524d4fb400f21202202bf
:107c9800ebfe00102800a0af010010262598c003b5
:107ca80025b080023000a68f3400a78f25206002ff
:107cb8006d54400f2528c0021c00a88f25304000b5
:107cc80025386000252000012528a00225f0400065
:107cd8003396400f25a06000efff4104049d023c4d
:107ce800c48a438cc08a428c3400a3af3000a2af50
:107cf8002c00a28f25f00000dc8a438cd88a428ca5
:107d08003c00a3af220000103800a2af049d023c43
:107d1800dc8a438cd88a428c3400a3afe1ff001080
:107d28003000a2af130040103800a68f1100c01712
:107d38001c00a38f3000a68f3400a78f2528a0022f
:107d48006d54400f252060003000a68f3400a78fa7
:107d5800252060022528c0021c00a2af6d54400fe8
:107d680025a8600025b060002598400001001e2469
:107d78003800a68f3c00a78f25206002ad35400f44
:107d88002528c00225b0600025984000ffff102676
:107d98001c00a38f253060022538c0022520600012
:107da8003396400f2528a002deff4204d4fe022aa3
:107db800dbfe0010000000002540000048ff001016
:107dc80025b8000025a860022548c0026500823a4f
:107dd8002550000261ff00100a50020025382001da
:107de8002530a002252060002528e0025000abaf16
:107df8004c00aaafad35400f4400a9af2520400084
:107e080044a7400f25286000252040002528600051
:107e18003800a3af8fd0400f4000a2af0a0044281b
:107e2800090003240b1844002400a28f3800a78ff0
:107e380010004230251043004000ad8f4400a98f48
:107e48004c00aa8f210040145000ab8f6700022419
:107e58001e00c217000000001c00410500000000c1
:107e68000100d6261c00a38f00800b3c261077014a
:107e78002530a0012520a002252820011000a3af4d
:107e88001400a2af4000aaafd627400f3800a9af10
:107e98001c00a2af2c00a28f3800a98fd88a468c6c
:107ea800dc8a478c00800b3c2520a0022528200175
:107eb800ad35400f26b863014000aa8f2548600001
:107ec80025a840002aff0010ffff4a250b00401696
:107ed800212036020900410521582b021800a28fe3
:107ee800ffff42241800a2af2e00022401007326cf
:107ef800000062a101001224212036022110330261
:107f080021209300020000103000052401004224c3
:107f1800feff4454000045a01800a28f2120d30280
:107f280023b05600ffffc2260100932430006324cb
:107f380021202402000083a01800a2afc9ff00106e
:107f480025b000001a000602f401c000ffff422419
:107f580021382202ffff522610180000128000006c
:107f68003000632421ff00100000e3a02118220242
:107f7800000064801800a38f2118620021182302d2
:107f8800000064a03aff0010ffff42246dfec213f8
:0c7f98000600122473fe001025a0c00398
:020000040000fa
:020000041d00dd
:107fa40080ffbd277c00bfaf7800beaf7400b7afc1
:107fb4007000b6af6c00b5af6800b4af6400b3af87
:107fc4006000b2af5c00b1af5800b0af0f00052441
:107fd4002eda400f0a0004242590400001004230ac
:107fe4000800405002005232f2ff1324f6ff14241a
:107ff4008ee3400f0a000424520040142580400000
:1080040002005232440040127c00bf8f4c81828fa8
:10801400410040102590000025100000019d143cf3
:108024006210133cd34d7326801002005c81838f51
:10803400211062000000508c3100005201005226d1
:10804400760003920b0002242c006210c000033c53
:108054003c00028e241043001601401025880000c5
:108064003c00168ec005d67e100011243e000296f8
:1080740004004230090040503e00029642f0400f96
:10808400000000002800038e231043000000422853
:10809400100003240a8862003e0002960800423061
:1080a400070040507600039242f0400f00000000a9
:1080b4002c00038e23104300c30141047600039275
:1080c40005000224fd0062140000000042f0400f8d
:1080d400000000003000038e23104300f70040042a
:1080e40001000624140005249f14400f25200002db
:1080f400252800001e5a400f2520000201005226a8
:108104002096127c4c81838f2b184302c6ff601487
:10811400251040027c00bf8f7800be8f7400b78f9b
:108124007000b68f6c00b58f6800b48f6400b38f95
:108134006000b28f5c00b18f5800b08f0800e0037c
:108144008000bd272c0015961400a22e5600401462
:10815400252860021c00168e0c00c28e0019427c79
:108164000500432c50006014801002002a10a20263
:108174004e0040140a0006242000028e4004437c72
:1081840053006014000242304800a0af1b004014aa
:108194001800118e0c00228e2000a2af1000228e37
:1081a4002400a2af2800a0a3060002242900a2a351
:1081b400ee67400f2520a0022a00a2a72530000068
:1081c4000c000524f667400f2000a4272730020086
:1081d4002000028e0400423038004010ffffc630f9
:1081e4002538c0002530a0022528c0020ba0400f6e
:1081f400252000022c0040142528800291dd400f28
:108204002520c0020c00d78e0019f77e0100072438
:10821400100026260c0025260163400f25200002ad
:108224002588400020004010f1ff052480b8170085
:108234001000038e0c006294231057000c0062a4fb
:108244002330b7024800a2271000a2af253800024d
:10825400ffffc6302528c0027e0e400f25202002d5
:10826400faef400f252000007c00358e8000368e0a
:108274007a0037962528400003f2400f252000009d
:108284004800a28f2430e2020700c0100200052437
:108294000500a0122538c0022800058e09f8a002a6
:1082a4003c002486020005240a000624dbe1400f7a
:1082b400252000024eff0010000000002528a00227
:1082c400f667400f2520c002caff0010000000001e
:1082d4004800a0af4c00a6275000a527f2f1400f9c
:1082e40025200002f0ff4010252860022c00119682
:1082f4001c00168e2000028e000242302d00401415
:108304002800158e4c00a38f030066880000669831
:1083140007006588040065980b0064880800649869
:108324000f0062880c0062982000a6af2400a5af5d
:108334002800a4af2c00a2af5000a38f03006688ce
:108344000000669807006588040065980b0064883f
:10835400080064980f0062880c0062983000a6af91
:108364003400a5af3800a4af3c00a2afee67400fc5
:10837400252020024000a2af4400a0a74600a0a3ed
:10838400060002244700a2a325300000280005248b
:10839400f667400f2000a42727300200ffffc630f5
:1083a40025282002f667400f2520c002beff401496
:1083b4002528800291dd400f2520c0020c00de8eae
:1083c4000019de7f020007245000a68f4c00a58f01
:1083d4000163400f252000021200401425b840001c
:1083e4002800048e32000296211022022800422422
:1083f400ffff42301c00a2af1800a0af010002240e
:108404001400a2af040002241000a2af4c00a78ff6
:108414005000a68f59a0400f25280002a2ff00108b
:10842400f1ff05241000048e80101e00ecff42248e
:10843400fc0042300c008394ecff63242318620098
:108444000c0083a4ecff26262330c2004800a22798
:108454001000a2af25380002ffffc6302528c00255
:108464007e0e400f2520e002faef400f2520000089
:108474007c00f18e8000f68e7a00fe96252840005e
:1084840003f2400f252000004800a28f2430c203cd
:1084940085ffc0100200052483ff20122538c00286
:1084a4002528a00209f820023c00e4867eff001083
:1084b40002000524edfe001025b000000600205245
:1084c4003e0002960100c63a100005249f14400f96
:1084d400252000023e00029602004330340060145e
:1084e4000040423006ff40500100522676000392bd
:1084f4000300022402ff62540100522642f0400f9e
:10850400000000002400038e23104300fcfe4204fc
:10851400010052267900039284000292150062142d
:10852400010005243c00118e0004317e2394400f89
:10853400252000023e000296010003240400627c10
:108544003e0002a600100624252800008bc1400f1f
:1085540025200002eafe2056010052263e00029623
:108564000400027c3e0002a60a000224e3fe00107e
:10857400760002a202000624100005249f14400f76
:108584002520000242f0400f01005226700003969d
:108594003c81848f02186470190073001018000065
:1085a4008219030021186200d5fe0010240003aed6
:1085b40042f0400f000000002400038e231043000b
:1085c400cffe420401005226760002920a00432c98
:1085d4004c00601080200200f0858326211864007e
:1085e4000000638c08006000000000000887009d04
:1085f4001886009d6486009d9086009db486009d2b
:108604000887009dd086009d0887009d0887009def
:10861400ec86009d780002920400422c0e00401467
:108624000200112404000224780002a23c81838ffa
:108634004011030023104300801002002110430066
:10864400c010020019005300101000008211020033
:1086540000110200500002ae2e00001025a80000f8
:10866400780003920300632c510060141400042466
:108674003e00039601006330010015240aa803009c
:108684000b1083002100001025884000780002921e
:108694000500422cf0ff4054100011240400022471
:1086a400760002a211000224f6ff001025a80000a3
:1086b400780002920500422ce7ff40541100112477
:1086c40014000224efff0010010015247800029228
:1086d4000500422ce0ff4054100011241400022431
:1086e400e8ff001001001524780002920500422cd6
:1086f400d9ff40541100112414000224e1ff00109a
:10870400010015247dfe201225a800002300c012bc
:10871400010006247800029201004224780002a29b
:108724005000028e40100200500002ae1000038e72
:108734000c00048e231064002b18640006006010e3
:10874400ffff42300400038e0000058e23186500ed
:1087540021104300ffff42305400038e23186200af
:10876400540003ae6400039621104300640002a683
:10877400100004ae25300000252820029f14400f6d
:10878400252000025dfea012252800001e5a400f7d
:10879400252000025afe001001005226252820023e
:1087a4009f14400f25200002f6ff00100000000077
:1087b400a9ff001012001124a7ff001011001124ba
:1087c400a5ff001011001124050002243dff6214ce
:1087d4001000112442f0400f000000003000038e0e
:1087e4002310430037ff4004010006243efe00101e
:0487f4001400052444
:020000040000fa
:020000041d00dd
:1087f8000000a28c78ffbd272000a2af0400a28c45
:108808008000beaf2800a2af0800a28c0400de8c56
:108818007000b4af0000d48c2400a2af1000a28c6a
:108828006400b1af6000b0af8800a4af0c00b08c9a
:108838002588e0002530000025380000252080022a
:108848002528c0038400bfaf7c00b7af7800b6af5f
:108858007400b5af6c00b3af6800b2af3396400f89
:108868004000a2af0e0040042000a28f0400423056
:108878000e0040142b0002242000a28f0800423072
:108888001800a2af2400a28f3800a2af1800a28f50
:108898000c0040102000022405000010000002a275
:1088a8000080023c26f05e002d000224000002a297
:1088b8002400a28fffff42243800a2af0100022447
:1088c8001800a2afbfff232600f0c27f2500801644
:1088d8002c00a3aff07f033c230043141800a38fa0
:1088e8001800a28f009d113c212002022c00a28fab
:1088f8001a00422c03004010c8242526009d053c80
:10890800c424a524defb400f00000000c824242650
:10891800fcfa400f000000002000a38f2400a78f5e
:108928008800a48f1000a3af25280002d4b0400f00
:10893800253040008400bf8f8000be8f7c00b78f39
:108948007800b68f7400b58f7000b48f6c00b38f49
:108958006800b28f6400b18f6000b08f0800e00338
:108968008800bd271800a38ff07f053c2c00a48f3a
:1089780021b003020100a3242b1843000500601056
:108988001a00842c0c004514300002240b008012bd
:1089980078000324009d113c03008010d024252674
:1089a800009d053ccc24a524defb400f2520c002f9
:1089b800d7ff0010d0242426780003240000c2a288
:1089c800580002240a1064002530000025380000f1
:1089d800252080022528c003db95400f25a84000ec
:1089e800049d033cb08a778cb48a718c03014014cf
:1089f8001c00a0af2800a28f2800a48f00004228e6
:108a0800180003240a188200010062240100d5a27c
:108a18003c00a3af5400a2af25b0e00225a8200275
:108a28004400b4af4800beaf259800004400a88faa
:108a38004800b28f252000012530c0022538a00249
:108a480025284002ad35400f3000a8af2520400052
:108a580044a7400f25286000252040002530c0028b
:108a68002538a002252860004c00a2af6d54400fa5
:108a78005000a3af3000a88f252840022520000110
:108a880025304000e13c400f253860004400a2af8b
:108a980025904000049d023cc88a468ccc8a478cad
:108aa8002520c0022528a0023000a3af4800a3afac
:108ab8006d54400f5800a2af25b040002800a28f87
:108ac80025a8600009004104010073263000a28f28
:108ad800253000002538000025204002db95400f96
:108ae8002528400006004010049d023c5400a28f37
:108af800ceff62163c00a28f01005324049d023c65
:108b0800d08a468cd48a478c2520c0026d54400fe9
:108b18002528a00225b04000253040003000a28f53
:108b28002538600025204002252840003396400f54
:108b380025a86000f00040043000a28f2530c00254
:108b48002538a00225204002db95400f252840004b
:108b5800060040144c00a48f8fd0400f5000a58f02
:108b680001004230e500405025b000001800a28ff7
:108b780025208002020042242530c0022538a002a8
:108b88002528c003e33c400f1800a2af25a06000d1
:108b98003000a2af0400401400f0637cf07f023c78
:108ba80050ff62101800a28f3800a28f1800a38f00
:108bb800feff56244000a28ffbff42243c00a2afd8
:108bc8002b1062000c014010231013004800a2afc4
:108bd800259860002560600025f000003800a0afef
:108be800259000003000a38f2530e00225382002b0
:108bf8002520600025288002ad35400f4c00acaf21
:108c08002520400044a7400f25286000252040006b
:108c18002528600025a860008fd0400f4400a2af2f
:108c2800b80040144c00ac8fb70040123800a38f36
:108c38000100de274400a48f2530e00225382002f9
:108c48006d54400f2528a002253860003000a38ffe
:108c58002528800225304000e13c400f2520600097
:108c68003000a2af5800a28f2520e002c88a468ca7
:108c7800cc8a478c252820026d54400f25a060001f
:108c880025b840004800a28fffff522625886000c3
:108c980005004212256060023c00a28f2b10620280
:108ca800d1ff40143000a38f3800a28f1500401464
:108cb8001c00a28fd100c01b2800a28fcf00401833
:108cc8002000a28f01004230cc0040142e00032463
:108cd80021101302000043a02118d3032118030216
:108ce80030000424010044a001004224fdff621466
:108cf80021407e0227481e000100132521b03601bd
:108d08001c00a28f21201302000080a0040041044f
:108d180025280000231002001c00a2af0100052432
:108d28004000a28f01001124ffff422421180202f3
:108d3800000060a0010007240a0006241c00a38f7d
:108d48009c006054ffff4224980027122b00032444
:108d58002d0006240b18c50021280202ffffa3a03e
:108d68002c00a38f500005241a00662cfeff422415
:108d7800700003240b18a600212802022a106202a0
:108d8800030040100000a3a0defb400f000000001d
:108d98002000a28f02000324030042301000431475
:108da800ffffca2621885101feff3226d8fe401a4d
:108db80025200002fcfa400f252000021800a38f8e
:108dc8002a18430085006010253040021800a28f41
:108dd80030000524d4fb400f212002022400a0af5c
:108de800cbfe0010252000021c00a28f25b86002cf
:108df800010042241c00a2af258840022530e00271
:108e0800253820022520e002e33c400f25282002d7
:108e18002530400025386000252080022528c00321
:108e2800259060003396400f25984000eeff4104de
:108e3800049d023cb88a528cbc8a538c049d023c27
:108e4800c48a438cc08a428c3400a3af3000a2afde
:108e58002530e00225382002252080023396400f75
:108e68002528c003e3fe410425304002253860026e
:108e78002520e0026d54400f2528200225204000bf
:108e88002530000025380000db95400f25286000bc
:108e98000e0040143000a68f3400a78f2520e00272
:108ea8006d54400f252820023000a68f3400a78f6c
:108eb800252080022528c003258860006d54400fb6
:108ec80025b8400025a0400025f060002520e002dc
:108ed80025282002253040026d54400f25386002b5
:108ee80025b840001c00a28f25886000ffff42249f
:108ef800d7ff00101c00a2af25b000001bff001018
:108f080025a800003800a38f0a00601421201e0243
:108f18000800401221600c022e000324000083a1e7
:108f28000100032401007326ffffd6263800a3aff3
:108f380021201e0221181302212093000200001094
:108f48003000052401006324feff6454000065a07e
:108f58000a004328020060105700442430004424cb
:108f68002c00a28f1a00422c0800401020008234e6
:108f78009fff42241a00422c0500401021107e0257
:108f8800e1fe400f000000002520400021107e0275
:108f98002348de020100532421100202000044a0ed
:108fa800ffff362523ff001025f000001c00a38fcb
:108fb800ffff42241a006600f401c00021480202a3
:108fc800ffff31261018000030006324000023a1a1
:108fd8001218000059ff00101c00a3af211802024c
:108fe800000064802118220221180302feff64a0f9
:108ff80072ff0010ffff42241800b38f2000a28fd9
:10900800100042303eff4010211013022e000324ae
:0c901800000043a03aff00100100732686
:020000040000fa
:020000041d00dd
:1090240020febd27dc01bfafd801b4afd401b3af7c
:10903400d001b2afcc01b1afc801b0afd480928738
:1090440060e6400f252040024e0040104801a5274d
:109054006c01a0af9001a0af5d62400f25204002db
:109064009001b38fe080918f6eff400f2520600246
:109074004080020021800202c08010002180020290
:1090840080801000218030026c01a28f280002ae83
:10909400d48091879c01a0a32c0006249c01a527c1
:1090a4000086400f252020029c01a3930200022485
:1090b40025006214c0000624252800000086400f05
:1090c40025202002c00003241f0043143801062475
:1090d4001000a5270086400f252020022588400087
:1090e4000400422c1800401404000624039d053c8f
:1090f400380ca524a9f6400f1000a4271200401430
:10910400fcff31260300312e0f0020161500a39317
:10911400010002240c0062141600a293060003242a
:1091240011004310060005240700432c06006010bc
:10913400020003240c00431002000524050003244c
:10914400090043100400052432080724039d063c4b
:10915400840bc624009d053ca006a524e3d4400f3f
:10916400252000000b0005242800078e7c01a68f13
:109174005472400f25206002252800006cda400f4d
:10918400252040025a00410f000000005c004018f6
:109194002598400025900000019d143c809294265f
:1091a40001f6400f2520400252004010258840005f
:1091b40042004294400042304e004010e080908fc4
:1091c4006eff400f25202002401802002118620083
:1091d400c0180300211062008010020021800202e6
:1091e40060000392010062304300405001005226a7
:1091f4005e000296feff4224ffff42300700422c2d
:109204001400401020006330130060505e0002968a
:109214002000028e100040505e0002969a00410f1a
:10922400000000002000038e231043005800039622
:109234002b104300070040140100062401000524fc
:10924400b1d8400f25202002600002924429027cfc
:10925400600002a25e0002960e00422c26004050de
:10926400010052265e000296801002002110820244
:109274000000428c0800400000000000f892009dad
:10928400b892009d2c93009d9093009d1494009d92
:109294007494009dd494009d3095009d6095009d2c
:1092a4007495009d9895009d2496009d8c96009d34
:1092b4001897009d66fb400f252020020d004010ea
:1092c400020004245c0003960400641004000224d9
:1092d400030063380a0002240b1083005e0002a618
:1092e4005000048e0400805001005226a3c7400f92
:1092f4000100052401005226a9ff72160000000097
:10930400aef1400fd4808487dc01bf8fd801b48fc5
:10931400d401b38fd001b28fcc01b18fc801b08f0b
:109324000800e003e001bd2725280000b7aa400f8c
:1093340025200002610000a2600002924408027c21
:109344008410027c600002a2300000ae03000724f7
:1093540001000624252820021d56400f2520000266
:10936400e4ff4010253800002530000001000524ea
:109374005472400f252020020fe2400f25200002e6
:1093840003000224dbff00105e0002a62528200251
:10939400949b400f252000020a0003241300431469
:1093a4000000000042f0400f000000000400038ea3
:1093b400231043000000038e2b104300cdff401404
:1093c400010006240200052474d1400f2520000268
:1093d4002538000025300000070005245472400f92
:1093e40025202002c4ff001001005226c1ff4010b6
:1093f4000100042460000392c418837c600003a26b
:1094040002000324bbff4314040002245e0002a6ee
:109414005c00029602004238030003240100072482
:109424000b38620003000624252820021d56400f35
:1094340025200002b0ff4010010052269a00410f7f
:1094440000000000080002ae2538000025300000ae
:10945400030005245472400f252020020fe2400f20
:109464002520000205000224a3ff00105e0002a6ce
:1094740025282002949b400f252000020a00032483
:109484009dff43540100522642f0400f00000000ab
:109494000400038e231043000000038e2b104300ae
:1094a40094ff4014010006240200052474d1400fe7
:1094b400252000022538000025300000070005247f
:1094c4005472400f252020028bff00100100522609
:1094d4003400028e1000a2af253000001000a52732
:1094e40074aa400f25202002ac0040141000a527c8
:1094f4009c00410f000000000400038e2310430071
:109504005a0003962b1043007aff401425282002aa
:109514005391400f252000021000a5274fc5400f8e
:109524002520200274ff0010010052269a00410fea
:10953400000000000400038e231043000a00422ca4
:109544006cff4014253000000200052474d1400f44
:109554002520000268ff0010010052262528200261
:109564005391400f2520000263ff00100100522692
:109574009a00410f000000000800038e23104300ee
:109584001000038e2b1043005aff40140a000224db
:109594005e0002a6253800000900062425282002c2
:1095a4001d56400f2520000253ff40100100522693
:1095b4009a00410f000000000c0002ae25380000a4
:1095c40025300000090005245472400f2520200294
:1095d400600002928410027c600002a21400028ed9
:1095e4000800038e211043001000038e2310430053
:1095f4000c00038e23104300421802007800422c12
:109604003c0004240b1882009a00410f1c0003ae96
:10961400040002ae0b00022437ff00105e0002a615
:1096240025282002949b400f252000020a000324d1
:1096340031ff4354010052269a00410f00000000fc
:109644000800038e231043001400038e2b104300e4
:10965400030040140c00022426ff00105e0002a642
:109664009a00410f000000000400038e2310430001
:109674001c00038e2b1043001eff40140a0002241a
:109684001cff00105e0002a6010007240900062446
:10969400252820021d56400f2520000216ff4010e9
:1096a400010052269a00410f000000000c0002ae97
:1096b40025380000253000000a0005245472400fac
:1096c40025202002600002928410027c600002a225
:1096d4001800038e0800028e211862001400028e06
:1096e400231862000c00028e23186200421003004b
:1096f4007800632c3c0004240b1083009a00410f73
:109704001c0002ae040002ae0d000224fafe00109a
:109714005e0002a625282002949b400f252000020b
:109724000a000324f4fe4354010052269a00410f18
:10973400000000000800038e231043001800038e6d
:109744002b1043000b0040142530000002000524b8
:1097540074d1400f25200002253800002530000078
:10976400070005245472400f25202002e2fe001059
:10977400010052269a00410f000000000400038eed
:10978400231043001c00038e2b104300d9fe401409
:109794000c000224d7fe00105e0002a64fc5400f45
:1097a4002520200203000724040006242528200283
:1097b4001d56400f25200002070002249a00410f85
:1097c4005e0002a6040002ae253800002530000029
:1097d400050005245472400f25202002c6fe001007
:0497e4000100522608
:020000040000fa
:020000041d00dd
:1097e800a8febd275401bfaf5001beaf4c01b7afb3
:1097f8004801b6af4401b5af4001b4af3c01b3afc7
:109808003801b2af3401b1af3001b0aff881828f07
:10981800740040140482828fcb014014fd8186932a
:10982800fd818527039d043cf2b9400fe866842436
:1098380010004014f48182930f0040140482908f2a
:10984800ba00410f000000000200422c080040143a
:1098580001000224b800410f00000000009d053cf3
:109868001420a524d8c8400f252040000100022458
:10987800f48182a30482908f5b000012010002240d
:10988800009d023cf400a2af009d023ce400a2afa0
:10989800009d023cf800a2af039d023cfc00a2af71
:1098a800039d023c0001a2af00a0023c0401a2af4c
:1098b80000a0023c0801a2af009d023ce800a2af54
:1098c800009d023c0c01a2af009d023c1001a2af1a
:1098d800009d023c1401a2af009d023c1801a2affa
:1098e800009d023c1c01a2af009d023c2001a2afda
:1098f800009d023c2401a2af039d023c2801a2afb7
:10990800039d023c44675e242c01beaf0000128e0a
:109918000400118e0c00428e09f840002520200218
:109928002e0040500800108e1000428e09f84000aa
:10993800252020021000038637006010259840007b
:1099480021100302120053a001007124208e117c03
:109958000300022410002216100011a6150000a210
:109968002801a28ffc665224120013260300062445
:109978000000458eaef0400f2520600270014010b7
:109988002c01a28f0c005226f9ff42160300062470
:1099980011000010100000a60300222a0f004054f6
:1099a8000800108e0c00128e0800428e0b00225602
:1099b8000800108e0000458e07fb400f1200042699
:1099c80004004014252840020400428e09f8400093
:1099d80025200002100000a60800108eccff0056bb
:1099e8000000128e010002245401bf8f5001be8f67
:1099f8004c01b78f4801b68f4401b58f4001b48f31
:109a08003c01b38f3801b28f3401b18f3001b08f70
:109a18000800e0035801bd270d000224030062126c
:109a28000a000224b90062160800022420001e263b
:109a38001c00028e07005e141001a38f0000428ee6
:109a48003c1e652409f8400025202002e3ff001091
:109a58000800108e0000428ef400a38fd81d6524e4
:109a680009f84000252020021c00028e000040a0ba
:109a780018001eae1c001eaec000a0afc400a0aff0
:109a8800c800a0afcc00a0afd000a0afd400a0af5a
:109a9800d800a0afdc00a0af0400148ee000b4af83
:109aa800510006242528c003e8fb400f6c00a427ba
:109ab80008000624c000a52759a8400f6c00a42759
:109ac8000e004014259840000000028e0000428cd1
:109ad8000c01a38f3820652409f840002520800256
:109ae8000000428ee400a38fd820652409f84000c6
:109af80025202002b9ff00100800108e7c00405875
:109b08000000028ecc00038ed000148e2300745403
:109b18000400828ecc0000aed00000ae51000624b6
:109b28002528c003e8fb400f08008426cc00028edd
:109b380020004054000082aecc0014aed00014ae19
:109b4800000094ae040094aed40000aec000b68ffe
:109b5800fc00a28fc46657240001a28fe866542433
:109b68000000e58e07fb400f2520c0021f004014af
:109b78000900622a16004014080006240000028e1c
:109b88000400428ce800a38f7020652409f8400087
:109b9800e000a48fd3ff00100000428ed00002ae78
:109ba800000043accc00028ed000038edbff001017
:109bb800040043acd000028e040082ae000054ac16
:109bc800cc00028e040054acdfff0010cc0014aeb1
:109bd8000400e28ec000a6272528600209f840008c
:109be80025200002bfff00100000428e0c00f7265f
:109bf800dbfff4160401a28fd40354240801a28fba
:109c080094044224f000a2af0400968e3400c0529f
:109c1800180094261000958e1100a01251000624f9
:109c28002528c003e8fb400f1800a4271400828ee3
:109c38001000a2af510007241800a627252800020b
:109c480009f8a0022520c002a5ff40140800062438
:109c5800c000a52759a8400f1800a4272598400040
:109c68000900622a09004014080006240000028e38
:109c78000400428ce800a38f7020652409f8400096
:109c8800e000a48f97ff00100000428e0000968e1f
:109c98001200c0120400958ec000a28fec00a2af83
:109ca80025b800000000a58e07fb400fec00a48f2c
:109cb80007004014c000a6270400a28e25286002d1
:109cc80009f840002520000286ff00100000428e9f
:109cd8000100f726f3fff6160c00b52618009426a7
:109ce800f000a28fc9ff82560400968e0000028ef3
:109cf8000000428cf800a38fa820652409f84000d2
:109d0800e000a48f77ff00100000428e2e0062163c
:109d1800200002261800038e2b1043002fff40500e
:109d28000800108e1c00078e2b1067001a004010c8
:109d38002510600000004490ffff44a00100422469
:109d4800fdffe254000044901800028effff4224f9
:109d5800180002ae1c00028effff44241c0004ae53
:109d6800ffff40a0710013262338e3001800068e79
:109d78002401a28fdc204524fcfb400f2520600233
:109d88000000428e2528600209f8400025202002a4
:109d980012ff00100800108e0000428e2001a38fd1
:109da800e820652409f84000252020021800028eca
:109db800ffff4224180002ae1c00028effff42245f
:109dc80005ff00101c0002ae7f0002241f0062166f
:109dd8001b0002241c00038e1800028e2b20430057
:109de800fefe80500800108e010044240700641015
:109df800233864002118470001004490000044a063
:109e080001004224fdff4354010044901c00028ecf
:109e1800ffff43241c0003aeffff40a07100132680
:109e28001800068e1c01a28ff0204524fcfb400f71
:109e3800252060020000428e2528600209f84000b3
:109e480025202002e5fe00100800108e050062564d
:109e58001c00028e120002a201000224defe001085
:109e6800100002a62000142623185400500063286e
:109e7800260060500000428e1800038e2100431017
:109e88002338430023184700ffff4490000044a0f4
:109e9800ffff4224fdff6254ffff44901c00028e26
:109ea800010043241c0003ae010040a01800068ee8
:109eb8000100c6241801a28ffc204524fcfb400f9a
:109ec80072000426710013a20000428e710005265c
:109ed80009f84000252020021800028e000053a037
:109ee8001800028e01004224180002ae1c00038ee6
:109ef8002b186200b8fe60541c0002aeb7fe0010ba
:109f08000800108eefff0010720000a21401a38f4a
:109f18000421652409f8400025202002180014ae09
:109f28001c0014ae0000428ee400a38fd8206524e4
:109f380009f8400025202002a8fe00100800108e15
:109f480098fe00100c0012ae4dfe00100482908f97
:020000040000fa
:020000041d00dd
:109f580070ffbd27a000a28f4800a4af4000a2afa9
:109f6800a400a28f5000a6af5400a7af25308000f0
:109f78002538a0003000a4274400a2af8c00bfaf52
:109f88004c00a5af7400b3af6c00b1af8800beaf92
:109f98008400b7af8000b6af7c00b5af7800b4af2f
:109fa8007000b2af08cf400f6800b0af5000a68f66
:109fb8005400a78f2000a42708cf400f3800b38f84
:109fc8004000a68f4400a78f1000a42708cf400f99
:109fd8002800b18fcb03622a03004010cb03222a4a
:109fe8000e0040141800aa8f5000a68f5400a78fa7
:109ff8004800a48f6d54400f4c00a58f4000a48fdb
:10a008004400a58f25304000e33c400f2538600010
:10a018004000a2af060000104400a3afcb034229c2
:10a0280011004014cb030224f0ff42155000a68f04
:10a038008c00bf8f4000a28f4400a38f8800be8f82
:10a048008400b78f8000b68f7c00b58f7800b48ffe
:10a058007400b38f7000b28f6c00b18f6800b08f3e
:10a068000800e0039000bd273000a28f2000a48fd5
:10a078002400a68f190044003400a78f1068000040
:10a0880012600000190046002188330212100000f7
:10a09800101800001900e400239851011220000054
:10a0a800102800001900e600217844002bf0e20196
:10a0b800122000002110650021f0c2032180ed016b
:10a0c80021f09e00102800002b380d022b10c4032d
:10a0d8002138c703211045002bf0fe001000b78f70
:10a0e8001400b48f257080012590e0007700601a75
:10a0f80021f0c2034000622a490040102520e002f6
:10a1080025288002253060024af5400f6400acaf74
:10a11800400006242520e002252880022330d300b1
:10a128006000a2af3bf5400f5800a3af5800b88fae
:10a138006000aa8f6400ae8f25b8400025a060009b
:10a148002c00a28f3c00b38f269862021c00a28fbd
:10a15800810053142178100321704e012b58ca0135
:10a1680021b06f012b10d80225a8c00106004014a9
:10a1780001001924030016172b50ca0103004015cb
:10a188002168f20225c800002168f2022b48b701b5
:10a1980021189e0221682d03214823012bc8b901eb
:10a1a80021c829032520a001252820034400adaf9c
:10a1b8000ae1400f4000b9afffff522440000624d7
:10a1c8002330d2002520a0023bf5400f2528c002ed
:10a1d8004400ad8f4000b98f2520a0012528200319
:10a1e80025304002258040004af5400f25a0600038
:10a1f800253040022520a0022528c0022580020221
:10a208004af5400f25a08302251843002b180300a8
:10a2180040003126258003028800001025b0800206
:10a22800c0ff7326c0ff512525c00000c4ff60127f
:10a23800255000004000622a3a00401040000b24dc
:10a2480023b0730125208001252800022530c00293
:10a258006400b8af6000aaaf5c00adaf4af5400f2c
:10a268005800acaf5800ac8f257043002520800102
:10a2780025280002253060023bf5400f2ba80e0070
:10a28800252040022528c0032530c0022580600013
:10a298004af5400f25a8a2022570a20225204002f7
:10a2a8002528c003253060025800aeaf3bf5400fab
:10a2b8002580030225f060005800ae8f25904000ed
:10a2c800255000009eff001025c000001a002a1229
:10a2d80023a82a024000a22a1c004010400006249d
:10a2e8002520e002252880022330d5004af5400fba
:10a2f8005800acaf251043002520e0022528800235
:10a308002530a0023bf5400f2b98020025c06000c5
:10a318005800ae8f2550620225b8000088ff001053
:10a3280025a0000001000e242580000025900000d3
:10a3380083ff001025f000002550e00225c08002b0
:10a3480025b800007eff001025a0000001000a24a7
:10a35800fbff001025c000002360ca012b18cc01a8
:10a368002358180223b063012b28160225a8800160
:10a37800010004240600a014251000000400d05693
:10a388002520000003006014231857022520000030
:10a39800231857022b28430223c8d40323c82503b4
:10a3a800236864002b186d0023c8220323c82303e5
:10a3b8001300210723704e012b504e0123c01003b8
:10a3c8002338f20223b00a032b48e70223189e021f
:10a3d8002568d6012120e400231869002b680d00a8
:10a3e8002b3887002118620023688d002138e3008c
:10a3f8002b208d0025a8c00123c8e4000100732e7e
:10a408002510b90167ff40142510b602f6fe40106a
:10a418002520a0020ae1400f2528c002ffff522490
:10a4280033004106c01716004280150025805000f1
:10a438000100ac3225800c0242b016002520000233
:10a44800050060122528c0022b10100023281600d2
:10a45800232010002328a2005375400f23883202be
:10a4680025b84000c4fb222a6700401025906000f0
:10a47800c3fb0224730022168025100023006016f7
:10a48800049d023ce88a548cec8a558c2530e00205
:10a498002538400225208002db95400f2528a002a0
:10a4a8001e004014049d023cf88a468cfc8a478ca6
:10a4b8002520e0026d54400f252840022528600021
:10a4c8009da8400f2520400088c9400f2520400046
:10a4d800049d043c008b868c048b878c25286000a7
:10a4e8006d54400f25204000cafe00104000a2af66
:10a4f800253040022520a0024af5400f2528c00239
:10a5080025a0600044ff001025804000049d023c07
:10a51800f08a548cddff0010f48a558c4015100029
:10a5280039004010c01716004220100025204400b2
:10a5380042b01600010010320040053c2520900072
:10a54800050060122528b6002b10040023280500fa
:10a558002328a200232004005375400f00000000a8
:10a56800253040002538600025204000e33c400f9e
:10a578002528600025204000253080022538a002cb
:10a58800e13c400f2528600025904000049d023cd6
:10a59800008b468c048b478c2520400225286000c0
:10a5a8006d54400f2580600025304000253860003c
:10a5b800252040006d54400f2528600025304002ba
:10a5c8002538000225204002252800022598600031
:10a5d800e13c400f25a040002530400025386000b0
:10a5e800252080026d54400f252860022520400058
:10a5f8002530400225380002e33c400f2528600042
:10a608002590600025b840008c00bf8f8800be8f61
:10a618008000b68f7c00b58f7800b48f7400b38f3c
:10a628006800b08f253020022520e0026c00b18f31
:10a638008400b78f252840027000b28f69b4400ba0
:10a648009000bd27801516008282100025805000da
:10a658002b2004002528c002252090000448057cf2
:10a66800828510002528050205006012802204005a
:10a678002b100400232805002328a200232004000f
:10a688005375400f00000000deff001025906000a9
:020000040000fa
:020000041d00dd
:10a69800b8ffbd272500a22c2c00b3af2800b2af0d
:10a6a8005c00b38f5800b28f4400bfaf4000beaf0c
:10a6b8003c00b7af3800b6af3400b5af3000b4af28
:10a6c8002400b1af060040102000b0af0100022402
:10a6d80025f0800025a8a0000500a21425a0c00030
:10a6e80000a0023c1600032441000010c42c43ac17
:10a6f8003c00c28f4c00c38f2b1843004c006010e5
:10a70800010043243c00c3af000050902000022405
:10a71800f7ff0212f7ff02260500422cf4ff40144f
:10a72800d5ff02264408027c0c0040141000a0af9c
:10a738002d00103a0100102e231010004c00c38f7a
:10a748001000a2af3c00c28f2b1843003c006010e1
:10a75800010043243c00c3af00005090039d113c0e
:10a768004c00c28f8501a01291a33126100003244a
:10a778008601a31630000324850103162118300230
:10a788003c00c38f2b10620031004010010062248e
:10a798003c00c2af0000709020000236780004240c
:10a7a8003a0044144c00c38f3c00c28f2b1843005e
:10a7b8002b00601000000000010043243c00c3afe0
:10a7c8000000509021103002000042901000422cee
:10a7d800b70040144c00c38f5b01601000000000fc
:10a7e800230080123c00c28ffeff42243c00c2af0f
:10a7f80025400000254800004400bf8f4000be8f60
:10a808003c00b78f3800b68f3400b58f3000b48f56
:10a818002c00b38f2800b28f2400b18f2000b08f96
:10a8280025100001251820010800e0034800bd2775
:10a838005cc9400f2520c003b4ff001025804000ec
:10a848005cc9400f2520c003c4ff001025804000cc
:10a858005cc9400f2520c003cfff001025804000b1
:10a868005cc9400f2520c003d6ff0010258040009a
:10a87800ffff42243c00c2af2528000028fb400f00
:10a888002520c003dbff0010254000000200a016b1
:10a898001000152408001524ffffa82624a0150180
:10a8a800e7008016170002240210a272039d033ce1
:10a8b8004011427c84a36324211043000000578088
:10a8c80021103002000056902b10d50204004010d1
:10a8d8000008023c2b108202770040543c00c28fd3
:10a8e800254800002530e002ffff0424ffff05246f
:10a8f8001c00b4af3bf5400f1800a9af1c00a88f8f
:10a9080025a060001400a2af2548000021103002e5
:10a91800000056902b10d502a80040102b10890279
:10a92800a700401421103002040034151400a28f2f
:10a938002b104800a2004014211030023c00c28fa6
:10a948004c00c38f2b18430068006010010043249b
:10a958003c00c3af000050902520000125282001ad
:10a968004af5400f2530e00225486000e7ff001057
:10a978002540c202c8ffa2169919163c25a000005e
:10a988000d0000109999d6364c00c38f2b18430040
:10a998003b00601000000000010043243c00c3afee
:10a9a800000042900a000324022083722140900094
:10a9b800d0ff142525804000d0ff02260a00422c33
:10a9c800030040102b109602efff40543c00c28f4a
:10a9d8009919033c25408002254800009a99633460
:10a9e800d0ff14260a00822e790040102b10230174
:10a9f800720040104c00c48fffff6224060022152d
:10aa08000a0002249999023c9a9942342b100201b7
:10aa18006a0040100a00022419004800c33f1400cd
:10aa280010b8000012b000000228497021b8b70021
:10aa3800272807002b30b7006000c0142710140027
:10aa48000300e5162b1056005d004014211030025b
:10aa58003c00c28f2b2044000d00801001004424cc
:10aa68003c00c4af0000509021a096022b489602eb
:10aa78002110e70225408002d9ff00102148220159
:10aa88005cc9400f2520c003c7ff00100a0003243b
:10aa98002520c0035cc9400f1400a7af25804000e3
:10aaa8009919023c1400a78fefff00109a994334bc
:10aab80079ff0010100015244c00c38f2b18430099
:10aac80006006010010043243c00c3af0000509012
:10aad8000440f4027aff001025a016015cc9400f5b
:10aae8002520c003faff0010258040002520c00360
:10aaf8001c00a9af5cc9400f1800a8af2580400012
:10ab08001c00a98f94ff00101800a88f4c00c38f59
:10ab18002b18430046006010010043243c00c3afdb
:10ab2800000050900210b47221a05600211030028b
:10ab3800000056902b10d502050040101c07023c5f
:10ab4800c77142242b108202f0ff40543c00c28f90
:10ab58002540800225480000211030020000549052
:10ab68002b109502150040101900a80212200000b1
:10ab780009002011102800001900a9021260000025
:10ab8800106800002110ac002b104c0021104d0063
:10ab98000b0040542110300202103571ffff0324ce
:10aba80021b8450025b080002700e31627101400bf
:10abb8002b104400250040503c00c28f2110300269
:10abc800000042902b10550037004054218030027d
:10abd8004c00c28f050040102b1033013c00c28f7f
:10abe800ffff42243c00c2af2b1033014e0040143b
:10abf8001000a38f030069162b1012014b0040149c
:10ac0800ffff022401004232390040141000a28fd5
:10ac18005100401400a0023c220003240100492ee8
:10ac2800c42c43acffff4826f3fe001023486902fa
:10ac38005cc9400f2520c003baff001025804000e2
:10ac4800baff001025a000003c00c28f4c00c38f43
:10ac58002b18430008006010010043243c00c3afd8
:10ac68000000509021a096022bb096022540800249
:10ac7800b9ff00102148d7025cc9400f2520c00346
:10ac8800f8ff0010258040003c00c28f2b184300bd
:10ac98001300601000000000010043243c00c3af13
:10aca8000000509021803002000002922b105500c5
:10acb800f5ff40144c00c38f00a0023c220003247f
:10acc800c42c43ac1000a38f010042320b180200c1
:10acd8002540400225486002bdff00101000a3afc8
:10ace8005cc9400f2520c003eeff001025804000fe
:10acf8002b1069020600401400a0023c090033151d
:10ad08002b104802080040101000a38f00a0023c3e
:10ad180022000324c42c43ac25404002b6fe001098
:10ad2800254860021000a38fffff0224b3fe6214bf
:10ad38004400bf8f2b100800234809002348220134
:10ad4800adfe001023400800a9fe8016252800004b
:10ad5800cafe0010000000002b106902ecff40142e
:10ad680000a0023cf3ff33152b104802e7ff401404
:10ad78002b100800f1ff00102348090030000324bd
:10ad880080fe03523c00c38f0a00152421183002ac
:10ad9800000063902b187500f6fe60540a00022428
:10ada80004004010252800003c00c28fffff422409
:10adb8003c00c2af28fb400f2520c00349fe00100d
:04adc80000a0023ca9
:020000040000fa
:020000041d00dd
:10adcc0090ffbd276c00bfaf6800b6af6400b5af95
:10addc006000b4af5c00b3af5800b2af5400b1af79
:10adec005000b0af4800a0a74200829480004230cf
:10adfc000f0040142580a00004000624feff05244b
:10ae0c00dbe1400f252000026c00bf8f6800b68f7d
:10ae1c006400b58f6000b48f5c00b38f5800b28fa4
:10ae2c005400b18f5000b08f0800e0037000bd27b4
:10ae3c002000a28c040042300700401025988000ae
:10ae4c0004000624f0ff0524dbe1400f252000025e
:10ae5c00eeff00106c00bf8f4a00a2271400a2afb7
:10ae6c004c00a2271000a2af4b00a7273800a62742
:10ae7c002800a52794ad400f2520000206004014a1
:10ae8c0004000624f2ff0524dbe1400f252000021c
:10ae9c00deff00106c00bf8f02000224320002a6fd
:10aeac002800a393ff000224700062140100062402
:10aebc0083e0400f2800a42718004010010006244e
:10aecc002800a52739c6400f252060026d004014cc
:10aedc0025884000050006242800a52739c6400f08
:10aeec0025206002690040142588400005000624d6
:10aefc002800a52739be400f2520600265004014ac
:10af0c002588400004000624f1ff0524dbe1400ff6
:10af1c0025200002bdff00106c00bf8f030006242b
:10af2c002800a52739be400f252060022588400047
:10af3c0003001524eeff2012050006244b00a293fb
:10af4c003b000324fe0043102800142405000324b6
:10af5c0025900000019d163c3d00442ce100801022
:10af6c008010020084afc426211082000000428ca5
:10af7c000800400000000000b4b2009df0b2009d3b
:10af8c00f0b2009df0b2009df0b2009df0b2009db9
:10af9c00c8b1009df0b2009df0b2009df0b2009dd2
:10afac00f0b2009df0b2009df0b2009df0b2009d99
:10afbc00f0b2009df0b2009df0b2009d30b2009d49
:10afcc00f0b2009df0b2009df0b2009df0b2009d79
:10afdc00f0b2009df0b2009df0b2009df0b2009d69
:10afec00f0b2009df0b2009df0b2009df0b2009d59
:10affc00f0b2009df0b2009df0b2009df0b2009d49
:10b00c00f0b2009df0b2009df0b2009df0b2009d38
:10b01c00f0b2009df0b2009df0b2009df0b2009d28
:10b02c00f0b2009da8b0009d58b1009df0b2009dfb
:10b03c00f0b2009df0b2009df0b2009df0b2009d08
:10b04c0064b3009d64b3009df0b2009df0b2009d0e
:10b05c00f0b2009df0b2009df0b2009df0b2009de8
:10b06c0074b2009df0b2009d94b1009d2800a527fc
:10b07c0039be400f2520600225884000adff00102e
:10b08c0001001524adff001004001524abff0010c7
:10b09c0005001524a9ff0010050015244800a7275a
:10b0ac004b00a627252800026fc3400f2520600205
:10b0bc00251840004800a2974c00a497232082003a
:10b0cc004c00a4a721105200ffff52304800a29759
:10b0dc0021108202ffff543004000224b3006210de
:10b0ec000500622c49004010030002249c006210f1
:10b0fc000100022492006210020002244400621437
:10b10c004b00a293eb67400f252080024c00a397c5
:10b11c002800632421184302ffff63301c00a3aff7
:10b12c001800a2af040002241400a2af1000a0afbc
:10b13c003800a7272800a6272528000259a0400f71
:10b14c00252060027f000010040006244800a2970e
:10b15c001c00a2af1800b0af28004226ffff4230ff
:10b16c001400a2af4c00a2971000a2af4b00a7276f
:10b17c002800a6273800a527734c400f2520600215
:10b18c00d2ff0010251840004800a7274b00a62727
:10b19c0025280002b861400f2520600225184000c8
:10b1ac004800a2974c00a497232082004c00a4a72f
:10b1bc0021105200c5ff0010ffff52300500022481
:10b1cc005f00a2124c00a2971000038e0c0062a428
:10b1dc002c0002a6320012a601000624252800022b
:10b1ec007ecf400f0a00042407ff40143b000224ca
:10b1fc004b00a2a3f1ff0224320002a64800a29742
:10b20c0021108202ffff5430251800004b00a2933e
:10b21c003b00042450ff4414040006244a00001090
:10b22c0032000596050002244500a2124c00a2979c
:10b23c001000038e0c0062a42c0002a6320012a691
:10b24c0001000624252800027ecf400f09000424ab
:10b25c00edfe40143b0002244b00a2a3f1ff02249c
:10b26c00e6ff0010320002a62000b5af4a00a29300
:10b27c001c00a2af1800b2af4c00a2971400a2aff2
:10b28c003800a2271000a2af2800a72725302002e3
:10b29c00252800023509400f252060023b000224be
:10b2ac00d6ff00104b00a2a305000224100062146c
:10b2bc004800a7274b00a627252800026d5e400feb
:10b2cc0025206002251840004800a2974c00a49746
:10b2dc00232082004c00a4a7211052007bff0010f9
:10b2ec00ffff523005000224040062100600042403
:10b2fc004800a49723208402ffff8430eb67400fa3
:10b30c00000000004c00a39728006324211843027e
:10b31c00ffff63301c00a3af1800a2af040002248f
:10b32c001400a2af010002241000a2af3800a7271e
:10b33c002800a6272528000259a0400f25206002ce
:10b34c000400062432000596dbe1400f25200002a4
:10b35c00aefe00106c00bf8f5cff001001000324d8
:10b36c00eb67400f252080024c00a3972800632434
:10b37c0021184302ffff63301c00a3af1800a2afdb
:10b38c00040002241400a2af020002241000a2af99
:10b39c003800a7272800a6272528000259a0400f0f
:10b3ac0025206002e7ff0010040006242800a39368
:10b3bc00ff000224e3ff625004000624eb67400ff9
:10b3cc00252080024c00a39728006324219043027f
:10b3dc00ffff52321c00b2af1800a2af04000224cf
:10b3ec001400a2af020002241000a2af3800a7275d
:10b3fc002800a6272528000259a0400f252060020e
:08b40c00d0ff0010040006242b
:020000040000fa
:020000041d00dd
:10b41400a8ffbd275400bfaf5000b4af4c00b3af7a
:10b424004800b2af4400b1af4000b0af0f000524f4
:10b434002eda400f15000424250040105880908f08
:10b444000800022e2200401080181000019d023cca
:10b4540068b44224211043000000428c08004000dc
:10b464000000000088b4009df4b4009de8b5009d80
:10b4740038b6009de0b6009db8b7009dc0b9009de8
:10b48400e8b9009d25f2400f000000006880838f1a
:10b494000218627025f2400f688083af6480838f46
:10b4a4000218627025f2400f648083af6080838f3e
:10b4b4000218627025f2400f608083af5c80838f36
:10b4c400021862705c8083af01000224588082af4e
:10b4d4005400bf8f5000b48f4c00b38f4800b28f1c
:10b4e4004400b18f4000b08f0800e0035800bd272e
:10b4f40054808293f6ff401400a0023c002b42804b
:10b50400f4ff40105400bf8fcade400f2520000016
:10b51400efff4010252040004200429400104230ca
:10b52400ecff40145400bf8fd8fc400f0000000013
:10b53400e7ff40105080828f02000324330143143c
:10b5440000a0053cf02aa52400a0043cee36400fe0
:10b55400002b84240300401003000224dcff0010ad
:10b56400588082af5080838f010002240b00621444
:10b574005080828f00a0053cf02aa52400a0043c42
:10b58400d075400f002b84240300401003000224d4
:10b59400cfff0010588082af5080828f0200423863
:10b5a4001c0003240a8062002528000200a0043c39
:10b5b40063fe400f002b842407004104010007248c
:10b5c400ffff0624f5ff052429e8400f06000424a4
:10b5d400c0ff00105400bf8f02000224bcff001003
:10b5e400588082af5080868f00a0053cf02aa524a5
:10b5f40000a0043c87f4400f002b842401000324a2
:10b60400b4ff43105400bf8f070041040100072416
:10b61400ffff0624f5ff052429e8400f0600042453
:10b62400acff00105400bf8f03000224a8ff0010d9
:10b63400588082af7880848f66fb400f7c8084af13
:10b64400050040147c80828fcade400f0100042470
:10b654007c8082af7c80828f0700401425380000f4
:10b66400feff0624f4ff052429e8400f0600042405
:10b6740098ff00105400bf8f0100052417b0400f3d
:10b684001080848700a0073cf02ae7247b0006246e
:10b694005080858f0f8b400f10808487e00040100e
:10b6a4007c80858fcebf400f10808487258040002a
:10b6b40025300000020005247943400f1080848760
:10b6c40042f0400f00000000d80000126c8082afee
:10b6d400040002247eff0010588082af300005244d
:10b6e40055fe400f108084870f0040541000a0af17
:10b6f40042f0400f000000006c80838f25f2400f61
:10b70400238043002b80500071ff00122538000075
:10b71400fdff0624fcff052429e8400f0300042450
:10b724006cff00105400bf8f1400a0af1800a0af2e
:10b734001c00a0af2000a0af2400a0af2800a0af41
:10b744002c00a0af3000a0af3400a0af3800a0aff1
:10b754003c00a0af20000224030003240410627cf8
:10b764001000a2a3aa83043ceb67400f807e8424cc
:10b774002800a2af02000624070005247943400fe5
:10b7840010808487300006241000a52735ca400f96
:10b79400108084879d48400f1080848742f0400fba
:10b7a400000000006c8082af0500022448ff0010f6
:10b7b400588082af59cc400f108084870800401411
:10b7c4002580400025380000fdff0624f3ff0524f2
:10b7d40029e8400f060004243eff00105400bf8fe8
:10b7e40060e6400f1080848709004014060002249c
:10b7f40042f0400f000000006c80838f2318430048
:10b804006880828f2b18430031ff601006000224e9
:10b81400588082af25a00000f9ff112420001324d2
:10b82400c000122460e6400f108084870a00401490
:10b834003000062456008016faff022442f0400f1e
:10b844004c8082af2528400052fb400ffcff0424ab
:10b8540050000010253000001000a5270086400f7e
:10b864001080848730000324040043141000a29342
:10b8740038004330080073103800a48f42f0400fa2
:10b884004c8091af2528400052fb400ffbff04245d
:10b89400e4ff001025a000023c00a38f25188300bc
:10b8a400090060141100a393f8ff022442f0400f32
:10b8b4004c8082af2528400052fb400ffaff04243d
:10b8c400d8ff001025a00002090060140f00632cab
:10b8d400f6ff022442f0400f4c8082af252840003e
:10b8e40052fb400f25202002ceff001025a00002ad
:10b8f40003006010c0004230090052140000000030
:10b90400f7ff022442f0400f4c8082af252840000c
:10b9140052fb400ff8ff0424c2ff001025a00002d0
:10b92400eb67400f00a0113cd02a3026040002ae81
:10b93400eb67400f3c00a48f54f0400fd02a22ae96
:10b94400080002ae0c0003ae0400028e557c033cda
:10b954008081633421104300100002aed02a238e6c
:10b96400e80302241900620010180000140003ae5a
:10b974001800028e01004224180002ae252800029d
:10b9840052fb400f0100042407000224588082afb8
:10b9940025300000070005247943400f1080848778
:10b9a4000100052417b0400f1080848742f0400f37
:10b9b40000000000c6fe00106c8082af42f0400f11
:10b9c400000000006c80838f231043005c80838f11
:10b9d4002b106200befe401001000224bcfe0010c9
:10b9e400588082af42f0400f000000006c80838fcb
:10b9f400231043006080838f2b106200b4fe40103c
:10ba040001000224b2fe0010588082af010003241a
:10ba1400d8fe431025280002e5fe001000a0043cd7
:10ba240042f0400f000000006c8082af2538000017
:10ba3400fdff0624fcff052429e8400f060004242a
:08ba4400a4fe00105400bf8fa6
:020000040000fa
:020000041d00dd
:10ba4c0090ffbd276c00bfaf6800beaf6400b7affe
:10ba5c006000b6af5c00b5af5800b4af5400b3afe4
:10ba6c005000b2af4c00b1af4800b0af0800908ca2
:10ba7c0048010012259000000400958c4601a0128c
:10ba8c00251040022800a28e430140502510400290
:10ba9c000c008a8c3f0140113400aaaf1000968c28
:10baac003c01c01200a0023c0000898c1400838c65
:10babc00682349ac68234224040055ac080050ac00
:10bacc000c004aac100056ac140043ac2518c00254
:10badc0025104001010004240000458c5b01a410da
:10baec00ffff6324fcff601408004224259800002b
:10bafc00252800007bf1400f2520600225a0400086
:10bb0c0000a0023c1e008016882354acba00410fe2
:10bb1c00010012240b00401000000000b800410f7f
:10bb2c0000000000252040000200601225300000bb
:10bb3c000000668e009d053cd8c8400fdc01a52492
:10bb4c0001001224ba00410f000000000800401050
:10bb5c0000000000b800410f00000000253040023a
:10bb6c00009d053cf403a524d8c8400f25204000b7
:10bb7c009ca5400f259000000701001025104002e5
:10bb8c000000638e00a0023c8c2343ac3000b0afad
:10bb9c000800828e8c0006242528000209f840003b
:10bbac002520800212004014bc8082afba00410fe5
:10bbbc0002001224e3ff401000000000b800410f07
:10bbcc0000000000c03010002130d0008030060092
:10bbdc002330d00080300600009d053c0c02a524cb
:10bbec00d8c8400f25204000d6ff001000000000f0
:10bbfc00253000022528a00208ea400f25208002eb
:10bc0c000e00401425904000ba00410f030012248e
:10bc1c00ccff401000000000b800410f00000000f5
:10bc2c0025308002009d053c4c02a524d8c8400f4d
:10bc3c0025204000c3ff00100000000000a0023cc3
:10bc4c00802350a480234224040056aced00001a3b
:10bc5c00bc809e8f25b8a0022588000025300000ee
:10bc6c002528c0035467400f2520e00219004054da
:10bc7c0001003126ba00410f0000000008004010fe
:10bc8c0000000000b800410f000000002530200229
:10bc9c00009d053c8002a524d8c8400f25204000fb
:10bcac00ba00410f04001224a6ff4010000000004f
:10bcbc00b800410f0400122425300002009d053c01
:10bccc00c402a524d8c8400f252040009dff0010b9
:10bcdc00000000008c00de27e0ff11163800f7266c
:10bcec00bc80918f00a0033c822363942528200202
:10bcfc00254000000c000010252000008c00a5241d
:10bd0c002538a000253080004400ea8c0400491539
:10bd1c000100c62401006324ffff6330254040006e
:10bd2c00f9ff06168c00e72401008424f3ff0416a7
:10bd3c004400a98c0200001100a0023c822343a401
:10bd4c0000a0023c82234294b20040148c002326b3
:10bd5c00010002248cff668c0900c01025286000ad
:10bd6c002a3850000a00e010252040001800b78c3b
:10bd7c009700d71001008424fcff04168c00a52426
:10bd8c00010044243000a58f6100a2148c006324b0
:10bd9c00b88080af1800a0af1c00a0af2000a0afef
:10bdac002400a0af2800a0af00a0023c8023429446
:10bdbc00230040108400312625b80000039d023c6e
:10bdcc0050be42243800a2af009d023c8c0342249a
:10bddc004000a2af00a0023c3c00a2aff4ff37a68b
:10bdec00ffff2292801002001800a3272118620086
:10bdfc003000a3af00007e8c3800a48f21104400cb
:10be0c001000beaf0000478c4000a68f0700052431
:10be1c009ffc400f25202002060020a20100de27f7
:10be2c003000a38f00007eac0100f7263c00a28fef
:10be3c00802342942a10e202e8ff40148c00312641
:10be4c00800206242528000000a0043cd4fb400fef
:10be5c00e82084249c8080af00a0023c0000678e08
:10be6c000400668e0800658e0c00648e1000638ed4
:10be7c00442047ac44204224040046ac080045aca6
:10be8c000c0044ac100043ac00a0113c58203126ef
:10be9c00900033262100410f252020020c00312672
:10beac00fcff331600a0023c982340ac2600001a7d
:10bebc00bc80978f2598000000a01e3c51d8400fe5
:10becc002000a48e25884000251840004408037cdf
:10bedc0001000224100062108023c427ba00410f15
:10beec000700122417ff401000000000b800410f9b
:10befc000000000025302002009d053c9403a52481
:10bf0c00d8c8400f252040000eff00100000000094
:10bf1c0090ff0010251080001c0091ac100097ac15
:10bf2c00140093ac2538c0023400a68f9353400ff5
:10bf3c002528a00224004010010073268c00f7264f
:10bf4c00deff13163800b5261800828e09f8400063
:10bf5c0025208002258040000008422c0e00401055
:10bf6c0025104002ba00410f000000000200422cd4
:10bf7c000900401425104002b800410f00000000d9
:10bf8c0025300002009d053cc803a524d8c8400fed
:10bf9c0025204000251040026c00bf8f6800be8f2a
:10bfac006400b78f6000b68f5c00b58f5800b48ffb
:10bfbc005400b38f5000b28f4c00b18f4800b08f3b
:10bfcc000800e0037000bd27defe001008001224fc
:10bfdc00ba00410f00000000dafe405006001224a7
:10bfec00b800410f000000002530e002009d053c28
:10bffc004803a524d8c8400f25204000d1fe0010ce
:10c00c000600122400a0023c8223429460ff4010e0
:10c01c00bc80918fba00410f05001224c9fe40105c
:10c02c0000000000b800410f0000000000a0033c1d
:10c03c0082236694009d053c0403a524d8c8400fb8
:10c04c0025204000bffe001000000000a8fe0010dc
:04c05c000400538cfd
:020000040000fa
:020000041d00dd
:10c0600018ffbd27dc00b5afd800b4afd400b3af24
:10c07000d000b2afe400bfafe000b6afcc00b1afcc
:10c08000c800b0af259880002590c000b800a5afcb
:10c0900025a00000009d153cb800a58f0000a280df
:10c0a000c9004010ffff02249c00a2af1800a22785
:10c0b000a400a2af800002249800a0afa000a0af0f
:10c0c000a800a2af25800000250003242188b0002d
:10c0d000000022820300401000000000fbff4354d8
:10c0e000010010260400001225300002d5e5400fa3
:10c0f00025206002b800b1afb800a58f250002244a
:10c100000000a380a90062140100b624b800b6aff5
:10c110000200a52425180000300007242d00082463
:10c120002b0009242c000a2420000b2423000624c1
:10c13000ffffa2802a0047509800a38f31004c28af
:10c140003d018011ffffa424200048509800a38fd8
:10c150002e004c28380180110000000022004950b8
:10c160009800a38f34014a100000000020004b50bb
:10c170009800a38f200046509800a38f01006054c0
:10c18000b800a4af2a0003241d0043500000428ed3
:10c19000c9da400f00000000b800a38fa000a2afd2
:10c1a000252800002520600000008280d0ff422466
:10c1b0000a00422c5f004014010063241c00a054bc
:10c1c000b800a4af1b0000109800a28f01006334d8
:10c1d0009800a3af0100a524d5ff0010010003249f
:10c1e000fbff001002006334f9ff00100400633409
:10c1f000f7ff001008006334f5ff001010006334ef
:10c2000001008424040043240000428c000043ae5b
:10c21000b800a4af9800a38f05004104a000a2af0e
:10c2200001006338231002009800a3afa000a2af62
:10c230009800a28f01004330020060104408027c85
:10c240009800a2afb800a28f2e0003240000448003
:10c250000d008314010051249c00a0af0100448014
:10c260002a00032435008314b800b1af0200422431
:10c27000b800a2af0000428e040043240000428cac
:10c28000000043ae9c00a2af89e9400fb800a4278c
:10c29000b800b18fc000a2afdafe400f00002482c8
:10c2a00025000324cf004310c000a58f9fff422428
:10c2b0001800432cd6006010019d033c8010020042
:10c2c000d4c26324211062000000428c08004000a8
:10c2d000000000007cc3009d10c6009d7cc5009d31
:10c2e000f4c3009d48c5009d48c5009d48c5009dfc
:10c2f00010c6009df4c3009d10c6009d10c6009d91
:10c3000010c6009d10c6009d2cc5009d5cc4009dfc
:10c31000c8c4009d10c6009d10c6009dbcc5009df0
:10c3200010c6009d28c4009d10c6009d10c6009d2b
:10c3300090c4009d9bff001001000524c9da400f46
:10c34000252020029c00a2af2520000025182002f5
:10c3500000006280d0ff42240a00422c05004014f5
:10c3600001003126c8ff8054b800a3afc6ff0010fb
:10c3700000000000f5ff00100100042425304002f9
:10c3800073e9400fb000a4276c0040100100222682
:10c3900000002782b000a6279800a527252060026c
:10c3a000fe21400fb800a2af21800202218090023e
:10c3b0002aa014029e00801200a0023c4f00032419
:10c3c000c42c43acffff1424e400bf8f251080026f
:10c3d000e000b68fdc00b58fd800b48fd400b38fe7
:10c3e000d000b28fcc00b18fc800b08f0800e0033e
:10c3f000e800bd272538400201000624eb89400fe4
:10c40000b000a4274d004010b000a627010031263f
:10c410009800a52725206002eb99400fb800b1af26
:10c42000e2ff001021800202253840022530000082
:10c43000eb89400fb000a42740004010b000a627b1
:10c44000010031269800a52725206002dcc5400f99
:10c45000b800b1afd5ff001021800202253840029c
:10c4600025300000eb89400fb000a42733004010b6
:10c47000b000a627010031269800a52725206002dc
:10c480003cb3400fb800b1afc8ff001021800202da
:10c490002538400225300000eb89400fb000a4276a
:10c4a000260040100100222600002782b800a2af1b
:10c4b000b000a6279800a527d773400f252060025b
:10c4c000baff00102180020225384002253000000a
:10c4d000f0000524eb89400fb000a427170040109e
:10c4e000b000a28fb400a38f0100312625104300b5
:10c4f0000c004014b800b1affcfa400fb824a426d9
:10c500009800a38fa000a78f1000a3af2530400094
:10c51000b824a526d4b0400f25206002a3ff001048
:10c5200021800202e2ff0010780007242538400233
:10c530002130900209a3400fb000a427010031264a
:10c540009aff0010b800b1af2530400273e9400fe8
:10c55000b000a427f9ff4010010022260000278226
:10c56000b000a6279800a52725206002ca1d400f0d
:10c57000b800a2af8dff00102180020280000224cb
:10c58000eeffa214010007240000428e01003126b4
:10c59000040043240000428cb800b1af000043ae59
:10c5a000b000a2a3b000a6279800a5274fcd400f4a
:10c5b000252060027dff00102180020280000224fd
:10c5c000deffa214253800000000428e0100312653
:10c5d00004004324000043ae0000468cf2ff00102c
:10c5e000b800b1af80000224d4ffa2149800a28f3b
:10c5f00001003126a000a78fb800b1af1000a2af94
:10c60000009d053c01000624c2ff0010c024a524a3
:10c61000ffff0224b800b6af9800a0afa000a0af03
:10c620009c00a2af1000a0aff5ff0010253800005d
:10c6300099fe001025a00002d5fe6054b800a4affa
:08c64000d3fe00100000000011
:020000040000fa
:020000041d00dd
:10c6480040fdbd27bc02bfafb802beafb402b7af52
:10c65800b002b6afac02b5afa802b4afa402b3af94
:10c66800a002b2af9c02b1af9802b0af25a0800083
:10c67800000206242800a5270086400f2400848491
:10c688002800a3272000a3af1c00a3af211062003d
:10c698009002a2af2400a2af1000a0af1400a0af78
:10c6a8001800a0af0c0006241000a52731d9400fb0
:10c6b8001c00a4272c0040108802a2afee67400f90
:10c6c8001000a4971000a2a7ee67400f1200a497cd
:10c6d8001200a2a7ee67400f1a00a4971a00a2a79b
:10c6e800ee67400f1600a4971600a2a7ee67400f4a
:10c6f8001800a4971800a2a7ee67400f1400a4978b
:10c708001400a2a71200a2930300423012004014a2
:10c718002580000025a80000030002244800a2127a
:10c72800020002241d00a2121800b7970700a012e9
:10c73800010002241900a2121600b7970600a012e1
:10c748000100b52609010010040002241400b7975f
:10c758001500e0568c02a0af8802a28f0100423873
:10c76800ff0042308802a2af8802a28fbc02bf8fae
:10c77800b802be8fb402b78fb002b68fac02b58fc5
:10c78800a802b48fa402b38fa002b28f9c02b18f0b
:10c798009802b08f0800e003c002bd27f200e05203
:10c7a8000100b5268c02a0af2802a0a31c00be275a
:10c7b8002802b12725b000008602a0a301000624a4
:10c7c8008602a52731d9400f2520c003e2ff40107b
:10c7d8008602b293bc004012c0004232c00003245b
:10c7e80019004314010006247c02a0a37c02a5279b
:10c7f80031d9400f2520c003d7ff40100032120066
:10c80800003fc6307c02a2932130c2002800a22734
:10c818007002a2af6c02a2af9002a28f7402a2af04
:10c82800ffffc6302528000031d9400f6c02a4272d
:10c83800c9ff40106c02be27e0ff00108602a0a3cb
:10c84800d6ff00101a00b79708002012259800009c
:10c858006802b327239871022a1072020b00405015
:10c86800259840020a0060162390530225304002a2
:10c878002528000031d9400f2520c003b6ff4010fd
:10c8880021905302ccff001021b0d2022590000065
:10c89800253060022528200231d9400f2520c00309
:10c8a800adff4010218833026802a2272b10220214
:10c8b800040040102e000224000022a20100d62607
:10c8c80001003126eaff401625304002219053022c
:10c8d800b9ff001021b0d202840000102802b1274d
:10c8e8007c02a0af8002a0af8402a0a70a000624a1
:10c8f8007c02a52731d9400f1c00a42797ff4010c0
:10c908008802a28fee67400f7e02a4972598400008
:10c918007e02a2a7ee67400f8402a49725904000ec
:10c928008402a2a7eb67400f8002a48f25884000ed
:10c938008002a2afee67400f7c02a4973800001671
:10c948007c02a2a7253040022528000031d9400fdb
:10c958001c00a42780ff40108c02a28f7f000010cb
:10c9680001004224f7ff431410000224f6ff421688
:10c97800253040022a00029202004230f3ff4010a4
:10c988002528000027001392220082962b106202ad
:10c99800ecff4010100006246c02a0af7002a0af9c
:10c9a8007402a0af7802a0af6c02a52731d9400f5e
:10c9b8001c00a42768ff4010009913001400028e81
:10c9c800219853006c02a58f7002a48f7402a38f64
:10c9d8007802a28f030065aa000065ba070064aa5e
:10c9e800040064ba0b0063aa080063ba0f0062aac5
:10c9f8000c0062ba1800028e2b1822020400605440
:10ca0800180011ae0300405427000292180011ae1e
:10ca180027000292010042244e000010270002a2c3
:10ca280001000324c8ff631625304002cdff43549c
:10ca38001c00032404000224c4ff42162528000019
:10ca480026001392200082962b106202bdff401030
:10ca5800040006246c02a0af6c02a52731d9400f50
:10ca68001c00a4273cff4010809813001000028e81
:10ca7800211053006c02a38f000043ac1800028ef3
:10ca88002b18220204006054180011ae0300405411
:10ca980026000292180011ae2600029201004224dc
:10caa8002c000010260002a2230000120000000043
:10cab800000002968000423028ff40148802a28fae
:10cac8001d00001000000000090020122802a22703
:10cad80081ff22122e000224ffff238204006254e9
:10cae800000020a2ffff3126ffffd626000020a26b
:10caf80019ffc01a1000b1972802a5275db7400f8b
:10cb08000000848ee8ff40100000000024004394d9
:10cb1800e5ff7114000000000000439480006330ba
:10cb28000eff60548802a28f030000522580400047
:10cb380009ff02162580400069ffa016040006249c
:10cb48002528000031d9400f1c00a42703ff4010fe
:10cb58008802a28f8c02a28f0100422412ffe216e3
:10cb68008c02a2af0100b52604000224ebfea21637
:10cb780003000224f8fe00120100033c2400028e88
:10cb88002b104300f5fe40148802a28f0000029685
:10cb98000442027c80004234000002a62600029271
:10cba8002b1002002a0002a2270003920200601044
:10cbb800020042342a0002a21800028e0200401429
:10cbc800b0040224180002ae1c00828e080002aed7
:10cbd8000c0002ae26008296ffff4224260082a6a1
:08cbe800ddfe00108802a0af81
:020000040000fa
:020000041d00dd
:10cbf00008ffbd27f400bfaff000beafec00b7af39
:10cc0000e800b6afe400b5afe000b4afdc00b3af0e
:10cc1000d800b2afd400b1afd000b0af2580800053
:10cc20000300a5280f00a0100400918c0081828fc2
:10cc30001a00401cf400bf8ff000be8fec00b78fcd
:10cc4000e800b68fe400b58fe000b48fdc00b38f4e
:10cc5000d800b28fd400b18fd000b08f0800e003ad
:10cc6000f800bd270000828c0000428c009d053c2e
:10cc70002417a52409f84000252020020000028e78
:10cc80000000428c009d053c3817a52409f840009f
:10cc900025202002e8ff0010f400bf8f25a8000027
:10cca000009d023c481742247800a2af009d023c40
:10ccb0007c00a2af009d023c8000a2af009d023c20
:10ccc0008400a2af009d023c8800a2af009d023c00
:10ccd0008c00a2af009d023c9000a2af009d023ce0
:10cce0009400a2af009d023c9800a2af009d143cae
:10ccf00020189426009d023c9c00a2af009d023c9f
:10cd0000a000a2af009d1e3c009d023ca400a2af6b
:10cd1000009d023ca800a2af009d023cac00a2af67
:10cd2000009d023cb000a2af009d023cb400a2af47
:10cd3000009d023cb800a2af009d023cbc00a2af27
:10cd4000009d023cc000a2af009d023cc400a2af07
:10cd5000009d023cc800a2af009d173c009d023c14
:10cd6000cc00a2af01f6400f2520a0022590400084
:10cd70002c0006243c00a527c0d4400f25204000ed
:10cd80000000028e0400538c1dfe400f252040023f
:10cd9000253840003c00a6277800a58f09f86002de
:10cda0002520200224fe400f252040020d004014c3
:10cdb000cc00a38f0000028e0000428c7417652403
:10cdc00009f84000252020020100b5260081828f4d
:10cdd0002a10a202e3ff4014f400bf8f97ff001057
:10cde000f000be8f69ff400f252040020000038e37
:10cdf0000400638c253040007c00a28f88174524f6
:10ce000009f860002520200236fa400f2520400254
:10ce10003800a2af2c0006243c00a527e9d3400f20
:10ce20003800a4270000028e0400428c3c00a62794
:10ce30008000a38fa817652409f840002520200250
:10ce40001ef4400f252040023800a2af2c0006241b
:10ce50003c00a527e9d3400f3800a4270000028e2c
:10ce60000400428c3c00a6278400a38fbc176524d5
:10ce700009f8400025202002c0fc400f2520400278
:10ce80003800a2af2c0006243c00a527e9d3400fb0
:10ce90003800a4270000028e0400428c3c00a62724
:10cea0008800a38fc817652409f8400025202002b8
:10ceb000c8fc400f252040023800a2af2c000624f9
:10cec0003c00a527e9d3400f3800a4270000028ebc
:10ced0000400428c3c00a6278c00a38fd817652441
:10cee00009f8400025202002d0fc400f25204002f8
:10cef0003800a2af2c0006243c00a527e9d3400f40
:10cf00003800a4270000028e0400428c3c00a627b3
:10cf10009000a38fe417652409f840002520200223
:10cf200039fe400f252040022c0006243c00a52796
:10cf300076de400f252040000000028e0400428c67
:10cf40003c00a6279400a38ff017652409f8400041
:10cf5000252020020000028e0000428c9800a38f42
:10cf60000418652409f840002520200225b000009f
:10cf70002538c0021000a62701000524505c400f90
:10cf80002520400215004010259840001800a28f6f
:10cf90006800a2af1c00a28f6c00a2af2000a28f7d
:10cfa0007000a2af2400a28f7400a2af2c00062450
:10cfb0003c00a5273d98400f6800a4270000028e82
:10cfc0000400428c3c00a6272528800209f8400076
:10cfd00025202002e6ff001025b060020500c016e3
:10cfe0002c18e5260000028e0000428c09f8400053
:10cff000252020020000028e0000428c9c00a38f9e
:10d000003c18652409f840002520200225386002dc
:10d010001000a62703000524505c400f2520400285
:10d020001500401025b040001800a28f6800a2af84
:10d030001c00a28f6c00a2af2000a28f7000a2afd4
:10d040002400a28f7400a2af2c0006243c00a52768
:10d050003d98400f6800a4270000028e0400428c17
:10d060003c00a6272528800209f840002520200240
:10d07000e6ff00102598c002050060162c18e52672
:10d080000000028e0000428c09f84000252020029a
:10d0900039f9400f2520400230004014a400a38f2e
:10d0a0000000028e0400428c881866249c18c52754
:10d0b00009f84000252020020000028e0400538c55
:10d0c00042db400f25204002b000a38f0300401038
:10d0d000f4086624a800a28fe4084624ac00a28fbe
:10d0e0005818452409f86002252020020000028e0d
:10d0f0000400538c3cf4400f25204002c400a38f51
:10d100000300401010176624c800a28f0c17462495
:10d11000b400a28f6818452409f860022520200277
:10d120000000028e0400538c39f7400f2520400286
:10d13000bc00a38f0300401018176624c000a28f04
:10d140001c174624b800a28f7818452409f86002fd
:10d15000252020021dff00100100b5260000028ed0
:10d160000400428ca000a38fa81866249c18c52731
:10d1700009f8400025202002ddff00100000028e8b
:020000040000fa
:020000041d00dd
:10d1800000a0033c902c628c0600422c470140100a
:10d1900000000000c0febd273c01bfaf3801beaf9c
:10d1a0003401b7af3001b6af2c01b5af2801b4af31
:10d1b0002401b3af2001b2af1c01b1af1801b0af71
:10d1c000902c638c80180300019d023ce0d1422426
:10d1d000211043000000428c0800400000000000c5
:10d1e000f8d1009d08d3009dd4d3009d08d5009da3
:10d1f000a0d5009d14d6009d00a0023c16fe400f55
:10d20000582c448c13004104009d053c2c23a5247c
:10d2100072df400f2520000000a0023c070003241d
:10d22000902c43ac3c01bf8f3801be8f3401b78fc7
:10d230003001b68f2c01b58f2801b48f2401b38f34
:10d240002001b28f1c01b18f1801b08f0800e003dc
:10d250004001bd2702000324f3ff43143c01bf8fac
:10d260005a00410f000000001400401825884000bb
:10d2700025800000009d133c5823732601f6400fc3
:10d2800025200002259040001dfe400f2520400073
:10d2900025a0400069ff400f2520400225384000ae
:10d2a0002530800225286002d8c8400f25200000c4
:10d2b00001001026f1ff30160000000000a0023c23
:10d2c00001000324902c43ac25280000049d043c5d
:10d2d000d9e3400f8cba842409004014009d063c19
:10d2e000009d063c1423c624009d053c8823a524ec
:10d2f000d8c8400f25200000cbff00103c01bf8f95
:10d30000f9ff00101c23c6245a00410f0000000042
:10d31000c4ff401825a040002c80932725900000d2
:10d3200000a01e3c009d173c009d163c009d153c36
:10d3300001f6400f252040022588400039f7400fb4
:10d34000252040001f0040500100522636fa400fb1
:10d3500025202002258040000000628e1700021266
:10d3600002000224000070ae1dfe400f25202002a6
:10d370002528400072df400f25200000b423e52659
:10d3800072df400f25200000021610001400a2af2b
:10d39000003c027e1000a2af003a077eff0006327a
:10d3a000c423c526d8c8400f25200000d423a526b5
:10d3b00072df400f2520000002000224902cc2af33
:10d3c00001005226daff92160400732696ff001021
:10d3d0003c01bf8f00a0023cec254280460040107b
:10d3e00000a0073ca02ce72400a0063c9c2cc624ef
:10d3f00000a0053c982ca52400a0043c28ba400fae
:10d40000ec2584240c004010009d043ce6fa400ffb
:10d410000024842400a0043ce6fa400fec25842478
:10d42000009d043ce6fa400fd81d842400a0023c75
:10d430007cff0010ec2540a00100052400a0023c68
:10d4400063fe400f982c448c020003241e004314fa
:10d4500000a0103c902c10261800a527d075400f76
:10d460000800048e1800a6275000052487f7400ff7
:10d4700001000424ffff032408004314040002a653
:10d48000009d043ce6fa400f1824842400a0023cce
:10d4900002000324e5ff0010902c43ac009d043ce7
:10d4a000e6fa400f3824842400a0023c0400032440
:10d4b000902c43ac902c4224a0ef400f04004484f5
:10d4c000dbff001000a0023c0800410400a0023c69
:10d4d000009d043ce6fa400f5024842400a0023c46
:10d4e00002000324d1ff0010902c43ac030003245e
:10d4f000ceff0010902c43ac00a0023c010003249e
:10d5000048ff0010902c43ac1800a52700a0023c57
:10d51000a5e5400f982c448cffff03241c0043100a
:10d52000010003243fff431400a0103c902c102660
:10d530001800a6271000059687f7400f0100042465
:10d54000ffff032407004314040002a6009d043ccf
:10d55000e6fa400f1824842400a0023c02000324b1
:10d56000902c43ac009d043ce6fa400f3824842400
:10d5700000a0023c04000324902c43ac902c4224d5
:10d58000a0ef400f0400448427ff00103c01bf8f30
:10d5900000a0023c0200032422ff0010902c43aca8
:10d5a00000a0023cb2ef400f942c44841dff4010b9
:10d5b00000a0023cc3f4400f942c448419ff401097
:10d5c00000a0023c9c2c468c0300c01400a0103c20
:10d5d000009d063c2423c624902c11260800278e8b
:10d5e000009d053c6c24a524fcfb400f1800a427db
:10d5f000fcfa400f1800a427ffff46301800a527ab
:10d60000a563400f040024860500022405ff0010d6
:10d61000902c02ae5000062425280000d4fb400fb9
:10d620001800a42700a0103c902c102651f9400fa0
:10d63000040004861500401400a0023cb2ef400f25
:10d64000942c44840500401000a0023c45f9400f92
:10d65000942c4484f4fe40103c01bf8f009d043c98
:10d66000e6fa400fa024842400a0103c902c112640
:10d67000aedd400f04002486ffff0224040022a632
:10d6800002000224e7fe0010902c02ae4f00062498
:10d690001800a5274c8d400f04000486e6fa400fc1
:10d6a0001800a427e1ff0010000000000800e003bc
:04d6b0000000000076
:020000040000fa
:020000041d00dd
:10d6b4004050050042550a00c04a0500427d04005e
:10d6c40025482f01c042040000800e3c25482e014d
:10d6d40040680700426d0d00c0620700427d0600ed
:10d6e40025608f01c05a060025608e012628a700f8
:10d6f4002428ae00ffff4f25fe07e12dd6002010a1
:10d7040000000000ffffaf25fe07e12d03012010fc
:10d714000000000023504d01ff034a254240080049
:10d72400c07f090025400f0142480900023c0c005b
:10d73400f401e0001b0027011270000010480000f3
:10d74400ffff86311900ce0012200000004c0900b2
:10d75400027c080025482f012b782401234824014a
:10d764000600e01100000000ffffce2521482c0137
:10d774002b082c01fcff201000000000f401e00045
:10d784001b00270112380000104800001900c700d0
:10d7940012200000004c0900ffff0f3125482f0123
:10d7a4002b782401234824010600e0110000000026
:10d7b400ffffe72421482c012b082c01fcff20103b
:10d7c4000000000000740e002170c7011900cb0195
:10d7d4001238000010200000000008242b780701f4
:10d7e400234007012b102f0123482f012b782401fc
:10d7f4002578e201234824010b00e0110000000019
:10d80400ffffce2521400b012b780b0121482c0171
:10d8140021482f0102002c11000000002b782c015c
:10d82400f7ffe0110000000007002c1500000000c5
:10d8340025200b002548080000000d2425380d0084
:10d844002c00001000000000023c0c00f401e00079
:10d854001b0027011268000010480000ffff8631fa
:10d864001900cd0012200000004c0900027c0800c1
:10d8740025482f012b782401234824010600e011b8
:10d8840000000000ffffad2521482c012b082c01ce
:10d89400fcff201000000000f401e0001b00270141
:10d8a40012380000104800001900c70012200000c0
:10d8b400004c0900ffff0f3125482f012b7824016c
:10d8c400234824010600e01100000000ffffe724c4
:10d8d40021482c012b082c01fcff20100000000023
:10d8e400006c0d002168a7011900ab01123800007b
:10d8f40010200000000008242b78070123400701b2
:10d904002b102f0123482f012b7824012578e201c5
:10d91400234824010b00e01100000000ffffad25a7
:10d9240021400b012b780b0121482c0121482f01a8
:10d9340002002c11000000002b782c01f7ffe011ed
:10d94400000000000600c005000000002a78a001c5
:10d954002168ad012170ce012170cf01ffff4a255e
:10d96400257828010200e011000000000100ad3517
:10d9740025480e0025400d00ffff4f25fe07e12d31
:10d9840015002010000000000004082500040f2ddd
:10d9940021482f012b782f0121504f01c27a080012
:10d9a4000100ef3123400f01c2220800407d09002d
:10d9b40025208f0040780900027b0f002528af0046
:10d9c400007d0a002528af00251004002518050055
:10d9d4000800e003000000004b00401d00000000b0
:10d9e40001000e242370ca012000c12d0900201457
:10d9f40000000000e0ffce212b2008002540240178
:10da04000f0009100000000000000934f6ff0010a8
:10da1400000000000a00c0110000000022300e00c7
:10da24000420c8000430c9000640c8010648c901e2
:10da34002540c800020080100000000002000835e4
:10da44000004082500040f2d21482f01c2570900a6
:10da5400d2ff0010000000002a78000121400801d4
:10da64002148290121482f01190040150000000018
:10da7400257828011600e011000000000900201597
:10da840000000000040000150000000000000a244b
:10da94001cff0010000000002548000100000824bd
:10daa400e0ff4a2520702e7116ffc011000000000f
:10dab40023504e0122300e000630c8000440c80135
:10dac4000448c901254826010eff0010000000008b
:10dad40005004d150000000040780c002578eb018e
:10dae4002f00e01100000000ff0701240b00a1112a
:10daf40000000000b4ff4011000000002578280158
:10db04002700e01500000000f07f013c2528a1005b
:10db140000000424acff0010000000002a7860011b
:10db240021586b0121608c0121608f011900a0151f
:10db34000000000025788b01f3ffe01100000000d5
:10db440009008015000000000400601500000000ba
:10db540000000d24effe00100000000025606001ad
:10db640000000b24e0ffad2520708e71e9fec0118a
:10db7400000000002368ae0122300e000630cb0006
:10db84000458cb010460cc0125608601e1fe00103d
:10db94000000000025788b010200e0110000000065
:10dba400f8ff053c0000042487ff0010000000007b
:04dbb400000000006d
:020000040000fa
:020000041d00dd
:10dbb80068ffbd279400bfaf9000beaf8c00b7af21
:10dbc8008800b6af8400b5af8000b4af7c00b3afb7
:10dbd8007800b2af7400b1af7000b0af2588800094
:10dbe8000500a0102580a0001000062425280000ac
:10dbf800d4fb400f2520000203012012010003245a
:10dc0800fcfa400f25202002ff00401001000324e9
:10dc18001c00a0af2000a0af2400a0af2800a0af38
:10dc280025282002200004240000a3804e00641050
:10dc3800f7ff63240500632c4b00601420000324c5
:10dc480021882202238825022110b100ffff42808b
:10dc580047004310f7ff42240500422c44004014bb
:10dc68004100222ee800401025180000253020022f
:10dc7800e8fb400f2c00a4272110b1032c0040a082
:10dc88002c00a3835b0002243b0062142130b10303
:10dc98002b00c5805d000424db00a41425180000b7
:10dca8002b00c0a0feff31262d00a227259840009a
:10dcb800200004240000638231006410f7ff63240d
:10dcc8000500632cfbff60540100732621105100ee
:10dcd800200004241800a2afffff43802a0064102c
:10dce800f7ff63240500632cfaff6054ffff42240a
:10dcf800000040a0000063823a000224060062147b
:10dd0800ff00152401006482bf008214251800005a
:10dd18000200732625a80000000076928dfc400fb3
:10dd28002520c002b8004010251800000100732605
:10dd380001001424100017243a001e24ffff912626
:10dd48000e00c22e62004010ff003132012612245c
:10dd58000690d202010052320e0040520004033ce9
:10dd68006700001025a02002afff00100100a524c5
:10dd7800b5ff0010ffff3126ccff00102c00a227b2
:10dd8800ccff001001007326d2ff0010ffff4224d1
:10dd98000004033c01c06334012605241000001070
:10dda80004000424e0ffc226ff0042301b00462c7a
:10ddb8000400c01006104300010042303000401437
:10ddc800ff0042329d0044121000a2272110520089
:10ddd800000056a001007326ffff7692010052262c
:10dde8000e00c22eefff40100610c502010042309f
:10ddf800f4ff4010ff0042322110a203100040a09f
:10de08002530e0021800a5271dfb400f1000a427ad
:10de1800ffff44309b00801400000000ff005232d6
:10de28001000a227219052001800a28f76005214e9
:10de380025180000ee67400f2520000040881100db
:10de48002188b1032e00c0121c0022a60800de564d
:10de5800000076920000628204005e14ff00022433
:10de68007a00a2160100732625a880020000769287
:10de780001009426ff009432b0ff001001007326c1
:10de88002110a203100040a02e0002247100c2122b
:10de98000a000624daffde160a0002246900e212ec
:10dea8002530e0021800a5271dfb400f1000a4270d
:10deb800ffff4430daff8050ff005232ee67400f18
:10dec800408811002188b103e2ff00101c0022a63f
:10ded800e0ffc226ff0042301b00432cacff60105d
:10dee800259000000004123c01c0523606905200f2
:10def80001005232a7ff40520004033c25a0200233
:10df08000900822e40004010251800000800822ecb
:10df18002c004010ff0002243c00a21225106000d3
:10df2800ffff8226ff004330202c157c2014027c42
:10df38002a1045001400405423a0b4020800042409
:10df480023209400401003001000a6272110c200cf
:10df58000c00469421106400ff004230401002007b
:10df68001000a7272110e2000c0046a4ffff62243e
:10df7800ff0043302014027c2a104500f2ff405075
:10df88004010030023a0b402070094262a18950223
:10df98000e0060142510a002401002001000a327f4
:10dfa800211062000c0040a40100b526ff00b53224
:10dfb8002a189502f8ff60102510a002040000102e
:10dfc80001000324d7ffa216ffff822601000324c5
:10dfd8000d0000121c00a58f2000a48f2400a38f21
:10dfe8002800a28f030005aa000005ba070004aaaa
:10dff800040004ba0b0003aa080003ba0f0002aa1f
:10e008000c0002ba01000324251060009400bf8fa1
:10e018009000be8f8c00b78f8800b68f8400b58fb4
:10e028008000b48f7c00b38f7800b28f7400b18ffa
:10e038007000b08f0800e0039800bd27f2ff0010c1
:10e0480025180000f0ff001025180000eeff001052
:10e05800251800001800a5271dfb400f1000a42755
:10e06800ffff44306dff80500a001724ee67400f11
:10e07800408811002188b1031c0022a67bff0010f4
:10e088000a001724ee67400f408811002188b10369
:10e098009bffc0121c0022a675ff0010000076929c
:020000040000fa
:020000041d00dd
:10e0a800700200a0140100000100000048a5029db4
:10e0b8000000000000000000000000000000000058
:10e0c8000000000000000000000000000000000048
:10e0d8000000000000000000000000000000000038
:10e0e8000000000000000000000000000000000028
:10e0f8000000000000000000000000000000000018
:10e108000000000000000000000000000000000007
:10e1180000000000000000000000000000000000f7
:10e1280000000000000000000000000000000000e7
:10e1380000000000000000000000000000000000d7
:10e1480000000000000000000000000000000000c7
:10e1580000000000000000000000000000000000b7
:10e1680000000000000000000000000000000000a7
:10e178000000000000000000000000000000000097
:10e188000000000000000000000000000000000087
:10e198000000000000000000000000000000000077
:10e1a8000000000000000000000000000000000067
:10e1b8000000000000000000000000000000000057
:10e1c800240000a00400000000000000582900a05e
:10e1d8006c00000000000000280000a008000000fb
:10e1e80000000000b02800a0a80000000000000007
:10e1f800300000a00800000000000000840300a018
:10e208002800000001000000bb010300d10101004b
:10e218004b020100330203007c020300dd0303000c
:10e22800de030300e0030300e1030100b322010061
:10e23800d02a00a04f00000000000000380000a015
:10e248003800000000000000000000a002000000ec
:10e2580001000000ffff0000682c00a0140000006f
:10e2680000000000700000a008000000000000008e
:10e27800442000a05c03000000000000780000a01b
:10e288003800000000000000040000a004000000a6
:10e2980001000000ffffffffb00000a00400000025
:10e2a80000000000202b00a04c000000000000002f
:10e2b800080000a00600000001000000ffffffffab
:10e2c800ffff0000dc2b00a0280000000000000079
:10e2d800b40000a004000000000000007c2c00a096
:10e2e8001400000000000000b80000a01c0000009e
:10e2f80000000000242a00a05c00000000000000cc
:10e30800d40000a02000000000000000100000a0c1
:10e31800040000000100000001000000f40000a05b
:10e328000a00000000000000000100a01c0000001e
:10e3380000000000042c00a02800000000000000dd
:10e348001c0100a034000000000000006c2b00a09d
:10e358003c00000000000000500100a02400000064
:10e3680000000000802a00a050000000000000000b
:10e37800740100a03000000000000000a82b00a0dd
:10e388003400000000000000a40100a01e000000ee
:10e3980000000000b02c00a00a00000000000000ef
:10e3a800c40100a01800000000000000a01c00a08c
:10e3b800a403000000000000dc0100a00800000029
:10e3c80000000000a02300a044010000000000009d
:10e3d800d40300a0c008000000000000e40100a071
:10e3e8001800000000000000940c00a00c080000b9
:10e3f80000000000fc0100a0050000000000000073
:10e40800a42c00a00c00000000000000040200a0e2
:10e418000c00000000000000f02600a0f80000003a
:10e4280000000000140000a002000000010000002d
:10e4380001000000100200a0080000000000000019
:10e44800e42400a00801000000000000180200a059
:10e458001400000000000000ac0300a0240000002d
:10e4680001000000f4010000d007000001000000d6
:10e47800010000000100000000000000803b039d37
:10e48800f496039d00000100502c00a01800000025
:10e4980000000000a01400a0000800000000000018
:10e4a8002c0200a00400000000000000180000a0da
:10e4b800040000000100000001000000e82700a09f
:10e4c800c800000000000000300200a03c0000006e
:10e4d80000000000c42900a0600000000000000047
:10e4e800ec2500a0ff000000000000006c0200a066
:10e4f8000400000000000000902c00a014000000a0
:10e50800000000001c0000a008000000010000003e
:10e51800ffffffffffffffffec2600a00400000045
:10e5280000000000bc2c00a0040000000000000057
:10e53800d00300a00400000001000000010000005a
:10e54800c02c00a004000000000000002c2c00a03b
:10e558002400000000000000c42c00a004000000fb
:10e568000000000000000000666666666666666673
:020000040000fa
:020000041d00dd
:10e57800c0ffbd273c00bfaf3800beaf3400b7af07
:10e588003000b6af2c00b5af2800b4af2400b3af4d
:10e598002000b2af1c00b1af1800b0af2598a000a2
:10e5a8003000e530300003245100a310251000008e
:10e5b8002590c00083fa400f2588e00025804000a0
:10e5c8004b0000122510000025a840020001522e21
:10e5d8000100405600011524ffffb5320400028ee9
:10e5e8000000038e23104300ffff4224ffff423048
:10e5f8001800038e1400048e2318640010002432bf
:10e608004f008014ffff723025a060020001732eb6
:10e618000100605600011424200024324a008014ae
:10e62800ffff9432ffff633021186200212095021a
:10e638002a1883000e006010231844022118430092
:10e6480003002532090004240620a40001008430b8
:10e6580033008010ffff6330010063244218030079
:10e6680021a07400ffff943221187500ffff753058
:10e678002b18a20236006054231055002310a20262
:10e68800ffff42302000422c330040145081848f19
:10e698000400828c09f840000100a52625b040003e
:10e6a8001300c012251000002b1092022c004054b9
:10e6b8002390540223909202ffff52322000522ee0
:10e6c800290040165081848f0400828c09f840008c
:10e6d800010085262500401425b840005081848f0c
:10e6e8000c00828c09f840002528c0022510000083
:10e6f8003c00bf8f3800be8f3400b78f3000b68f14
:10e708002c00b58f2800b48f2400b38f2000b28f5f
:10e718001c00b18f1800b08f0800e0034000bd272f
:10e72800020004240400a454211874002118750060
:10e73800cfff0010ffff7530cdff0010ffff7430d2
:10e74800cbff001025a04002ccff001025a84000f8
:10e75800ccff0010ffff4230d3ff001025b00000af
:10e76800d6ff0010ffff523225b80000a100c012ea
:10e7780008002232a60040501000a0af0800128ef8
:10e788000c00058e2b1045024c0040102b10b200d7
:10e7980004001e8e23f0c503ffffde330000138e36
:10e7a80023905302ffff52322110d2039f004010e2
:10e7b8002a10a202860040145081848f0300c013df
:10e7c8002530c003f1fa400f2520c0020400401292
:10e7d8002530400225286002f1fa400f2120de0290
:10e7e8001000028e0c00038e23204300ffff8430ac
:10e7f8002b104300070040101000a4af0400028e45
:10e808000000038e2310430021108200ffff4230d6
:10e818001000a2af3100e0162598000025880000fe
:10e828005081848f0c00828c09f840000000058e0e
:10e83800000016ae0100b52621a8d502040015aec9
:10e848000c0016ae2190d2032190d202080012ae1d
:10e858001000a28f21b0c202100016aecbeb400f01
:10e86800252000020b00e0125081848f0c00828c5e
:10e8780009f840001400058e140017ae21a0f40218
:10e88800180014ae200017ae219871022198f302e7
:10e898001c0013ae760004920300032494ff831433
:10e8a8000100022401000624100005249f14400fd3
:10e8b800252000028eff001001000224570040109e
:10e8c8002598a00023904502ffff5232b6ff0010a2
:10e8d80025f000001000a0af25f000000400313240
:10e8e80036002012ffff02245c00038e0c00621029
:10e8f8001c00118e68000296211043002188220214
:10e908001800028e2b185100060060502000058e5a
:10e918001400038e231043002710020021882202ce
:10e928002000058e2b10b10018004010259800001b
:10e9380023882502ffff31321400a5af2110710290
:10e948000c0040102a108202210040145081848f4c
:10e958000300601225306002f1fa400f2520e00222
:10e9680004002012253020021400a58ff1fa400f70
:10e978002120f302abffc0565081848f5cffe01268
:10e9880001000224b9ff00105081848f2b1025024a
:10e998000d004050258800001800138e01007326d2
:10e9a80023986502ffff73321400028e1400a2af91
:10e9b80023882202e1ff0010ffff31322588000082
:10e9c800ecff001025980000eaff001025980000d1
:10e9d8000c00828c09f840002528e0025081848fc1
:10e9e8000c00828c09f840002528c00240ff001066
:10e9f80025100000b7ffe016259000001000a0af1a
:10ea080025f0000025880000daff00102598000096
:10ea1800259000007fff001025f000001000a0af37
:10ea2800259000007bff001025f0000079ff001002
:04ea38001000a0af7b
:020000040000fa
:020000041d00dd
:10ea3c00a8ffbd275400bfaf5000beaf4c00b7af0e
:10ea4c004800b6af4400b5af4000b4af3c00b3af24
:10ea5c003800b2af3400b1af3000b0af25888000c1
:10ea6c005c00a5af2800969466fb400f3000848ca8
:10ea7c00eb0040101400a2af050005243cfc400f35
:10ea8c00252020021900401425f000009ee0400fc4
:10ea9c0008000424060140102580400008000224d0
:10eaac00060002a60500062425282002c16f400f8f
:10eabc002520000210001e26110000a2120000a248
:10eacc00130000a2eb67400f7c81848f170002aa11
:10eadc00140002ba7c81828f010042247c8182afb7
:10eaec000600229608004224060022a60400229664
:10eafc000600239621104300280042240800239688
:10eb0c0021104300ffff43302400a3af5c00a28f11
:10eb1c000005422c05004010dc05622cdc050324aa
:10eb2c005c00a48f0b2062005c00a4af5c0022266a
:10eb3c002800a2af2598400025a800000900629289
:10eb4c000600422c070040501000a0af0600629651
:10eb5c002110a2020c00738ef8ff6016ffff5530d7
:10eb6c001000a0af049d023c2c00a2af1900601253
:10eb7c002580a002060062961000a38f254060003d
:10eb8c00232043005c00a38f2128a4022a286500bf
:10eb9c005700a0142538a0022580a0020700001001
:10ebac00252860020600a29423204800213004028c
:10ebbc002a3066004e00c014253800022110500087
:10ebcc001000a48f231044000c00a58cf5ffa0149a
:10ebdc00ffff5030b800c0132400a28f2000a2af5a
:10ebec002118d002261862002b1803000200c293d1
:10ebfc000400627cf800c332070042302510430049
:10ec0c000200c2a3022216000300c4a300220400c7
:10ec1c00ee67400f252082000200c2a3007a427cde
:10ec2c000300c2a3d8ff0426ee67400fffff843019
:10ec3c00380022a60200063c0200c6242528000249
:10ec4c00e0b4400f38000424a200401025a040007e
:10ec5c001800228e030040141c00238e2c00a28f5f
:10ec6c00a8f94224080082ae0c0083aedd8606347f
:10ec7c0025288002ead2400f252020021800978e0a
:10ec8c003400a0122590a0021800b5af2800a28f66
:10ec9c001c00a2af259000001c00a38f06006694f8
:10ecac001800a28f2b10c200220040501800a68f13
:10ecbc000000658cf1fa400f2520e0021c00a38fa8
:10eccc000600629421905200ffff523221b8e202fa
:10ecdc001800a48f23108200ffff42301d0040104b
:10ecec001800a2af0c00628cebff00101c00a2af4e
:10ecfc002318670009006328030060145c00a28fce
:10ed0c00b4ff0010f8ff503007000332b1ff601061
:10ed1c000000000008000224231043002a104400c5
:10ed2c00acff4010f8ff103208001026a9ff0010ad
:10ed3c00ffff10321c00a38f0000658cf1fa400f0e
:10ed4c002520e0021800a28f21905200ffff5232c2
:10ed5c0021b8e20223801502ffff02325800401056
:10ed6c001c00a2af258040001800a0af09006292e1
:10ed7c000a0042381800a38f1400a48f0a188200ce
:10ed8c001800a3af060066962b10d000310040107f
:10ed9c001000a28f0000658e2128a200f1fa400f0e
:10edac002520e0020600629621905200ffff5232ad
:10edbc0021b8e20223100202ffff50300c00738ec8
:10edcc00eaff00161000a0af1000b0af1000838e49
:10eddc000c006294211042020c0062a41800a28f55
:10edec00060040503000248e1000838e1000629478
:10edfc0008004234100062a43000248e280084ae37
:10ee0c00a7e3400f252880021f0041041c00a28f9d
:10ee1c0029d7400f25208002280036a61400a0af69
:10ee2c001400a28f5400bf8f5000be8f4c00b78fc0
:10ee3c004800b68f4400b58f4000b48f3c00b38fb0
:10ee4c003800b28f3400b18f3000b08f0800e0036f
:10ee5c005800bd270000658e253000022128a20035
:10ee6c00f1fa400f2520e00221901202ffff5232ee
:10ee7c0006006296d5ff50141000b0af0c00738ed4
:10ee8c00d2ff00101000a0af21b0c202ffffd6329b
:10ee9c002110d5022000a38f34ff62140000000063
:10eeac000d0022924429027cddff00100d0022a2ed
:10eebc00dbff00101400a0afd9ff00101400a0afae
:10eecc001000828e0c00439421904302caff001064
:10eedc000c0052a4280036a6d1ff00101400a0afdd
:020000040000fa
:020000041d00dd
:10eeec00a0ffbd275c00bfaf5800b3af5400b2af5a
:10eefc005000b1af4c00b0afa300023c0004422460
:10ef0c002000a2af2400a0a72800a0af2c00a0a72f
:10ef1c004010022408008214ffff112400a0023cc0
:10ef2c0084024290010043300b006010020042301a
:10ef3c0000a0113c70023126251020025c00bf8f0e
:10ef4c005800b38f5400b28f5000b18f4c00b08f6b
:10ef5c000800e0036000bd27f7ff4014ffff1124f9
:10ef6c000400b08c0c00028ef4ff4010251020021f
:10ef7c000800b28cf2ff40125c00bf8f1800428e6a
:10ef8c00efff4010251020021c00428eeaff4010bb
:10ef9c00100106242528000000a0043cd4fb400fdf
:10efac007402842400a0023c70024224ffff03245c
:10efbc000c0043ac080043ac3c000324880043ac79
:10efcc000c00038e500043ac0400038e540043ac81
:10efdc000800038e580043ac30000396180043a47d
:10efec00320003961a0043a41000038e5c0043ac5d
:10effc001400038e600043ac1800038e640043ac15
:10f00c001c00038e680043ac36000496010085306a
:10f01c00ffff0324fcff02240b18450000a0023c58
:10f02c00700242241c0043ac160044a40000438e22
:10f03c0004004a8e0800498e0c00488e1000478e42
:10f04c001400468e1800458e1c00448e200043ace4
:10f05c0024004aac280049ac2c0048ac300047ac2a
:10f06c00340046ac380045acffff63300400632c21
:10f07c00040060103c0044ac00a0023c04000324db
:10f08c00900243a400a0023c920242948000442cc3
:10f09c0003008014800003240f004224f0ff43304f
:10f0ac0000a0113c70023126220023a688bf123c1e
:10f0bc0000905236400032ae31e9400f3c0004243f
:10f0cc0013b1400f25202002acfb400f8800248e8a
:10f0dc00000605246c00410f252040023800328eba
:10f0ec000000428e3c00258e09f8400025200000cf
:10f0fc00ffff03249b00431000a0033c780262ac8a
:10f10c001400428e0300052409f84000252000005d
:10f11c0025204000ffff02249200821000a0063c34
:10f12c000c0024ae3c00238e080065943000a5af83
:10f13c003000228e3400a2af0c00628c3800a2afdb
:10f14c000f0002243c00a2af1400628c4000a2af5e
:10f15c002c00428edc02c62409f840003000a527a2
:10f16c008100420400a0043cffc0053488bf043c6d
:10f17c00c9ff400f00908434039d023ca8a4422494
:10f18c00252800002518000001000724080006248b
:10f19c0004206700570084300300801001006324b2
:10f1ac000000448c2528a400f9ff661404004224b6
:10f1bc0088bf113ccdff400f009024363000052451
:10f1cc00d1ff400f00902436020005247400410f3b
:10f1dc0000902436252800007600410f009024363c
:10f1ec00d5ff400f00902436d9ff400f00902436f5
:10f1fc00ddff400f009024363b00028a3800029a53
:10f20c001800a2af3c0002921c00a2a33d00029287
:10f21c001d00a2a3060006242000a527a9f6400f76
:10f22c001800a42709004010060006242800a52772
:10f23c00a9f6400f1800a427040040101800a527b9
:10f24c0088bf043cdef6400f0090843400a0113cd3
:10f25c00700231261000b1af049d073c4ce7e72447
:10f26c0002000624200025960ca5400f2520200224
:10f27c00200023963b004314049d073c00a0113c46
:10f28c00700231261000b1af4ce7e72401000624d0
:10f29c00240025960ca5400f25202002240023963f
:10f2ac003000431400a0023c960251940700201237
:10f2bc00030006242528200200a0043c698e400f80
:10f2cc00700284242800225600a0043c00a0023cba
:10f2dc0098025294080040120100262e403006007d
:10f2ec002528400200a0043c698e400f7002842443
:10f2fc001d00425600a0043c00a0113c70023126b7
:10f30c003480828f1000225200a0023c2000138e09
:10f31c00140040142400128e31e9400f8800248e12
:10f32c00acfb400f8800248e900020ae8c0020aee9
:10f33c00980020ae940020ae9c0033aea00032aefc
:10f34c00348091af00a0023c70024224140044901f
:10f35c00010003240400647c140044a0f6fe001099
:10f36c00100043ac00a0043c8cac400f7002842411
:08f37c00f1fe0010ffff112457
:020000040000fa
:020000041d00dd
:10f384000080013c2638e10040580500425d0b0036
:10f39400c0520500427d040025504f01c04a0400bc
:10f3a4000080083c255048014070070042750e005b
:10f3b400c06a0700427d06002568af01c0620600ee
:10f3c4002568a801ffff6f25fe07e12d9700201097
:10f3d40000000000ffffcf25fe07e12dc90020102b
:10f3e400000000000080013c2428a10023406e019d
:10f3f4003300001100000000190000190000000093
:10f404002000012d0900201400000000e0ff082165
:10f414002b300c002560a60129000d10000000000f
:10f4240000000d34f6ff001000000000240000115d
:10f43400000000002220080004308c0004208d000d
:10f4440006600c0106680d0125608c001c00c010cc
:10f454000000000002008c351900001000000000bc
:10f4640025580e00234008002000012d0900201417
:10f4740000000000e0ff08212b3009002548460168
:10f484000f000a100000000000000a34f6ff00100c
:10f49400000000000a000011000000002220080003
:10f4a4000430890004208a000648090106500a0134
:10f4b400254889000200c010000000000200293520
:10f4c4002678a7001d00e0050000000021482c015b
:10f4d4002b782c0121504d0121504f0102004d1178
:10f4e400000000002b784d013a00e01100000000fc
:10f4f40001002f310200e011000000000200293554
:10f5040042480900c07f0a0025482f0142500a00e2
:10f514000080013c2550410101006b25ff070124b7
:10f524002c00611500000000f07f013c2528a1009b
:10f534000000042439000010000000002b782c0186
:10f5440023482c012b104f0123504f012b784d01e0
:10f554002578e20123504d010700e011000000006e
:10f564000080013c2628a1002b78090023480900cb
:10f5740023500a0023504f010900401500000000e9
:10f58400040020150000000000000b240d000010f2
:10f59400000000002550200100000924e0ff6b2535
:10f5a4002040487107000011000000002358680142
:10f5b40022200800062089000448090104500a0199
:10f5c40025504401257849010200e015000000009f
:10f5d40000000524700060190000000000042925c3
:10f5e40000042f2d21504f012b784f0121586f011a
:10f5f400c27a09000100ef3123482f01c222090019
:10f60400407d0a0025208f0040780a00027b0f000d
:10f614002528af00007d0b002528af00251004002d
:10f62400251805000800e003000000002a782001e6
:10f634002148290121504a0121504f01260060151b
:10f6440000000000257849011600e01100000000c8
:10f65400090040150000000004002015000000000f
:10f6640000000b245bff0010000000002550200167
:10f6740000000924e0ff6b252040487155ff00116c
:10f684000000000023586801222008000620890099
:10f694000448090104500a01255044014dff00109b
:10f6a40000000000ff0701241600c1110000000043
:10f6b4002140e700257806010300e0150000000062
:10f6c400d6ffe004000000002510060025180700fe
:10f6d400d4ff001000000000257849012a00e0153d
:10f6e40000000000ff070124ccffc115000000004a
:10f6f4002678a7002400e00500000000f2ff0010b7
:10f70400000000002a78800121608c012168ad018d
:10f714002168af011900c015000000002578ac0174
:10f72400beffe011000000000900a0150000000069
:10f73400040080150000000000000e2429ff0010c2
:10f74400000000002568800100000c24e0ffce25a5
:10f754002040a87123ff0011000000002370c8019d
:10f764002220080006208c0004600c0104680d01ae
:10f774002568a4011bff0010000000002578ac01df
:10f78400d1ffe01100000000f8ff053c0000042454
:10f79400a2ff0010000000000100082423400b0118
:10f7a4002000012d0900201400000000e0ff0821c2
:10f7b4002b300900254846010f000a100000000004
:10f7c40000000a34f6ff0010000000000a000011d7
:10f7d40000000000222008000430890004208a0070
:10f7e4000648090106500a01254889000200c01094
:10f7f400000000000200293500000b2477ff0010f0
:08f804000000000000000000fc
:020000040000fa
:020000041d00dd
:10f80c00d8febd27256880002001bdaf2000ae27a3
:10f81c002401bdaf0000828c2401a38f000062acd8
:10f82c000400842404006224faff4e142401a2afc5
:10f83c002000ac276000a327251080010000a48cb9
:10f84c00000044ac04004224fcff43140400a52433
:10f85c00c0008625251880013800648c0400658c56
:10f86c0042142400c23c24002610470082220400cb
:10f87c00261044002400648c0000678c2120870033
:10f88c0021104400c2212500823c2500262087003f
:10f89c00c22805002620850021104400400062acdf
:10f8ac0004006324ecff66141c00a58f1000a78fc6
:10f8bc001800a48f1400a38f0000a28f0400a88f3f
:10f8cc000800a98f0c00aa8f039d0b3c6cbb6b2509
:10f8dc0000016f2582312700c2c227002630d800d4
:10f8ec0042c627002630d8000000788d0000998d84
:10f8fc0021c019032130d80026c0830024c007037f
:10f90c0026c004032130d8002130c5002150460107
:10f91c00422b220082c022002628b80082c5220079
:10f92c002628b8002128a600253048002430c9001c
:10f93c0024c048002530d8002128a6000400668d7c
:10f94c000400988d2130d8002130c4002620e3001b
:10f95c0024208a00262083002130c40082212a0022
:10f96c00c2c22a002620980042c62a0026209800ef
:10f97c002130c400214826018220250042c32500e5
:10f98c002620980082c5250026209800212086007c
:10f99c002530a2002430c80024c0a2002530d80095
:10f9ac00212086000800668d0800988d2130d80033
:10f9bc002130c3002618ea002418690026186700b5
:10f9cc002130c30082192900c2c2290026187800f0
:10f9dc0042c62900261878002130c30021400601b8
:10f9ec008218240042c324002618780082c5240003
:10f9fc0026187800211866002530a4002430c20097
:10fa0c0024c0a4002530d800211866000c00668d97
:10fa1c000c00988d2130d8002130c70026384901c0
:10fa2c002438e8002638ea002130c7008239280043
:10fa3c00c2c228002638f80042c628002638f80032
:10fa4c002130c700211046008238230042c3230016
:10fa5c002638f80082c523002638f8002138e60045
:10fa6c00253083002430c50024c083002530d80005
:10fa7c002138e6001000668d1000988d2130d800da
:10fa8c002130ca0026502801245042012650490139
:10fa9c002130ca0082512200c2c2220026505801d5
:10faac0042c62200265058012130ca002128a60047
:10fabc008250270042c327002650580182c52700d8
:10facc002650580121504601253067002430c400cf
:10fadc0024c067002530d800215046011400668de3
:10faec001400988d2130d8002130c900264802011d
:10fafc0024482501264828012130c90082492500c7
:10fb0c00c2c225002648380142c6250026483801c5
:10fb1c002130c9002120860082482a0042c32a00d5
:10fb2c002648380182c52a0026483801214826017a
:10fb3c002530ea002430c30024c0ea002530d80068
:10fb4c00214826011800668d1800988d2130d800a8
:10fb5c002130c80026404500244004012640020103
:10fb6c002130c80082412400c2c224002640180162
:10fb7c0042c62400264018012130c8002118660016
:10fb8c008240290042c329002640180182c5290061
:10fb9c002640180121400601253049012430c700b8
:10fbac0024c049012530d800214006011c00668d77
:10fbbc001c00988d2130d8002130c2002610a400e2
:10fbcc0024104300261045002130c200821123006e
:10fbdc00c2c223002610580042c62300261058002b
:10fbec002130c2002138e6008210280042c32800d0
:10fbfc002610580082c528002610580021104600f7
:10fc0c00253028012430ca0024c028012530d80012
:10fc1c002110460020006b252eff6f1520008c252f
:10fc2c001c00a5af0c00aaaf1800a4af0800a9af28
:10fc3c001400a3af0400a8af1000a7af0000a2af40
:10fc4c000000a28d2001a38f0000638c21104300c3
:10fc5c000000a2ad0400ad252001a28f04004224b7
:10fc6c00f7ff4e142001a2af251000000800e0039e
:04fc7c002801bd2777
:020000040000fa
:020000041d00dd
:10fc800010ffbd27ec00bfafe800beafe400b7af88
:10fc9000e000b6afdc00b5afd800b4afd400b3af6e
:10fca000d000b2afcc00b1afc800b0af0f00052498
:10fcb0002eda400f1a0004246600401000a0023c17
:10fcc000b02c429463004010e481938f0c007326a3
:10fcd00025a80000009d143cd81d9426009d1e3cc4
:10fce000009d173c009d163c009d023cb400a2af55
:10fcf000009d023cb800a2af049d023cbc00a2af34
:10fd0000009d023cc000a2af009d023cc400a2af17
:10fd100000a0023cb000a2af25806002f4ff728612
:10fd2000f8ff718effc3400f2520400205004014ec
:10fd3000000000002fc4400f252040021900401091
:10fd4000030002242483400f25204002fcff048e80
:10fd5000050080102530000041d0400f0000000059
:10fd6000fcff00ae2530000050000524456a400f1e
:10fd7000252040025000422c2f004014258800000e
:10fd800035000624b400a28f701d45243f99400f12
:10fd9000252040028fc4400f252040020a00001099
:10fda000f4ff1286990022120400222e2200401035
:10fdb0000200022449002252f4ff7286eaff201258
:10fdc00025300000f4ff1286253000005000052485
:10fdd000456a400f252040025000422c1600401476
:10fde000010011241000a2276400a2afa800a727d9
:10fdf000530006246400a52706ac400f25204002ce
:10fe00000d004010020003241e00431418000624b5
:10fe1000a81de5263f99400f252040021300062427
:10fe2000c41dc5263f99400f252040022483400f62
:10fe30002520400225880000f8ff11ae0100b526fc
:10fe4000b000a28fb02c42942a10a202b2ff40143c
:10fe50001c007326ec00bf8fe800be8fe400b78f54
:10fe6000e000b68fdc00b58fd800b48fd400b38f1c
:10fe7000d000b28fcc00b18fc800b08f0800e00373
:10fe8000f000bd2725288002b8ce400f6400a48f63
:10fe9000252840000f0040106400a2af0f00062488
:10fea000e8fb400f252000020f0000a2a800a69743
:10feb000252800008268400f252040020d000624fe
:10fec000dc1dc5273f99400f25204002daff0010b6
:10fed00002001124f5ff0010000000a225300000f0
:10fee00050000524456a400f252040025000422c56
:10fef000d1ff40141000a227a800a2afac00a72792
:10ff000053000624a800a52706ac400f2520400278
:10ff1000c9ff4010020003245a0043102528800224
:10ff2000b8ce400fa800a48f258840005f00401085
:10ff3000a800a2afd881828f62004010f4ff622631
:10ff4000e481838f2310430083100200dbb6033c5f
:10ff5000b76d6324021043706400a2a7020002245c
:10ff60006600a2a76800b2a7f2e3400f2520400276
:10ff7000252040006a00a2a75fc4400f6c00a5279f
:10ff8000d481878f6400a62725282002d881828ffc
:10ff900009f840002520600225884000530006240f
:10ffa00025280000d4fb400f1000a42710000624d1
:10ffb00025280000d4fb400f2520600208002016f1
:10ffc00013000624c41dc5263f99400f252040027a
:10ffd0002483400f2520400297ff00102588000051
:10ffe000ac00a697252800008268400f252040021b
:10fff0001c000624c400a28fec1d45243f99400f2d
:020000041d01dc
:10000000252040028cff0010030011242530000041
:1000100050000524456a400f252040025000422c24
:1000200085ff401433000624b800a28f0c1e45241f
:100030003f99400f252040028fc4400f25204002e9
:100040002530000025284002bc00a28ff2b9400fe5
:10005000ccfd4424fcff62ae77ff40140400112461
:1000600037000624c000a28f401e45243f99400f50
:10007000252040022483400f252040026eff0010ff
:10008000258800001000062425280000d4fb400f1e
:100090002520600218000624a81de5263f99400f80
:1000a00025204002c7ff001013000624100006247c
:1000b00025280000d4fb400f25206002c1ff00105e
:1000c000130006245300062425280000d4fb400f0b
:1000d0001000a4271000062425280000d4fb400fa0
:0c00e00025206002b7ff0010130006246a
:020000040000fa
:020000041d01dc
:1000ec00180180100100022478febd278401bfafe7
:1000fc008001b6af7c01b5af7801b4af7401b3af7a
:10010c007001b2af6c01b1af6801b0af2590800047
:10011c002580a0000000938c0f00033c4042632418
:10012c008700631202000224030002248c00a2a3a5
:10013c009000b3af010014240ba0c6001f00953231
:10014c002ba815004211140021a8a2020800822439
:10015c001001a32738008824030047880000479823
:10016c0007004688040046980b004588080045980f
:10017c000f0044880c004498000067ac040066ac87
:10018c00080065ac0c0064ac10004224f2ff48146b
:10019c00100063240300448800004498000064ac01
:1001ac0004004490040064a005004490050064a081
:1001bc00060042907700a01a060062a025b000004d
:1001cc007c00468e7800458e05bf400f9400a42716
:1001dc00d600401425884000370006241001a527be
:1001ec00a4d6400f9400a427d000401425884000ca
:1001fc004801a527547f400f9400a4272588400070
:10020c00c200410f9400a4273c0020161001a22725
:10021c000000428e0200422c530040144801a38f70
:10022c000400428e500043140100022480004392cb
:10023c00c2006210ffffa226010056500100b52635
:10024c0001000224800042a2280000520100d626a0
:10025c00250080122000822e480040144801a98fee
:10026c004c01a88f5001a78f5401a68f5801a58f60
:10027c005c01a48f6001a38f6401a28f030009aa03
:10028c00000009ba070008aa040008ba0b0007aa64
:10029c00080007ba0f0006aa0c0006ba130005aa3c
:1002ac00100005ba170004aa140004ba1b0003aa14
:1002bc00180003ba1f0002aa1c0002bae0ff942621
:1002cc00200010264601a3271001a42700006290ed
:1002dc0001004224ff00423003004014000062a0e1
:1002ec0024006414ffff62240100d6262a10d502d4
:1002fc00b4ff40547c00468e1001a2274701a3276f
:10030c002520400001004224000080a0fdff431482
:10031c0025204000210020527c00468e2b881100a5
:10032c009400a227b400a3272520400001004224fa
:10033c00000080a0fdff4314252040002b1011006d
:10034c008401bf8f8001b68f7c01b58f7801b48f8b
:10035c007401b38f7001b28f6c01b18f6801b08fd3
:10036c000800e0038801bd27800040a2b6ff001002
:10037c00040043aed5ff0010251840002530800244
:10038c004801a527f1fa400f25200002d6ff0010e6
:10039c0025a00000d8ff0010010011247800458e24
:1003ac0005bf400f1000a4275c00401425884000b6
:1003bc00010006248c00a527a4d6400f1000a4270a
:1003cc0056004014258840003700062408004526b6
:1003dc00a4d6400f1000a4275000401425884000dc
:1003ec009400a527547f400f1000a42725884000b7
:1003fc00c200410f1000a427440020163e004326e3
:10040c00b300a5279400a727252060002510000025
:10041c00000086900000a8902130c80021104600f2
:10042c00ffff4230000082a002120200ffff842472
:10043c002530a000f6ffe614ffffa5241e0044267d
:10044c00070045260000869021104600ffff423031
:10045c00000082a0ffff8424faff85140212020020
:10046c002520600025100000000086903700879042
:10047c002130c70021104600ffff4230000082a04f
:10048c00ffff8424f8ffa4140212020002121300ce
:10049c00ff00043cff00842424104400009a130045
:1004ac0000ff043c00ff84342498640225105300a0
:1004bc00021422009000a2af9000a4278c00a72762
:1004cc002510000000006690030088902130c800c1
:1004dc0021104600ffff4230000062a00212020011
:1004ec00ffff8424f7ff8714ffff63243a004326a1
:1004fc000000649021104400ffff4230000062a015
:10050c00ffff6324faffa314021202000000428ec4
:10051c000100422482ff0010000042aec200410fd5
:10052c001000a427faff00100000428ec200410ff9
:10053c009400a42771ff00101001a22778ff00106f
:0c054c00030011240800e0030000000080
:020000040000fa
:020000041d01dc
:1005580000681a407cffbd2700601b402c00b6af26
:100568002800b5af8000bbaf82d21a00847a5b7fc7
:1005780044201b7c20a81d0000a01a3c18005a2704
:100588000000568f0400c01600000000049d1d3caa
:10059800ac8abd270000bd8f0100d626000056afeb
:1005a8000070164000609b407800bfae7400beae7d
:1005b8007000b9ae6c00b8ae6800afae6400aeae05
:1005c8006000adae5c00acae5800abae5400aaae55
:1005d8005000a9ae4c00a8ae4800a7ae4400a6ae95
:1005e8004000a5ae3c00a4ae3800a3ae3400a2aed5
:1005f8007c00b6ae1000a1ae10b000000c00b6ae84
:1006080012b000000800b6ae00a0163c1800d626ae
:100618000000d68effffd6260400c016000000009a
:1006280000a0163c2c02d6260000d5ae9bea400f4f
:100638000000000000a0163c1800d6260000d68e48
:10064800ffffd6260400c0160000000000a0163cdc
:100658002c02d6260000d58e0800b68e1300c002e4
:100668000c00b68e1100c0021000a18e2c00b68eb0
:100678003400a28e3800a38e3c00a48e4000a58ec4
:100688004400a68e4800a78e4c00a88e5000a98e64
:100698005400aa8e5800ab8e5c00ac8e6000ad8e04
:1006a8006400ae8e6800af8e6c00b88e7000b98e94
:1006b8007400be8e7800bf8e00606041c0000000ec
:1006c80000a01a3c18005a2700005b8fffff7b2709
:1006d80000005baf8000ba8e7c00bb8e20e815005e
:1006e8002800b58f8400bd2700609a4000709b40a9
:1006f800c0000000180000420000000000a0163ce6
:100708001800d6260000d68effffd6260400c01695
:100718000000000000a0163c2c02d6260000d58e52
:100728000800b68e1300c0020c00b68e1100c0027d
:100738001000a18e2c00b68e3400a28e3800a38e35
:100748003c00a48e4000a58e4400a68e4800a78ecb
:100758004c00a88e5000a98e5400aa8e5800ab8e6b
:100768005c00ac8e6000ad8e6400ae8e6800af8e0b
:100778006c00b88e7000b98e7400be8e7800bf8e83
:1007880000606041c000000000a01a3c18005a2711
:1007980000005b8fffff7b2700005baf8000ba8ef5
:1007a8007c00bb8e20e815002800b58f8400bd278b
:1007b80000609a4000709b40c00000001800004292
:1007c800000000007cffbd2700601b402c00b6af76
:1007d8002800b5af8000bbaf847a1b7c000c7b3748
:1007e80044201b7c20a81d00049d1d3cac8abd270d
:1007f8000000bd8f00a01a3c18005a2701001624db
:10080800000056af0070164000609b407800bfaef5
:100818007400beae7000b9ae6c00b8ae6800afae82
:100828006400aeae6000adae5c00acae5800abaede
:100838005400aaae5000a9ae4c00a8ae4800a7ae1e
:100848004400a6ae4000a5ae3c00a4ae3800a3ae5e
:100858003400a2ae3000b7ae7c00b6ae2400b4ae11
:100868002000b3ae1c00b2ae1800b1ae1400b0ae9a
:100878001000a1ae10b800000c00b7ae12b800000e
:100888000800b7ae00a0173c3002f7260000f78e2c
:100898000000f5ae00606041c00000000060174035
:1008a800847a177c010cf63600609640c000000080
:1008b800006816400442167c00689640c00000009c
:1008c80088bf163c3410d626020014240000d4ae8b
:1008d800e4a5400f0000000000609740c000000041
:1008e80000a0103c300210260000108e0000158e6b
:1008f8000800b08e130000020c00b08e1100000238
:100908001000a18e1400b08e1800b18e1c00b28e9b
:100918002000b38e2400b48e2c00b68e3000b78e23
:100928003400a28e3800a38e3c00a48e4000a58e11
:100938004400a68e4800a78e4c00a88e5000a98eb1
:100948005400aa8e5800ab8e5c00ac8e6000ad8e51
:100958006400ae8e6800af8e6c00b88e7000b98ee1
:100968007400be8e7800bf8e00606041c000000039
:1009780000a01a3c18005a27000040af20e81500d4
:100988002800b58f8000bb8f7c00ba8f8400bd27fc
:1009980000609b4000709a40c000000018000042b0
:0409a800000000004b
:020000040000fa
:020000041d01dc
:1009ac0000a0023c081e439009016014ffff0224c2
:1009bc00e8ffbd271400bfaf1000b0af0001a010be
:1009cc002580a0000000a3900200632cfc006010a6
:1009dc003c0206242528000000a0043cd4fb400f58
:1009ec00081e842400a0043c14f2400f0c1e842426
:1009fc002520400001000324f1008314ffff022492
:100a0c00680106242528000000a0043cd4fb400ffc
:100a1c00a01c842400a0023c01000324081e43a057
:100a2c0000000392081e4224e3006010080043a05b
:100a3c0000a0043c1020842400a0033c1c1f632451
:100a4c002540000025484000402908000400028e83
:100a5c00211045000000478c1800e0102510e00024
:100a6c00f8fe66245000e72403004d8800004d98e2
:100a7c0007004c8804004c980b004b8808004b98de
:100a8c000f004a880c004a980000cdac0400ccac96
:100a9c000800cbac0c00caac10004224f2ff471487
:100aac001000c62403004a8800004a9807004788b3
:100abc00040047980000caac0400c7ac0400028ec6
:100acc00211045000400478c1800e0102510e000b0
:100adc0050ff66245000e72403004d8800004d9819
:100aec0007004c8804004c980b004b8808004b986e
:100afc000f004a880c004a980000cdac0400ccac26
:100b0c000800cbac0c00caac10004224f2ff471416
:100b1c001000c62403004a8800004a980700478842
:100b2c00040047980000caac0400c7ac0400028e55
:100b3c00211045000800478c1800e0102510e0003b
:100b4c00a8ff66245000e72403004d8800004d9850
:100b5c0007004c8804004c980b004b8808004b98fd
:100b6c000f004a880c004a980000cdac0400ccacb5
:100b7c000800cbac0c00caac10004224f2ff4714a6
:100b8c001000c62403004a8800004a9807004788d2
:100b9c00040047980000caac0400c7ac0400028ee5
:100bac00211045000c00478c1800e0102510e000c7
:100bbc00253060005000e72403004d8800004d985c
:100bcc0007004c8804004c980b004b8808004b988d
:100bdc000f004a880c004a980000cdac0400ccac45
:100bec000800cbac0c00caac10004224f2ff471436
:100bfc001000c62403004a8800004a980700478862
:100c0c00040047980000caac0400c7ac0400028e74
:100c1c00211045001000478c1500e0102510e00055
:100c2c0064ff86243000e72403004d8800004d98b3
:100c3c0007004c8804004c980b004b8808004b981c
:100c4c000f004a880c004a980000cdac0400ccacd4
:100c5c000800cbac0c00caac10004224f2ff4714c5
:100c6c001000c62403004788000047980000c7ac5a
:100c7c000400028e211045001400478c1500e01072
:100c8c002510e00098ff86243000e72403004d88ef
:100c9c0000004d9807004c8804004c980b004b88c2
:100cac0008004b980f004a880c004a980000cdac05
:100cbc000400ccac0800cbac0c00caac1000422435
:100ccc00f2ff47141000c624030047880000479821
:100cdc000000c7ac0400028e211045001800478ca0
:100cec001500e0102510e000ccff86243000e7242e
:100cfc0003004d8800004d9807004c8804004c9868
:100d0c000b004b8808004b980f004a880c004a983f
:100d1c000000cdac0400ccac0800cbac0c00caacd1
:100d2c0010004224f2ff47141000c6240300478829
:100d3c00000047980000c7ac0400028e211045004b
:100d4c001c00468c1500c0102510c0002528800002
:100d5c003000c62403004c8800004c9807004b88d8
:100d6c0004004b980b004a8808004a980f004788eb
:100d7c000c0047980000acac0400abac0800aaac6b
:100d8c000c00a7ac10004224f2ff46141000a5245e
:100d9c0003004688000046980000a6ac0100082518
:100dac003400842408002291ff0005312b10a2008e
:100dbc0025ff40145800632400a0023c081e422466
:100dcc001400bf8f1000b08f0800e0031800bd277f
:080ddc000800e0030000000024
:020000040000fa
:020000041d01dc
:100de400e0ffbd271c00bfaf1800b2af1400b1afc5
:100df4001000b0af2590a0006dfa400f2588c00008
:100e0400258040002c000012251000000080423292
:100e1400e3004014004044328003437e847b127c10
:100e24001000452e2400a0104018030080901200ea
:100e3400019d023c4c0e4224211052000000428cc1
:100e440008004000000000008c0e019dd80e019d9a
:100e5400100f019d440f019d900f019ddc0f019d1a
:100e6400f00f019dfc0f019d0810019d2010019db4
:100e74002c10019d2011019d3411019d4c11019de7
:100e84005c11019d7411019d0100312e4000028e00
:100e94008410227e400002ae07008010010002246c
:100ea400010063380100632c3f0002920400627c5d
:100eb4003f0002a2010002241c00bf8f1800b28f61
:100ec4001400b18f1000b08f0800e0032000bd278c
:100ed400010003240100312e4000028ec418227e3a
:100ee400400002aef4ff60100100022401006338e8
:100ef4000100632c3f0002924408627c3f0002a27e
:100f0400edff001001000224010003240100312e32
:100f14004000028e0421227e400002aee6ff6010f3
:100f240001000224010063380100632c3f00029297
:100f34008410627c3f0002a2dfff00100100022443
:100f4400030031324000028e0408227e0900201280
:100f5400400002aeffff0224140002ae4000028ee5
:100f6400010003240442627c400002aed2ff001060
:100f740001000224140000ae4000028e0442027cf0
:100f8400400002aeccff0010010002243c00049299
:100f940002000324c8ff8310251000004000038ec4
:100fa40000026330c4ff60142b8811004000038edc
:100fb4008002637cc0ff7110010002241cc7400f33
:100fc400252000024000028e8452227e400002aea0
:100fd400b9ff0010010002241cc7400f25200002a5
:100fe400100011a6b4ff0010010002243d0011a25c
:100ff400b1ff001001000224620011a2aeff001034
:10100400010002242b8811004000028e0484227ef9
:10101400400002aea8ff001001000224630011a2e8
:10102400a5ff001001000224a3ff201225100000d8
:101034000000228e010042300c0040500000228e3d
:101044000400238e4000028ec418627c400002ae6d
:101054000400238e0421627c400002ae0400238e2f
:101064008410627c400002ae0000228e02004230f6
:10107400050040500000228e0400228e4000427c75
:10108400440002ae0000228e0400423007004050ab
:101094000000228e0400228e8000427c48000396c9
:1010a4000400437c480003a60000228e080042305e
:1010b400070040500000228e0400228ec000427cb3
:1010c400480003964408437c480003a60000228e8f
:1010d40010004230070040500000238e0400228e8e
:1010e4000001427c4000038e8494437c400003aea4
:1010f4000000238e200063306fff60100100022483
:101104000400228e4001427c4000038ec49c437c38
:10111400400003ae68ff001001000224480002965c
:10112400c440227e480002a663ff0010010002248e
:101134002b88110048000296444a227e480002a6e9
:101144005dff0010010002242b881100440011ae41
:1011540059ff0010010002242b8811004800029658
:101164000400227e480002a653ff0010010002245e
:101174000100312e480002968452227e480002a6c5
:101184004dff0010010002240100312e4000028ea8
:101194008410227e400002ae41ff001001000324af
:1011a400847b127c1000432e43ff60102510000046
:1011b40080901200019d023cd01142242110520063
:1011c4000000428c08004000000000008c11019dca
:1011d400d40e019d0c0f019d440f019d900f019da4
:1011e400dc0f019df00f019dfc0f019d0810019d76
:1011f4002010019d2c10019d2011019d3411019d91
:0c1204004c11019d5c11019d7411019db5
:020000040000fa
:020000041d01dc
:1012100078ffbd278400bfaf8000b5af7c00b4afbe
:101220007800b3af7400b2af7000b1af6c00b0af74
:10123000258080002590c0000300a22818004010df
:101240000400918c0000828c0400428c0000c68c4b
:10125000009d053ce014a52409f84000252020024b
:101260000000028e0400428c0000468e009d053c6a
:101270001815a52409f84000252020028400bf8ffe
:101280008000b58f7c00b48f7800b38f7400b28f6c
:101290007000b18f6c00b08f0800e0038800bd279c
:1012a00025a0a0001800a0af08d7400f0400c48cf0
:1012b00009004014259840000000028e0000428c76
:1012c000009d053c7c09a52409f84000252020024a
:1012d000ebff00108400bf8f0800558e009d053c79
:1012e0009009a52407fb400f2520a002a70040106d
:1012f000009d053ca409a52407fb400f2520a00262
:10130000bc004010009d053c3015a52407fb400f94
:101310002520a002b3004010009d053c3815a524ef
:1013200007fb400f2520a002160040140400942a59
:1013300008008012009d053c0000028e0000428cd7
:101340004015a52409f8400025202002ccff0010fc
:101350008400bf8f1800a527d075400f0c00448e65
:101360009b004014009d053c0000028e0000428c52
:10137000fc12a52409f8400025202002c0ff00101f
:101380008400bf8f009d053c0c0ea52407fb400f79
:101390002520a00275004014259040001c00a527c0
:1013a00072a6400f25206002680040102000a38f25
:1013b0000000028e1000a3af0400428c0900072435
:1013c0001c00a68f009d053c6015a52409f840006f
:1013d000252020021c00a28f0900422ca7ff4014e8
:1013e0002800a78f0000028e0400428c2400a68fe4
:1013f000009d053c8c15a52409f8400025202002fd
:101400000000028e0400428c3000a78f2c00a68fb3
:10141000009d053cb415a52409f8400025202002b4
:10142000140006245000a527e9d3400f3400a42758
:101430000000028e0400428c5000a627009d053c4f
:10144000dc15a52409f840002520200214000624fc
:101450005000a527e9d3400f3c00a4270000028ece
:101460000400428c5000a627009d053cf015a524e1
:1014700009f84000252020024000a68f3100c0500e
:10148000009d063c0000c280040040540000028e13
:10149000009d063cc414c6240000028e0400428c49
:1014a000009d053c0416a52409f8400025202002d3
:1014b0004400a2935a0040105000a52714000624af
:1014c000e9d3400f4800a48f0000028e0400428c34
:1014d0004400a6930300c0145000a727009d073cba
:1014e000d014e724009d053c1c16a52409f84000f3
:1014f000252020024500a293440040101400062439
:101500005000a527e9d3400f4c00a48f0000028ea5
:101510000400428c4500b293030040165000a727f8
:10152000009d073cd014e72425304002009d053c77
:101530003816a52409f840002520200250ff00108d
:101540008400bf8fd4ff0010c414c6240000028e94
:101550000000428c009d053c5416a52409f840006b
:101560002520200246ff00108400bf8f0000028e5d
:101570000000428c009d053cb009a52409f84000fc
:10158000252020023eff00108400bf8f15f9400f78
:10159000252060021b004010009d023c009d023c83
:1015a000401442240000038e1000a2af0400628c9d
:1015b0000800478e0000468e009d053c7016a5244d
:1015c00009f84000252020022dff00108400bf8f65
:1015d0001800a58f2df9400f25206002edff0010a7
:1015e0000000000021f9400f25206002e9ff0010f3
:1015f00000000000f8c0400f25206002e5ff001049
:1016000000000000e7ff0010d81442240000028e02
:101610000400428c009d073cc3ff0010d014e72457
:101620000000028e0400428c25304002009d073ce1
:08163000acff0010d014e72408
:020000040000fa
:020000041d01dc
:1016380090ffbd276c00bfaf6800b5af6400b4afc2
:101648006000b3af5c00b2af5800b1af5400b0afa8
:101658000f0005242eda400f09000424010042304f
:1016680062004014f2ff13246c00bf8f6800b58f2e
:101678006400b48f6000b38f5c00b28f5800b18fe4
:101688005400b08f0800e0037000bd272c000296bc
:101698000800422cc0004014252860022000028e59
:1016a8004004427c5c0040144800a6271c00118eb0
:1016b800ee67400f04002496259040002c00029607
:1016c800b500521425286002060022961d0040101d
:1016d8001800148e2000028e0004423019004014b5
:1016e800253000000c00828e2000a2af1000828ef0
:1016f8002400a2af2800a0a3110002242900a2a35d
:10170800040022962a00a2a70c000524f667400fc1
:101718002000a427273002002000028e0400423057
:1017280038004010ffffc6302538c0002530400281
:10173800252820020ba0400f252000029600401407
:10174800f6ff0524ee67400f00002496000022a64d
:10175800ee67400f02002496020022a6f8ff5226e8
:10176800040032a60100062425282002985b400fb9
:1017780025200002aa004010258840004800429415
:101788000200423005004010e0000324100082925d
:10179800f000423080004314f1ff0524faef400fb7
:1017a800252000002590400025280002b5f8400fac
:1017b8004c00242660002296000142309a00401016
:1017c800252840025800348e5c00358e03f2400f05
:1017d80025200000050080122538a00200010624fb
:1017e8002800058e09f88002120024868ee3400f37
:1017f80009000424a5ff4014258040009bff001029
:101808006c00bf8f25284002f667400f2520200274
:10181800caff0010000000004c00a527f2f1400f9d
:10182800252000025c004010252860021c00128e52
:10183800ee67400f04004496258840002c0002966d
:1018480055005114252860020600429634004010c5
:10185800000000002000028e0004423030004014d6
:101868004800a38f03006688000066980700658813
:10187800040065980b006488080064980f0062886b
:101888000c0062982000a6af2400a5af2800a4afe2
:101898002c00a2af4c00a38f030066880000669856
:1018a80007006588040065980b0064880800649840
:1018b8000f0062880c0062983000a6af3400a5af14
:1018c8003800a4af3c00a2af040042964000a2af8b
:1018d8004400a0a74600a0a3110002244700a2a329
:1018e8002530000028000524f667400f2000a427b3
:1018f800273002002000028e040042302b004010e6
:10190800ffffc6302538c0002530200225284002b8
:101918000ba0400f252000021f004014f6ff0524ed
:10192800ee67400f00004496000042a6ee67400fa5
:1019380002004496020042a6f8ff2226040042a6ae
:101948000200062425284002985b400f252000024b
:101958001b004014259040002800048e3200029697
:101968002800422421882202ffff31321c00b1af37
:101978001800a0af010002241400a2af0400022442
:101988001000a2af4800a78f4c00a68f59a0400fa7
:1019980025280002f1ff052409000624dbe1400f99
:1019a8002520000291ff00100000000025282002d9
:1019b800f667400f25204002d7ff00100000000006
:1019c800faef400f25200000258840002528000256
:1019d800b5f8400f4c0044266000429600014230a2
:1019e80015004010252820025800548e5c00558ea2
:1019f80003f2400f252000007cff80122538a0024a
:101a0800000106242800058e09f880021200448689
:101a180076ff001000000000dfff0010252860029c
:101a2800ddff0010f1ff052403f2400f2520000020
:101a38006eff00100000000003f2400f2520000098
:101a48006aff001000000000d3ff00102528600284
:020000040000fa
:020000041d01dc
:101a5800b8ffbd274400bfaf4000beaf3c00b7afe2
:101a68003800b6af3400b5af3000b4af2c00b3af18
:101a78002800b2af2400b1af2000b0af0f0005249a
:101a88002eda400f0200042425984000010042305d
:101a980009004050020073320100162400a0153cd2
:101aa800202bb5268ee3400f020004247100401459
:101ab80025a04000020073326200601200a0033cbf
:101ac800202b63241800628cd0074224180062acd3
:101ad8006210043cd34d8424190044001010000007
:101ae800821102005a00410f140062ac55004018e0
:101af80025a8400000a0023c242b538c1800732614
:101b080025a0000000a0163c01f6400f2520800209
:101b1800259040001400708e150000122588600280
:101b2800202bd7261400e28e0800038e23104300d2
:101b38003800e38e2b104300a1004014fcff05265b
:101b480009f9400fe8ff248e5ce3400f1400642677
:101b5800ffff07242530000004000526efc6400fcc
:101b6800252040021400308eefff00561400e28e4c
:101b78000000308e16000052e8ff228e202bd72658
:101b88001400e28e0800038e231043003400e38e15
:101b98002b1043000d004014fcff052609f9400fe7
:101ba800e8ff248e5ce3400f25202002fdff072478
:101bb8002530000004000526efc6400f252040020e
:101bc8000000308eefff00561400e28ee8ff228ef0
:101bd8002400428c2800238e2b1043001700405409
:101be800010094262c00228e1400405001009426f7
:101bf80025b800005ce3400f252020020e004010ad
:101c080025804000fcff452409f9400fe8ff248e99
:101c1800fcff07242530000004000526efc6400f0e
:101c2800252040020100f7262c00228e2b10e2020c
:101c3800f0ff40140000000001009426b2ffb41623
:101c4800480073264400bf8f4000be8f3c00b78f0a
:101c58003800b68f3400b58f3000b48f2c00b38fa6
:101c68002800b28f2400b18f2000b08f0800e00355
:101c78004800bd271800908e48f1400f252000022b
:101c88000000029644005614f2ff0524040003964f
:101c98000604022441006214020006241b00178a6d
:101ca8001800179a2800918e0400b28e6eff400f1c
:101cb800252020021100038a0e00039a1800a3af02
:101cc800c018020021186200c018030021904302c6
:101cd8001800a5275db7400f0000448e050040108e
:101ce8002590400008000626252840006abf400fbe
:101cf800252020020400228e2700e2160200052477
:101d080042002296001042302400401402000624ab
:101d180015004056060002960400b78e6eff400f6d
:101d280025202002c090020021904202c09012009b
:101d38002190f2021800a5276dbd400f0000448ec7
:101d48000800401025204000000042940200423064
:101d58001600401008000626180047261ddd400f13
:101d680080000524060002960b0056140200052484
:101d78001100078a0e00079a0400268e3c002226ce
:101d88001400a2af080010261000b0afed8c400f71
:101d9800252020020200052402000624dbe1400f72
:101da800252080023fff0010000000002528800049
:101db8006abf400f25202002ebff001006000296a4
:101dc80042005e960010de33202bd726fcff0396d8
:101dd80000026230020040504400e2964600e2965b
:101de800120004962b108200190040500000108e3b
:101df8001400e28e0800058e231045003c00e58e95
:101e0800022085702b104400110040540000108ef1
:101e18000300c013000163300d0060500000108ef5
:101e28000400078e0400468e1400a0af1880822795
:101e38001000a2af01000524ed8c400f25204002c0
:101e48001200029601004224120002a60000108e21
:101e5800dfff0056fcff039646ff00100000308e9f
:020000040000fa
:020000041d01dc
:101e6800c8ffbd273400bfaf3000beaf2c00b7afee
:101e78002800b6af2400b5af2000b4af1c00b3af44
:101e88001800b2af1400b1af1000b0af00a0033c0f
:101e9800101e63902b188300120060144c00b28f40
:101ea80004004012ffff0224fdff0224000042ae9e
:101eb800ffff02243400bf8f3000be8f2c00b78f85
:101ec8002800b68f2400b58f2000b48f1c00b38f74
:101ed8001800b28f1400b18f1000b08f0800e00313
:101ee8003800bd272510800025a0a00025b8c00017
:101ef8000500a330050004241700641425b0e00091
:101f080040180200218062008080100023800202b5
:101f1800c08010006400102600a0113c081e312665
:101f2800218030022118620080180300211062000d
:101f380080100200a0014224218822020000028ea3
:101f48004400405430008232daff4012ffff02247e
:101f5800d8ff0010000042ae0600a330060004249b
:101f68001000641440180200218062008080100074
:101f780023800202c08010000c00102600a0113c33
:101f8800081e3126218030022118620080180300c3
:101f980021106200801002006c014224e7ff00104b
:101fa800218822020900a3300900042410006414c7
:101fb8004018020021806200808010002380020205
:101fc800c08010001401102600a0113c081e312604
:101fd800218030022118620080180300211062005d
:101fe8008010020008024224d4ff00102188220237
:101ff8000a00a3300a0004241000641440180200e8
:10200800218062008080100023800202c0801000be
:10201800bc00102600a0113c081e31262180300289
:10202800211862008018030021106200801002004d
:10203800d4014224c1ff0010218822029dff4012d2
:10204800ffff0224fdff0224000042ae99ff0010aa
:10205800ffff022410004014200082325400028e38
:102068000f00401025f0000009f840002520c002ac
:102078000b00401025f00000200094360800228e46
:102088000700401401001e248aff4012ffff0224ab
:1020980088ff0010000042aef8ff401425f0000051
:1020a800ffff053400a0043c8df9400f0c1e84246a
:1020b800010003240700435000a0023c7dff4012aa
:1020c800ffff0224fcff0224000042ae79ff00104b
:1020d800ffff0224a01c4224259800000a000324c4
:1020e800000044901000805025a86002010073266b
:1020f800fbff63162400422400a0043c99f9400f1a
:102108000c1e842401000324520043100000000028
:1021180068ff4012ffff0224fcff0224000042aec9
:1021280064ff0010ffff0224c010130021105300a9
:102138008010020000a0033ca01c6324211043006f
:1021480001000324000043a000a0043c99f9400fbb
:102158000c1e8424010003240d004310c01013003a
:10216800211053008010020000a0033ca01c63242f
:1021780021104300000040a04eff4012ffff022440
:10218800fcff0224000042ae4aff0010ffff0224b9
:102198000000028e4800a68f2528c00209f84000da
:1021a8002520e00200a0033cc0201300212093005a
:1021b80080200400a01c632421186400060062a487
:1021c800ffff03240b004314c018130021187300e9
:1021d8008018030000a0043ca01c8424211864007b
:1021e80034ff4012000060a0fcff032431ff001000
:1021f800000043aec01013002110530080100200ed
:1022080000a0033ca01c632421104300080050ac2c
:102218000c0051ac040054a402004012030040a07a
:10222800000040ae0800c013c018150000a0023c12
:102238002118750080180300a01c422421104300b7
:1022480001000324020043a00100732619ff0010b7
:10225800ff00623217ff4012ffff0224feff022434
:0c226800000042ae13ff0010ffff022434
:020000040000fa
:020000041d01dc
:10227400c0ffbd273c00bfaf3800b5af3400b4afda
:102284003000b3af2c00b2af2800b1af6dfa400fed
:102294002400b0af43004010258800002580400092
:1022a40074dd400f252040003f004010251020021f
:1022b4004000078e0002e230440040540c00028ebd
:1022c4000800118e0000028e23882202ffff3132a3
:1022d40034002012010003243c0002923d0043100c
:1022e400020003242f004314258800000c00028ef2
:1022f4003000528c2c0040122510200294f7400f1d
:10230400252040022800401025102002240012ae8f
:102314000000058e0800118e23882502ffff31324c
:10232400253020028cd7400f0c00048ecb004010c7
:1023340011000524c4ef400f0c00048e7ffe400ff3
:102344000c00048e25904000ee67400f2a0004968e
:10235400000042a6ee67400f28000496020042a641
:1023640008002426ee67400fffff8430040042a6d5
:102374004655400f0c00048e0c00048e0d00829014
:10238400200042300800401425102002f3cf400ff3
:1023940000000000060040a6040040a60000028ed3
:1023a400080002ae251020023c00bf8f3800b58f14
:1023b4003400b48f3000b38f2c00b28f2800b18f5b
:1023c4002400b08f0800e0034000bd27c0ff0010c8
:1023d400540051941400028ef2ff4010258800002e
:1023e4008000e230040040108001e77c2400028e6b
:1023f4000e0040544000028e1800062614000526e4
:1024040089cb400f2400048e240002aee5ff401067
:10241400258800004000028e80004234010003241d
:102424008431627c400002ae4000028e03004230e0
:1024340002000324050043540c00128ed9f8400f07
:102444002400048e140002ae0c00128e1800028eba
:10245400380042ae1400028e3c0042ae2400028ecc
:10246400400042ae4000028e000242305e00405006
:102474000800118e48005526540051960800022485
:102484001c00538e1000438e0c00649421104400f1
:102494000c0062a408003426ffff9432ee67400f5c
:1024a4002a000496000062a6ee67400f28000496f6
:1024b400020062a6ee67400f25208002040062a697
:1024c400060060a62400028e800042900200423082
:1024d4001e004014253000003800428e1000a2afc8
:1024e4003c00428e1400a2af1800a0a311000224e5
:1024f4001900a2a3040062961a00a2a70c000524e6
:10250400f667400f1000a427273002004000028e17
:10251400000242303b004010ffffc6300800052493
:10252400f667400f2520600227300200ffffc63007
:1025340025282002f667400f0800a48e2710020009
:10254400ffff423027100200060062a63c004292c0
:10255400f0004230e0000324300043146300029290
:10256400ff00433001006050010002241d00a2a3bb
:102574004800028ec028437c1c00a3a34002427c76
:102584001e00a2a31c00a7272530800211000524e9
:10259400f96b400f25204002000040ae4000028e3f
:1025a4008004427c340042a648fd400f25204002ae
:1025b4007dff4014251020021000428e0c0040a420
:1025c4004000028e00024230220040500000028e81
:1025d400540040a62000428ec418027c200042ae63
:1025e40070ff0010258800000000028e238822025c
:1025f400ffff313208002226ffff4230a0ff001007
:1026040025a8000025288002f667400f25206002d7
:1026140027100200cbff0010ffff42301d00a2a3d1
:102624004800028ec028437c1c00a3a34002427cc5
:102634001e00a2a31c00a727253080021100052438
:10264400f96b400f25204002000040aed5ff00107a
:1026540025100000dfff0010080002ae51ff00103b
:042664002588400085
:020000040000fa
:020000041d01dc
:102668002540c000251080009400e0142518a00023
:102678002b30a6003200c010203006710600c010b2
:1026880023200600062082000418c5000440c80064
:10269800251883000410c200022c08001b006500e6
:1026a800f401a000ffff0731024c020012200000d5
:1026b8001018000002208770001c0300251869000c
:1026c8002b48640008002051231864002118680072
:1026d8002b486800030020152b4864000100205592
:1026e80021186800231864001b006500f401a0008d
:1026f800ffff4230122000001018000002208770ef
:10270800001c0300251062002b18440009006050cb
:1027180023104400211048002b184800050060547d
:10272800231044002b184400010060542110480075
:10273800231044000610c2000800e003251800001a
:1027480004000015010003241b006800f4010001c7
:1027580012400000203006712900c0142000032414
:102768002328a800022408001b00a400f40180000c
:10277800ffff0731024c0200121800001028000069
:1027880002186770002c05002528a9002b48a30013
:10279800080020512328a3002128a8002b48a800be
:1027a800030020152b48a300010020552128a8006c
:1027b8002328a3001b00a400f4018000ffff42307f
:1027c800121800001028000002186770002c05007d
:1027d8002510a2002b204300d6ff80502310430071
:1027e800211048002b204800030080142b204300b0
:1027f8000100805421104800ceff00102310430030
:10280800231866000438c5000440c8000610640098
:102818000628650025104700023c08001b00a70099
:10282800f401e000ffff0931025402001218000011
:102838001028000002186970002c05002528aa003d
:102848002b50a300080040512328a3002128a800ea
:102858002b50a800030040152b50a3000100405541
:102868002128a8002328a3001b00a700f401e000ea
:10287800ffff42301218000010280000021869708b
:10288800002c05002528a2002b10a30009004010e9
:102898000410c4002128a8002b10a800050040142b
:1028a8000410c4002b10a300010040542128a800e4
:1028b8000410c400abff00102328a3002b40a7007e
:1028c8005c0000152040e8700b0000552000022431
:1028d8002b40e500030000152b408600550000152d
:1028e80000000000231086002338a7002b18820060
:1028f8000800e0032318e3002310480006184600e8
:102908000438070125386700026407000418050128
:10291800062845001b00ac00f4018001ffffea30e7
:102928000658440025586301021c0b001270000071
:102938001028000002684e71002c05002518a3001d
:102948002b286d000a00a0102548c0012118670037
:102958002b2867000600a014ffffc9252b286d004f
:102968000400a05023186d00feffc9252118670038
:1029780023186d001b006c00f4018001ffff6b3110
:10298800122800001018000002504571001c0300b6
:1029980025186b002b606a000a0080112558a000da
:1029a800211867002b60670006008015ffffab2425
:1029b8002b606a0004008051004c0900feffab2424
:1029c80021186700004c090025482b01042806013e
:1029d8001900250123186a00105800001250000041
:1029e8002b606b0004200401254860010500801558
:1029f8002530400107006b142b608a000600801107
:102a08002330860023304501233867012b504601c7
:102a18002348ea00233086002b208600231869000b
:102a280023186400041043000630060125104600f0
:0c2a3800061803010800e0030000000085
:020000040000fa
:020000041d01dc
:102a4400c8ffbd273400bfaf3000beaf2c00b7af06
:102a54002800b6af2400b5af2000b4af1c00b3af5c
:102a64001800b2af1400b1af1000b0af25908000d1
:102a740025a8a0002598c000010002240300a2108c
:102a840025a0e0000600c01425b0000071d9400f55
:102a9400ffff11241700401025b060022598400064
:102aa400ffff053475f9400f408184274c81838fe3
:102ab4000d0060105c81848f2588000025f00000e3
:102ac40080101e00211082000000428caa00405099
:102ad4005081848f01003126208e117c2b1023021b
:102ae400f7ff401425f0200281f9400f408184272c
:102af400ffff1124251020023400bf8f3000be8f49
:102b04002c00b78f2800b68f2400b58f2000b48f17
:102b14001c00b38f1800b28f1400b18f1000b08f57
:102b24000800e0033800bd27448183973c0011a6c8
:102b3400000017ae010042242110e202040002ae9c
:102b4400140005ae2128a300180005ae18020224c3
:102b54006a0002a680f01e005c81828f21f05e0074
:102b64000000d0af81f9400f4081842762000296b3
:102b7400720002a60000028e080002ae0c0002ae33
:102b8400100002ae1400028e1c0002ae200002ae41
:102b94003e0003964408037c8410037cc418037c21
:102ba4000421037c4429037c8431037cc439037ce1
:102bb4000442037c01000424444a837c8452037c41
:102bc4003e0003a6740002968410027c444a027cf0
:102bd400c418027c740002a6380000ae340000aeb3
:102be400540000aeffff03245c0003ae640004a69f
:102bf400010003246e0003a6600000a6400000ae9e
:102c0400ffff43300020423002004014790000a24c
:102c1400480000ae0040623001004050440000ae65
:102c2400870000a20100022414004212770012a2bd
:102c340002000224210042564c0000ae06d5400f8b
:102c4400252000021d0040104c0002ae74000296c4
:102c54000408427e2000a016740002a6620013a697
:102c64003e000296010003240400627c3e0002a69a
:102c7400760000a29fff0010720013a62000073cfc
:102c84000600e72404000624140005244de0400f48
:102c940078000424090040504c0002ae029d033c1d
:102ca40094fb6324080043ac0c0050ac01000324e3
:102cb400700043a4e3ff0010580043a4770002927d
:102cc400e3ff40507400029651d9400f25200002c2
:102cd40088ff0010ffff1124620013a642f0400f8a
:102ce400600016a6240002ae3e00039601000224f2
:102cf4004408437c0c0042123e0003a60200022456
:102d040010004212000000003287400f252000020c
:102d1400000042280b000324010004240a18820046
:102d240074ff0010760003a2f7ff80120000000079
:102d34000000828ef4ff4054400002aef2ff001007
:102d44000000000071fe400f4c00048e2528800214
:102d5400b9e0400f4c00048e9600410f00000000c3
:102d64002530000025284000b4f4400f252000023f
:102d7400e5ff0010000000000800828c8800062493
:102d840009f8400001000524258040005081848f0b
:102d9400468185970400828c09f840000100a5242f
:102da40025b840005081848f448185970400828c2b
:102db40009f840000100a524050000122528400060
:102dc4000400e0125081848f57ffa05446818297fb
:102dd4005081848f0c00828c09f84000ffff11247d
:102de4005081848f0c00828c09f840002528e00271
:102df4005081848f0c00828c09f840002528000241
:102e040081f9400f408184273bff001025102002e8
:020000040000fa
:020000041d01dc
:102e140060ffbd279c00bfaf9800beaf9400b7af62
:102e24009000b6af8c00b5af8800b4af8400b3afe8
:102e34008000b2af7c00b1af7800b0af0f000524c2
:102e44002eda400f0e000424258840000200423090
:102e54000a00401000a0023cdc2b508444001224e1
:102e640060e6400f252000029700401400a0023cb9
:102e7400e02b4294a400405425900000000131321c
:102e8400860020129c00bf8f000105242eda400f1b
:102e94000e00042400a0023cdc2b42241400448cc9
:102ea4000400838c09f86000020045947a00401005
:102eb4002598400000a0023cdc2b5784dc2b4224e4
:102ec4000800468c030005247943400f2520e002c6
:102ed40025a8000000a01e3cdc2bd027049d023c4a
:102ee4006c00a2af049d023c7000a2af06000496e1
:102ef40001000224041082000c00038e24104300fd
:102f0400540040500600029601f6400fdc2bd18796
:102f14002590400066fb400f2520400056004010dd
:102f2400253000004377400f25202002020003963d
:102f34002b1043004f00401425b000001000b3af25
:102f44001800b2af1c00a0af2000a3af2400b3afa1
:102f54001c00028e3400a2af6c00a28f88e95424b6
:102f64007000a28fb4e942246800a2af1400b6af87
:102f74002800a0af2c00a0af3000a0af0000828ecc
:102f840009f840001000a427800040041c00a38f0f
:102f9400211862001c00a3af2000a38f2318620035
:102fa4002000a3af2400a38f211862000600401064
:102fb4002400a3af0d000224feff62a02400a28f10
:102fc4000a000324ffff43a0040094266800a28f94
:102fd400e6ff82160100d6261c00a28ffdff4224c4
:102fe4001c00a2af25284002cebf400f252020029e
:102ff4000400428e6400a2af6400a62701000524e9
:1030040058ef400f252020021c00a69703006526d8
:1030140035ca400f252020021c00028e03004010f8
:103024002528200209f84000252040029d48400f31
:1030340025202002060003960100022404106200e9
:10304400271002000c00038e241043000c0002ae73
:103054000600029601004224ffff4230040003965a
:1030640001004350251000000100b5269fffa31660
:10307400060002a625300000010005247943400f14
:103084002520e00200a0023cf02b448c0c00828c32
:1030940009f84000252860029c00bf8f9800be8f6d
:1030a4009400b78f9000b68f8c00b58f8800b48fd2
:1030b4008400b38f8000b28f7c00b18f7800b08f12
:1030c4000800e003a000bd276400a5275cfe400fb4
:1030d400252000026400a293070052141000a527c3
:1030e4005d62400f2520000202000624080005242a
:1030f40024db400f5800a48faef1400f25200002be
:1031040057ff00100000000000a0103cdc2b10262c
:103114000100142401f6400f2520400225984000a8
:1031240039f7400f252040000c00401404105402cd
:10313400271002001000038e24104300100002ae7a
:1031440001005226040002962a104202f1ff4014a4
:10315400000000004aff0010000131321000028e0e
:103164000418540224204300f5ff80142510430062
:10317400100002ae253000000800052424db400fb7
:1031840025206002efff001001005226252840028e
:10319400cebf400f252020020400428e6400a2af5f
:1031a4006400a6270100052458ef400f25202002c3
:1031b4001c00a6972528600235ca400f252020024e
:0831c4009aff0010000000005a
:020000040000fa
:020000041d01dc
:1031cc00b0ffbd274c00bfaf4800beaf4400b7af47
:1031dc004000b6af3c00b5af3800b4af3400b3af6d
:1031ec003000b2af2c00b1af2800b0af5400a5af87
:1031fc005800a6af6000b2976400b19734008010fd
:10320c006800b38f0800422e3100401425a88000be
:10321c006eff400f6481948f001902002118620028
:10322c00c018030021a08302080006242000a52753
:10323c0030fd400f25206002ee67400f2200a4975e
:10324c002200a2a76c00908e1300001225b0400043
:10325c002400b78f0800028e0c00571410000624af
:10326c0004001e8e5400a58fa9f6400f0800c42739
:10327c0006004014100006245800a58fa9f6400f34
:10328c001800c4273d004050f8ff52260000108e55
:10329c00f1ff00560800028e6881848f0400828c36
:1032ac0009f8400014000524090040102580400056
:1032bc006881848f0400828c09f840007c00858e24
:1032cc0010004014040002aeefe8400f252000026d
:1032dc00010002244c00bf8f4800be8f4400b78f02
:1032ec004000b68f3c00b58f3800b48f3400b38fdc
:1032fc003000b28f2c00b18f2800b08f0800e00393
:10330c005000bd27000000ae8000828e120002a289
:10331c002400a28f080002ae0e0011a60c0011a60c
:10332c00100000a61400628e0e004224180062ae3b
:10333c00253020020400058ef3eb400f252060029f
:10334c0008002226ffff42300e0042241400638e38
:10335c0021106200180062ae280002242b002216f5
:10336c002000a3930400028e060043a0252800022f
:10337c00b5f8400f6c008426f8ff5226ffff52323e
:10338c004d0040122000a58fc22c05000200a01495
:10339c0021105102100002a6c0100500211051008e
:1033ac00211052007c00838e2b1062001e004010f6
:1033bc000100d632eb67400f0200242608003126ac
:1033cc0021885102ffff31321c00b1af1800a2afaf
:1033dc00040002241400a2af1000a0af5400a78f69
:1033ec005800a68f2528600259a0400f2520a00266
:1033fc0025280002aede400f6c008426efe8400f5b
:10340c0025200002b3ff0010010002246c00a397da
:10341c00231823020400028e211043002000a393e2
:10342c00d2ff0010000043a04100c0122110510235
:10343c00ffff56300700423016004010c028050030
:10344c00eb67400f040004240800d626ffffd63299
:10345c001c00b6af1800a2af040002241400a2afe7
:10346c001000a0af5400a78f5800a68f252860022b
:10347c0059a0400f2520a00225280002aede400fe7
:10348c006c008426efe8400f2520000291ff00100d
:10349c00010002242128b1000400028e25304002d4
:1034ac0021284500f3eb400f252060020c0002960a
:1034bc00211042020c0002a60e0002960c0003968c
:1034cc0083ff6214d8ff4224ffff42300e0002a695
:1034dc000400038e003a447c040064a00400038eb4
:1034ec00050062a00400028e1800728e180062aef5
:1034fc001400718ef2ff4224140062ae2528600283
:10350c00732b400f2520a002180072ae140071ae70
:10351c00100000a625280002aede400f6c008426a9
:10352c00efe8400f252000026aff00100100022482
:10353c00c0b005002188d1020400058e2530400260
:10354c002128b100f3eb400f252060020c000296fd
:10355c00211042020c0002a6219056020e00029687
:0c356c0021904202d4ff00100e0012a6b5
:020000040000fa
:020000041d01dc
:10357800000000000400000000000000000000003f
:103588009435019d94e6039d000000009835019d47
:10359800f006039d54d9039d88df039d604c029d6e
:1035a8006cfa039dbcdf039db835019d0000000047
:1035b800e0fd039d2c90039d20df039d8c01049d5d
:1035c8000000000050fa039da8fc039d01000000c4
:1035d800dc35019d0437019dac36019d5436019db3
:1035e800fc35019d00000000000000000000000004
:1035f8000000000038f9039d0cff019d3c2c029d42
:1036080098b8019de40d019d6431039d0000000000
:10361800000000005cc0029d0000000078b8039d17
:103628007489019d7422019d00000000b8c6039da5
:103638000832039d806d039d0018029dd428039dc8
:103648008099039d0cdd019d34e3039d1cf9039dc6
:103658000cff019d3c2c029d98b8019de40d019d35
:103668006431039d00000000000000005cc0029d62
:103678000000000078b8039d7489019d7422019da3
:1036880000000000b8c6039d0832039d806d039dad
:103698000018029dd428039d8099039d0cdd019d8f
:1036a80034e3039d1cde039da878029d5033039ddf
:1036b800ac36029d14e8019dc8be039d80be039de3
:1036c80014e5039dacd8039df09a039db876039d3d
:1036d8002426029d40c7039d34df029d64a3039df9
:1036e800f433039de86e039d3035029d948e019d51
:1036f80044e5039d0cd3039d04e3039de80a029d62
:10370800a878029d5033039dac36029d14e8019db4
:10371800c8be039d80be039d14e5039dacd8039de0
:10372800f09a039db876039d2426029d40c7039d09
:1037380034df029d64a3039df433039de86e039d6b
:103748003035029d948e019d44e5039d0cd3039d65
:1037580004e3039d11000000030000002438019dcc
:10376800060000000000000002000000a838019dcb
:10377800040000003438019d07000000000000002c
:103788000800000000000000090000009038019dba
:103798000a0000008838019d0c0000005c38019d7b
:1037a8000e0000009838019d0f0000003c38019d74
:1037b800130000005438019d150000006c38019d6d
:1037c8001a0000009c38019d200000000000000045
:1037d80001000000b80300a0401000000039019d5e
:1037e80001000000f421009dfc21009d0000000064
:1037f8000822009d1822009d2822009d2822009d55
:103808003822009dd800009d0900000048a5029daf
:103818000000000000000000000000000a00000096
:10382800000000000000000000000000ea050000a1
:103838003c0000000100000005000000000000003e
:103848000500000001000000010000000000000069
:1038580000000000000000000a0000004400000012
:10386800430000004022009df421009d010000005b
:103878000600000094020000580200000e0000003c
:103888000a000000000200020a0000020000000016
:103898000000000002000000000017000000000007
:1038a8000500000001000000b00400003c0000001a
:1038b80002000000320000004b0000000100000080
:1038c800030000000100000000000000009088bf15
:1038d8000000000040000000e8fb039d000000001d
:1038e8009860029df838019d00000000ac0300a01c
:1038f80000000000009088bf0800000608000400cf
:10390800000001000200f40137420000009088bf67
:08391800c829029dd038019d71
:020000040000fa
:020000041d01dc
:10392000a8ffbd275400bfaf5000beaf4c00b7afdb
:103930004800b6af4400b5af4000b4af3c00b3aff1
:103940003800b2af3400b1af3000b0af2590800086
:103950002588a000240093840000a294c439027c2e
:103960000000a2a42900b0900400848c11008010f3
:103970001c00b48c3dab400f0100062449004014ec
:10398000f9ff02245400bf8f5000be8f4c00b78f48
:103990004800b68f4400b58f4000b48f3c00b38f11
:1039a0003800b28f3400b18f3000b08f0800e003d0
:1039b0005800bd272000a0af2400a0af2800a0af72
:1039c0002c00a0af040006242000a52780c8400fcb
:1039d0000800448e040006242000a52780c8400f5c
:1039e0001c00248e9600410f0000000004000624f5
:1039f0002000a52780c8400f252040005a00410f15
:103a0000000000000d00401825b0400025a800006f
:103a100001f6400f2520a002040006242000a5275f
:103a200080c8400f25204000050040502000b627e8
:103a30000100b526f6ffd516000000002000b627cd
:103a40003000a3272510c00225b800000000448cd8
:103a5000010080540100f72604004224fbff4314b8
:103a600004001e2425a800000000c48e070080105a
:103a7000ffffe6262630d5000100c62c3dab400fe7
:103a80002528200207004014000000000100b52690
:103a9000f5ffbe160400d6261c0020aeb9ff0010ac
:103aa000f9ff02240e008016290022921100501006
:103ab000040010261c00348e8080100021809002ab
:103ac0000000028e0b0040102000a2af2000a527ae
:103ad0004fc5400f252080020600001000000000a6
:103ae000f5ff5014040010261c00228ef3ff54141e
:103af000808010004377400f252060022518400089
:103b0000a0ff6010f6ff02242530000025280000e9
:103b100031d4400f25206002f8f2400f25206002ca
:103b20002580400097ff0012f6ff02241c00278e1c
:103b30000400e7242530000001000524c37f400f66
:103b4000252060021c00238e2900229204004224ba
:103b500080100200211062000000428c1c00a2af05
:103b60001c00a6271800458e49c7400f252060027b
:103b7000350005246aef400f2520600296fc400fb7
:103b80000400163cffff4430ee67400f240024a6db
:103b90001000a2a7ee67400f000104241200a2a7a4
:103ba000ee67400f010004241400a2a71a00a0a78a
:103bb0001800a0a71600a0a71000a48f1400a38fc0
:103bc0001800a28f030004aa000004ba070003aa89
:103bd000040003ba0b0002aa080002ba0c00022675
:103be0002000258e2590a0000d00de260100522623
:103bf000ffff54822a008012d4ff9426ff009432e3
:103c00001300832ef9ff601006189e020100633036
:103c1000f6ff601023a84502ffffb52601005724d8
:103c2000000055a02530a002f1fa400f2520e00247
:103c30000900c326061883020100633016006010d5
:103c40002110f502000040a0010040a028002392ae
:103c5000020043a0030040a001000324040043a08d
:103c60000500422423805000ffff10322530000061
:103c70002528000231d4400f252060029d48400fc6
:103c8000252060022618500001000224f6ff0424bb
:103c90003cff00100b108300d4ff001025284002c9
:103ca00023904502ffff522601005424000052a039
:103cb00025304002f1fa400f25208002e1ff00107c
:043cc000211092023b
:020000040000fa
:020000041d01dc
:103cc4002540c0002548e000255080009300e01402
:103cd4002518a0002b10a600350040102010c2703b
:103ce400060040102320020006208a000418450024
:103cf400044046002518830004504a00022c0800a2
:103d04001b006500f401a000ffff043102140a0047
:103d1400123800001018000002308770001c0300e5
:103d2400251862002b5866000a0060112510e00077
:103d3400211868002b58680006006015ffffe22474
:103d44002b5866000400605123186600feffe2242d
:103d540021186800231866001b006500f401a00008
:103d6400ffff4a3112300000101800000220867054
:103d7400001c030025186a002b3864000800e010ba
:103d84002528c000211803012b40680004000015f9
:103d9400ffffc5242b20640001008054feffc524ce
:103da40000140200251045000800e0032518200136
:103db4000400c014010002241b004600f401c000ea
:103dc40012400000203807711e00e0542000022435
:103dd4002328a80001000924021c08001b00a300da
:103de400f4016000ffff043102140a0012380000dd
:103df4001028000002308770002c05002528a2003e
:103e04002b58a6000a0060112510e0002128a80004
:103e14002b58a80006006015ffffe2242b58a600cb
:103e2400040060512328a600feffe2242128a800f4
:103e34002328a6001b00a300f4016000c9ff0010a2
:103e4400ffff4a31231047000440e8000418e5004e
:103e540002540800062845001b00aa00f401400192
:103e6400063044002530c300ffff0331024c060036
:103e7400125800001028000002106b70002c05007e
:103e84002528a9002b60a2000a00801125486001a2
:103e94002128a8002b60a80006008015ffff6925d3
:103ea4002b60a200040080512328a200feff692594
:103eb4002128a8002328a2001b00aa00f401400125
:103ec400ffffc630125000001028000002106a7074
:103ed400002c05002528a6002b30a2000a00c010e3
:103ee400251840012128a8002b30a8000600c01482
:103ef400ffff43252b30a2000400c050004c0900f2
:103f0400feff43252128a800004c09000450e400ca
:103f14002328a200b0ff0010254823012b18a70076
:103f240025480000a0ff6014251000002040e87020
:103f340007000055200002242b38e5009affe01406
:103f4400010002242b10860097ff00100100423864
:103f54002310480006184600043807012538670076
:103f6400025c070004180501062845001b00ab008d
:103f7400f4016001ffffe93006504400255043017d
:103f840002140a00126800001028000002602d715b
:103f9400001c0500251862002b286c000a00a010e4
:103fa4002510a001211867002b2867000600a01423
:103fb400ffffa2252b286c000400a05023186c00de
:103fc400feffa2252118670023186c001b006b005c
:103fd400f4016001ffff4a3112580000101800007c
:103fe40002282b71001c030025186a002b50650061
:103ff4000a00401125486001211867002b50670012
:1040040006004015ffff69252b5065000400405150
:1040140000140200feff6925211867000014020045
:1040240025104900043006011900c2002318650058
:10403400103800002b4867000700201512300000dc
:1040440059ff671425480000042004012b20860032
:1040540055ff801000000000ffff422452ff0010b3
:0440640025480000eb
:020000040000fa
:020000041d01dc
:10406800b0ffbd274c00bfaf4800beaf4400b7af9c
:104078004000b6af3c00b5af3800b4af3400b3afc2
:104088003000b2af2c00b1af2800b0af0f0005244c
:104098002eda400f030004240100423008004010cb
:1040a80040001724f2ff132400a0163ca82bd526a5
:1040b8008ee3400f030004240d00401425804000c7
:1040c8004c00bf8f4800be8f4400b78f4000b68faa
:1040d8003c00b58f3800b48f3400b38f3000b28ff6
:1040e8002c00b18f2800b08f0800e0035000bd27d6
:1040f8001800118e00002292f0004230a1005714df
:10410800252860020000328e809012003c00523256
:104118001400422e9c004014030006241000028e56
:104128000c0042942b10520097004014000000002d
:10413800ee67400f0200249625a040002b10520085
:10414800900040142528600257fa400f25200002ed
:104158002ba054008b0080162528600228001e8e94
:104168008800c013ecff05244200c297400042308b
:104178008d004010ffff02240c00238e8100621086
:10418800f5ff05240800c28f271002000400c48f21
:10419800251044007c006210030006241000348eb1
:1041a80079008012f4ff05240000268e0400248e76
:1041b8000800258e1000a6af1400a4af1800a5af04
:1041c8001c00a3af2000b4afee67400f0224040028
:1041d8001600a2a71400a28fff3f033c241043003f
:1041e80068004014252860022000028e0001423039
:1041f800060040142530000025284002f667400fcd
:10420800252020025f004014f6ff05240400c48f17
:104218000800c38f2428830017008512b481828f79
:10422800ffff0524110085122718030025186400d4
:104238000e0083122000a393f0006330e0000524f1
:10424800270065100001033c7f00632403008312ec
:10425800010042300800841600000000240040508d
:104268001800118e04000010000000000200423007
:104278001f0040501800118eb881828fb881838f3b
:10428800fdff4314000000003e004010ecff052431
:10429800d7f5400f2520a002a82bd18e0c002012a4
:1042a8000000000008002292060040102528400265
:1042b8000400228e09f84000252000024400401422
:1042c800000000000000318ef7ff205608002292ff
:1042d800e5f5400f2520a0022a000010ecff052478
:1042e80004004230e4ff4014000000001800118e62
:1042f8000000328e809012003c00523221103202af
:104308001c0002ae1000038e0c00629423105200b1
:104318000c0062a4ee67400f02002496020022a659
:10432800231052002c0002a6ee67400f06002496c8
:10433800060022a60900229211000424220044103b
:104348000400238e1200442c1d0080100100042458
:1043580004004410060004240a004414f1ff052454
:104368000a000424ff3f023c2418620050ff601436
:10437800010006247ecf400f252800024cff401480
:10438800f1ff052403000624dbe1400f252000028d
:1043980047ff001000000000faff00102528600207
:1043a800f8ff001025286002f6ff0010ecff052436
:1043b800f4ff0010f5ff0524f2ff00102528600225
:1043c800f0ff0010f1ff0524e6ff001009000424a7
:1043d800e5f5400f2520a002c5ff00101800118e3a
:020000040000fa
:020000041d01dc
:1043e800d0ffbd272c00bfaf2800b6af2400b5af63
:1043f8002000b4af1c00b3af1800b2af1400b1afc7
:104408001000b0af1800838c03000224140062145b
:10441800259080001000848c42008394080063304b
:10442800050060100100022425300000abcc400fcd
:1044380025280000010002242c00bf8f2800b68f19
:104448002400b58f2000b48f1c00b38f1800b28fe2
:104458001400b18f1000b08f0800e0033000bd27b2
:104468002c81948faa0080162588a00000a0023c09
:10447800042c40ac042c4224040040ac080040ac9e
:104488000c0040ac100040ac140040ac180040ac2c
:104498001c0040ac200040ac240040ace6ffa0105b
:1044a800251000001000a48c02000324e3ff8310f1
:1044b8002c00bf8f0800448e00a0023c142c44ac92
:1044c8000400a28c4098020021986202009913000f
:1044d800280073260400828c09f840002528600211
:1044e80025804000d4ff001225100000253060020e
:1044f80025280000d4fb400f2520000228000226b2
:10450800000002ae040010ae30000224080002ae23
:104518000400228e0c0002ae01000224100002ae3c
:10452800049d023cdcae4224140002ae039d023c12
:1045380050214224180002ae049d023cccf04224d3
:104548001c0002ae039d023cf86d4224200002ae1e
:1045580069f4400f2520000200a0033c042c70ac35
:10456800042c6324ffff0224240062a40800228e86
:10457800140062ac0c00248e200064a41400228e67
:10458800220062a41000258e180065ac0400238e5a
:104598002e006018ffff8430ffff553080a81500fb
:1045a8001000842421a8a40280a8150000a0163cad
:1045b800042cd6262528800284fb400f25200002e3
:1045c800259840001000c48e0400828c09f8400031
:1045d8002528a00206004014040062ae00a0043c96
:1045e80076c7400f042c842493ff00102510000088
:1045f800200060ae100060ae140060ae2000c396cc
:10460800060060502200c396100062ae2000c396d8
:1046180080180300211043002200c3960600605052
:10462800200062ae140062ae2200c3960019030097
:1046380021104300200062ae010094260400228e5f
:104648002a108202dcff401425288002c8000624b4
:10465800029d053cc414a524a7e1400f0f000424c3
:1046680000a0033c38004010102c62ac00a0023cb3
:10467800282c4384ffff0224220062142530000006
:104688003500052400a0023c4efe400f1c2c448c33
:1046980025804000ffff02242c00021200a0043ce9
:1046a8005300052455fe400f252000025300422cdc
:1046b8000600401053000624050005247943400fe6
:1046c800252000021e0040100000000025300000d8
:1046d800020005247943400f2520000225380000f8
:1046e800049d063cb4ddc6240001052482cc400f9d
:1046f80025200002120040100000000000a0023c2b
:10470800282c50a400a0023c042c4224308182af03
:104718001000448e4200829408004230030040108a
:1047280025300000abcc400f252800002c81828f5b
:10473800010042242c8182af3fff001001000224b7
:104748001eee400f2520000200a0043c2de5400f7e
:0c475800042c842438ff00102510000001
:020000040000fa
:020000041d01dc
:10476400b0ffbd274c00bfaf4800b5af4400b4afa5
:104774004000b3af3c00b2af3800b1af3400b0afcb
:104784000f0005242eda400f040004242580400085
:10479400010042304a0040140000000002001032c0
:1047a4003c000012feff02241800a2a380ff032491
:1047b4001900a3a31a00a0a31b00a0a31c00a0a37c
:1047c4001d00a0a31e00a0a31f00a0a30200032499
:1047d4002000a3a32100a0a32200a0a3ffff032481
:1047e4002300a3a32400a2a32500a0a32600a0a322
:1047f4002700a0a325a0000025900000019d133ce4
:1048040064497326029d153c5a00410f00000000c4
:104814002a104202300040140000000042f0400f11
:1048240000000000258840006c81908f25f2400f25
:1048340023805000401902002318620080180300ee
:1048440021186200c01803006210023cd34d4224b8
:104854001900620010180000821903002b80030263
:104864000d0000164c00bf8f359d400f0000000066
:104874001a5f400f0000000000a0043c3fc3400f3b
:10488400802b842400a0043c3fc3400f6c2b842461
:104894006c8191af4c00bf8f4800b58f4400b48f3a
:1048a4004000b38f3c00b28f3800b18f3400b08f1a
:1048b4000800e0035000bd27732b400f2800a48c90
:1048c4008ee3400f04000424fbff4014252840001d
:1048d400b3ff00100200103201f6400f2520400201
:1048e40025804000420042940001423028004010dc
:1048f4006481918f66fb400f252000022400401044
:10490400218834023c000292020042342000a2a317
:104914003d0002922100a2a33e0002922200a2a323
:104924003f0002922500a2a3400002922600a2a307
:10493400410002922700a2a3790022920600422c91
:104944001400405001005226790022928010020087
:10495400211062020000428c0800400000000000a8
:104964009449019d7c49019d144a019d8c4a019df5
:10497400ac4a019dbc4a019d7c5fa526f1b3400f62
:10498400252000020500401405000224790022a21b
:10499400010052269cff0010880094262538000050
:1049a400253000001800a527d271400f25200002f1
:1049b4000300401405000224f5ff0010790022a230
:1049c4002800a52741fa400f2520000209004010c5
:1049d40025284000253800002800a68fd271400ffa
:1049e400252000020300401405000224e8ff001003
:1049f400790022a24200029601000324c439627c99
:104a0400420002a602000224e1ff0010790022a263
:104a1400010006241800a52739be400f25200002f6
:104a2400120040100500062432fe400f252000022b
:104a34000b00401025284000ffff02241000a2af05
:104a44002538000025300000c876400f25200002dc
:104a54000300401005000224cdff0010790022a2bb
:104a640003000224caff0010790022a21800a5271f
:104a740039be400f25200002c5ff40140500022462
:104a8400c3ff0010790022a24800029600204230a1
:104a9400040040140400022431ee400f25200002db
:104aa40004000224790022a21dea400f25200002fe
:104ab400b8ff0010010052265de5400f25202002ba
:104ac4001dea400f2520000242000296c439027cf0
:084ad400afff0010420002a632
:020000040000fa
:020000041d01dc
:104adc00b8ffbd274400bfaf4000beaf3c00b7af2e
:104aec003800b6af3400b5af3000b4af2c00b3af64
:104afc002800b2af2400b1af2000b0af1800838cf7
:104b0c00030002241a0062142598800000a0023cc5
:104b1c00302b5090c800001200a0023c242b518c6a
:104b2c006eff400f1000848cc020020021208200f8
:104b3c00c0200400bfed400f2120240225100002ec
:104b4c004400bf8f4000be8f3c00b78f3800b68f3b
:104b5c003400b58f3000b48f2c00b38f2800b28f87
:104b6c002400b18f2000b08f0800e0034800bd275f
:104b7c0000a0023c2c2b548c9b0080162590a0008e
:104b8c00eeffa010258000000400a39000a0023cc2
:104b9c00202b4224100043a00400428c080040103b
:104bac00000090940400601400a0023c202b428c66
:104bbc00040050500800648e43a1400f0000000018
:104bcc000800648e00a0033c202b6224080044ac37
:104bdc00202b70ac0800438e340043ac0c00438e89
:104bec00380043ac1000438e3c0043ac1400438ea1
:104bfc00400043ac2000438e440043a42400438e69
:104c0c00460043a40400428c77004014480006245c
:104c1c000800828c09f840002528000225884000f5
:104c2c0000a0023c242b51acc4ff201225800000b4
:104c3c0000a0023c202b428c4f0040180000438ef9
:104c4c004010030021104300c01002002800422431
:104c5c001000a2af00a0153c202bbe26049d173cd3
:104c6c00049d163c049d023c1400a2af049d023c22
:104c7c001800a2af0800c48f0400828c09f8400011
:104c8c001000a58f050040142580400043a1400f63
:104c9c0000000000aaff001025100002280042248a
:104cac00000002ae040011ae18000224080002ae8f
:104cbc000000428e0c0002ae01000224100002ae75
:104ccc0068d1e226140002aed492c226180002aebd
:104cdc001400a28f48fc42241c0002ae1800a28fc4
:104cec00a4004224200002ae69f4400f25200002eb
:104cfc00000030ae60ed400f040024260900401087
:104d0c000000000060ed400f180024260500401044
:104d1c000000000060ed400f2c00242605004054dc
:104d2c000000228e43a1400f2580000084ff00105c
:104d3c00251000020c00428c1800438e02104370a8
:104d4c0063004224eb51033c1f856334190043007c
:104d5c001010000042110200400022ae1c00428ed6
:104d6c00440022ae01009426202ba28e2a1082022f
:104d7c00c0ff4014480031264bf4400f00a0103cfb
:104d8c00202b1026480002aed0070624019d053cbe
:104d9c00581aa524a7e1400f020004241c0002aeff
:104dac0000a0043c40fe400f402b84244800038e9e
:104dbc000600601000a0033c3c2b638c03006010c9
:104dcc00000000000500405400a0023c43a1400f2d
:104ddc00258000005aff001025100002202b4224d1
:104dec00180040ac140040ac00a0103c202b102646
:104dfc000400118e6eff400f1000648e10000392a1
:104e0c000700605000a0023cc0200200212082005c
:104e1c00c0200400bfed400f2120240200a0023c62
:104e2c00202b42240c00438c010063240c0043ac67
:104e3c0042ff00100100102440ff0010010010245c
:020000040000fa
:020000041d01dc
:104e4c0080ffbd277c00bfaf7800b6af7400b5af54
:104e5c007000b4af6c00b3af6800b2af6400b1af18
:104e6c006000b0af258880002598c00025a8e00020
:104e7c001000908c1400828c780002a642000296de
:104e8c001c00838c845a627c420002a64400128e61
:104e9c000a00c0107400168e0800e0102518e000ff
:104eac00000044962510c0000000458cbb00851006
:104ebc00ffff6324fcff6014080042241c00238eb7
:104ecc000100022488006254039d123c1000348eb1
:104edc003800a0af4000a0af4400a0af4800a0af86
:104eec004c00a0af000022963c00a2a7049d023cff
:104efc0000f442241000a2af049d023c20f4422492
:104f0c001400a2af049d023c40f442241800a2af4e
:104f1c000800228e1c00a2af039d023c80d34224c9
:104f2c002000a2af039d023ca45c42242400a2af4b
:104f3c00049d023c6c8742242800a2af039d023cd6
:104f4c0030d742242c00a2af039d023c3c68422483
:104f5c003000a2af3400b4af1400228ea000410f79
:104f6c003e00a2a7a200410f4000a2a74200a2a7a8
:104f7c001800228e4400a2a31c00228e4500a2a37e
:104f8c00010002244600a2a73f00828a3c00829abc
:104f9c004800a2af400082924c00a2a34100829232
:104fac004d00a2a35000a0a31000a2275400a2af52
:104fbc005800b6af0800428e5000a52709f84000f3
:104fcc0000004496ffff0324180043146c0002ae4b
:104fdc00ba00410f6c0000ae09004010258800009b
:104fec00b800410f000000000400468e009d053cf7
:104ffc00e400a524d8c8400f2520400025880000d7
:10500c00251020027c00bf8f7800b68f7400b58ffe
:10501c007000b48f6c00b38f6800b28f6400b18fd6
:10502c006000b08f0800e0038000bd271c00428e9a
:10503c000300052409f8400000004496ffff0324f8
:10504c0028004314700002ae700000aeba00410f8d
:10505c006c0000aeeaff401025880000b800410f3c
:10506c00000000000400468e009d053c1401a524a0
:10507c00d8c8400f25204000e2ff00102510200268
:10508c001c005416000000007000048e3f008010bd
:10509c00010006244400028e4c00428c09f84000aa
:1050ac00960705243200401425884000ba00410fb1
:1050bc0000000000d3ff405025102002b800410f23
:1050cc00000000004400038e0400668c009d053c2b
:1050dc006c01a524d8c8400f25204000c9ff001042
:1050ec0025102002039d123c7cbd5226039d143cce
:1050fc0030be94260c006012252860020a00a01213
:10510c0025280000000044962518a00225106002f6
:10511c000000458c1f008510ffff6324fcff60140a
:10512c0008004224252800000400428e09f84000a3
:10513c0025202002d2ff40540c005226ba00410f09
:10514c0001001124aeff40500100313ab800410f6c
:10515c000000000000004696009d053c3801a52487
:10516c00d8c8400f25204000a5ff00100100313a9f
:10517c0042000296010003248473627cc47b027c8f
:10518c00420002a6f8ff001025880000f6ff001070
:10519c0025880000e4ff00100400458c0400568ca8
:0851ac0046ff0010740016ae6e
:020000040000fa
:020000041d01dc
:1051b4004050050042550a00c04a0500427d0400e3
:1051c40025482f01c042040000800e3c25482e01d2
:1051d40040680700426d0d00c0620700427d060072
:1051e40025608f01c05a060025608e012628a7007d
:1051f4002428ae00ffff4f25fe07e12d48002010b4
:1052040000000000ffffaf25fe07e12d7300201012
:105214000000000002fcaf2521504f0119002c01b1
:10522400123800001070000019000b011220000059
:105234001030000019002b01125800001068000003
:105244002130cb002b78cb002138ed002138ef0042
:105254000200ed10000000002b78ed002170cf015a
:1052640019000c0112400000104800002130c80051
:105274002b78c8002138e9002138ef000200e9103a
:10528400000000002b78e9002170cf01257886000a
:105294000200e011000000000100e73425480e0080
:1052a4002540070006002005000000002a780001c0
:1052b400214008012148290121482f01ffff4a25e7
:1052c400ffff4f25fe07e12d7100201000000000b4
:1052d4000004082500040f2d21482f012b782f01ed
:1052e40021504f01c27a08000100ef3123400f0121
:1052f400c2220800407d090025208f004078090063
:10530400027b0f002528af00007d0a002528af008e
:1053140025100400251805000800e0030000000023
:105324002a780001214008012148290121482f0140
:105334001e00401500000000257828011600e01129
:105344000000000009002015000000000400001502
:105354000000000000000a24aaff00100000000062
:105364002548000100000824e0ff4a2520702e7122
:10537400a4ffc0110000000023504e0122380e008b
:105384000638e8000440c8010448c901254827013b
:105394009cff001000000000ff0701243800a11149
:1053a40000000000daff001000000000257828014a
:1053b4003300e015000000000500a0150000000007
:1053c40040780c002578eb012d00e011000000006e
:1053d400ff0701242500a115000000002a786001c0
:1053e40021586b0121608c0121608f011c00a015e4
:1053f4000000000025788b011600e0110000000079
:105404000900801500000000040060150000000081
:1054140000000d247fff00100000000025606001e3
:1054240000000b24e0ffad252030867179ffc01009
:10543400000000002368a601227006000670cb015c
:105444000458cb000460cc0025608e0171ff00106d
:105454000000000000000424adff00100000000064
:1054640025788b010600e01500000000f07f013c68
:105474002528a10000000424a5ff0010000000005e
:10548400f8ff053c00000424a1ff00100000000008
:10549400f6ff401d0000000001000e242370ca0125
:1054a4002000c12d0900201400000000e0ffce21df
:1054b4002b300800254026010f00091000000000d1
:1054c40000000934f6ff0010000000000a00c011bb
:1054d4000000000022380e000430e8000438e9001f
:1054e4000640c8010648c9012540e8000200c01072
:1054f40000000000020008350004082500040f2df8
:1055040021482f01c257090076ff00100000000057
:045514000000000093
:020000040000fa
:020000041d01dc
:10551800d4008010ffff0224d8ffbd272400bfafae
:105528002000b2af1c00b1af1800b0af25808000da
:105538000d008390c000633080000424740064145c
:10554800010005243cfc400f25200002258840006e
:105558000600029604004054040004960c000292cf
:10556800060022a204000496080002962120820068
:105578000600029621208200ee67400fffff84306c
:10558800040022a6070022920b0040540d0002924c
:105598006481928f6eff400f3000048e0019020064
:1055a80021186200c018030021904302780042923b
:1055b800070022a20d000292100043300f00601075
:1055c8004c0012260800423043004010029d053c62
:1055d8008c5fa52429d5400f252000020d000292da
:1055e800010003240421627c0d0002a20d00029236
:1055f800100042300a0040540a001196253000007d
:10560800252840027b94400f3000048e3b00401058
:105618000800452429d5400f252000020a001196cc
:10562800ffff023411002212090005243cfc400f40
:10563800252000020e0040504c0003923000038edb
:10564800800063900800633037006014218851009f
:1056580006be400f2520000227100200000022a6e7
:1056680052ad400f25200002000022a64c000392f4
:10567800ff0002242e006214330002240e0002a24e
:105688000f0002a258000292100002a259000292d2
:10569800110002a25a000292120002a25b000292ba
:1056a800130002a24f71400f25200002640040142d
:1056b8000a000724010002241000a2af04000624f7
:1056c80000a0053c802ba524b8a6400f2520000289
:1056d8000f0000102510000008002626252840028b
:1056e8007b94400f3000048ec1ff40140d000292dd
:1056f8000421027cbdff00100d0002a2029d053ca2
:105708008c5fa52429d5400f25200002ffff022425
:105718002400bf8f2000b28f1c00b18f1800b08ffb
:105728000800e0032800bd27d0ff0010000040a4b7
:105738002400118e060020162528400273a2400f6f
:105748003000048e25884000f1ff2012ffff02245c
:10575800240011ae1a0022920700432c09006010a1
:105768000500432c190060100400032413004310a3
:1057780002000324280043100300032414004350ac
:105788001700228a020006242528200291b5400f1e
:105798003000048e75e5400f252020021000a0afd0
:1057a800253800000100062420002526b8a6400f51
:1057b80025200002d6ff0010251000000500062451
:1057c8002528200291b5400f3000048e1700228a48
:1057d8001400229a110002aa0e0002ba180022929e
:1057e800120002a219002292130002a24f71400f68
:1057f8002520000212004014253800001000a0af38
:105808000100062420002526b8a6400f2520000206
:10581800bfff00102510000075e5400f252020026d
:105828001000a0af2538000001000624200025261e
:10583800b8a6400f25200002b5ff00102510000073
:105848001400038eb2ff6010010002241c00068eb3
:105858000100052409f8600025200002acff0010b3
:0c586800010002240800e0030000000022
:020000040000fa
:020000041d01dc
:1058740088febd277401bfaf7001b4af6c01b3af34
:105884006801b2af6401b1af6001b0af25808000a0
:105894002590a0002598c00025a0e000d480918721
:1058a4004377400f252020022c01422c0c0040108d
:1058b400252840029d48400f252020022510000085
:1058c4007401bf8f7001b48f6c01b38f6801b28f04
:1058d4006401b18f6001b08f0800e0037801bd2737
:1058e400cebf400f252020022530000001000524f2
:1058f4007943400f25202002010082320400401425
:10590400253040023000028e22004054300006262a
:10591400010005240bcb400f252020020200943205
:1059240002008016251000000400428e1000a2af71
:105934001000a6270100052458ef400f252020025f
:1059440025186002c418037c0100022416006210aa
:105954000300022476006216020002245c0003960f
:10596400890062102900062425280000d4fb400f7a
:105974001700a427010002241400a2a31500a2a367
:10598400060002241600a2a34800028e1f00001085
:105994001800a2af0100052449c7400f25202002aa
:1059a400dfff00100200943260000282050042040e
:1059b4006000029296fc400f00000000480002ae16
:1059c400600002928410027c600002a22900062476
:1059d40025280000d4fb400f1700a427010002244f
:1059e4001400a2a31500a2a3060002241600a2a379
:1059f4004800028e1800a2af0900022403006216b8
:105a0400000000003400028e2000a2af0200401209
:105a1400251040023c0042260300438800004398be
:105a24003000a3af040043903400a3a305004290c8
:105a34003500a2a32c0006241400a52735ca400f64
:105a440025202002c000062425280000d4fb400f96
:105a54001400a427c00006241400a52735ca400f4b
:105a6400252020023801062425280000d4fb400ffd
:105a74001400a4275363023c638242341400a2af8f
:105a84001800a2274c01a2af4377400f2520200223
:105a9400fcff42245001a2af040002245401a2af2f
:105aa4005801b3af039d103cd40b1026039d133c47
:105ab400f00b73260000028e4c01a52709f8400064
:105ac400252040022a0040045001a38f23186200bd
:105ad4005001a3af5401a38f211862005401a3af56
:105ae4004c01a38f2110620004001026f1ff13164d
:105af4004c01a2af5401a28fec0042242c01422c91
:105b0400040040105401a697400002245401a2af9f
:105b14005401a6971400a52735ca400f252020025a
:105b24009d48400f2520200265ff0010010002243b
:105b34002900062425280000d4fb400f1700a427c1
:105b4400010002241400a2a31500a2a3060002244b
:105b54001600a2a34800028e1800a2af0700022478
:105b6400a9ff62523400028ea8ff0010000000005a
:105b7400253000002528000031d4400f25202002c4
:105b84004fff0010251000006000028289ff4104cd
:105b940025280000600002928410027c600002a2aa
:105ba400d4fb400f1700a427010002241400a2a371
:105bb4001500a2a3060002241600a2a34800028e28
:085bc40092ff00101800a2afcf
:020000040000fa
:020000041d01dc
:105bcc00c0ffbd273c00bfaf3800b6af3400b5af47
:105bdc003000b4af2c00b3af2800b2af2400b1af8b
:105bec002000b0af259080002700c0102588a000b1
:105bfc0025988000010014244000448e8c008010f5
:105c0c00251000003feb400f3c00452621004010c2
:105c1c00258040003f0042883c00029a1000a2af51
:105c2c00400002921400a2a3410002921500a2a30c
:105c3c00400050ae2528200218e7400f2520000216
:105c4c00258040007a00001225100000280030ae9c
:105c5c00000807243c0006261000a52718ce400f8c
:105c6c00252020022000228e10004234200022ae7b
:105c7c000100062425282002c2c6400f2520000260
:105c8c006b000010010002242598a000daff001020
:105c9c00020014243c00568effff02240500c212a1
:105cac004000558ed9f8400f2520a0023000c216b6
:105cbc00ffff02241000a2af1400a2a71000b0270f
:105ccc002528200218e7400f4000448e2590400004
:105cdc005700401225100000280032ae000807249f
:105cec003c0046262528000218ce400f2520200215
:105cfc0057fa400f25202002f2ff42247e004396e3
:105d0c00ffff42302b186200490060142510000080
:105d1c007900001625282002c081828f4e00401485
:105d2c0025300000029d053cf84aa52481e8400f6f
:105d3c002520000048004014c08182afba00410ffa
:105d4c00000000000200432c3900601425100000f4
:105d5c00b800410f00000000009d053c201da5244b
:105d6c00d8c8400f2520400031000010251000003d
:105d7c000800a012030002248300a39206006254c0
:105d8c003c0042921000a0af1400a0a7ccff001062
:105d9c001000b0273c00429220004224ff00423009
:105dac001000422c0e004010010002241000a2a38f
:105dbc001100a0a35e0002241200a2a33d00429297
:105dcc007f0042301300a2a33e0042921400a2a313
:105ddc003f0042921500a2a3b9ff00101000b0279b
:105dec003c00438e0400a28e261062000800a48e94
:105dfc0024104400010040540c00a38e1800a3afe3
:105e0c00010007241000a6271800a5271cd6400f58
:105e1c002520a002020003243c00431001000324af
:105e2c004408027ca7ff43102528200225100000ff
:105e3c003c00bf8f3800b68f3400b58f3000b48f64
:105e4c002c00b38f2800b28f2400b18f2000b08fac
:105e5c000800e0034000bd277800509600a0043ce9
:105e6c00d7f5400fc82b842400a0043cc9f5400f83
:105e7c00bc2b84241100401425284000ba00410f8b
:105e8c00000000000200422c0800405400a0043c1a
:105e9c00b800410f00000000009d053c501da524da
:105eac00d8c8400f2520400000a0043ce5f5400f69
:105ebc00c82b8424deff001025100000040054a021
:105ecc00050050a0080053ac1800a28f0c00a2ac27
:105edc0000a0103cb5f8400fc82b0426e5f5400f88
:105eec00c82b04262000228e08004234200022ae4b
:105efc00cfff001001000224a7e3400f2520400231
:105f0c0027100200caff0010c21702006cff00101d
:045f1c001000b0279a
:020000040000fa
:020000041d01dc
:105f200018ffbd27e400bfafe000b5afdc00b4afa1
:105f3000d800b3afd400b2afd000b1afcc00b0af97
:105f40000f0005242eda400f13000424b90040107e
:105f50000c819087b400b22760e6400f2520000234
:105f6000b40040101000a5275d62400f25200002fc
:105f70001000a38f01000224050062141400a5275d
:105f800071d8400f25200000050040140c000624a5
:105f9000aef1400f25200002efff001000000000ce
:105fa000252840020086400f252000020c00422ccc
:105fb00005004010b800a293aef1400f252000026a
:105fc000e5ff00100000000000120200b900a393da
:105fd00025104300ffff4230ffff43247e004010a6
:105fe000b800a3a76400a0af6800a0af6c00a0af8a
:105ff0007000a0af7400a0af7800a0af7c00a0af8d
:106000008000a0af8400a0a3210006246400a5277f
:106010000086400f252000026400a3932000022484
:106020007100621005000624a400a0a3c000a527eb
:106030000086400f252000020500422c6600401417
:10604000c300a29300120200c400a39325104300d2
:10605000ffff4330c300a2a3003a427cc400a2a3c6
:10606000c100a29300120200c200a49325104400b4
:10607000ffff4430c100a2a3003a427cc200a2a3a9
:106080002000022450008214010002244f006214f8
:10609000b800a2975a00410f000000004a004018c3
:1060a00025a8400025a0000001f6400f2520800211
:1060b0005b0040102598400042004294400042306e
:1060c000580040500100942669ff400f25206002cf
:1060d0005300401025884000100006242528400069
:1060e000a9f6400fa400a4274d0040144000052449
:1060f00055fe400f25200002330040103e000624cc
:1061000025280000d4fb400f6400a42784ff02244c
:106110006600a2a3010002246b00a2a320000324b6
:106120007000a3a39300a3a39500a2a306000224da
:106130009b00a2a3600002249c00a2a30400629220
:106140009e00a2a3050062929f00a2a30600629295
:10615000a000a2a307006292a100a2a3b400a2978c
:106160006400a2a77100a3279100a5270000229236
:106170000221020041008424000064a00f0042308c
:1061800041004224010062a002006324f7ff65146d
:10619000010031263e0006246400a52735ca400fc1
:1061a000252000021000a5275d62400f2520000277
:1061b0003400a6271000a58f49c7400f25200002f4
:1061c0009d48400f25200002b800a297ffff4324fe
:1061d00084ff4014b800a3a7aef1400f25200002b1
:1061e0005dff0010000000006500a427a400a327a5
:1061f000000082900100859001006324bfff4224cb
:1062000000110200bfffa52425104500ffff62a07a
:10621000f7ff72140200842484ff00100500062496
:1062200001009426a0ffb416b800a297e8ff001062
:10623000ffff4324e400bf8fe000b58fdc00b48f84
:10624000d800b38fd400b28fd000b18fcc00b08f04
:086250000800e003e800bd278f
:020000040000fa
:020000041d01dc
:10625800d0ffbd272c00bfaf2800b2af2400b1afdc
:106268002000b0af988182931e0040109c81828fdd
:1062780042f0400f0000000096fc400f25884000c7
:1062880025f2400f25804000cccc043ccdcc843492
:106298001900040210280000422905008018050092
:1062a80021186500c01803002380030202800272cf
:1062b8001900040210800000428110002110110210
:1062c8009c8182af988180a3020002242c00bf8f9a
:1062d8002800b28f2400b18f2000b08f0800e0039f
:1062e8003000bd27080040102580800042f0400f94
:1062f800000000009c81838f23184300f3ff60187f
:10630800020002249c8180af00a0033c802a632401
:1063180025100000040004240000658c8e00b05491
:106328000100422400a0033c00210200802a6324cb
:10633800211864000c0064900500842c7f008010f4
:10634800258040000c00649080200400019d033cdf
:106358006c636324211864000000638c08006000eb
:10636800000000007065019d8063019d9464019d9b
:106378002865019d0c65019dffff03241000a3a360
:10638800020004241100a4a31200a0a31300a0a3d8
:106398001400a0a31500a0a31600a0a31700a0a393
:1063a8001800a0a31900a0a31a00a0a301000424a8
:1063b8001b00a4a31c00a3a31500a3901d00a3a366
:1063c8001600a3901e00a3a31700a3901f00a3a369
:1063d800ff0042300011020000a0033c802a632421
:1063e800211062000000478c0011100021104300aa
:1063f8000800e7241000a627029d053c8c5fa52411
:10640800c7c0400f0800448c1e00401025204000e3
:10641800b8fc400f000000000300401400a0113c2d
:10642800aaff00100200022400811000802a3126f1
:10643800218830020d0022920100422442f0400fd0
:106448000d0022a225f2400f259040002580400033
:10645800a1f7400f0800248e3000428c028002729f
:106468006210023cd34d4224190002021080000041
:106478008281100021101202040022ae02000224c0
:106488000c0022a291ff00100200022442f0400feb
:106498000000000000a0033c00211000802a6324b3
:1064a800211864000400638c2318430087ff6018d8
:1064b8000200022400a0023c802a42242110440049
:1064c8000d004390030002240700621400a0023c60
:1064d800802a422421804400040002240c0002a2e5
:1064e8007aff00100200022400811000802a422452
:1064f80021805000010002240c0002a273ff00104a
:106508000200022400a0023c00811000802a4224dc
:10651800218050000c0000a26cff00102510000024
:1065280000a0023c00811000802a42242110500063
:106538000c0040a065ff00100100022400a0033ced
:1065480000110200802a6324211062000c0040a080
:106558005eff0010030002246fff44141000632440
:106568005aff00100300022458ff00100300022401
:020000040000fa
:020000041d01dc
:10657800d0ffbd272c00bfaf2800b1af2400b0afbb
:10658800258880002580a0001400a0a71800a0afcf
:106598004800828c1000a52709f840002520000239
:1065a800290040041800a6272800228e252800006c
:1065b80009f84000252000021000a3970800632c6a
:1065c80021006010f7ff02241000a3978018030031
:1065d800019d023cf0654224211043000000428cda
:1065e80008004000000000001066019d6466019ddf
:1065f800c866019d1067019d5467019da867019dac
:10660800fc67019d4068019d5000228e1800a68fee
:106618002528000009f84000252000020a0040044f
:1066280001000324090043102c00bf8f010002243d
:106638001000a2a74c00228e1000a58f09f8400078
:1066480025200002010002242c00bf8f2800b18ff2
:106658002400b08f0800e0033000bd275400228ecc
:106668001400a52709f8400025200002f6ff400481
:1066780001000324f5ff43102c00bf8f1400a287ec
:10668800090042041000a0af020002241000a2a7d3
:106698004c00228e1000a58f09f84000252000022a
:1066a800e9ff0010010002244c00228e252800007a
:1066b80009f8400025200002e3ff00100100022431
:1066c8005800228e1800a78f38000696252800004b
:1066d80009f8400025200002dbff400401000324e4
:1066e800daff43102c00bf8f030002241000a2a77a
:1066f8004c00228e1000a58f09f8400025200002ca
:10670800d1ff0010010002245000228e1800a68f2d
:106718002528000009f8400025200002caff40048f
:1067280001000324c9ff43102c00bf8f040002247a
:106738001000a2a74c00228e1000a58f09f8400077
:1067480025200002c0ff0010010002245400228e00
:106758001400a52709f8400025200002baff4004cc
:1067680001000324b8ff43101400a39738000496cf
:1067780024286400b4ffa414ffff02241200a3a776
:10678800050002241000a2a74c00228e1000a58f3d
:1067980009f8400025200002abff00100100022488
:1067a8001200a697380002962630c2005800228ea2
:1067b8001800a78fffffc6302528000009f8400001
:1067c80025200002a0ff4004010003249fff43107e
:1067d8002c00bf8f060002241000a2a74c00228eb6
:1067e8001000a58f09f840002520000296ff001030
:1067f800010002245000228e1800a68f25280000d0
:1068080009f84000252000028fff400401000324fe
:106818008eff43102c00bf8f070002241000a2a790
:106828004c00228e1000a58f09f840002520000298
:1068380085ff0010010002245400228e1400a527b1
:1068480009f84000252000027fff400401000324ce
:106858007eff43102c00bf8f380003961400a297c8
:10686800241043002b10020077ff001023100200b1
:020000040000fa
:020000041d01dc
:10687800d0ffbd272c00bfaf2800b6af2400b5afae
:106888002000b4af1c00b3af1800b2af1400b1af12
:106898001000b0af258080003e0082940100423095
:1068a8005f0040102590a0007400829400044330db
:1068b8005e00605401000224030042300100422cb3
:1068c80025b000004c00038e320060100200042442
:1068d800770003921e006414010004240e00401087
:1068e80000000000faef400f252000004c00118e38
:1068f80086002012252840000d00229220004230f8
:10690800900040104c0000ae03f2400f252000001c
:106918002000001000000000faef400f25200000c2
:10692800252840004c00028e0500401000000000a1
:106938000d00429020004230780040100000000016
:1069480003f2400f25200000120000100000000094
:1069580010006414000000000e0040100000000049
:10696800faef400f252000004c00118e7100201214
:10697800252840002000228e08004230770040146d
:106988004c0000ae03f2400f2520000029d7400f2d
:1069980025202002faef400f252000007c00148eed
:1069a8008000158e7a0011962528400003f2400fca
:1069b80025200000248832021e00201225900000a5
:1069c8001e008012259800003c0012864800138e95
:1069d8001c00c0526200029651d9400f25200002c7
:1069e800050020122538a002253020022528600243
:1069f80009f88002252040022c00bf8f2800b68f9e
:106a08002400b58f2000b48f1c00b38f1800b28ffc
:106a18001400b18f1000b08f0800e0033000bd27cc
:106a280001000224a7ff001001001624a5ff001092
:106a380001001624e6ff001025980000e4ff00106e
:106a480025880000720002a60000028e080002ae2f
:106a58000c0002ae100002ae1400028e1c0002ae42
:106a6800200002ae3e0002964408027c8410027c9c
:106a7800c418027c0421027c4429027c8431027cf3
:106a8800c439027c0442027c01000324444a627c2b
:106a98008452027c3e0002a6740002968410027c96
:106aa800444a027cc418027c740002a6380000ae76
:106ab800340000ae540000aeffff02245c0002aeba
:106ac800640003a6010002246e0002a6600000a66e
:106ad800400000ae790000a27400028e0008427cdb
:106ae800770002a274000296002043300100605033
:106af800480000ae0040423001004050440000ae63
:106b0800870000a2b6ff0010760000a203f2400f33
:106b1800252000009fff00100000000003f2400f36
:106b280025200000f3cf400f4c00048e99ff001081
:106b38000000000003f2400f2520000095ff001020
:106b48000000000003f2400f25200000e1f1400f93
:106b5800252020028fff00100000000003f2400fe4
:0c6b6800252000008bff00100000000042
:020000040000fa
:020000041d01dc
:106b740080ffbd277c00bfaf7800b6af7400b5af0f
:106b84007000b4af6c00b3af6800b2af6400b1afd3
:106b94006000b0af0f0005242eda400f200004245b
:106ba4000200423017004010f080838ff8ff622407
:106bb4000200422c1300401008000224200062143a
:106bc4002080858f00a0043c63fe400f242a842487
:106bd400253840000300422c14004014f880828fb2
:106be4000000428c0400428c00a0063c242ac624e7
:106bf400009d053cb018a52409f84000e880848f66
:106c0400f08080af7c00bf8f7800b68f7400b58fa2
:106c14007000b48f6c00b38f6800b28f6400b18fc2
:106c24006000b08f0800e0038000bd270900022443
:106c340042f0400ff08082aff2ff0010e48082af98
:106c4400253000002528000000a0043c87f4400ff4
:106c5400242a842442f0400f25884000e480838f56
:106c640025f2400f238043001b000202f401400080
:106c7400121800001e00632c09006014f880828f33
:106c84000000428c0400428c009d053cdc18a524c5
:106c940009f84000e880848fdaff0010f08080afac
:106ca40001000224d8ff22127c00bf8f0c002106b1
:106cb400f880828f0000428c0400428c2538200228
:106cc40000a0063c242ac624009d053cb018a52437
:106cd40009f84000e880848fcaff0010f08080af7c
:106ce40025300000f480858fb8f2400f2000042482
:106cf400f08080aff880828f0000428c0000428ccc
:106d0400009d053cfc18a52409f84000e880848f08
:106d14000100052400a0103ccccf400f242a0426f7
:106d240025a8400002000524cccf400f242a0426c5
:106d340025b040002510a2020a004014f880828f7a
:106d44000000428c0400428c242a0626009d053c47
:106d54002819a52409f84000e880848faaff0010b0
:106d64007c00bf8f25a000002598000000a0103ce7
:106d7400242a1026009d123c009d113c2a10750205
:106d840016004010010007245c00a6272528600295
:106d940018fd400f25200002f880828f0000428ced
:106da4005f00a3931800a3af5e00a3931400a3afe6
:106db4005d00a3931000a3af0400428c5c00a79372
:106dc400253000024419252609f84000e880848f04
:106dd40001007326e9ff0010209c137c2a10960200
:106de40088ff40104c00a6272528800220fd400f74
:106df400252000022000a0af2400a0af2800a0afef
:106e04002c00a0af3000a0af3400a0af3800a0af7a
:106e14003c00a0af4000a0af4400a0af4800a0af2a
:106e24002c0006242000a5273d98400f4c00a427e1
:106e3400f880828f0000428c0400428c2000a72737
:106e4400253000026819452609f84000e880848f3f
:0c6e540001009426c9ff001020a4147c4b
:020000040000fa
:020000041d01dc
:106e6000b8ffbd274400bfaf4000beaf3c00b7af86
:106e70003800b6af3400b5af3000b4af2c00b3afbc
:106e80002800b2af2400b1af2000b0af4c00a5afd6
:106e90002481828f910040182580000025b0800059
:106ea00025a0c0002800958c1000a0affaef400f7d
:106eb00025200000252840001000a28f8018020025
:106ec0002881828f211043000000508c980000120e
:106ed000000000004000138e4004627e94004010c9
:106ee00000000000620002925400038e2a1062002b
:106ef0008f004010000000002a0012963c00119202
:106f0000280002961800a2af2400178e1c00028ee3
:106f10001400a2af03f2400f252000004c00a28f06
:106f200002004294060052541000a28f0d00345209
:106f3000259000000c002012010012241000a28fe6
:106f400001004224251840001000a2af2481828f46
:106f50002a106200d5ff4014258000006000001058
:106f600025100002010011244c00a28f0000429461
:106f70001800a38f2f004314040062320200313640
:106f80000100022435008216020002242d00b716eb
:106f900000000000040031361400a28f03004010ee
:106fa00010007332450060521800c28e080052363d
:106fb000258832020f000224e0ff2216020002247c
:106fc000460082563c0014a20c00028e17004014aa
:106fd00025300000252800029ea3400f2520a00296
:106fe0004b00401025884000faef400f252000009c
:106ff000252840000c00028e4700401400000000cd
:107000002000228e000002ae1000039621184300db
:10701000040003ae080002ae020002243c0002a2fb
:107020000c0011ae03f2400f252000002b000010d1
:107030003c0014a2d2ff405402005236d1ff00108f
:10704000010002240300e01208006232d3ff401066
:107050001400a28fd0ff001004005236b8ff821631
:107060001000a28f0f00b716000000001400d38e8e
:1070700026007326252860021ad0400f2520a00282
:1070800004385e7c0009c67f2528600239be400fa7
:107090002520a00201004054040031360c000010ed
:1070a000080031360300e012080073320800605215
:1070b00008003136f9ff0010040052360c00428cf3
:1070c0001400a38fbbff62542588320208003136ba
:1070d0000f000224b8ff2216258832022510000274
:1070e0004400bf8f4000be8f3c00b78f3800b68f82
:1070f0003400b58f3000b48f2c00b38f2800b28fce
:107100002400b18f2000b08f0800e0034800bd27a5
:10711000f2ff00102580400003f2400f2520000000
:107120008cf1400f25202002ecff00103c0014a23f
:1071300003f2400f2520000081ff00101000a28ff5
:020000040000fa
:020000041d01dc
:10714000d8ffbd272400bfaf2000b4af1c00b3aff1
:107150001800b2af1400b1af1000b0af370080100c
:107160002588800025a0a0002580c00042008294d0
:1071700040004230a50040102590e000a1f7400fec
:107180000000000036004016259840000400518c95
:107190000100022435008256030002242800201238
:1071a00025102002270000122400bf8f0b00298a1f
:1071b0000800299a0f00288a0c00289a1300278ab1
:1071c0001000279a1700268a1400269a1b00258a89
:1071d0001800259a1f00248a1c00249a2300238a61
:1071e0002000239a2700228a2400229a0b0009aa51
:1071f000080009ba0f0008aa0c0008ba130007aa71
:10720000100007ba170006aa140006ba1b0005aa48
:10721000180005ba1f0004aa1c0004ba230003aa20
:10722000200003ba270002aa240002ba070000aa1d
:10723000040000ba030000aa000000ba25102002d2
:107240002400bf8f2000b48f1c00b38f1800b28fb2
:107250001400b18f1000b08f0800e0032800bd2794
:107260000300518acaff00100000519af3ff8256b2
:10727000258800000b0020562700229205004012ae
:10728000010003242700429203004230ecff431424
:10729000251020021000718ee9ff20122510200217
:1072a00027002292030042300100032412004314fd
:1072b000000000000400748e0f0034522588800204
:1072c000259080020300062415004526a9f6400fec
:1072d00015002426450040540300428a0300228af8
:1072e0000000229a47004014258840001000718e4b
:1072f000d3ff201225102002d1ff005225102002ba
:107300000b002a8a08002a9a0f00298a0c00299a61
:107310001300288a1000289a1700278a1400279a39
:107320001b00268a1800269a1f00258a1c00259a11
:107330002300248a2000249a2700238a2400239ae9
:107340000b000aaa08000aba0f0009aa0c0009ba21
:10735000130008aa100008ba170007aa140007baf9
:107360001b0006aa180006ba1f0005aa1c0005bad1
:10737000230004aa200004ba270003aa240003baa9
:10738000070000aa040000ba030000aa000000ba27
:10739000270023920300633001000424a7ff641434
:1073a00008000226029d033c5c5f668c5c5f6324e0
:1073b0000400658c0800648c030046a8080006ba27
:1073c000070045a8040045b80b0044a8080044b8cd
:1073d0000c0063900c0043a02700029203000324da
:1073e0000408627c95ff0010270002a20000429a68
:1073f00025904000b4ff511603000624bcff001086
:1074000000000000fbff0010259080028bff0010a1
:0474100025880000cb
:020000040000fa
:020000041d01dc
:1074140080f7bd277c08bfaf7808beaf7408b7af4c
:107424007008b6af6c08b5af6808b4af6408b3af02
:107434006008b2af5c08b1af5808b0af25808000d7
:10744400010002241900a2100400918c0000828c17
:107454000000428c009d053c2807a52409f8400043
:10746400252020020000028e0000428c009d053c75
:107474003c07a52409f84000252020027c08bf8f82
:107484007808be8f7408b78f7008b68f6c08b58ff4
:107494006808b48f6408b38f6008b28f5c08b18f3a
:1074a4005808b08f0800e0038008bd275a00410f38
:1074b40000000000f1ff401825a0400025980000be
:1074c400009d173c009d163c009d153c009d023c10
:1074d400cc0842244008a2af009d023c4408a2af5d
:1074e400009d023c4808a2af009d023c4c08a2af9c
:1074f400009d023c5008a2af009d023c5408a2af7c
:1075040001f6400f25206002259040009800410fad
:107514002520400001000324610043540100732628
:107524001dfe400f2520400225f040000000028e81
:107534000400428c2530c0034c07e52609f84000be
:10754400252020023000a6271800a52710ef400fa1
:1075540025204002560040104408a38f0000028eec
:107564000400428c7007652409f84000252020029d
:107574000000028e2000a38f1000a3af0400428cf1
:107584001c00a78f1800a68f4808a38f88076524be
:1075940009f84000252020020000028e2c00a38f51
:1075a4001000a3af0400428c2800a78f2400a68fec
:1075b4004c08a38fcc07652409f84000252020023d
:1075c4000000028e0400428c5008a38f1808652422
:1075d40009f84000252020020000028e3c00a38f01
:1075e4001400a3af3800a38f1000a3af0400428c93
:1075f4003400a78f3000a68f5408a38f3408652465
:1076040009f84000252020020000028e0400428c6c
:107614002530c003a008c52609f840002520200213
:107624001008a727320006244000a52722ef400fa8
:1076340025204002250040500000028e3808a0a3f7
:107644001008a28f150040184000b22725f0000052
:107654002400062425284002e8fb400f1408a42730
:107664000000028e0400428c2400478e1408a627d2
:107674004008a58f09f84000252020020100de27dc
:107684001008a28f2a10c2030400401028005226ba
:107694001008a227efff42162400062401007326d7
:1076a40097ff93167c08bf8f76ff00107808be8f73
:1076b4000000028e0000428c8c08a52609f84000c8
:1076c40025202002d1ff00100000028e0000428c11
:1076d4008c08a52609f8400025202002f0ff0010a0
:0476e4000100732608
:020000040000fa
:020000041d01dc
:1076e800c8ffbd273400bfaf3000b7af2c00b6af1e
:1076f8002800b5af2400b4af2000b3af1c00b2af70
:107708001800b1af1400b0af25a080002590a000ec
:1077180025a8e0004800b78f4c00b68f8088060087
:1077280066f0400f252020024700401025984000b1
:1077380066f0400f580004244100401025804000a6
:107748005800062425280000d4fb400f25204000bf
:10775800300013ae25302002a5000524d4fb400fcd
:10776800252060020b0040123000138e25104002c5
:1077780034000326100052260000448004008010c4
:10778800000064a001004224fbff5214010063249e
:10779800430000a20500e32e040002240ab84300b7
:1077a8002c0017ae480017ae04001226bc00410f8b
:1077b80025204002bc00410f18000426100010ae1e
:1077c8000500022423105700180002ae240010ae52
:1077d800fcff3126212071022530a00225288002d5
:1077e80086ea400f0410047c0200c012000002aeba
:1077f8000000d0ae78f0400f000000006c82828f4d
:10780800010042246c8282af4082828f10004010b7
:10781800000000006082828f2d0040145082828f09
:107828004082828f2c00428c2c00038e2b10620029
:1078380026004050408290af250000105082828f71
:1078480036f2400f252060024d000010ffff022491
:10785800408290af6c82838f010002241b00621467
:1078680000a0113c4c2831266400332668fd400fe7
:107878002520200214003126fcff331600000000ea
:1078880000a0133c68fd400f3828642600a0113c76
:1078980068fd400f2428242600a0043c68fd400f02
:1078a8001028842400a0043c68fd400ffc27842491
:1078b80000a0043c68fd400fe8278424382873267c
:1078c800788293af24283126748291af5082828fb8
:1078d80001004224508282af2c00038e6482848f80
:1078e800010002240410620025104400648282af63
:1078f80000a0043c4c28842480100300211043007d
:1079080080100200211082000400428c080002aea0
:107918000800438c0c0003ae040072ac080052aca3
:107928002c00058e801005002118450080180300e2
:1079380021188300140003ae0000628c0100422469
:107948008de5400f000062ac6082838f0c006010f0
:10795800010002244082828f2c00438c2c00028e6e
:107968002b18620006006010010002240068024023
:107978000001423400688240c00000000100022477
:107988003400bf8f3000b78f2c00b68f2800b58f1a
:107998002400b48f2000b38f1c00b28f1800b18f61
:0c79a8001400b08f0800e0033800bd2779
:020000040000fa
:020000041d01dc
:1079b400c0ffbd273c00bfaf3800b7af3400b6af3f
:1079c4003000b5af2c00b4af2800b3af2400b2af81
:1079d4002000b1af1c00b0af25a0a0002580c000de
:1079e4002598e000080006241000a527f3eb400fbb
:1079f400252080021000a293000002a21100b1937e
:107a040001003126ff003132c0101100000062a6cf
:107a14001200a29325a800000438557c0300032417
:107a2400ff00a232c200042415004410c300442cf9
:107a34003700801005000424110044100600442c73
:107a4400340080508009a27e0d00401001000424ff
:107a54002f00441401006224ff0042301000a427c8
:107a64002120830000009290080004242320820037
:107a74002a2092001000801421105200ff0043308d
:107a840008000224700062141000a227ffff3126b0
:107a9400ff0031324e002012080006241000a527f2
:107aa400f3eb400f252080021000a2930438557c8c
:107ab400dbff001001000324f9ff6324219043023b
:107ac400ff005032c020527e0d00405223903202fb
:107ad400ffff5626ff00d632ff00172408000624b5
:107ae4001000a527f3eb400f25208002ffffd626c8
:107af400ff00d632faffd71608000624239032027c
:107b0400ff00513208000326ddff0010ff00633040
:107b14008009a27e030004244200441001000424ce
:107b2400230044100200042435004410010064249e
:107b3400ff0084301000a22721104300000042906f
:107b4400080005242328a4002a28a2000300a01466
:107b540021208200caff0010ff008330f9ff632454
:107b640021104300c020567c0c00c012ff0050308e
:107b7400ffffd226ff005232ff001724080006241c
:107b84001000a527f3eb400f25208002ffff5226ab
:107b9400ff005232faff571608000624231036025b
:107ba400ff00513008000326b5ff0010ff006330ca
:107bb400ffff6324ff00633000006296211043003e
:107bc400c088110023885100000071a6010011240f
:107bd400251020023c00bf8f3800b78f3400b68fc9
:107be4003000b58f2c00b48f2800b38f2400b28fdf
:107bf4002000b18f1c00b08f0800e0034000bd27b7
:107c0400ffff6324ff0063300000629621104300ed
:107c1400c088110023885100000071a6ecff0010f9
:107c240003001124ffff6324ff0063300000629609
:107c340021104300c088110023885100000071a660
:107c4400e3ff0010040011242110430000004290bf
:107c5400dfff20120438557c0100632470ff0010fc
:047c6400ff0063308a
:020000040000fa
:020000041d01dc
:107c6800c8ffbd273400bfaf3000b7af2c00b6af98
:107c78002800b5af2400b4af2000b3af1c00b2afea
:107c88001800b1af42f0400f1400b0af259040008b
:107c98007881828f7e00401825a00000259800007a
:107ca80001f6400f25206002750040500100732640
:107cb8004200429440004230700040106481918f2d
:107cc800218834026000308e160000520400308e85
:107cd8001800158e25f2400f23a855021b00a2029a
:107ce800f401400025f2400f12b000001b00c20250
:107cf800f401400010a8000023a85502180015ae92
:107d08001400028e2b18c2026c006010231056005b
:107d1800140002ae0000108eeeff00561800158efb
:107d28000400308e250000524800308e25a800003f
:107d38002300168a2000169a25f2400f23b0560217
:107d48001b00c202f401400025f2400f12b00000ef
:107d58001b00c202f401400010b8000023b857020b
:107d6800230017aa200017ba1f00028a1c00029ad3
:107d78002b20c202020080102518a00223185600ea
:107d88001f0003aa1c0003ba1b00028a1800029aeb
:107d98002b18c20252006010231056001b0002aac2
:107da800180002ba0300028a0000029a25804000e7
:107db800e0ff00562300168a4800308e1a00005251
:107dc8005400228e0c00158e25f2400f23a8550270
:107dd8002ba8a2021100a0560000108e25f2400f19
:107de800000000000c00038e211862000c0003ae96
:107df8000800028effff4224f2ff4014080002ae82
:107e080001f6400f252060022530000025280002d9
:107e18009a90400f2520400025804000eaff005638
:107e28000c00158e5400228e0d0040503400228e16
:107e3800dc0504241400438c050060102318430259
:107e4800040060580000428c180044a4140040aca0
:107e58000000428cf8ff40541400438c3400228efa
:107e6800060040102310420204004018dc050224da
:107e7800380022a63a0022a6340020ae010073265c
:107e88007881828f2a10620285ff40148800942628
:107e98003400bf8f3000b78f2c00b68f2800b58f05
:107ea8002400b48f2000b38f1c00b28f1800b18f4c
:107eb8001400b08f0800e0033800bd270000158ebd
:107ec80001f6400f25206002030006242528000241
:107ed8009a90400f252040008fff00102580a002b7
:107ee8000300168a0000169a01f6400f252060024a
:107ef8000800052629e2400f25204000acff0010ad
:047f08002580c0020e
:020000040000fa
:020000041d01dc
:107f0c00d0ffbd272c00bfaf2800b6af2400b5af03
:107f1c002000b4af1c00b3af1800b2af1400b1af67
:107f2c001000b0af25808000010002245e00a21476
:107f3c000400918c2510000000a0123cd4035226a2
:107f4c00009d143c481f9426009d163c009d153c3a
:107f5c0000a0133c940473260400438e1d00605053
:107f6c0018005226050040141c1fa5260000028e86
:107f7c000000428c09f84000252020020000028eef
:107f8c000000428c2528800209f8400025202002a0
:107f9c000000028e0000428c0800458e09f840005b
:107fac00252020020000028e0000428c0c00458e21
:107fbc0009f84000252020020000028e0000428caf
:107fcc00501fc52609f8400025202002010002247c
:107fdc0018005226e0ff5316009d053c0000028e4f
:107fec000000428c581fa52409f8400025202002cf
:107ffc00039d123cc4665226009d153c481fb526b5
:10800c00009d143c501f9426039d133ce866732678
:10801c000000028e0000428c2528a00209f84000c6
:10802c00252020020000028e0000428c0000458eac
:10803c0009f84000252020020000028e0000428c2e
:10804c000800458e09f84000252020020000028e11
:10805c000000428c2528800209f8400025202002cf
:10806c000c005226eaff5316009d053c0000028ec0
:10807c000000428cd81da52409f8400025202002c0
:10808c002c00bf8f2800b68f2400b58f2000b48f32
:10809c001c00b38f1800b28f1400b18f1000b08f7a
:1080ac000800e0033000bd2725a0c00000a0123c52
:1080bc00d403522600a0133c940473260400428e71
:1080cc0007004050180052260400858e07fb400f15
:1080dc000800448e0b0040500000428e18005226bf
:1080ec00f6ff5316009d053c0000028e0000428cea
:1080fc00841fa52409f8400025202002e1ff001070
:10810c002c00bf8f1e00401025a800000400538ec9
:10811c00009d053c481fb424009d163c0000028eb7
:10812c000000428c2528800209f8400025202002fe
:10813c000000028e0000428c0000658e09f84000a1
:10814c00252020020000028e0000428c0800658e63
:10815c0009f84000252020020000028e0000428c0d
:10816c00501fc52609f84000252020020100b52625
:10817c000000428e2b10a202e8ff40140c00732664
:10818c000000028e0000428c009d053cd81da524e9
:10819c0009f8400025202002baff00102c00bf8fe8
:020000040000fa
:020000041d01dc
:1081ac0088ffbd277400bfaf7000b4af6c00b3afd5
:1081bc006800b2af6400b1af6000b0af2580800042
:1081cc004800a0af4c00a0af5000a0af5400a0af2f
:1081dc005800a0af5c00a0af030002241500a21051
:1081ec000400918c0000828c0000428c009d053ca8
:1081fc003410a52409f84000252020020000028e2e
:10820c000000428c009d053c5810a52409f8400044
:10821c00252020027400bf8f7000b48f6c00b38fc8
:10822c006800b28f6400b18f6000b08f0800e0036b
:10823c007800bd2725a0c00008d7400f0400c48ccf
:10824c0009004014259040000000028e0000428c72
:10825c00009d053c7010a52409f840002520200243
:10826c00edff00107400bf8f64ff400f252040000d
:10827c00259840000800948e02000624009d053cc1
:10828c00180ea524a9f6400f2520800247004014a3
:10829c000400062424fe400f252040020800401054
:1082ac00009d053c0000028e0000428c9010a5241d
:1082bc0009f8400025202002d7ff00107400bf8f62
:1082cc002528000038bf400f252000004800a527b6
:1082dc0032e6400f252040004c00a38f08006014ac
:1082ec00009d053c0000028e0000428cac10a524c1
:1082fc0009f8400025202002c7ff00107400bf8f32
:10830c00ffff6432c010040023104400c0100200b0
:10831c00211862001000a22730006824030067882f
:10832c000000679807006688040066980b00658853
:10833c00080065980f0064880c006498000047ac36
:10834c00040046ac080045ac0c0044ac100063249f
:10835c00f2ff681410004224030065880000659841
:10836c000700648804006498000045ac040044ac29
:10837c00009d023cd80042243000a2af1000a5277b
:10838c009398400f2520400224004010009d053c8e
:10839c000000028e0000428c1411a52409f8400044
:1083ac00252020029cff00107400bf8f009d053c0f
:1083bc00881ba524a9f6400f2520800210004054ec
:1083cc000000028e24fe400f2520400208004014bd
:1083dc00009d053c0000028e0000428cd410a524a8
:1083ec0009f84000252020028bff00107400bf8f7d
:1083fc00c1e1400f25204002e3ff00100000000007
:10840c000000428c009d053cf410a52409f84000a6
:10841c002520200280ff00107400bf8f0000028e08
:10842c000000428c009d053c2c11a52409f840004d
:0c843c002520200278ff00107400bf8f84
:020000040000fa
:020000041d01dc
:10844800c0ffbd273c00bfaf3800b7af3400b6afa0
:108458003000b5af2c00b4af2800b3af2400b2afe2
:108468002000b1af1c00b0afe081928f860040566b
:10847800e081828f0800848c060080102510a000ff
:108488000400a010000000000000a5941800a054eb
:10849800e88184afba00410f0000000008004010d6
:1084a80025180000b800410f00000000009d053ca1
:1084b800781ea524d8c8400f2520400025180000a4
:1084c800251060003c00bf8f3800b78f3400b68f8e
:1084d8003000b58f2c00b48f2800b38f2400b28fe2
:1084e8002000b18f1c00b08f0800e0034000bd27ba
:1084f80000a0033c0300478800004798070046880f
:1085080004004698b02c67acb02c6324040066ac19
:1085180008004294080062a40800828c09f8400010
:108528001c000624258840005b004010e48182afcf
:1085380000a0023cb02c42944a00401000a0163c17
:10854800b02cd326049d153cb8deb526009d173cfb
:10855800009d143cf41e94261400a0af1000a0af98
:108568000600679625300000060005249a47400f4c
:108578002520000025804000000022a625380000a4
:108588002530a002000205247293400f25204000e8
:10859800ffff03244c000312000000004a004010b3
:1085a80000000000080062960100423004004010fc
:1085b8000100062406000524cfc3400f2520000231
:1085c800020066961000c01003000524cfc3400fb8
:1085d800252000020d00405404006696ba00410fa1
:1085e800000000000200422c080040540400669677
:1085f800b800410f0000000025304002cc1ee526df
:10860800d8c8400f25204000040066961000c0100e
:1086180002000524cfc3400f252000020d0040545e
:1086280001005226ba00410f000000000200422c4f
:108638000800405401005226b800410f0000000015
:108648002530400225288002d8c8400f2520400048
:1086580001005226b02cc2962a104202beff4014d6
:108668001c00312664000624019d053c80fca524dd
:10867800a7e1400f1a00042413004010dc8182afe8
:10868800d88180afe081828f01004224e08182afef
:108698008bff001001000324ba00410f0000000006
:1086a80087ff401025180000b800410f00000000a7
:1086b800009d053ca81ea524d8c8400f25204000d1
:1086c8007fff0010251800009fc3400fd88180af9e
:0886d8007bff001025180000d3
:020000040000fa
:020000041d01dc
:1086e000c0ffbd273c00bfaf3800b7af3400b6af06
:1086f0003000b5af2c00b4af2800b3af2400b2af48
:108700002000b1af1c00b0af25a0a0002580c000a4
:108710002590e000080006241000a527f3eb400f89
:10872000252080021000a293000002a21100b19344
:1087300001003126ff003132c0101100000042a6b6
:108740001200a29325a800000438557c03000324de
:108750003f00a2320d004010010004242f004414f9
:1087600001006424ff0084301000a2272110430080
:1087700000004290080005242328a4002a28a20013
:108780001000a01421208200ff0083300800022482
:10879000710062141000a227ffff3126ff00313262
:1087a0004f002012080006241000a527f3eb400f0d
:1087b000252080021000a2930438557ce4ff0010ad
:1087c00001000324f9ff632421104300c020567cdc
:1087d0000c00c012ff005030ffffd326ff007332a1
:1087e000ff001724080006241000a527f3eb400f14
:1087f00025208002ffff7326ff007332faff7716f1
:1088000008000624ffff312623883602ff0031329c
:1088100008000326ddff0010ff0063308009a27e00
:1088200003000424430044100100042424004410e5
:10883000020004243600441001006424ff00843048
:108840001000a227211043000000429008000524d8
:108850002328a4002a28a2000300a01421208200bb
:10886000caff0010ff008330f9ff6324211043008a
:10887000c020567c0c00c012ff005030ffffd326f2
:10888000ff007332ff001724080006241000a527fc
:10889000f3eb400f25208002ffff7326ff007332a9
:1088a000faff771608000624ffff312623883602d8
:1088b000ff00313208000326b4ff0010ff006330d0
:1088c000ffff6324ff006330000042962110430045
:1088d000c088110023885100000051a60100112416
:1088e000251020023c00bf8f3800b78f3400b68fb0
:1088f0003000b58f2c00b48f2800b38f2400b28fc6
:108900002000b18f1c00b08f0800e0034000bd279d
:10891000ffff6324ff0063300000429621104300f4
:10892000c088110023885100000051a6ecff001000
:1089300003001124ffff6324ff0063300000429610
:1089400021104300c088110023885100000051a667
:10895000e3ff0010040011242110430000004290a6
:10896000dfff20120438557c0100632478ff0010db
:04897000ff00633071
:020000040000fa
:020000041d01dc
:10897400e0ffbd271c00bfaf1800b1af1400b0afbb
:108984006dfa400f2580a000258840008a0020123f
:108994002510000088000012540006242528000039
:1089a400d4fb400f252000023c0022920200032445
:1089b40086004314010003240c00248e4a00801016
:1089c40002000224aa00410f0000000003004688b0
:1089d4000000469807004588040045980b00448829
:1089e400080044980f0043880c004398070006aa27
:1089f400040006ba0b0005aa080005ba0f0004aa71
:108a04000c0004ba130003aa100003baac00410f0f
:108a14000c00248e03004688000046980700458811
:108a2400040045980b004488080044980f004388cc
:108a34000c004398170006aa140006ba1b0005aae6
:108a4400180005ba1f0004aa1c0004ba230003aad4
:108a5400200003baaa00410f0c00248e03004688ac
:108a64000000469807004588040045980b00448898
:108a7400080044980f0043880c004398270006aa76
:108a8400240006ba2b0005aa280005ba2f0004aa60
:108a94002c0004ba330003aa300003baac00410f1f
:108aa4000c00248e03004688000046980700458881
:108ab400040045980b004488080044980f0043883c
:108ac4000c004398370006aa340006ba3b0005aaf6
:108ad400380005ba3f0004aa3c0004ba430003aac4
:108ae400400003ba02000224000002ae28002296cd
:108af400440002a62a002296460002a62400228ee2
:108b0400480002ae5400228e4c0002a60400228ebd
:108b14000000238e231043004e0002a6500000ae36
:108b24004000228e040042388000427c500002ae95
:108b34003f002392010063300200601002004234bf
:108b4400500002ae4000228e08004230050040541e
:108b54003f0022925000028e04004234500002aec4
:108b64003f00229202004230050040504000228e15
:108b74005000028e08004234500002ae4000228ea3
:108b840010004230050040543f0023925000028ef2
:108b940010004234500002ae3f00239204006330c0
:108ba40005006010010002245000028e20004234af
:108bb400500002ae010002241c00bf8f1800b18fc8
:108bc4001400b08f0800e0032000bd27c8ff435401
:108bd400280022961400228e040002ae1800228e71
:108be400140002ae1c00228e240002ae2000228e4d
:108bf400340002ae01000224bcff0010000002aeeb
:020000040000fa
:020000041d01dc
:108c0400c8ffbd273400bfaf3000beaf2c00b7afe4
:108c14002800b6af2400b5af2000b4af1c00b3af3a
:108c24001800b2af1400b1af1000b0af1c00938ca9
:108c3400020076968000c012258000002588a000de
:108c440025a0c000010002245c00e2102590e00091
:108c5400020002247900e214251000020000a2940c
:108c64000200a394211043000400a39421104300a4
:108c74000600a394211043000800a394211043008c
:108c84000a00a394211043000c00a3942110430074
:108c94000e00a394211043000000639621104300aa
:108ca4002610c202ffff56304c81828f62004010b2
:108cb400258000002800978c25f000002510000076
:108cc400801002005c81838f211062000000558cab
:108cd4001400a0120b0003247600a2921200435049
:108ce4000100de277700a392040060504800a38ea1
:108cf4000d0072540100de274800a38e03006010ab
:108d040000000000080077540100de2733004054bf
:108d14007200a2967200a39602006296010062504d
:108d24000a80b0020100de2720f61e7c4c81838f6e
:108d34002b18c303e2ff60142510c0033e00001289
:108d4400010002244e0042520000228e4c00048e88
:108d54000b0080140000000006d5400f25200002ff
:108d640025204000480040104c0002ae71fe400f28
:108d7400000000004c00048e2f00805025808000ed
:108d8400b9e0400f25282002770012a22530800286
:108d94002528e002b4f4400f25200002720016a634
:108da40000006296600002a602006296620002a6bb
:108db4000000028e20000010100002ae0200a294f7
:108dc4000000a39421104300000063962110430087
:108dd40026b0c202b4ff0010ffffd632d2ff5654b1
:108de4000100de270000638e6000a28eceff625475
:108df4000100de27020002241c0042564000a38e1c
:108e0400aa00410f4c00a48e10000624252820023d
:108e1400a9f6400f25204000c3ff40140100de27bf
:108e24007700b2a2253080022528e002b4f4400f76
:108e34002520a0022580a002251000023400bf8f47
:108e44003000be8f2c00b78f2800b68f2400b58f5a
:108e54002000b48f1c00b38f1800b28f1400b18fa0
:108e64001000b08f0800e0033800bd270000228ef8
:108e7400ebff62100100de27acff001020f61e7c21
:108e8400c1ff0010400002aeebff0010258040003f
:020000040000fa
:020000041d01dc
:108e9400d0ffbd272c00bfaf2800b5af2400b4af6e
:108ea4002000b3af1c00b2af1800b1af1400b0afd4
:108eb4001400c0102588c0008800a01025a8a000b8
:108ec40083fa400f00000000860040102580400017
:108ed4004c00428c0500401000000000a5e6400f45
:108ee4002520000211004014259040007af7400f1d
:108ef400252000020300401025880000bff1400f28
:108f040025200002251020022c00bf8f2800b58fd9
:108f14002400b48f2000b38f1c00b28f1800b18fcf
:108f24001400b08f0800e0033000bd2725a0200204
:108f34002b8851000100205625a04000ffff9432e9
:108f44000800048e0400118e211094002b1051008f
:108f54005a0040542588800223882402ffff3332bc
:108f6400ffff313225302002f1fa400f2528a002fc
:108f740021a8b10223889302ffff31320000028e40
:108f8400080002ae253020022528a002f1fa400f85
:108f94000800048e0800028e21105100080002ae61
:108fa4001000048e300044503e0002967400069671
:108fb400201e067c0e0061042b1882003e000396de
:108fc400200063300900601423905402ffff5232e2
:108fd4000400038e0000058e231865004318030067
:108fe4002a90720041004012000000002b188200f9
:108ff400340060500400038e23104400ffff42300d
:10900400640005962b3845000200e0102518a000e6
:1090140025184000ffff63306a0007962b3867006d
:109024003900e010000000006e0007964238070087
:109034002b186700340060102b28a2000900a0142c
:109044000008c6303000c014000000003e00028654
:10905400050042043e0002960c00028e2a00821093
:10906400000000003e00029604004230100040144c
:10907400010003243e0002968410627c42f0400ffb
:109084003e0002a63c81848f8018040021186400ed
:10909400c01803006210043cd34d842419006400fa
:1090a400101800008219030021186200280003ae82
:1090b4002188330293ff0010ffff3132b1ff00100b
:1090c40025980000231864000000058e2310450035
:1090d40021106200caff0010ffff423089ff001018
:1090e4002588000087ff001025880000bff1400f8d
:1090f400252000023e000296010003244429627cdc
:10910400ebff00103e0002a6bff1400f2520000235
:08911400e8ff0010218833027e
:020000040000fa
:020000041d01dc
:10911c00c8ffbd273400bfaf3000beaf2c00b7afc7
:10912c002800b6af2400b5af2000b4af1c00b3af1d
:10913c001800b2af1400b1affde7400f1000b0af94
:10914c00620040103400bf8f9000508c5c00001205
:10915c0025884000029d133c44607326029d143cfc
:10916c00e0609426029d1e3c029d173c029d163c1d
:10917c00029d153c1000028e0400448c2620240213
:10918c00ba0306242528600200f4400f0100842c49
:10919c000f00049202008438bb03062425286002c9
:1091ac0000f4400f0100842c0c000292ffff4224bb
:1091bc00ff0042300500422c4f004010c70306242c
:1091cc000e00039201000224040062540c0002926f
:1091dc009000410f1000248e0c000292ffff4224dd
:1091ec0080100200211054000000428c252800023f
:1091fc0009f84000252020020e0002920600422ca5
:10920c0042004010000000000e0002920500422cab
:10921c002b004014bc0406241000128e0400448e53
:10922c0026202402c45fc52700f4400f0100842cc3
:10923c000d00029201004230170040540c000392c2
:10924c000800428e3b0040500c0003920e0003922b
:10925c00ffff6224ff0042300400422c080040143f
:10926c00010006240700622c2c004010050002248b
:10927c000300621425300000040002240e0002a238
:10928c000800428e080007962528000209f84000c5
:10929c00252040020c0003920300022408006210f7
:1092ac00020007249000262625280002a5b4400fb2
:1092bc00252020029000308eafff00561000028e49
:1092cc0081f9400f252020023400bf8f3000be8f63
:1092dc002c00b78f2800b68f2400b58f2000b48fd8
:1092ec001c00b38f1800b28f1400b18f1000b08f18
:1092fc000800e0033800bd272528600200f4400f69
:10930c0025200000070002240e0002a29200410f4b
:10931c001000248ebdff00100e000292f3040624f0
:10932c00b05fa52600f4400f25200000d4ff0010ec
:10933c00ecff062403000224e1ff62100000000091
:10934c00bbf5400f900024260700401025904000ec
:10935c000f00449002008438060106248060c52664
:10936c0000f4400f0100842c262012025602062421
:10937c005860e52600f4400f0100842c252840029b
:10938c006df8400f9c00242603000224c9ff001036
:04939c000f0042a2da
:020000040000fa
:020000041d01dc
:1093a00058febd27a401bfafa001b3af9c01b2af6f
:1093b0009801b1af9401b0af258080002598a0003e
:1093c000d48092871000a0a32c0006241000a527ab
:1093d0000086400f252040021000a39302000224c3
:1093e00084006214c0000624252800000086400f77
:1093f00025204002c00003248000431438010624c5
:109400003c00a5270086400f25204002258840000b
:109410000400422c7b00401404000624039d053cfc
:10942000380ca524a9f6400f3c00a4273c0040546a
:10943000258800005e0003960e00622c610040103b
:109440002828022406106200010042305d0040100e
:109450001400a38f4800028e5b00621425280000d0
:10946000010060563c007326060006242528600291
:10947000a9f6400f2c00a427530040142528000013
:1094800060000292040042300600401401000324f0
:109490002000a28f340002ae610002920400627cc0
:1094a000610002a27c01a0af8001a0af8401a0af47
:1094b0008801a0af8c01a0affcff22264000a327ab
:1094c000039d113c380c31267401a3af110000102c
:1094d000039d133c7401a38f00006590f00b64267c
:1094e0000000868c2a00a654080084240400828c84
:1094f0007401a52709f84000252000020c0040183f
:109500007401a38f211862007401a3af7801a38fa7
:1095100023106200efff401c7801a2af25880000f5
:10952000aef1400f252040022b0000102510200234
:10953000fbff4014258800007c01b18f020002244b
:10954000060022120500022418002216020002243e
:109550005c0003962d0062542400038e8001a28fcc
:10956000240002ae60000292010003248410627c99
:10957000600002a205000224e9ff22167401a5275b
:10958000b7aa400f25200002e5ff001005001124b6
:10959000d4ff91540000868c010064900200842462
:1095a00021186400c8ff0010231044002400038e1b
:1095b0008001a28ff0ff625005000224d8ff001046
:1095c00025880000252800006cda400f2520400285
:1095d0002588000025102002a401bf8fa001b38fb1
:1095e0009c01b28f9801b18f9401b08f0800e00305
:1095f000a801bd27caff001025880000c8ff001081
:1096000025880000c6ff0010258800008001a28f79
:10961000c3ff621425880000d9ff00107401a5273c
:020000040000fa
:020000041d01dc
:1096200028ffbd27d400bfafd000b7afcc00b6af86
:10963000c800b5afc400b4afc000b3afbc00b2af98
:10964000b800b1afb400b0afe800b68f070080102b
:1096500053ff11242580800025a8a0000f00a0142e
:109660002598c0001000c0103400122425102002dc
:10967000d400bf8fd000b78fcc00b68fc800b58f95
:10968000c400b48fc000b38fbc00b28fb800b18fdc
:10969000b400b08f0800e003d800bd2734001224c6
:1096a000240002240b904600080007ae140016aefa
:1096b000040016ae0c0000ae100000a280000224d0
:1096c0001800a2af3000a2271400a2af1000a0af74
:1096d0002538000030000624029d053cbc2fa5243f
:1096e0002fec400f252000005d0040143000b4270f
:1096f000029d113c3c2f3126b000b72725282002bf
:1097000025208002000083900000a69026186600a5
:10971000ff0063302510430001008424f9ff9714f3
:109720000100a5244e004014feff02242800a2af31
:109730002400a0af800002242000a2af3000a227a6
:109740001c00a2af1800a0af1400a0af200002249c
:109750001000a2af029d073cbc2fe7241000062496
:10976000029d053cdc2fa52495b0400f252000006c
:109770003c00405403000224000083920000249225
:1097800026186400ff006330251043000100942672
:10979000f9ff97160100312632004014030002241d
:1097a000e0ce400f840004240c0002ae1c004010e8
:1097b00083ff1124253040023000a527e2b8400f76
:1097c00025200002210040142528400279d4400fb2
:1097d0003000a4270c004014258840001800b6afc4
:1097e0000800028e1400a2af1000b3af2538a0020b
:1097f000fcff46263400a527ecb6400f0c00048e73
:1098000007004010258840000c00048e04008050a2
:109810000c0000aebde5400f000000000c0000aee3
:109820003000a22721905200251840000100422458
:10983000000060a0fdff52542518400005002016ce
:109840000100022489ff0010100002a2eeff0010a8
:109850000100112403000224050022160100022445
:1098600003000224100002a280ff00102fff112429
:109870000400221602000224100002a27bff001046
:0c98800039ff112479ff0010100002a233
:020000040000fa
:020000041d01dc
:10988c00b8ffbd274400bfaf4000b6af3c00b5af3a
:10989c003800b4af3400b3af3000b2af2c00b1af6e
:1098ac002800b0af258080002598a0006eff400fe7
:1098bc00e080928f4018020021186200c01803004b
:1098cc002110620080100200219042024c00428e56
:1098dc00570040100000000009f84000252000024d
:1098ec005300401025884000fcfa400f2520400012
:1098fc000200432c4e0060140000000060004392f4
:10990c0040006330020060102590000001005224da
:10991c001000a0af1400a0af1800a0af1c00a0afa7
:10992c002000a0af2400a0a314002726251020029d
:10993c001000a3272000062401004224ffff4480ce
:10994c0006008610f7ff85240500a52c0300a01443
:10995c0000000000000064a001006324f7ff47141e
:10996c0001004224fcfa400f1000a42735004010df
:10997c002580400025a800001000b427780016248c
:10998c0000008492d3ff8224ff0042300200422c5c
:10999c00060040540100b52684fc400f0000000076
:1099ac0001004050000096a20100b5262a10b0021a
:1099bc00f3ff4014010094261000a28320004234cf
:1099cc009fff42241a00422c02004014780002240b
:1099dc001000a2a32110b0030f00542484fc400fec
:1099ec000f0044900200401478000224000082a270
:1099fc0035004016020014260400628e2b10540011
:109a0c0026004014ffff12240000648e0c00022478
:109a1c00000082a0010090a0253000021000a527b4
:109a2c00f1fa400f020084241c00001025908002e3
:109a3c0069ff400f2520000225884000b4ff00106c
:109a4c00259000001600405225104002000020a274
:109a5c0012000010259040000c000224000082a08f
:109a6c00010090a0253000021000a527f1fa400f4c
:109a7c0002008424010010262a1050020b8042029e
:109a8c00253000021000a527f1fa400f25202002f6
:109a9c0021803002ffff00a2259080022510400299
:109aac004400bf8f4000b68f3c00b58f3800b48f98
:109abc003400b38f3000b28f2c00b18f2800b08fe0
:109acc000800e0034800bd27000020a20400628ebd
:109adc002b105400e0ff40500000648eefff00108c
:049aec00ffff122442
:020000040000fa
:020000041d01dc
:109af000c8ffbd273400bfaf3000b7af2c00b6aff2
:109b00002800b5af2400b4af2000b3af1c00b2af43
:109b10001800b1af1400b0af2881828f80004010d0
:109b2000ffff1624259880002588a00025a0c000ee
:109b30000200a2304000401425a8e000ffff0534d9
:109b400075f9400f108184270600801625b80000a3
:109b500011d9400f000000000c00401025b8800211
:109b600025a040002481838f080060182881828fff
:109b7000259000000000448c340080102081848fe8
:109b800001005226fbff43160400422481f9400fd6
:109b90001081842762000010ffff16244a00001085
:109ba000100002a6b9e0400f7c5fa524029d053c91
:109bb000545fa52445fc400f0c00048e4000028e2b
:109bc00001000324180042348410627c400002ae7d
:109bd000480002968410627c51000010480002a6e2
:109be00001003132efff2016029d053c4c00a0120f
:109bf0002528a002b9e0400f0c00048e4900001097
:109c00002510c00201003132ecff201601000224b1
:109c1000440062162510c0024200a0120100032475
:109c20000000a28e140002ae4000028e0442627c4c
:109c30003b000010400002aeffff053475f9400ff5
:109c400010818427c2ff0010000000000800828cf1
:109c50006400062409f8400001000524cbff4010f1
:109c60002580400020b6127c120016a680901200bb
:109c70002881828f21905200000050ae81f9400f60
:109c8000108184272a0014a6280017a63c0013a2de
:109c9000030002243d0002a2620002a24000028ee4
:109ca000046b627e400002ae80002232bbff401097
:109cb00018818297100000a64000028e0100032444
:109cc000444a627c400002ae00012232040040108f
:109cd000010003244000028ec45a627c400002aea0
:109ce00002000224c7ff6216010006242528000294
:109cf0009ea3400f252000000c00048eb8ff8014a6
:109d0000ffff053475f9400f1081842702df400ff3
:109d10002520000281f9400f10818427ffff1624bf
:109d20002510c0023400bf8f3000b78f2c00b68fd3
:109d30002800b58f2400b48f2000b38f1c00b28f91
:109d40001800b18f1400b08f0800e0033800bd2761
:020000040000fa
:020000041d01dc
:109d5000d0ffbd272c00bfaf2800b4af2400b3afa5
:109d60002000b2af1c00b1af1800b0af2588800052
:109d70002580a0008000c0102590c00007000624a8
:109d80008400a524e8fb400f1000a4277400148e63
:109d9000780013968c00062425280000d4fb400f81
:109da000252000020800248e0400801018000526db
:109db00054a3400f3c00052618000526d075400f1f
:109dc0000c00248e1c000526d075400f1000248e38
:109dd00020000526d075400f1400248e240005268f
:109de000d075400f1800248e28000526d075400f2e
:109df0001c00248e2800228e440002ae4900401030
:109e00000100042400004394020003a602004290d3
:109e1000ffff4324ff0063300400632c4100601007
:109e2000830002a20400228e0300468800004698a8
:109e300007004588040045980b00448808004498b2
:109e40000f0043880c0043982f0006aa2c0006ba86
:109e5000330005aa300005ba370004aa340004ba5a
:109e60003b0003aa380003baa0cd400f2c00042603
:109e700024002296480002a6000142300e00405005
:109e8000420002963000228e4a0002a62c00248e48
:109e90000600805048000296ee36400f4c00052622
:109ea000380040543400248e480002960442027c5c
:109eb000480002a642000296010003240463627c6b
:109ec000420002a62400258ee5f8400f252000025e
:109ed000040040542400028e3fe8400f2520000279
:109ee0002400028e100002ae2800028e140002ae82
:109ef00042000296010003244429627c420002a62b
:109f00002400258e2cf7400f252000020500401468
:109f1000252000004200029601000324c418627c40
:109f2000420002a60b0040121000a38f870003aa74
:109f3000840003ba1400a393880003a21500a3931e
:109f4000890003a21600a3938a0003a2740014ae32
:109f5000780013a6010082382c00bf8f2800b48f30
:109f60002400b38f2000b28f1c00b18f1800b08f77
:109f70000800e0033000bd2725a0000085ff001089
:109f800025980000ccff805042000296ee36400f2c
:109f90005c000526c8ff4054420002964800029625
:0c9fa0000442027cc3ff0010480002a62f
:020000040000fa
:020000041d01dc
:109fac00a020047c0800e00302142400a020047c00
:109fbc000800e00325108000a020047ca028057c6c
:109fcc00021425000800e003021c2400fcffa82456
:109fdc001b000105010007348500a0102518c000e6
:109fec00ffffa8240400001500000000000083906f
:109ffc000f00001021186600ffff08250600001551
:10a00c000100839000008890001a03002518680056
:10a01c00070000102118660000008990020088904b
:10a02c00001a030025186900211868002118660021
:10a03c00024c0300ffff6a306d00001021182a014a
:10a04c00110000001300c0000100823003008930b1
:10a05c000f00201104000b34235869012540000027
:10a06c0000008898ffff29250500201108000a34fc
:10a07c00ffff29250200201108004a2508004a2567
:10a08c0004404801010007712328ab0021208b00fc
:10a09c004219050040310300130060100000888c49
:10a0ac000400898c0100077108008a8c010027715b
:10a0bc000c008b8c0100477110008c8c01006771b7
:10a0cc0014008d8c0100877118008e8c0100a77113
:10a0dc001c008f8c0100c771ffff63240100e77126
:10a0ec00edff0010200084242328a600021905008f
:10a0fc00003103000b0060100000888c0400898c78
:10a10c000100077108008a8c010027710c008b8cf0
:10a11c0001004771ffff632401006771f5ff001018
:10a12c00100084242328a600c2180500c0300300a8
:10a13c00070060100000888c0400898c01000771f6
:10a14c00ffff632401002771f9ff0010080084242d
:10a15c002328a6008218050080300300030060103d
:10a16c000000888c04008424010007712328a600b9
:10a17c000f00a0100100a6300400c0140000000065
:10a18c000100888809000010024408000200a63073
:10a19c000400c014000000000000888803000010b8
:10a1ac00024608000200888802420800010007717c
:10a1bc001048000012400000211828012b5868009c
:10a1cc00020060110000000001006324024c030037
:10a1dc00ffff6a3021182a01024c0300ffff6a308e
:10a1ec0021182a010200401000000000a018037c76
:0ca1fc00271060000800e003ffff423065
:020000040000fa
:020000041d01dc
:10a2080068ffbd279400bfaf9000b6af8c00b5af14
:10a218008800b4af8400b3af8000b2af7c00b1afa8
:10a228007800b0afffff9024ffff10320a00022e23
:10a2380026004010258800002086107cc0101000e1
:10a24800211050008010020000a0033ca01c6324d1
:10a2580021104300000042901c0040102598c000c7
:10a2680000a0023cc01810002118700080180300dc
:10a27800a01c4224211043000400519420003132d4
:10a288005b00201200a0023cc018100021187000ca
:10a2980080180300a01c4224211043000c00428cab
:10a2a8001c00528c1400401600a0023cc01810007c
:10a2b8002118700080180300a01c422421104300bc
:10a2c800ffff0324030043a0258800002510200277
:10a2d8009400bf8f9000b68f8c00b58f8800b48f24
:10a2e8008400b38f8000b28f7c00b18f7800b08f6c
:10a2f8000800e0039800bd273300a0146400c22cb6
:10a308001800401425880000eb51143c1f85943632
:10a318001900d40010a0000042a11400c0101000c1
:10a3280021105000801002001c00422400a0153c9f
:10a33800a01cb52621a8a20225b0000064000624ae
:10a348001000a52709f840022520a00221102202aa
:10a35800ffff51300100d6262a10d402f8ff40141e
:10a3680064000624eb51023c1f8542341900620246
:10a378001010000042110200403002002130c200db
:10a38800c03006002130c20080300600233066024b
:10a39800ffffc630cdffc010c010100021105000c4
:10a3a800801002001c0042241000a52700a0043cd5
:10a3b800a01c842409f840022120820021102202d6
:10a3c800c2ff0010ffff5130c010100021105000d4
:10a3d800801002001c00422400a0043ca01c84241d
:10a3e80009f8400221208200b8ff0010ffff513019
:10a3f800c0101000211050008010020000a0033c83
:10a40800a01c6324211043000800428c4400478ca0
:10a418000900e01400a0023cc018100021187000c8
:10a4280080180300a01c422421104300ffff0324ce
:10a43800a6ff0010030043a0c018100021187000e8
:10a4480080180300a01c42242110430009f8e000f2
:0ca45800060044849dff00102588400091
:020000040000fa
:020000041d01dc
:10a46400d0ffbd272c00bfaf2800b3af2400b2af8c
:10a474002000b1af1c00b0af00a0023c7002422427
:10a4840079004414258000002588a0001000a0afa6
:10a494001400a0af00a0023cd802428c050040107a
:10a4a4002590c0000500052400a0043c09f84000e4
:10a4b400540384241000a7271400a62700a0053cf9
:10a4c4001403a52400a0133c8b96400f700264264d
:10a4d40025804000700273266800628e04004010dc
:10a4e4000600052400a0043c09f840005403842419
:10a4f400ffff02260200422c1500405401000224f2
:10a504006100001600a0023c1000a28f0400438cde
:10a51400c005647c080080100001043c0000428ceb
:10a52400241044001000043c241864002510430047
:10a534002100401000a0023c00a0023c7002422412
:10a54400f800438c01006324f80043acf5ff0224b7
:10a5540001002056000022ae00a0023c1c03508cd7
:10a564004100001200a0023cd802428c04004010ba
:10a574000500052400a0043c09f840005403842489
:10a5840000a0103c70021026ac00058ef790400f1e
:10a59400252000026800028e330040102580000050
:10a5a4000600052400a0043c09f840005403842458
:10a5b4002e0000102510000270024224ec00438c8f
:10a5c400010063243a002016ec0043ac00a0023cd6
:10a5d40070024224ac00438c1c00448c2418640098
:10a5e40018004484211864000000708c1000038e4d
:10a5f400000060acb0004394fcff6424b00044a4a9
:10a604001000028eeeff63240c0043a41000028e9f
:10a614000800428c140002ae0e00422442f0400fa7
:10a62400180002ae240002ae2000028e0431027c27
:10a6340008004334200003ae1000a38f0000658c93
:10a644008007a47c16008010000000002800443419
:10a6540005004012200004ae0000648c0400628ceb
:10a66400000044ae040042ae251000022c00bf8f4f
:10a674002800b38f2400b28f2000b18f1c00b08f4c
:10a684000800e0033000bd2770024224fc00438c24
:10a6940001006324fc0043acadff0010f6ff02246c
:10a6a400ebffa10418004434e9ff001048004434cf
:08a6b400c6ff0010000020aefb
:020000040000fa
:020000041d01dc
:10a6bc00d0ffbd272c00bfaf2800b4af2400b3af30
:10a6cc002000b2af1c00b1af1800b0af1000a0a3b7
:10a6dc001100a0a3200080102510000025988000f8
:10a6ec002580a0002588c0002590e0006eff400f5b
:10a6fc006481948f252840004000a38ffbff6324c6
:10a70c000800622c7e00401080180300029d043c5f
:10a71c0030a78424211883000000628c08004000bc
:10a72c000000000050a7019d84a7019dd4a7019da6
:10a73c000ca9019d0ca9019df4a7019d98a8019d50
:10a74c00e0a8019d1000062425284002a9f6400f20
:10a75c00080024260100422c2c00bf8f2800b48f47
:10a76c002400b38f2000b28f1c00b18f1800b08f63
:10a77c000800e0033000bd27260002922600239239
:10a78c00261043000f004230f3ff401025284002f2
:10a79c001ad0400f25206002260004920f0084304e
:10a7ac00260023920f0063302b2883000300a01097
:10a7bc000f004230e8ff00102b1082002b106200bb
:10a7cc00e5ff0010010042381f00238a1c00239a69
:10a7dc00e1ff6010251000001f00028a1c00029a85
:10a7ec00ddff00100100422c253800002530000050
:10a7fc001200a527e89b400f25204002d6ff4010f1
:10a80c0025380000253000001000a527e89b400fdc
:10a81c0008000426120040142538000025300000e2
:10a82c001100a527e89b400f0800242604004010c7
:10a83c001200a4931100a393c7ff831001000224fc
:10a84c001100a3931000a493c3ff831025100000e4
:10a85c001200a29326104300bfff00100100422cef
:10a86c00253000001100a527e89b400f0800242686
:10a87c00f3ff40141200a4931000a393b6ff8310af
:10a88c001100a393f0ff00101000a4932700249252
:10a89c00270003922618830004006230aeff40109c
:10a8ac000019050021106500c0100200040084305e
:10a8bc000400801421a082027a008292a6ff00106c
:10a8cc000100422c7a00829201004238a2ff001053
:10a8dc000100422c100006240800052692de400fd1
:10a8ec002520400225804000100006240800252663
:10a8fc0092de400f2520400297ff00102b10020221
:08a90c0095ff0010251000006a
:020000040000fa
:020000041d01dc
:10a91400d0ffbd272c00bfaf2800b6af2400b5afd1
:10a924002000b4af1c00b3af1800b2af1400b1af35
:10a934001000b0afffff9024ffff10320a00022e78
:10a944001e004010258800002590a0002086107c61
:10a95400c0101000211050008010020000a0033c21
:10a96400a01c632421104300000042907700401093
:10a974002588c000c0101000211050008010020073
:10a9840000a0033ca01c6324211043000800428c57
:10a994005000458c1400a01400a0023cc018100004
:10a9a4002118700080180300a01c422421104300c9
:10a9b400ffff0324030043a0258800002510200284
:10a9c4002c00bf8f2800b68f2400b58f2000b48fd1
:10a9d4001c00b38f1800b28f1400b18f1000b08f19
:10a9e4000800e0033000bd27c018100021187000d3
:10a9f40080180300a01c4224211043000400539437
:10aa0400200073324200601200a0023cc018100003
:10aa14002118700080180300a01c42242110430058
:10aa24000c00438c1800758c2c00748c020043902d
:10aa3400040002240500621400a0023c0400a012d9
:10aa4400c01810000a00801600a0163cc0181000a0
:10aa54002118700080180300a01c42242110430018
:10aa6400ffff0324030043a0d4ff00102588000047
:10aa7400a01cd626c0101000211050008010020027
:10aa84002110c20209f8a000060044842598400061
:10aa9400c010100021805000808010001c0010267f
:10aaa4002180d002253000002528400209f8a002a8
:10aab40025200002070040102528400209f88002e2
:10aac40025200002ffff42302b106202bbff4050e2
:10aad40025884002baff20122510200225300000ec
:10aae4002528200209f8a00225200002b3ff4050c7
:10aaf400258840002528200209f88002252000022c
:10ab0400ffff42302b986202acff00100b88130049
:10ab1400c01810002118700080180300a01c4224e3
:10ab24002110430009f8a000060044842b90520031
:10ab3400a2ff405225884000a0ff20122b1851008c
:10ab4400258860029dff00100a8843009bff0010c7
:0cab54002588000099ff001025884000b3
:020000040000fa
:020000041d01dc
:10ab600020ffbd27dc00bfafd800b7afd400b6af21
:10ab7000d000b5afcc00b4afc800b3afc400b2af23
:10ab8000c000b1afbc00b0af25988000f800b48f12
:10ab9000fc00b58fec00a7a340b9c27cff00033cca
:10aba000ff00632424104300c01a060000ff043c89
:10abb00000ff84342418640025104300021422008e
:10abc0001400a2af1f00d6302bb0160042110600b1
:10abd00021b0c202010002241000a2a35700c01a33
:10abe000010011242580a0002590c00025b8000098
:10abf0007c00668e7800658e05bf400f1800a42784
:10ac00004e00401425884000010006241000a527ae
:10ac1000a4d6400f1800a4276000401425884000e7
:10ac20001000a293010042241000a2a304000624f5
:10ac30001400a527a4d6400f1800a42757004014dd
:10ac400025884000ec00a393040002240600621053
:10ac500001000624ec00a527a4d6400f1800a42765
:10ac60004e00401425884000f400a68ff000a58f08
:10ac7000a4d6400f1800a42748004014258840009f
:10ac8000090080129400a5270700a0122530a00219
:10ac900025288002a4d6400f1800a4273f004014a6
:10aca000258840009400a527547f400f1800a42752
:10acb00025884000c200410f1800a4271c00201660
:10acc0002100422e2f0040149400a98f9800a88fd5
:10acd0009c00a78fa000a68fa400a58fa800a48f1a
:10ace000ac00a38fb000a28f030009aa000009ba2c
:10acf000070008aa040008ba0b0007aa080007ba50
:10ad00000f0006aa0c0006ba130005aa100005ba27
:10ad1000170004aa140004ba1b0003aa180003baff
:10ad20001f0002aa1c0002bae0ff522620001026d3
:10ad30000100f726afffd7567c00668e9400a2274d
:10ad4000b400a3272520400001004224000080a079
:10ad5000fcff4314dc00bf8f2b101100d800b78f0d
:10ad6000d400b68fd000b58fcc00b48fc800b38f9d
:10ad7000c400b28fc000b18fbc00b08f0800e003e8
:10ad8000e000bd27253040029400a527f1fa400fce
:10ad900025200002e7ff00100100f726c200410f46
:0cada0001800a427e3ff00100100f726b4
:020000040000fa
:020000041d01dc
:10adac00d0ffbd272c00bfaf2800b3af2400b2af3b
:10adbc002000b1af1c00b0af1800838c030002243c
:10adcc0010006214258880001000848c420083944b
:10addc000100633004006010010002249bae400fa0
:10adec0001000524010002242c00bf8f2800b38f22
:10adfc002400b28f2000b18f1c00b08f0800e0033c
:10ae0c003000bd27d880828f520040142590a000be
:10ae1c00f5ffa010640006240800848cc88084af61
:10ae2c00ffff0224d48082a70800828c09f840001e
:10ae3c000000259625184000e08082afeaff6010e4
:10ae4c002510000005000624049d053cd0bca5245b
:10ae5c00a7e1400f0c000424cc8082af00a0043c7e
:10ae6c0040fe400f7c2c8424259840000800428e24
:10ae7c00d28082a70c004596d08085a702010724ba
:10ae8c0025300000e1ca400f010004242580400059
:10ae9c00ffff0224210002121000a6270500052442
:10aeac00266e400f252000021000a2970002422cb3
:10aebc0008004010000202241000a2a70002062481
:10aecc00050005247943400f252000023e00401068
:10aedc000000000025380000d28086970100052470
:10aeec00c37f400f252000023700401025300000a2
:10aefc00020005247943400f25200002253800006c
:10af0c00049d063c4cddc6240001052482cc400f78
:10af1c00252000022c00401000000000d48090a7d7
:10af2c00cc80828f060040100000000004006012ec
:10af3c0000000000ffff02240500025600002296cc
:10af4c007ec5400f00000000a7ff00102510000078
:10af5c00dc8082af1400238e4010030021104300cc
:10af6c00c01002002110430080100200e080838f8b
:10af7c0021106200600040a00400438e0100605864
:10af8c000a000324580043a402000324560043a4df
:10af9c00e80303245a0043a41000248e4200829438
:10afac000100423004004050d880828f9bae400f8d
:10afbc0001000524d880828f01004224d88082af02
:10afcc0089ff0010010002241eee400f2520000214
:08afdc00d2ff0010ffff10245a
:020000040000fa
:020000041d01dc
:10afe400d8ffbd272400bfaf2000b4af1c00b3af0f
:10aff4001800b2af1400b1af1000b0af25888000c4
:10b0040025a0a0001800908c4400829014004224d3
:10b01400ffff533000000392040004240439837cae
:10b024008068427c0418437c000003a246002296f8
:10b0340001004230140040102590e0001400022664
:10b044004500239280180300211043000000439020
:10b0540001000424c439837c4431037c1400042497
:10b064000420837c000043a004000324010043a0c7
:10b0740004004324212013022b18640002006010f2
:10b08400020040a4040040a053004012010000a2aa
:10b0940000004292200042300400401025100000bd
:10b0a400010003248410627c010002a20000429289
:10b0b40010004230040040100100032401000292f9
:10b0c400c418627c010002a20000429208004230cf
:10b0d4000400401001000324010002920421627c58
:10b0e400010002a2000043920700623004004010f5
:10b0f40021206602010002924439627c010002a20e
:10b10400ee67400fffff8430020002a6d0818497cf
:10b1140001008424ffff8430ee67400fd08184a7b0
:10b12400040002a6ee67400f25200000060002a6d8
:10b13400020042920400401001000324060002961b
:10b144008473627c060002a6010042920100405012
:10b1540064000224080002a2090014a20a0000a646
:10b164003800228e0c0002ae3c00228e100002ae8b
:10b174004000228e800042900400423005004014ba
:10b184002530000025286002f667400f25200002c4
:10b194000a0002a61000238e0c00629421106202a1
:10b1a4000c0062a41800228e211053001c0022ae51
:10b1b4004000228e280022ae2400bf8f2000b48fce
:10b1c4001c00b38f1800b28f1400b18f1000b08f21
:10b1d4000800e0032800bd2721206602ee67400f27
:10b1e400ffff8430020002a6d081849701008424ea
:10b1f400ffff8430ee67400fd08184a7040002a6cd
:10b20400ee67400f25200000060002a6d1ff0010c3
:04b2140064000224ac
:020000040000fa
:020000041d01dc
:10b21800b8ffbd274400bfaf4000b5af3c00b4af96
:10b228003800b3af3400b2af3000b1af2c00b0afcc
:10b23800258080000300a228160040100400928c8c
:10b248000000828c0000428c009d053c4813a52418
:10b2580009f84000252040020000028e0000428cc0
:10b26800009d053c9013a52409f8400025204002c4
:10b278004400bf8f4000b58f3c00b48f3800b38fb7
:10b288003400b28f3000b18f2c00b08f0800e0037b
:10b298004800bd272588a00025a0c00008d7400f7a
:10b2a8000400c48c09004014259840000000028e58
:10b2b8000000428c009d053c7010a52409f8400050
:10b2c80025204002ebff00104400bf8f420042944b
:10b2d8004000423008004014009d053c0000028eea
:10b2e8000000428cc013a52409f840002520400224
:10b2f800e0ff00104400bf8f1000a527d075400f55
:10b308000800848e25a840001800a527ee36400fb7
:10b318000800848e290040540400312a3600a01603
:10b32800009d053c0000028e0000428cfc12a52402
:10b3380009f8400025204002ceff00104400bf8fce
:10b348000000028e0000428c009d053cdc13a52401
:10b3580009f8400025204002c6ff00104400bf8fb6
:10b3680025300000010007241000a5278fb1400fe9
:10b37800252060020000038e090040140000638c41
:10b38800009d053c3013a52409f8600025204002e3
:10b39800b8ff00104400bf8ff2ff00101400a6276a
:10b3a800009d053cf8ff00101c13a5240000438ce9
:10b3b800009d053cf4ff00101c13a5240400201672
:10b3c80025300000c9da400f0c00848e253040007b
:10b3d800253800001800a527d271400f25206002eb
:10b3e800f2ff40140000028e0000438c009d053cd3
:10b3f800e5ff00103013a5245d00410f25206002f1
:10b40800cfff40140400312ad5ff20161400a527c9
:10b41800d075400f0c00848edfff4014009d053c62
:10b428000000028e0000428c2414a52409f8400074
:0cb43800252040028fff00104400bf8f51
:020000040000fa
:020000041d01dc
:10b44400d0ffbd272c00bfaf2800b5af2400b4af98
:10b454002000b3af1c00b2af1800b1af1400b0affe
:10b464000600801053ff1124258080002598a00039
:10b474000c00a0142590c0000a88060025102002a4
:10b484002c00bf8f2800b58f2400b48f2000b38f09
:10b494001c00b28f1800b18f1400b08f0800e003b5
:10b4a4003000bd276000848c4000822cf3ff4010e4
:10b4b4007cff11246400028e2118c2002b1062004c
:10b4c40004004010640003ae6800028e01004224b0
:10b4d400680002ae20001426270080102588000092
:10b4e400400015242330a4022b1046020b304202e4
:10b4f4002588c00025286002f1fa400f212084022b
:10b504006000028e21102202600002ae21987102b6
:10b51400239051021800551425880000252080022c
:10b5240060000726ff00063cff00c62400ff053c20
:10b5340000ffa5340000838c02120300241046008f
:10b54400001a030024186500251043000214220089
:10b55400000082ac04008424f7ff87540000838c2d
:10b5640025288002033e400f252000020e004014cf
:10b5740025884000600000ae3f0055320c0055168f
:10b5840025186002beff201625102002bcffa01261
:10b594002530a00225286002f1fa400f2520800200
:10b5a400b6ff0010600015aef3ff001025900000f8
:10b5b4002510800240006826030067880000679811
:10b5c40007006688040066980b0065880800659883
:10b5d4000f0064880c006498030047a8000047b873
:10b5e400070046a8040046b80b0045a8080045b863
:10b5f4000f0044a80c0044b810006324eeff681444
:10b60400100042242000042660000726ff00063ca8
:10b61400ff00c62400ff053c00ffa5340000838c16
:10b624000212030024104600001a030024186500c7
:10b634002510430002142200000082ac040084247c
:10b64400f7ff87540000838c40007326c0ff522606
:10b6540025288002033e400f2520000287ff401466
:0cb6640025884000c5ff00100000000019
:020000040000fa
:020000041d01dc
:10b67000d8ffbd272400bfaf2000b1af1c00b0af82
:10b680000300c01425808000ff7f063cffffc63406
:10b690001400a0af1000a0af0000a38c73006010d6
:10b6a000251000004000118e256000002548000094
:10b6b000800118240100ef3001000a240200e73065
:10b6c00004000e24dc00088e252040000000028dbe
:10b6d00004000d8d0e004d5400004d8c040000ad93
:10b6e0000c004014000000ad010080551400a4af10
:10b6f000010020551000abaf03000224dc00048ed3
:10b700001400a78f1000a38f5400001025300000f4
:10b7100000000dad2540600000e06d7c08004dace0
:10b72000040058ac0400e0110000000004004d8c3f
:10b73000444a4d7d04004dac0500e05042470800ee
:10b7400004004d8c04634d7d04004dac424708005d
:10b7500028000e15000000000400438c8452437d35
:10b76000040043ac000040ac2a008010140040ac40
:10b77000000082ac0400432400e0637c140083ac2e
:10b780000400a5240000a38c25006054ffffc624fc
:10b79000020020111400a2af1000abaf1000a38f65
:10b7a0003200601025100000010007241000a627b9
:10b7b000e000058ecd86400f252000027200410f6b
:10b7c000252020020700401400000000e000028e47
:10b7d0000000458c0400a52400e0a57c5fff400f1d
:10b7e00025202002b1ff400f252020021f0000105d
:10b7f00025100000dcff6204000040ac0100805511
:10b800001400a4af010020551000abafbbff001027
:10b81000feff022425584000d9ff001025484001b2
:10b82000a8ffc01425604001dcff20111400a2af66
:10b83000daff00101000abaf2540c000000060ac84
:10b84000140060ac0400858c0d00a0540000a3ac73
:10b85000040083ac000083ac25180001f7ff675497
:10b860000000688cf4ff60542538c0002400bf8fae
:10b870002000b18f1c00b08f0800e0032800bd2716
:10b880000400898c0400652400e0a57c140025ad2b
:08b89000f1ff0010040083ac7d
:020000040000fa
:020000041d01dc
:10b89800e0ffbd271c00bfaf1800b1af1400b0af68
:10b8a8002588a0006dfa400f2580c00025184000ab
:10b8b80020006010251000001e0000121000242e29
:10b8c8001c00801080881100029d023ce8b84224c8
:10b8d800211051000000428c0800400000000000c8
:10b8e80028b9019d50b9019d68b9019d80b9019d94
:10b8f80094b9019da8b9019db8b9019dc8b9019d28
:10b90800d8b9019decb9019dfcb9019d58ba019dba
:10b918006cba019d80ba019d94ba019da8ba019d97
:10b928004000628c040042388000427c000002a281
:10b93800010002241c00bf8f1800b18f1400b08fc3
:10b948000800e0032000bd274000628c0800423850
:10b95800c000427c000002a2f6ff00100100022491
:10b968004000628c100042380001427c000002a2b4
:10b97800f0ff0010010002244000628c03004230f6
:10b98800000002aeebff0010010002244000628cb0
:10b998008002427c000002a2e6ff0010010002249f
:10b9a80010006294000002a6e2ff001001000224c9
:10b9b8003d006290000002a2deff00100100022498
:10b9c80062006290000002a2daff00100100022467
:10b9d8004200629401004230000002a2d5ff00102c
:10b9e8000100022463006290000002a2d1ff00104f
:10b9f800010002244000658c1c00a4301c0084381f
:10ba08004400628c020040100100842c020084343f
:10ba18004800639401006230801002000200633025
:10ba28000200601025104400080042348004a37c02
:10ba38000100605410004234c004a57c0100a054e9
:10ba480020004234000002aebaff001001000224b8
:10ba58004800628cc028427c000002a2b5ff00109a
:10ba680001000224480062944002427c000002a2c5
:10ba7800b0ff0010010002244400628c2b10020069
:10ba8800000002a2abff00100100022448006294eb
:10ba980001004230000002a2a6ff001001000224ab
:10baa80048006294000442388002427c000002a2ee
:08bab800a0ff001001000224b0
:020000040000fa
:020000041d01dc
:10bac000d0ffbd272c00bfaf2800b4af2400b3af18
:10bad0002000b2af1c00b1af1800b0af25808000cd
:10bae0003400a5af2588000025a00000ffff122428
:10baf0002400932478f0400f000000003800028eec
:10bb00001e004010ffff4224380002ae0000028eeb
:10bb1000050040541000028e70fd400f0000000030
:10bb2000080002ae1000028e090040100000000064
:10bb30009599400f100004260500401000000000f9
:10bb4000006802400001423400688240c0000000ea
:10bb50008de5400f01001124251020022c00bf8f1d
:10bb60002800b48f2400b38f2000b28f1c00b18f47
:10bb70001800b08f0800e0033000bd273400a28f0a
:10bb800005004014000000008de5400f25880000ee
:10bb9000f2ff0010251020020300801600000000b4
:10bba00082ff400f1000a4278de5400f0000000029
:10bbb0007dff400f0000000078f0400f0000000003
:10bbc000440002922014027c01005250440000a262
:10bbd000450002922014027c01005250450000a250
:10bbe0008de5400f000000003400a527b6ca400fc5
:10bbf0001000a427230040140000000023f8400f89
:10bc00002520000219004010000000000000028ef4
:10bc1000080040143400a58f78f0400f00000000a9
:10bc20002b95400f0800048e8de5400f25884000bd
:10bc30003400a58f9bf6400f25206002abb8400f63
:10bc4000252000023078400f00000000a9ff40547a
:10bc50000100142400680240000142340068824060
:10bc6000c0000000a3ff001001001424abb8400f77
:10bc7000252000023078400f010014249dff0010a1
:10bc800000000000abb8400f252000023078400fc4
:10bc90000000000023f8400f2520000295ff40100f
:10bca00001001424adff20122510200278f0400f6f
:10bcb000000000002400058e0500a0100000000018
:10bcc0003000028e0000428c050005242328a200cb
:10bcd000a7a0400f0800048e8de5400f25880000c6
:08bce0009eff00102510200258
:020000040000fa
:020000041d01dc
:10bce800e8ffbd271400bfaf1000b0af4482828fb9
:10bcf8007d004014000000006882908f010010262b
:10bd0800688290af0a000016000000007882828fd7
:10bd18007482838f788283af748282af5482828fd9
:10bd280001004224548282af16f8400f0000000040
:10bd38004c82838f2b180302140060142510000016
:10bd48007882828f0000428c0e004010251000007f
:10bd58000100082400a0063c4c28c6247882838f62
:10bd68000c00638c0c00638c0400648c2b28040288
:10bd78001900a0501400648c4c8284af030000109a
:10bd880000000000ffff03244c8283af4082838fb2
:10bd98002c00648c801804002118640080180300ab
:10bda80000a0043c4c288424211864000000638c03
:10bdb8000200632c010004240a1083005882848f37
:10bdc800010003240b1064001400bf8f1000b08f13
:10bdd8000800e0031800bd270800678c0c00658c7c
:10bde8000800e5ac0800678c0400a7ac04006524d3
:10bdf8000400878c0400e554140060ac0c00678cc8
:10be0800040087ac140060ac0000878cffffe724b7
:10be1800000087ac2800648c110080502c00678ccf
:10be28001c00698c2000678c080027ad1c00698cf9
:10be38000400e9ac180067240400898c0400275525
:10be4800280060ac2000678c040087ac280060ac38
:10be58000000878cffffe724000087ac2c00678c6c
:10be68006482898f0420e80025208900648284afd9
:10be78008020070021208700802004002120c400a2
:10be88000400848c080064ac0800878c0c0067ac44
:10be98000400e5ac080085ac2c00678c8020070006
:10bea80021288700802805002128c500140065acda
:10beb8000000a48c010084240000a4ac4082848f7c
:10bec8002c00638c2c00848c2b1883000b1003012e
:10bed8007882838f0000638ca0ff6014ffff032427
:10bee800a9ff0010000000005c82828f010042243c
:0cbef8005c8282afb4ff00102510000037
:020000040000fa
:020000041d01dc
:10bf040083008010000000001300a0105c00a72430
:10bf1400ff00c8300c0002241100c214090088a0dc
:10bf24002518e000251060000c00638cfeff6054af
:10bf3400251060000c00438c0c0083ac0c0044ac56
:10bf44000a000324090083a0090043900900632c1c
:10bf540013006014000000000800e003000000006b
:10bf64002518e000251060000c00638c060060506a
:10bf74000c00438c090066902b30c800faffc054b3
:10bf8400251060000c00438c0c0083ac0c0044ac06
:10bf9400090043900900632c1a0060500900829044
:10bfa4000200e214100043243a00a3240900829002
:10bfb4000900422c2b004010029d023c090086908f
:10bfc40080300600dcbf4224211046000000428c71
:10bfd400080040000000000068c0019d68c0019d89
:10bfe40000c0019d2cc0019d38c0019d44c0019d2d
:10bff40050c0019d5cc0019d2cc0019d000060a04b
:10c00400090082900900422c410040100000000009
:10c014000c00828c16004054090043903b0002241b
:10c024000800e003100082a03c000224f4ff00108a
:10c03400000062a02b000224f1ff0010000062a0a7
:10c044002c000224eeff0010000062a03300022442
:10c05400ebff0010000062a032000224e8ff001091
:10c06400000062a00c00a290e5ff0010000062a096
:10c074000900632c240060500c00a2900900439036
:10c0840080180300029d023ca0c0422421104300fa
:10c094000000428c080040000000000008c1019d1f
:10c0a40008c1019dc4c0019dccc0019dd8c0019da3
:10c0b400e4c0019df0c0019dfcc0019dccc0019d68
:10c0c4000800e003100080a03c0002240800e00304
:10c0d400100082a02b0002240800e003100082a0bc
:10c0e4002c0002240800e003100082a03300022484
:10c0f4000800e003100082a0320002240800e003dc
:10c10400100082a00c00a2900800e003100082a09e
:08c114000800e0030000000038
:020000040000fa
:020000041d01dc
:10c11c00b0ffbd274c00bfaf4800beaf4400b7af67
:10c12c004000b6af3c00b5af3800b4af3400b3af8d
:10c13c003000b2af2c00b1af2800b0af259080001a
:10c14c000200a5287300a0140400938cc9da400fd8
:10c15c000400c48c25884000ffff42240300422cbd
:10c16c0013004014030006240000428e0400428c8d
:10c17c00009d053c1c0ea52409f8400025206002fa
:10c18c004c00bf8f4800be8f4400b78f4000b68f65
:10c19c003c00b58f3800b48f3400b38f3000b28fb1
:10c1ac002c00b18f2800b08f0800e0035000bd2791
:10c1bc000100352601001624039d143c94d49426ca
:10c1cc00009d1e3c009d023c1400a2af009d023c51
:10c1dc001800a2af009d023c1c00a2af009d023cc7
:10c1ec002000a2af009d023c2400a2af80101100e1
:10c1fc00211082020000578c25280000e8fc400f1b
:10c20c00252020020e004014258040000700c0129b
:10c21c002530e0020000428e0400428c2400a38fe3
:10c22c00400e652409f840002520600201003126eb
:10c23c00eeffb1164c00bf8fd3ff00104800be8f2d
:10c24c001000428c09f84000252000020000438eab
:10c25c000400638c253840002530e002640ec527ad
:10c26c0009f86000252060020000428e0400578c03
:10c27c001400028e09f840002520000225304000f1
:10c28c001400a28f9c0e452409f8e00225206002c0
:10c29c000000428e0400578c1800028e09f84000f2
:10c2ac00252000021000a2af1c00028e09f84000ed
:10c2bc0025200002253840001000a68f1800a28f00
:10c2cc00c40e452409f8e002252060020000428ecd
:10c2dc000400578c2000028e09f840002520000233
:10c2ec00253040001c00a28ffc0e452409f8e0020a
:10c2fc00252060020000428e0000428c2000a38f9b
:10c30c00140f652409f8400025206002c8ff0010b6
:10c31c000100312625b0000004001524a6ff0010f2
:04c32c0001001124d7
:020000040000fa
:020000041d01dc
:10c33000e0ffbd271c00bfaf1800b2af1400b1afc3
:10c340001000b0af3081928f38004012faff022403
:10c35000258080000000448e350080501c00bf8f77
:10c3600032000012f7ff02240000038e300060103c
:10c370001c00bf8f0400038e2e0060501800b28f87
:10c3800084fb400f00000000258840002700201299
:10c39000fdff02240000239601006330230060109b
:10c3a000fcff02240400068effffc6242000258e19
:10c3b000e8fb400f0000048e0000028e0400038e94
:10c3c00021104300ffff40a01c00228e200002ae7f
:10c3d00029002292240002ae000022968000433001
:10c3e0004d00601000014230180000ae1400428e73
:10c3f000140040101c00438e231043000800238ebd
:10c40000211043001c0002ae260022921d00405461
:10c4100025100000280002ae270022923800405468
:10c42000251000002c0002ae251000001c00bf8f5c
:10c430001800b28f1400b18f1000b08f0800e00315
:10c440002000bd271800228e0800248e21104400f1
:10c45000ecff0010231043001000238e211864000d
:10c460000000658c0800038e21186400000065ac94
:10c4700001004224260023922a184300e6ff605060
:10c48000280002ae0c00038e2a184300f2ff60540d
:10c4900080200200e0ff0010280002ae1000038e92
:10c4a000211865001400248e21208500030088884f
:10c4b0000000889807008788040087980b0086880a
:10c4c000080086980f0085880c008598030068a8ee
:10c4d000000068b8070067a8040067b80b0066a8ea
:10c4e000080066b80f0065a80c0065b8010042247a
:10c4f000270023922a184300cbff60502c0002ae85
:10c500001400038e2a184300e4ff6054002902003f
:10c51000c5ff00102c0002aefbff03240100042421
:10c520000a188200180003ae1c0000ae280000aefe
:0cc530002c0000aebdff00102510000024
:020000040000fa
:020000041d01dc
:10c53c00c8ffbd273400bfaf3000b7af2c00b6af7b
:10c54c002800b5af2400b4af2000b3af1c00b2afcd
:10c55c001800b1af1400b0af0d008290c000423093
:10c56c00800003241d0043142590000025808000ca
:10c57c0066fb400f3000848c180040102590400062
:10c58c004c000392ff000224200062146481918ffe
:10c59c006eff400f3000048e00190200211862005b
:10c5ac00c0180300218823023a003196ee67400f31
:10c5bc0038000496060003962800632421186200b4
:10c5cc002b182302210060105c0014262528200261
:10c5dc008f3a400f25200002259040002510400284
:10c5ec003400bf8f3000b78f2c00b68f2800b58f6a
:10c5fc002400b48f2000b38f1c00b28f1800b18fb1
:10c60c001400b08f0800e0033800bd270200062498
:10c61c004c0005265aae400f3000048e03004050eb
:10c62c006481918fe1ff0010180051946eff400f50
:10c63c003000048e0019020021186200c01803009b
:10c64c0021882302d9ff0010380031962510800272
:10c65c0025280000060043942128a3000c00428cde
:10c66c00fcff4014ffffa5300200063c0200c6246c
:10c67c00e0b4400f380004242e0040102588400000
:10c68c001800028e030040141c00038e049d023c13
:10c69c00a8f94224080022ae0c0023ae0400179621
:10c6ac001000358e1800368e2598000006008696f0
:10c6bc000000858ef1fa400f2520c00206008296fc
:10c6cc0021985300ffff73320c00948ef7ff8016f5
:10c6dc0021b0c2020c00a296219862020400e01262
:10c6ec000c00b3a61000a296080042341000a2a6bb
:10c6fc00dd86063425282002ead2400f25200002d0
:10c70c003000048e280024aea7e3400f2528200219
:10c71c00050043040d00029229d7400f252020026a
:10c72c00aeff0010259000004429027cabff0010e6
:0cc73c000d0002a2a9ff001025900000d3
:020000040000fa
:020000041d01dc
:10c74800c8ffbd273400bfaf3000b5af2c00b4af71
:10c758002800b3af2400b2af2000b1af1c00b0afc7
:10c768006300801025808000259080002588a00027
:10c7780025a0c00025a8e000420082944000423075
:10c788005b0040102580000039be400f01000624e0
:10c798005700401425804000050006242528200263
:10c7a80039be400f25204002259840005000401413
:10c7b800258040006881848f0400828c09f840003d
:10c7c800280005244a004010258040000300258adf
:10c7d8000000259a0700248a0400249a0b00238a63
:10c7e8000800239a0f00228a0c00229a0b0005aa3f
:10c7f800080005ba0f0004aa0c0004ba130003aa23
:10c80800100003ba170002aa140002ba2528200251
:10c818001ad0400f25204002251800000438437c18
:10c828000009647c270002920408827c270002a287
:10c838000018637c260002920418627c260002a27b
:10c848001200a7271100a6271000a527e89b400f74
:10c858002520200230004050250000a21100a2939c
:10c86800250002a21000a2930f0042302600039276
:10c878000439437c260003a2270002928410027c1c
:10c88800270002a2ffff02241b0002aa180002ba16
:10c898001f0002aa020080161c0002ba40001424dd
:10c8a800240014a248004296000442301d0040149f
:10c8b800050006241a00a0160700062425280002f1
:10c8c80014a8400f252040022528000243e2400f0b
:10c8d80025204002ffff0324050043140700062417
:10c8e800252800029a90400f2520400225806002ea
:10c8f800251000023400bf8f3000b58f2c00b48f94
:10c908002800b38f2400b28f2000b18f1c00b08f95
:10c918000800e0033800bd27d4ff00100f000224f0
:10c92800050006242528000214a8400f25204002ef
:10c938002530000201000524add7400f2520400214
:08c94800ecff001025100002b5
:020000040000fa
:020000041d01dc
:10c95000b8ffbd274400bfaf4000beaf3c00b7af3b
:10c960003800b6af3400b5af3000b4af2c00b3af71
:10c970002800b2af2400b1af2000b0af25988000ee
:10c980002590a0005000a6af25a0e0001000a0afa9
:10c990001400a0af1800a0af1c00a0af00a0103c76
:10c9a000d7f5400f7c2c04267c2c118e120020120f
:10c9b000039d1e3c009d153c039d173c039d163caa
:10c9c0001000228e040040500400228e08005354b0
:10c9d0000000318e0400228e1600401025284002ef
:10c9e0000c00268e09f84000252060020000318ee0
:10c9f000f4ff20561000228e00a0043ce5f5400f05
:10ca00007c2c84244400bf8f4000be8f3c00b78f35
:10ca10003800b68f3400b58f3000b48f2c00b38f40
:10ca20002800b28f2400b18f2000b08f0800e003ef
:10ca30004800bd270800228e3f0040101000a28f42
:10ca40002b0040540800228ee080908f6eff400f34
:10ca5000252060024018020021186200c01803005f
:10ca600021106200801002009c00410f2180020210
:10ca70001000a2afffff4226ff0042300e00432c01
:10ca80000c00601454080724ac0bc626a006a5268b
:10ca9000e3d4400f252000003400028e1400a2af22
:10caa0003000028e22004050ffff02240f000010d1
:10cab0001800a2af9c0be326211043000000439016
:10cac000ffff62240200422c110040503400028e0d
:10cad0004800028e1c00a2af010002240b00621469
:10cae0005000a28f1400a2af1800b4af0800228e2d
:10caf0000c00278e1000a6272528400209f84000c8
:10cb000025206002baff00100000318e3400028e32
:10cb10001400a2af0b00422ee1ff40102a040224b1
:10cb20000610420201004230ddff4010ffff0224e8
:10cb3000eeff00101800a2af420b0724c00bc6275f
:10cb4000a006a526e3d4400f25200000a8ff001072
:04cb50000000318e22
:020000040000fa
:020000041d01dc
:10cb5400c0ffbd273c00bfaf3800b3af3400b2af55
:10cb64003000b1af2c00b0af258080000200a528b2
:10cb74001400a0100400918c0000828c0000428cf0
:10cb8400009d053c580fa52409f8400025202002eb
:10cb94000000028e0000428c009d053c7c0fa52401
:10cba40009f84000252020023c00bf8f3800b38fd5
:10cbb4003400b28f3000b18f2c00b08f0800e00336
:10cbc4004000bd270400d28c02000624009d053cd1
:10cbd400180ea524a9f6400f252040023900401460
:10cbe4002528000038bf400f25200000ffff032444
:10cbf40008004310009d053c0000028e0000428c9a
:10cc0400980fa52409f8400025202002e7ff001012
:10cc14003c00bf8ffc80828f08004014009d053cbf
:10cc24000000028e0000428cac0fa52409f84000dd
:10cc340025202002ddff00103c00bf8f0000478c40
:10cc44000400458c0800468c0c00448c1000438c76
:10cc54001400428c1000a7af1400a5af1800a6afb3
:10cc64001c00a4af2000a3af2400a2af0000028eda
:10cc74000400428c009d053ccc0fa52409f840001b
:10cc8400252020021000a52738bf400f25200000d2
:10cc9400ffff032409004314009d053c009d053c4f
:10cca4002c0fa5240000028e0000428c09f84000dd
:10ccb40025202002bdff00103c00bf8ff9ff0010ab
:10ccc400400fa52404000624009d053c881ba524d0
:10ccd400a9f6400f25204002b3ff40142528000088
:10cce40038bf400f2520000025904000ffff02249c
:10ccf40008004216009d053c0000028e0000428c94
:10cd0400f80fa52409f8400025202002a7ff0010f1
:10cd14003c00bf8f00a0133c682a652632e6400f12
:10cd240025204002682a7326fc8093afc8f2400f86
:10cd3400252040020000028e0000428c009d053c2c
:10cd44002010a52409f840002520200297ff001098
:04cd54003c00bf8f51
:020000040000fa
:020000041d01dc
:10cd58007e00801025100000d8ffbd272400bfaf3b
:10cd68002000b3af1c00b2af1800b1af1400b0afd1
:10cd7800258080006e00a0102588a0000d008490fa
:10cd88000d00a390261883004000632c68006010f3
:10cd980080000324c0008430650083143400082612
:10cda8001100a2880e00a298110002aa0e0002ba71
:10cdb8001200a290120002a21300a290130002a275
:10cdc8000c00a38cc002637c0d000292c418627c24
:10cdd8000d0002a20c00a38c0003637c0421627c7a
:10cde800020003248439627c0d0002a25f00a4883b
:10cdf8005c00a4986300a3886000a3986700a288d9
:10ce08006400a2985f0004aa5c0004ba630003aa45
:10ce1800600003ba670002aa640002ba680000aea4
:10ce28002400a28c240002ae3400a32425100001a3
:10ce38005400a924030067880000679807006688e3
:10ce4800040066980b006588080065980f006488e0
:10ce58000c006498030047a8000047b8070046a8dc
:10ce6800040046b80b0045a8080045b80f0044a8c0
:10ce78000c0044b810006324eeff6914100042242b
:10ce880003006588000065980700648804006498ba
:10ce9800030045a8000045b8070044a8040044b8aa
:10cea800380000a65c0008ae09000524bcb9400f94
:10ceb80025202002259840001d0060120100022450
:10cec80009006592bcb9400f252000020b004014f0
:10ced800259040009ee0400f040064962590400095
:10cee80013004012251000000c0040ae09006692a5
:10cef80025280002c16f400f2520400206006696d3
:10cf08000000658ef1fa400f0000448e060062961c
:10cf1800060042a608002296080002a60a002296e9
:10cf28000a0002a60c0022920c0002a201000224b0
:10cf38002400bf8f2000b38f1c00b28f1800b18f60
:10cf48001400b08f0800e0032800bd270800e003a4
:04cf580000000000d5
:020000040000fa
:020000041d01dc
:10cf5c00a8ffbd274800b6af25b0c0000400a68cc2
:10cf6c004400b5af4000b4af3400b1af0000b58c95
:10cf7c005400bfaf5000beaf4c00b7af3c00b3afd6
:10cf8c003800b2af3000b0af25a080002588a000db
:10cf9c004a00c0042518e0004408157c0800278ec0
:10cfac001000a9320000d28e0400de8e0400201185
:10cfbc0025b8e00025105e0201004054fefff72466
:10cfcc000800a83201000055fffff7261000308e34
:10cfdc000c00338effff102621107002000040a0c1
:10cfec002528e0020200022a0a00401425105e02e5
:10cffc00340040142310d700211045003500401c8c
:10d00c00251000000300a0180200a23231004014c9
:10d01c00251000000b002011000000000000c28e43
:10d02c000400c48e2510440006004010211070022c
:10d03c00feff1026ffff43a02110700230000324d6
:10d04c00000043a00400001120000324ffff102661
:10d05c0021107002000043a01000268e21287002bf
:10d06c00ffffc6241000b5af2330d000d4b0400f62
:10d07c00252080020400838e0001633004006010c0
:10d08c005400bf8f0400238e2a2043000b10640031
:10d09c005000be8f4c00b78f4800b68f4400b58f40
:10d0ac004000b48f3c00b38f3800b28f3400b18f86
:10d0bc003000b08f0800e0035800bd27b7ff001008
:10d0cc00010006240f0042320a004a2802004011d7
:10d0dc005700442430004424bfff62241a00422c21
:10d0ec0013004010200082349fff42241a00422c6f
:10d0fc0010004050ffff10266400a3af2800a7af1c
:10d10c002400a6af2000a5af1c00a8afe1fe400f85
:10d11c001800a9af6400a38f2800a78f2400a68f46
:10d12c002000a58f1c00a88f1800a98f2520400077
:10d13c00ffff102621107002000044a00291120083
:10d14c0000171e00ffffa52425905200a5ff00101c
:04d15c0002f11e00be
:020000040000fa
:020000041d01dc
:10d16000e0fdbd271c02bfaf1802b1af1402b0af83
:10d1700025808000c801a0afcc01a0afd001a0af36
:10d18000d401a0afd801a0afdc01a0afe001a0aff7
:10d19000e401a0afe801a0afec01a0aff001a0afa7
:10d1a000f401a0aff801a0affc01a0af0002a0af56
:10d1b0000402a0af0802a0af100005245de2400ffa
:10d1c000c801a4273df8400f1000a4277700029261
:10d1d0000100032433004314020003244400028ea0
:10d1e000d801a2af4000028edc01a2af620002961d
:10d1f000001402006000039621104300e001a2af7a
:10d20000c801a28fe401a2afcc01a28fe801a2afb6
:10d21000d001a28fec01a2afd401a28ff001a2af86
:10d220001c000624d801a527b7f6400f1000a4273c
:10d23000d801a527c4f6400f1000a42750dc400fea
:10d2400000000000258840006600410f2580600036
:10d250000f00033c404263241900230212400000e7
:10d26000104800000220037221488900802609002e
:10d270008219080025304000253800002520830051
:10d28000314f400f82290900d801a38f211062007d
:10d290001c02bf8f1802b18f1402b08f0800e00388
:10d2a0002002bd27dfff431425300000ac00410ff2
:10d2b0004c00048e0300468800004698070045880d
:10d2c000040045980b004488080044980f004388e8
:10d2d0000c004398d801a6afdc01a5afe001a4afd4
:10d2e000e401a3afaa00410f4c00048e030046885e
:10d2f0000000469807004588040045980b004488c4
:10d30000080044980f0043880c004398e801a6af3a
:10d31000ec01a5aff001a4aff401a3af6200029647
:10d32000001402006000039621104300f801a2af30
:10d33000c801a28ffc01a2afcc01a28f0002a2af54
:10d34000d001a28f0402a2afd401a28f0802a2af23
:08d35000b4ff001034000624b4
:020000040000fa
:020000041d01dc
:10d35800e0ffbd271c00bfaf1800b1af1400b0af8d
:10d36800258880002580a000faef400f25200000c6
:10d37800252840005881828f24004014010003248e
:10d388005481828f6b004014000000001800228e28
:10d398006800401402000224588182af03f2400f53
:10d3a800252000000800228e060040100000000022
:10d3b80004000012000000000000028e210040144a
:10d3c80000000000ba00410f0000000008004050b3
:10d3d800588180afb800410f00000000009d053c57
:10d3e800681ca524d8c8400f25204000588180af6c
:10d3f80025800000251000021c00bf8f1800b18f87
:10d408001400b08f0800e0032000bd270900431472
:10d41800258000005481828f4600401800000000db
:10d428001800238e03006014010010240100422418
:10d43800548182af03f2400f25200000eeff001058
:10d448002510000225f2400f000000003c8182af49
:10d458000800248e508184af0000118e04000296cb
:10d46800468182a706000296448182a70800828c22
:10d478000400062409f84000252820020e00401464
:10d488005c8182afba00410f0000000008004050e4
:10d49800588180afb800410f00000000009d053c96
:10d4a800981ca524d8c8400f25204000588180af7b
:10d4b800d0ff0010258000004c8191af05000624a4
:10d4c800009d053ca47fa524a7e1400f0a00042481
:10d4d80005004014488182afc5d2400f2580000066
:10d4e800c4ff0010588180af5481828f010042240c
:10d4f800548182af0100072401000624252800007a
:10d50800b3cb400f4081842701000324050043105a
:10d5180001000224c5d2400f25800000b5ff00108d
:10d52800588180af548182af588182afb1ff00101b
:10d538000100102403f2400f25200000adff001069
:04d54800258000003a
:020000040000fa
:020000041d01dc
:10d54c002510850037004010251000000100022432
:10d55c0044008210c21f0500ffff0224330082101a
:10d56c000a00022450008210f6ff022445008210ab
:10d57c00ffff02243400a004000000004e00a014a1
:10d58c00203086702000c624f8ffc22442380400e4
:10d59c00274802002000483004284500063827019f
:10d5ac0004104400252040002528e5000b2008002d
:10d5bc000b2848003e040224233046000700873025
:10d5cc00251080002b00e050c2100400c000427ceb
:10d5dc0003004224212044002b1082002128450006
:10d5ec000006a27c23004010c210040002110400ab
:10d5fc00003f05000100c6242510e20002210500b1
:10d60c000005857c0200a050253000000098847c29
:10d61c00c01a030025186600001d03000800e00373
:10d62c00251864000800e00325180000cdffa45461
:10d63c000a000224c01a0300ff036334001d030018
:10d64c000800e00325100000340080100080023c2c
:10d65c002b1004002328050023200400c7ff001012
:10d66c002328a200bdffa054ffff0224f2ff0010ec
:10d67c00c01a0300403f05002510e200e0ff001037
:10d68c00c2200500bbffa21400000000c01a03005a
:10d69c00020463340400043c001d03002510000048
:10d6ac000800e00325186400b0ffa054f6ff022424
:10d6bc00f7ff0010c01a03002030a67008000724e2
:10d6cc002338e6000600e01c40400500aeffe014e5
:10d6dc002510800007008730baff0010360406249e
:10d6ec00274807000610e400042028012000e83039
:10d6fc000638e500251082002520e0000a204800ad
:10d70c002528e0003e0409240b28080023302601bc
:10d71c0025108000abff001007008730cdffa2540e
:10d72c002b1004003e04062425100000b7ff001047
:04d73c001000043c99
:020000040000fa
:020000041d01dc
:10d740000100a0540000a0ac77008010010002246a
:10d75000000086807400c01025180000f8ffbd2767
:10d7600001008424ff00c23025300000255800004d
:10d7700003000a2425480000fe0008240200073c9c
:10d780000605e724d0ff422411006015ff00423057
:10d790000a004c2c4100805125100000001a0300a3
:10d7a0000438437c01008424ffff82902200401053
:10d7b00001006b25f3ff0010ff006b310400cb2c40
:10d7c0005100601125582001efff0010d0ff4224c6
:10d7d00034006a15000000003000481425100000d5
:10d7e0002b1067004c0040100100cd242130a6030f
:10d7f000003c6b7c40100b0021104b00c01002005d
:10d8000021104b0080100200003a6c7c80580c0004
:10d8100021586c0140580b0021104b00211043008f
:10d820000000c2a0ff00a63101008424ffff829007
:10d83000e2ff401425180000030004241700c4145c
:10d84000251000000200043c060584242b206400ff
:10d8500012008010003c647c401004002110440041
:10d86000c01002002110440080100200003a667cc3
:10d870008020060021208600402004002110440062
:10d88000211043000300a2a30400a0100100022401
:10d890000000a28f0000a2ac010002240800e003f7
:10d8a0000800bd27140048140a004c2c2b106700f8
:10d8b0001b0040100100cd242130a603003c6b7cee
:10d8c00040100b0021104b00c010020021104b0033
:10d8d00080100200003a6c7c80580c0021586c01ca
:10d8e00040580b0021104b00211043000000c2a043
:10d8f000cdff0010ff00a631a9ff8055001a0300dc
:10d90000e6ff001025100000e4ff001025100000c5
:10d91000e2ff001025100000e0ff001025100000bd
:10d92000deff0010251000000800e00300000000ea
:020000040000fa
:020000041d01dc
:10d93000c8ffbd273400bfaf3000b5af2c00b4af77
:10d940002800b3af2400b2af2000b1af1c00b0afcd
:10d95000258080002590a0004000a6af2588e0002b
:10d9600025a000001000932478f0400f0000000074
:10d970003800028e3c00038e2b104300030040143d
:10d9800002000224240022164000a28f253020022b
:10d990002528400256b0400f252000022400038ea7
:10d9a00015006010000000009599400f2400042627
:10d9b00005004010000000000068024000014234f1
:10d9c00000688240c00000008de5400f00000000ac
:10d9d000010002243400bf8f3000b58f2c00b48fbb
:10d9e0002800b38f2400b28f2000b18f1c00b08fad
:10d9f0000800e0033800bd27f3ff401000000000de
:10da0000006802400001423400688240c00000000b
:10da1000edff0010000000000500401400000000b1
:10da20008de5400f00000000eaff00102510000007
:10da3000030080160000000082ff400f1000a427a2
:10da40008de5400f000000007dff400f000000004a
:10da500078f0400f00000000440002922014027c85
:10da6000ffff032401004350440000a2450002923e
:10da70002014027cffff032401004350450000a254
:10da80008de5400f000000004000a527b6ca400ffa
:10da90001000a4271c0040140000000078f0400f84
:10daa000000000003800158e8de5400f3c00148efc
:10dab0000f00b4164000a58f9bf6400f2520600292
:10dac000abb8400f252000023078400f0000000066
:10dad000a5ff4054010014240068024000014234b4
:10dae00000688240c00000009fff00100100142465
:10daf000abb8400f252000023078400f01001424fd
:10db000099ff001000000000abb8400f2520000274
:10db10003078400f00000000aeff0010251000001c
:020000040000fa
:020000041d01dc
:10db2000c0ffbd273c00bfaf3800b7af3400b6af71
:10db30003000b5af2c00b4af2800b3af2400b2afb3
:10db40002000b1af1c00b0af5000b68f3b00a0105a
:10db5000ffff1024259880002588a0002590c00094
:10db60000100f430020097265aae400f2530000025
:10db70000d00401025a840000400508cf10e072431
:10db8000029d063c705ec624009d053cb81ca52481
:10db9000e3d4400f2b201000470000162588a00278
:10dba0001f000010ecff102401000624252820028d
:10dbb0005aae400f252060023900401425804000f5
:10dbc0001400a0af010002241000a2af2538e0022b
:10dbd00025304002252820027b9e400f2520600230
:10dbe00022004010258040002530c002252840003a
:10dbf0008bda400f252060023b004014258840004e
:10dc00000100022403004014252800020400001033
:10dc1000fcff1024d6ad400f25206002fcff10242d
:10dc20001a0f0724029d063c705ec624009d053c29
:10dc3000b81ca524e3d4400f0100a42e2510000237
:10dc40003c00bf8f3800b78f3400b68f3000b58fdf
:10dc50002c00b48f2800b38f2400b28f2000b18f26
:10dc60001c00b08f0800e0034000bd2725a840003d
:10dc7000ebff0010fcff10240000429a170002aadc
:10dc8000140002ba04004292180002a20500429257
:10dc900015000010190002a2daff00102510000084
:10dca0002530c002252840008bda400f2520600275
:10dcb000f9ff4010258840002530e00225280002a9
:10dcc00091b5400f25206002ebff40560300428ac9
:10dcd000140000a2150000a2160000a2170000a266
:10dce000180000a2190000a22ba01400300002921c
:10dcf0008410827e300002a242f0400f080036ae4f
:0cdd00000c0022aecdff001025800000ba
:020000040000fa
:020000041d01dc
:10dd0c00e0ffbd271c00bfaf1800b2af1400b1afcd
:10dd1c006dfa400f1000b0af150040102518000030
:10dd2c00258040003c00429002000324170043145d
:10dd3c0001000424faef400f252000000c00128e85
:10dd4c0059004012252840000d005192200031321c
:10dd5c0003f2400f2520000044002016253000005f
:10dd6c000400038e0800028e23186200ffff63304c
:10dd7c00251060001c00bf8f1800b28f1400b18feb
:10dd8c001000b08f0800e0032000bd27f8ff4414fa
:10dd9c002518000001000524e6de400f25200002b6
:10ddac00060040140100062401000524d8af400fe2
:10ddbc0025200002eeff4010251800004000028ec6
:10ddcc0000024230eaff4014c00503240400038e15
:10dddc000800028e23186200e5ff0010ffff63307d
:10ddec0003f2400f252000008cf1400f252020026b
:10ddfc001a0000100400038efaef400f25200000db
:10de0c00252840000d00429220004230f4ff4010c3
:10de1c00000000002000228e000002ae10000396cd
:10de2c0021184300040003ae080002ae02000224d5
:10de3c003c0002a20c0011ae03f2400f25200000a2
:10de4c007ffe400f25202002040040500400038e6a
:10de5c00060040a4040040a40400038e0800028eb7
:10de6c0023186200c2ff0010ffff63302528000258
:10de7c009ea3400f2400048e25884000bcff401058
:10de8c0025180000252840025673400f252020023b
:10de9c00d9ff4014000000008cf1400f2520200217
:10deac00b3ff00102518000003f2400f25200000de
:10debc0025300000252800029ea3400f2400048e6c
:10decc0025884000aaff401025180000faef400feb
:0cdedc0025200000cfff0010252840008a
:020000040000fa
:020000041d01dc
:10dee800d8ffbd272400bfaf2000b3af1c00b2afde
:10def8001800b1af1400b0af2580a0001800858cc1
:10df0800030003245b00a31001000224bc81829754
:10df180047004014010042240800828ccc8182af63
:10df2800c08180afc88180af00a0023cc82b40ac44
:10df3800c82b4224040040ac080040ac0c0040aca4
:10df4800100040ac00a0023cbc2b40acbc2b4224cf
:10df5800040040ac080040acc48180af00a0023c83
:10df6800a82b40aca82b4224040040ac080040accd
:10df78000c0040ac100040acb88180af2f000052bc
:10df8800ffff10240000028e4100401025300000e1
:10df9800019d053c6840a524a7e1400f0300042427
:10dfa8003d004010c88182af00a0043c60ed400fe6
:10dfb800c82b84243a00401000a0043c40fe400fc7
:10dfc800a82b842438004010cc81848f0800828cd0
:10dfd8001000062409f840000000058e34004010a7
:10dfe800c48182af00a0043c2100410fbc2b8424d3
:10dff8000000028e0c004010c481938f2590000011
:10e0080000a0113cbc2b312625286002b5f8400f32
:10e0180025202002010052260000028e2b10420209
:10e02800f9ff401410007326bc8182970100422436
:10e03800bc8182a70f00001001000224ba00410f22
:10e04800000000000800401000000000b800410f68
:10e058000000000025300002009d053cf81ca524a6
:10e06800d8c8400f25204000ced7400f0000000040
:10e07800251000002400bf8f2000b38f1c00b28f32
:10e088001800b18f1400b08f0800e0032800bd27e6
:10e09800eaff0010ffff1024e8ff0010feff102425
:10e0a800e6ff0010fdff1024e4ff0010fcff102421
:08e0b800e2ff0010fbff102441
:020000040000fa
:020000041d01dc
:10e0c000e0ffbd271c00bfaf1800b1af78f0400fd4
:10e0d0001400b0af4482828fffff4224448282af9b
:10e0e0004482828f64004014258000006c82828ffd
:10e0f0006100401000a0023c1028428c4a004010f1
:10e1000000a0083c102809250100072400a0053cb8
:10e110004c28a5240c00228d0c00428c2800438c36
:10e120001c00468c2000448c0800c4ac1c00468cab
:10e13000040086ac180044240400668c0400c45417
:10e14000280040ac2000448c040064ac280040aca3
:10e150000000648cffff8424000064ac1400438c36
:10e160000800468c0c00448c0800c4ac0800468ca7
:10e17000040086ac040044240400668c0400c454eb
:10e18000140040ac0c00468c040066ac140040ac9b
:10e190000000668cffffc624000066ac2c00468c95
:10e1a00064828a8f0418c70025186a00648283afce
:10e1b0008018060021186600801803002118a300ab
:10e1c0000400638c080043ac0800668c0c0046ac6d
:10e1d0000400c4ac080064ac2c00468c8018060017
:10e1e00021206600802004002120a400140044acfb
:10e1f0000000838c01006324000083ac4082838f85
:10e200002c00428c2c00638c2b10620001004054c7
:10e21000588287af1028028dbfff40540c00228d1a
:10e2200016f8400f000000005c82908f0900001279
:10e23000010011243a6f400f00000000010040541b
:10e24000588291afffff1026faff00160000000071
:10e250005c8280af5882908f07000012000000009f
:10e260004082828f00680240000142340068824090
:10e27000c0000000010010248de5400f00000000e8
:10e28000251000021c00bf8f1800b18f1400b08f42
:08e290000800e0032000bd2797
:020000040000fa
:020000041d01dc
:10e29800b0ffbd274c00bfaf4800b4af4400b3afd8
:10e2a8004000b2af3c00b1af3800b0af2588800065
:10e2b8000400908c2c00a0af2800a0af3000a0afc5
:10e2c8002000a0af1c00a0af2400a0af1400a0af96
:10e2d8001000a0af1800a0af90001426029d133cb8
:10e2e80080607326bbf5400f25208002290040146a
:10e2f800259040001c00a28f900002ae2000a28f43
:10e30800940002ae2400a28f980002ae2800a58fc8
:10e318000900a0509c001426020007242800a62704
:10e32800a5b4400f252000022800a58ffbffa014ec
:10e33800020007249c001426029d133c806073266b
:10e34800bbf5400f25208002230040102590400097
:10e358000f00449003008438060106242528600233
:10e3680000f4400f0100842c1000428e1600221287
:10e37800252840026df8400f1000a427f0ff001078
:10e38800000000006df8400f2800a427d5ff0010fa
:10e39800000000000f0044900200843806010624a3
:10e3a8002528600200f4400f0100842c1000428ee2
:10e3b800f4ff2212252840026df8400f1c00a42704
:10e3c800c8ff0010000000006df8400f2800a427c7
:10e3d800dbff0010000000001000a28f9c0002aebe
:10e3e8001400a28fa00002ae1800a28fa40002aef3
:10e3f8002800a58f0900a050000020a603000724cc
:10e408002800a627a5b4400f252000022800a58fc4
:10e41800fbffa01403000724000020a6ffff02242e
:10e428000c0022ae0400238e06006294ffff4224f3
:10e43800060062a40400238e040062948410027c07
:10e44800040062a44c00bf8f4800b48f4400b38f0f
:10e458004000b28f3c00b18f3800b08f0800e00355
:04e468005000bd277c
:020000040000fa
:020000041d01dc
:10e46c007200801025100000d8ffbd272400bfaf1c
:10e47c002000b4af1c00b3af1800b2af1400b1afa2
:10e48c001000b0af258080006000a0102590a00087
:10e49c00f8ffb12448009424ffff053475f9400fb0
:10e4ac00252080022400038e0b006014fcff538e89
:10e4bc00f8ff40ae280011ae240011ae3000028ee1
:10e4cc0023105300300002ae81f9400f252080024a
:10e4dc004e000010c01013002b102302100040102f
:10e4ec00c0101300211022020b006254f8ff43ae3f
:10e4fc000400628c21105300fcff42ae2400028efb
:10e50c000000428cf8ff42ae2800038e2400028edd
:10e51c0001006250280011aee8ff0010240011ae7b
:10e52c002800028e2b2051000d0080502b10710002
:10e53c000400438cc0200300212044000300241657
:10e54c0021187300ddff0010040043ac000051ac37
:10e55c00f8ff40aed9ff0010280011ae2b1071004f
:10e56c00240040500000638c0000628c2b2022029f
:10e57c001f008010c0201300212024020b004454e3
:10e58c00f8ff42ae0400428c21105300fcff42ae57
:10e59c000000628c0000428cf8ff42ae2800048e12
:10e5ac000000628c01008250280011ae0400648cc3
:10e5bc00c010040021106200c0ff2256000071ac94
:10e5cc00fcff428e21104400040062acf8ff428e26
:10e5dc00000062ac2800028eb8ff5150280003ae38
:10e5ec00b7ff00103000028eb4ff0010000071acb9
:10e5fc000000638cd9ff6014f8ff0224380002aecf
:10e60c0081f9400f25208002251000002400bf8fc7
:10e61c002000b48f1c00b38f1800b28f1400b18f80
:10e62c001000b08f0800e0032800bd270800e003ad
:04e63c0000000000da
:020000040000fa
:020000041d01dc
:10e64000d8ffbd272400bfaf2000b1af1c00b0af82
:10e65000258880001800848c030003246800831040
:10e6600001000224c480828f5e004014260006242c
:10e670002528000000a0043cd4fb400fde2b84249e
:10e6800000a0103cffff0224dc2b02a60800228e13
:10e69000dc2b1026140002ae00002296040002a615
:10e6a00025300000039d053c906ca524ade8400f8b
:10e6b000252000004f004010200002ae2530000051
:10e6c000049d053cd487a52432ea400f2520000094
:10e6d00000a0033c47004010002c62ac4d01062412
:10e6e000019d053c142ea524a7e1400f0e00042433
:10e6f00000a0033c3f004010f42b62ac253000002a
:10e700005f76052447fe400f010004242580400069
:10e71000ffff02243700021200a0023cdc2b50a4b1
:10e72000253800005f760624010005240f8b400f7a
:10e73000252000022f004010253800005f760624b7
:10e7400001000524c37f400f25200002290040104e
:10e7500001000624252800007943400f25200002ef
:10e760002400401000a0113cdc2b312600020224c2
:10e77000020022a61000a62705000524266e400fe1
:10e7800025200002020026961000a2972b104600ba
:10e7900005004010050005247943400f25200002a4
:10e7a000140040100000000000a0023c01000324ff
:10e7b000e42b43ac01000624030005247943400ff9
:10e7c0002520000225380000049d063c18ddc624e3
:10e7d0000001052482cc400f2520000205004010d6
:10e7e000c480828f01004224c48082af04000010e4
:10e7f00001000224fcc7400f0000000025100000ab
:10e800002400bf8f2000b18f1c00b08f0800e003f0
:04e810002800bd27f8
:020000040000fa
:020000041d01dc
:10e81400e0ffbd271c00bfaf1800b2af1400b1afba
:10e824001000b0af259080002588a00083fa400f27
:10e834002580c0002518400022006010251000002b
:10e844000c00222e6300401080881100029d023cbf
:10e8540068e84224211051000000428c0800400066
:10e864000000000098e8019de0e8019d24e9019d75
:10e8740050e9019dd8e9019dd8e9019d7ce9019dfc
:10e88400d8e9019d94e9019da8e9019dc0e9019d94
:10e89400cce9019d0b000012251000000000049239
:10e8a40001008438740062948431827c740062a410
:10e8b4000100049201008438c439827c740062a48b
:10e8c400010002241c00bf8f1800b28f1400b18f06
:10e8d4001000b08f0800e0032000bd27f9ff0012ec
:10e8e40025100000000002923e0064948473447c6e
:10e8f4003a0040103e0064a4790060a0020004962f
:10e904000100805010270424700064a404000492c1
:10e914000100805006000424eaff0010840064a073
:10e924000100033c2b180302e6ff601025100000d1
:10e934002400072425300000ffff05325e39400f14
:10e9440025204002e0ff00101c00bf8f0100033ca3
:10e954002b180302dbff60102510000018000724a9
:10e96400ffff0632252800005e39400f25204002b3
:10e97400d5ff00101c00bf8f2b8010007400629420
:10e98400c45a027e740062a4ceff00100100022467
:10e994003e006294046b027e3e0062a4c9ff001034
:10e9a400010002242b8010003e006294c47b027e8e
:10e9b4003e0062a4c3ff001001000224850070a081
:10e9c400c0ff001001000224860070a0bdff0010eb
:10e9d40001000224bbff001025100000b9ff001045
:04e9e4000100022408
:020000040000fa
:020000041d01dc
:10e9e800d0ffbd272c00bfaf2800b6af2400b5afbd
:10e9f8002000b4af1c00b3af1800b2af1400b1af21
:10ea08001000b0af5c00a010258080002588a00011
:10ea1800faef400f25200000252840002881828f2a
:10ea28005d004010120035865d00a0062481838faa
:10ea38002a18a3025c0060108018150021104300fa
:10ea48000000428c4f0051540100112434000296fa
:10ea58000700401025a00000340000a62590000003
:10ea680001001624259800001e00001025880000cb
:10ea780060002296010042301300401025900000eb
:10ea88005800328e5c00348e2800138e0c00228ec3
:10ea9800340050543e0022921000028e0c0040a414
:10eaa8004000228e00024230090040500000228eb1
:10eab800540000a62000028ec418027c200002ae7a
:10eac800e9ff001025b00000f0ff001025980000b5
:10ead800f8ff0010080022ae2590000025b00000c5
:10eae8002598000003f2400f252000001100c012f5
:10eaf800010006242000028e40004234200002aead
:10eb080025280002c2c6400f2800048e2c00bf8fa3
:10eb18002800b68f2400b58f2000b48f1c00b38f57
:10eb28001800b28f1400b18f1000b08f0800e003f6
:10eb38003000bd27030020120000000029d7400f35
:10eb480025200002f1ff401225388002010006242a
:10eb58002528600209f840022520a002ecff0010d9
:10eb68002c00bf8fffff42243e0022a225b00000e8
:10eb7800dcff001001001124252800002588000072
:10eb880025a80000d4ff201625a00000259000002d
:10eb9800eaff001025980000faff00100100112478
:10eba800f8ff001001001124f6ff001001001124e5
:020000040000fa
:020000041d01dc
:10ebb800c8ffbd273400bfaf3000b4af2c00b3afdf
:10ebc8002800b2af2400b1af2000b0af2598800074
:10ebd8002588a0002580c0000200a0102590e00034
:10ebe8000000a0ac04000012100006242528000034
:10ebf800d4fb400f252000023081948f0b00801237
:10ec0800faff02241000a527d075400f25206002c6
:10ec18000e0040101000a527040020122510000047
:10ec28001000a28f000022ae251000003400bf8f14
:10ec38003000b48f2c00b38f2800b28f2400b18f1e
:10ec48002000b08f0800e0033800bd27ee36400fe3
:10ec5800252060021100401025286002f3ff0012f1
:10ec6800251000001000a58f1400a48f1800a38f92
:10ec78001c00a28f030005aa000005ba070004aa19
:10ec8800040004ba0b0003aa080003ba0f0002aa82
:10ec98000c0002bae5ff0010251000005db7400f18
:10eca8000000848e25204000e0ff8010ffff022432
:10ecb8000000829480004330050060140001433056
:10ecc800fbff022401000424d8ff00100a1083006f
:10ecd8002700839005006014260082901e004014cf
:10ece80000000000d1ff0010feff022418000012ef
:10ecf80000000000ff0f053cffffa5342118650048
:10ed0800002903001400838c21186500030068881b
:10ed18000000689807006788040067980b006688f9
:10ed2800080066980f0065880c006598030008aa1b
:10ed3800000008ba070007aa040007ba0b0006aad1
:10ed4800080006ba0f0005aa0a0040160c0005ba0a
:10ed5800b7ff40103400bf8fb4ff20122510000009
:10ed68001000828c0000428c000022aeafff001021
:0ced780025100000adff00102510000069
:020000040000fa
:020000041d01dc
:10ed8400e0ffbd271c00bfaf1800b1af1400b0af47
:10ed94001800828c3b004014258080002700a010be
:10eda4002588a0007481828f3500405401004224dc
:10edb4000800848c688184af00000596788185af53
:10edc4007c8180af0800828c09f84000880006240a
:10edd40025184000648182af1800601025100000df
:10ede40020000624019d053c6447a524a7e1400fab
:10edf400040004240e004010708182af00a0043c83
:10ee040040fe400f942b84240900401000a0043cd1
:10ee140060ed400f802b84240500401000a0043cca
:10ee240060ed400f6c2b8424090040546c8180af4a
:10ee340091d9400f0800048e251000001c00bf8fdc
:10ee44001800b18f1400b08f0800e0032000bd2724
:10ee54001400038e0011030021104300c0100200af
:10ee64006481838f211062000000238e7c0043acf8
:10ee74000400238e800043ac7481828f01004224fd
:10ee8400748182af1000038e4200649400018430c8
:10ee9400eaff801401000224420062940100042469
:10eea4000442827c420062a41400038e0011030019
:10eeb40021104300c01002006481908f218002025f
:10eec400790004a22500410f040004262500410f07
:10eed400100004262500410f1c0004262100410fc8
:10eee4003c0004262100410f480004262100410f64
:10eef400540004262100410f600004262100410f24
:10ef04006c000426000000ae1e000224280002ae9d
:10ef14002c0002aee8030224300002aedc05022419
:10ef2400380002a63a0002a6340000ae40000224d3
:10ef3400780002a27a0000a28081828f010042241c
:0cef4400808182afbdff0010010002249c
:020000040000fa
:020000041d01dc
:10ef5000d0ffbd272c00bfaf2800b5af2400b4af51
:10ef60002000b3af1c00b2af1800b1af1400b0afb7
:10ef70002590800025a8a0002588c000010002245b
:10ef80003400821425a0e0000900c0102598c000bc
:10ef90000000c28c4c0040102528000099ed400f65
:10efa0002520c0002598400020004010ffff1024bd
:10efb000253800002530a00225288002bc66400fbd
:10efc0002520400225804000ffff02241700021286
:10efd000801810002881828f211043000000528c7d
:10efe000253020022528600268e0400f25204002dd
:10eff00005006012000000004000428e0100032462
:10f000008473627c400042ae04002012010003249d
:10f010004000428ec47b627c400042ae4000428e83
:10f0200001000324448c627c400042ae25100002a3
:10f030002c00bf8f2800b58f2400b48f2000b38f21
:10f040001c00b28f1800b18f1400b08f0800e003cd
:10f050003000bd27020002241e0082142538000063
:10f060001c00c0102530000001000524afc2400f75
:10f070002520200225984000ecff4010ffff1024bf
:10f08000253800002530a00225288002bc66400fec
:10f090000200042425804000ffff0224e3ff021247
:10f0a000801810002881828f211043000000528cac
:10f0b000253020022528600268e0400f252040020c
:10f0c000ceff00104000428e25980000b8ff0010cf
:10f0d000258800002530a00225288002bc66400f4c
:10f0e0002520400225804000ffff0224cfff0212ae
:10f0f000801810002881828f211043000000528c5c
:10f10000253020022528000068e0400f252040021d
:08f11000bdff0010000000002b
:020000040000fa
:020000041d01dc
:10f11800e8ffbd271400bfaf1000b0afffff902479
:10f12800ffff10320a00022e340040102086107ca7
:10f13800c0101000211050008010020000a0033cf5
:10f14800a01c632421104300000042902b004010b3
:10f1580000a0023cc018100021187000801803009d
:10f16800a01c422421104300040042942000423095
:10f178001100401000a0023cc018100021187000b7
:10f1880080180300a01c4224211043000c00428c6c
:10f198001000438c08006010c010100021105000af
:10f1a800801002001c00422400a0043ca01c8424ff
:10f1b80009f8600021208200c010100021105000c2
:10f1c8008010020000a0033ca01c6324211043000f
:10f1d8000800428c2800458c0c00a01400a0023cba
:10f1e800c01810002118700080180300a01c4224c9
:10f1f80021104300ffff0324030043a01400bf8f26
:10f208001000b08f0800e0031800bd27c0181000d8
:10f218002118700080180300a01c4224211043000c
:10f2280009f8a00006004484ffff053400a0043c50
:10f238008df9400f0c1e842401000324090043109b
:10f2480000a0023cc01810002118700080180300ac
:10f25800a01c422421104300fcff0324e7ff0010f8
:10f26800030043a0c0181000211870008018030084
:10f27800a01c422421104300000040ac040040ac14
:10f28800080040ac0c0040ac100040ac140040ac8e
:10f29800180040ac1c0040ac200040ac00a0043c6e
:10f2a80099f9400f0c1e842401000324d3ff431056
:10f2b80000a0023cc018100021187000801803003c
:10f2c800a01c422421104300fcff0324cbff0010a4
:04f2d800030043a04c
:020000040000fa
:020000041d01dc
:10f2dc00d8ffbd272400bfaf2000b4af1c00b3afd4
:10f2ec001800b2af1400b1af1000b0af00a0103cca
:10f2fc00a82710260400028e1800428c09f8400042
:10f30c003400118e140002ae1400048e1000028e14
:10f31c00232082002800088e2c00098e21188800da
:10f32c002b2864002138a900280003ae2c0007ae5e
:10f33c004300201200000000300002920100422421
:10f34c008edf400f300002a23400108e1800001225
:10f35c000100122400a0113ca82731260c00028ebb
:10f36c001400405400a0113c180012a2190012a263
:10f37c000400028e40004014000000001000028eb9
:10f38c003d004010000000006edc400f2000048e99
:10f39c001000028e040040503400308e09f84000fa
:10f3ac001400048e3400308eecff001600000000b8
:10f3bc0000a0113cf026312625800000259020026b
:10f3cc000100142405001324c0101000211050005b
:10f3dc00801002002110420219004290ff004230be
:10f3ec000f004010c01010002110500080100200bf
:10f3fc0021104202190040a00400228e080054146f
:10f40c00c01010000800248e211050008010020043
:10f41c00211042020c0044ac40b6400f25202002c3
:10f42c0001001026e8ff13162400312600a0023c30
:10f43c00a827422430004390ffff6324300043a0f0
:10f44c00a9fe400f000000000992400f25804000eb
:10f45c00b0fe400f252000022400bf8f2000b48f87
:10f46c001c00b38f1800b28f1400b18f1000b08f36
:10f47c000800e0032800bd2768d0400f25200002bb
:10f48c000400028ec2ff4050010000a2c1ff001018
:04f49c001000028ecc
:020000040000fa
:020000041d01dc
:10f4a000c8ffbd273400bfaf3000b7af2c00b6afe8
:10f4b0002800b5af2400b4af2000b3af1c00b2af3a
:10f4c0001800b1af1400b0af1c81828f55004010fe
:10f4d00025888000ffff053475f9400f10818427cf
:10f4e0002481828f2c0040581800238e1400228e15
:10f4f0000100132404985300259000008018120086
:10f500002881828f211043000000508c1d00005282
:10f51000010052262400148e6eff400f2520800229
:10f52000170040040100032404104300241053007a
:10f53000130040100100052417b0400f120004868c
:10f54000faef400f252000005800168e5c00178e41
:10f55000600015962528400003f2400f252000008a
:10f560000700c0120020b5320500a0122538e002c5
:10f57000002006242528800209f8c0021200048613
:10f58000010052262481828f2a104202dcff40149f
:10f59000801812001800238e020002242c0062142e
:10f5a0001c81908fffff1026290000161c8190af50
:10f5b0002481828f0d0040182081848f80181000d4
:10f5c0002881828f211043000000448c03008010aa
:10f5d0000100102602df400f000000002481828f0e
:10f5e0002a100202f5ff40142081848f0c00828cc7
:10f5f00009f840002881858f288180af1481848f8d
:10f6000005008050208180affdf8400f0000000011
:10f61000148180af208180af248180af69f9400fd1
:10f62000108184273400bf8f3000b78f2c00b68f35
:10f630002800b58f2400b48f2000b38f1c00b28f38
:10f640001800b18f1400b08f0800e0033800bd2708
:10f6500081f9400f10818427f3ff00103400bf8f21
:020000040000fa
:020000041d01dc
:10f66000d0ffbd272c00bfaf2800b2af2400b1af40
:10f670002000b0af1600a010258080006800828caa
:10f68000040040102588a0000500052409f840006a
:10f69000e800842444001226252820020000318e30
:10f6a0002000a28c080042342000a2ac49f8400f90
:10f6b00025204002f9ff2016252820026800028e2e
:10f6c000030040100600052409f84000e800042665
:10f6d00016000296040042300f0040541400a0af00
:10f6e00014000292100042300a0040140100062467
:10f6f000ffff052468bb400f252000022c00bf8fb0
:10f700002800b28f2400b18f2000b08f0800e003e2
:10f710003000bd271400a0af1000a0af1800a0afac
:10f720006800028e050040104400112605000524e3
:10f7300009f84000e80004264400112667f5400f50
:10f740002520200223004014252840006800028e56
:10f750002d0040100600052409f84000e8000426aa
:10f760001000a28f0d0040506800028e030012248a
:10f770001000458c68a9400f252000021b00401096
:10f7800000000000170052540c01028e1001028e7e
:10f7900001004224100102ae6800028e03004010f6
:10f7a0000500052409f84000e80004261000a527fc
:10f7b00056ec400f252020026800028ecfff40103b
:10f7c0000600052409f84000e8000426ccff0010dc
:10f7d0002c00bf8f49f8400f1000a427d7ff00105e
:10f7e00000000000010042240c0102ae67f5400f4a
:10f7f0001000a4271000a28fdeff40541000458c9b
:10f80000e6ff00106800028e1000a28fd7ff4014a0
:0cf810001000a527e6ff0010000000001b
:020000040000fa
:020000041d01dc
:10f81c006c00a01001000224d8ffbd272400bfaf4c
:10f82c002000b2af1c00b1af1800b0af2580800033
:10f83c003c008390310062142588a0001800a28c33
:10f84c000c00438c1c0083ac4000828c00014430c3
:10f85c0005008050140003ae4400048e0300805455
:10f86c001800238e140003ae1800238e1000728c27
:10f87c001000b2af2000423014004014200012ae31
:10f88c001000a52755e8400f2800248e0f004014c7
:10f89c00f0005232e00002240c0042121000a28f41
:10f8ac001800038e060062504000028e4000038e4a
:10f8bc00c439037c400003ae180002ae4000028e37
:10f8cc00010003248431627c400002ae2800228ea9
:10f8dc00240002ae28000296060040501c00228e26
:10f8ec004800029601004230050040543c0003924f
:10f8fc001c00228e00004294280002a63c000392b9
:10f90c00020002242a0062142400bf8f4000028ee1
:10f91c0000014230050040501400258e4400028e38
:10f92c00060040544000028e1400258e1600a524bb
:10f93c00b9e0400f0c00048e4000028e20004230d3
:10f94c0009004014010003244000028ec439027cdb
:10f95c008431627c400002ae1400258e2600a52462
:10f96c0029d5400f0c00048e2800228e240002aef4
:10f97c0028000296060040501c00228e4800029679
:10f98c0001004230050040540c00028e1c00228ef7
:10f99c0000004294280002a60c00028e2800238e40
:10f9ac00300043ac71fe400f0c00048e2400bf8f5e
:10f9bc002000b28f1c00b18f1800b08f0800e0033c
:0cf9cc002800bd270800e0030000000038
:020000040000fa
:020000041d01dc
:10f9d800e0ffbd271c00bfaf1800b2af1400b1afe5
:10f9e8001000b0af3081828f2f00401025880000b2
:10f9f8002590a0002580c000560080102588e000d2
:10fa08002900c050258800002700e0102528800024
:10fa18005db7400f0000448c23004050258800004b
:10fa280000004394800063301f0060502588000068
:10fa38002a0043903000a48f241864001a006050f4
:10fa480025880000010004241e0064542700439008
:10fa5800260043902a18720013006054258800007d
:10fa68001100205a25880000253000028018120055
:10fa78001000448c21208300251800000000858c8c
:10fa88000000c5ac010063240400c624260045908c
:10fa9800213872002a28a7003600a0140400842404
:10faa800f7ff23560000858c251020021c00bf8f0d
:10fab8001800b28f1400b18f1000b08f0800e00357
:10fac8002000bd272a187200f7ff6054258800001f
:10fad800f5ff205a25880000253000020021120079
:10fae8001400438c21186400252000000300698855
:10faf8000000699807006888040068980b00678808
:10fb0800080067980f0065880c0065980300c9a86d
:10fb18000000c9b80700c8a80400c8b80b00c7a8e7
:10fb28000800c7b80f00c5a80c00c5b80100842498
:10fb380027004590213892002a28a7001100a01418
:10fb48001000c624eaff245603006988d7ff001076
:10fb580025102002d4ff001025880000d2ff0010d5
:10fb680025880000d0ff001025880000ceff001077
:10fb780025880000ccff001025886000caff00100f
:0cfb880025880000c8ff001025888000c0
:020000040000fa
:020000041d01dc
:10fb9400d0ffbd272c00bfaf2800b6af2400b5afff
:10fba4002000b4af1c00b3af1800b2af1400b1af63
:10fbb4001000b0af25a080003600a0102580a00062
:10fbc400faef400f25200000252840005c81918f2a
:10fbd400470020123c0016864a00c0064c81828fe2
:10fbe4002b10c2024d00401080101600211022027a
:10fbf4000000428c4f005014030004241000828e35
:10fc04001000439408006330010002240b108300a9
:10fc14007a001296249042021b00401225a800008c
:10fc24007c00138e8000158e2800918e4c00038e6c
:10fc34000f00741401001024560060a4540060a442
:10fc4400480060ac6e0060a46c0060a4600060ac0e
:10fc54001000628c000040ac1000628c0c0040a4c8
:10fc64002000828ec418027c200082ae2580000011
:10fc740003f2400f252000000b00001600000000d6
:10fc84000b0000100000000025980000e7ff0010a2
:10fc94002588000025a8a0002588a000259800003c
:10fca40025b000002590000029d7400f25208002b0
:10fcb400050060122538a0022530400225282002c4
:10fcc40009f860022520c0022c00bf8f2800b68fdf
:10fcd4002400b58f2000b48f1c00b38f1800b28f9e
:10fce4001400b18f1000b08f0800e0033000bd276e
:10fcf40025a820022598000001001024dcff001034
:10fd04002590000025a8000025980000010010247b
:10fd140025900000d6ff00102588000025a80000cb
:10fd2400259800000100102425900000d0ff001049
:10fd34002588000025a80000259800000100102453
:0cfd440025900000caff00102588000078
:020000040000fa
:020000041d01dc
:10fd5000e0ffbd271c00bfaf1800b2af1400b1af69
:10fd60001000b0af6200801053ff12242580800085
:10fd70005f00a0102588a0007000838cfeff022485
:10fd8000080062102538a000253000006cbc400f30
:10fd90002528000025904000f1fe0224550042165f
:10fda00025104002ae8a400f25200002500040146a
:10fdb000259040002520000220000726ff00063c79
:10fdc000ff00c62400ff053c00ffa5340000838c23
:10fdd0000212030024104600001a030024186500d4
:10fde0002510430002142200000082ac0400842489
:10fdf000f7ff87540000838c0300098a0000099aea
:10fe00000700088a0400089a0b00078a0800079a6e
:10fe10000f00068a0c00069a1300058a1000059a46
:10fe20001700048a1400049a1b00038a1800039a1e
:10fe30001f00028a1c00029a030029aa000029baa6
:10fe4000070028aa040028ba0b0027aa080027ba2e
:10fe50000f0026aa0c0026ba130025aa100025ba06
:10fe6000170024aa140024ba1b0023aa180023bade
:10fe70001f0022aa1c0022ba096a023c67e642342b
:10fe8000000002ae67bb023c85ae4234040002ae05
:10fe90006e3c023c72f34234080002ae4fa5023cb5
:10fea0003af542340c0002ae0e51023c7f5242241d
:10feb000100002ae059b023c8c684224140002ae86
:10fec000831f023cabd94234180002aee05b023c17
:10fed00019cd42341c0002ae600000ae640000aeda
:10fee000680000aec000410f780000ae700002aea6
:10fef000251040021c00bf8f1800b28f1400b18f74
:0cff00001000b08f0800e0032000bd27b7
:020000040000fa
:020000041d01dc
:10ff0c00d0ffbd272c00bfaf2800b6af2400b5af83
:10ff1c002000b4af1c00b3af1800b2af1400b1afe7
:10ff2c001000b0af25a0a0002588c0006dfa400fce
:10ff3c002598e000258040003d00001225100000af
:10ff4c00270080163c0016923900c0162598000038
:10ff5c0025900000ffff053475f9400f10818427b0
:10ff6c003f0020562a0002962a00119643002016c4
:10ff7c000000000011d9400f00000000258840004f
:10ff8c000100552c81f9400f108184272800a01600
:10ff9c00251000004000028e448c027c400002ae12
:10ffac003c0014a2253060022528400268e0400f76
:10ffbc0025200002040060522a0011a603004050c4
:10ffcc003c0016a22a0011a6010002244000038e58
:10ffdc0001000424448c837c15000010400003ae07
:10ffec00ffff84260200842c1100801025100000d5
:10fffc000300c012000000000e00d4162c00bf8fae
:020000041d02db
:10000c001500601201000224220082162530000027
:10001c000000628e1d0040102528000099ed400f55
:10002c002520600225904000caff401625100000d4
:10003c002c00bf8f2800b68f2400b58f2000b48f02
:10004c001c00b38f1800b28f1400b18f1000b08f4a
:10005c000800e0033000bd27beff001025906002b1
:10006c00060051100000000046ef400f2520200232
:10007c0001005538c3ff0010ff00b53281f9400f65
:10008c0010818427c4ff00104000028eb1ff0010c5
:10009c002590000001000524afc2400f252060020e
:1000ac0025904000abff401625100000e1ff00102a
:0400bc002c00bf8fc6
:020000040000fa
:020000041d02db
:1000c00000681a407cffbd2700601b402c00b6afc3
:1000d0002800b5af8000bbaf82d21a00847a5b7f64
:1000e00044201b7c20a81d0000a01a3c18005a27a1
:1000f0000000568f0400c01600000000049d1d3c47
:10010000ac8abd270000bd8f0100d626000056af87
:100110000070164000609b407800bfae7400beae19
:100120007000b9ae6c00b8ae6800afae6400aeaea1
:100130006000adae5c00acae5800abae5400aaaef1
:100140005000a9ae4c00a8ae4800a7ae4400a6ae31
:100150004000a5ae3c00a4ae3800a3ae3400a2ae71
:100160007c00b6ae1000a1ae10b000000c00b6ae20
:1001700012b000000800b6ae00a0163c1800d6264b
:100180000000d68effffd6260400c0160000000037
:1001900000a0163c2c02d6260000d5ae049d163ccd
:1001a000f8fad62609f8c0020000000000a0163cac
:1001b0001800d6260000d68effffd6260400c016f3
:1001c0000000000000a0163c2c02d6260000d58eb0
:1001d0000800b68e1300c0020c00b68e1100c002db
:1001e0001000a18e2c00b68e3400a28e3800a38e93
:1001f0003c00a48e4000a58e4400a68e4800a78e29
:100200004c00a88e5000a98e5400aa8e5800ab8ec8
:100210005c00ac8e6000ad8e6400ae8e6800af8e68
:100220006c00b88e7000b98e7400be8e7800bf8ee0
:1002300000606041c000000000a01a3c18005a276e
:1002400000005b8fffff7b2700005baf8000ba8e52
:100250007c00bb8e20e815002800b58f8400bd27e8
:1002600000609a4000709b40c000000018000042ef
:04027000000000008a
:020000040000fa
:020000041d02db
:1002740000681a407cffbd2700601b402c00b6af0d
:100284002800b5af8000bbaf82d21a00847a5b7fae
:1002940044201b7c20a81d0000a01a3c18005a27eb
:1002a4000000568f0400c01600000000049d1d3c91
:1002b400ac8abd270000bd8f0100d626000056afd2
:1002c4000070164000609b407800bfae7400beae64
:1002d4007000b9ae6c00b8ae6800afae6400aeaeec
:1002e4006000adae5c00acae5800abae5400aaae3c
:1002f4005000a9ae4c00a8ae4800a7ae4400a6ae7c
:100304004000a5ae3c00a4ae3800a3ae3400a2aebb
:100314007c00b6ae1000a1ae10b000000c00b6ae6a
:1003240012b000000800b6ae00a0163c1800d62695
:100334000000d68effffd6260400c0160000000081
:1003440000a0163c2c02d6260000d5ae049d163c17
:1003540014fbd62609f8c0020000000000a0163cd9
:100364001800d6260000d68effffd6260400c0163d
:100374000000000000a0163c2c02d6260000d58efa
:100384000800b68e1300c0020c00b68e1100c00225
:100394001000a18e2c00b68e3400a28e3800a38edd
:1003a4003c00a48e4000a58e4400a68e4800a78e73
:1003b4004c00a88e5000a98e5400aa8e5800ab8e13
:1003c4005c00ac8e6000ad8e6400ae8e6800af8eb3
:1003d4006c00b88e7000b98e7400be8e7800bf8e2b
:1003e40000606041c000000000a01a3c18005a27b9
:1003f40000005b8fffff7b2700005baf8000ba8e9d
:100404007c00bb8e20e815002800b58f8400bd2732
:1004140000609a4000709b40c00000001800004239
:0404240000000000d4
:020000040000fa
:020000041d02db
:1004280000681a407cffbd2700601b402c00b6af57
:100438002800b5af8000bbaf82d21a00847a5b7ff8
:1004480044201b7c20a81d0000a01a3c18005a2735
:100458000000568f0400c01600000000049d1d3cdb
:10046800ac8abd270000bd8f0100d626000056af1c
:100478000070164000609b407800bfae7400beaeae
:100488007000b9ae6c00b8ae6800afae6400aeae36
:100498006000adae5c00acae5800abae5400aaae86
:1004a8005000a9ae4c00a8ae4800a7ae4400a6aec6
:1004b8004000a5ae3c00a4ae3800a3ae3400a2ae06
:1004c8007c00b6ae1000a1ae10b000000c00b6aeb5
:1004d80012b000000800b6ae00a0163c1800d626e0
:1004e8000000d68effffd6260400c01600000000cc
:1004f80000a0163c2c02d6260000d5ae049d163c62
:1005080030fbd62609f8c0020000000000a0163c07
:100518001800d6260000d68effffd6260400c01687
:100528000000000000a0163c2c02d6260000d58e44
:100538000800b68e1300c0020c00b68e1100c0026f
:100548001000a18e2c00b68e3400a28e3800a38e27
:100558003c00a48e4000a58e4400a68e4800a78ebd
:100568004c00a88e5000a98e5400aa8e5800ab8e5d
:100578005c00ac8e6000ad8e6400ae8e6800af8efd
:100588006c00b88e7000b98e7400be8e7800bf8e75
:1005980000606041c000000000a01a3c18005a2703
:1005a80000005b8fffff7b2700005baf8000ba8ee7
:1005b8007c00bb8e20e815002800b58f8400bd277d
:1005c80000609a4000709b40c00000001800004284
:0405d800000000001f
:020000040000fa
:020000041d02db
:1005dc00d0ffbd272c00bfaf2800b5af2400b4afaf
:1005ec002000b3af1c00b2af1800b1af1400b0af15
:1005fc000b00801053ff1224258080002598a0004a
:10060c001100a0142588c0000600c014251040025b
:10061c000000828c4000422c7cff12240b900200c4
:10062c00251040022c00bf8f2800b58f2400b48ffa
:10063c002000b38f1c00b28f1800b18f1400b08f44
:10064c000800e0033000bd270000848c4000822ca1
:10065c00f3ff40107cff12240400028e21182202aa
:10066c002b10620004004010040003ae0800028e40
:10067c0001004224080002ae150080100c00152663
:10068c0040001424239084022b1032020b9022027f
:10069c002530400225286002f1fa400f2120a402e7
:1006ac000000028e21104202000002ae219872025c
:1006bc0007005414238832022528a002f911400f98
:1006cc0025200002d6ff401425904000000000ae0b
:1006dc004000222e2300401425900000c0ff342639
:1006ec000428147c4000942621a074022518600272
:1006fc002510a00240006826030067880000679858
:10070c0007006688040066980b00658808006598e9
:10071c000f0064880c006498030047a8000047b8d9
:10072c00070046a8040046b80b0045a8080045b8c9
:10073c000f0044a80c0044b810006324eeff6814aa
:10074c0010004224400073262528a002f911400f06
:10075c0025200002e5ff7416259040003f00313241
:10076c0025988002aeff2012253020022528600239
:10077c00f1fa400f2520a002a9ff0010000011aed5
:020000040000fa
:020000041d02db
:10078c006900801053ff022450ffbd27ac00bfaf9f
:10079c00a800b2afa400b1afa000b0af258080001c
:1007ac002590a0005700a0102588c0005500c0104f
:1007bc00251000001400838cfeff0224060062103a
:1007cc000100033cbfc4400f00000000f1fe0324f5
:1007dc004c0043140100033c010063242b1823023a
:1007ec004800601053ff02241000049201000324ff
:1007fc004400831439ff02242530200225284002ae
:10080c003b40400f0c00048e0200032436004314be
:10081c00029d073c800002241800a2af2000a227f2
:10082c001400a2af200002241000a2af6c30e72409
:10083c0030000624029d053c8c30a5242fec400f83
:10084c00010004242c0040142000a527029d033c29
:10085c00ec2f6324a000a6270000a4900000679052
:10086c0026208700ff008430251044000100a524b9
:10087c00f9ffa614010063241f0040142400062471
:10088c002000a527e2b8400f2520000225184000c3
:10089c000e006014010002242400052479d4400fba
:1008ac002000a42709004014200006242400a527ba
:1008bc008395400f0c00048e040040142530200258
:1008cc00252840023b40400f0c00048e2000a3273b
:1008dc004400a42725286000010063240000a0a088
:1008ec00fdff64142528600006004010030003245b
:1008fc000a0043140200022403000224100002a286
:10090c002fff0224ac00bf8fa800b28fa400b18fc0
:10091c00a000b08f0800e003b000bd27100002a2b9
:10092c00f8ff001039ff02240800e003000000006b
:020000040000fa
:020000041d02db
:10093c00c8ffbd273400bfaf3000b3af2c00b2af3f
:10094c002800b1af2400b0af3081918f3400201259
:10095c00faff0324258080002590a0002598c00074
:10096c002f008010f7ff0324000082802d00401020
:10097c0025106000fcfa400f000000004000422ce3
:10098c0027004010f7ff03241000a527d075400f57
:10099c002520000222004014020003241000a52789
:1009ac00ee36400f252000021d00401402000324e7
:1009bc00252800026dbd400f0000248e25804000cc
:1009cc0017004010f8ff0324010002240500421216
:1009dc00251840021c00443a0300032402000224a0
:1009ec000a184400160060160000029602004430fb
:1009fc0017008054260000a22a00049224208300b1
:100a0c002e0083148000443005008014251800004b
:100a1c0000014230fbff0324010004240a18820069
:100a2c00251060003400bf8f3000b38f2c00b28fc4
:100a3c002800b18f2400b08f0800e0033800bd27d8
:100a4c00020044301e00801001006430260000a219
:100a5c00270000a27ffe4230000002a6180000ae64
:100a6c00280012a22a000292251862002a0003a272
:100a7c001c00228e080002ae0c0002ae2b0000a25d
:100a8c000400238e03006014010002245a00410f5d
:100a9c0000000000401002002c0002a2260022964a
:100aac0001004224260022a625280002484e400fb1
:100abc0025202002daff00102518400001006430c8
:100acc0001008054260000a2020064300100805412
:0c0adc00270000a2e0ff00107fff423066
:020000040000fa
:020000041d02db
:100ae800d8ffbd272400bfaf2000b4af1c00b3afb0
:100af8001800b2af1400b1af1000b0af259080005d
:100b080025a0a000010002242f0082142588c0001f
:100b18000900c0502598c0000000c28c4700401052
:100b28002528000099ed400f2520c0002598400099
:100b38001c004010ffff10242538000025308002db
:100b480025280000914a400f2520400225804000ba
:100b5800ffff022413000212801810005c81828fac
:100b6800211043000000528c253020022528600205
:100b7800b4f4400f25204002050060120000000078
:100b88007400429601000324446b627c740042a600
:100b98000400201201000324740042968473627cce
:100ba800740042a6251000022400bf8f2000b48fd5
:100bb8001c00b38f1800b28f1400b18f1000b08fd3
:100bc8000800e0032800bd27020002241d0082144b
:100bd800253800001b00c010253000000100052446
:100be800afc2400f2520200225984000edff40109d
:100bf800ffff10242538000025308002252800003a
:100c0800914a400f0200042425804000ffff02247f
:100c1800e4ff0212801810005c81828f21104300cb
:100c28000000528c2530200225286002b4f4400fc1
:100c380025204002d3ff001074004296beff00102a
:100c4800259800002530800225280000914a400f91
:100c58002520400225804000ffff0224d1ff021218
:100c6800801810005c81828f211043000000528c94
:100c78002530200225280000b4f4400f252040022a
:080c8800c3ff00100000000092
:020000040000fa
:020000041d02db
:100c9000e0ffbd271c00bfaf1800b2af1400b1af1a
:100ca0001000b0afffff9024ffff10320a00022ea9
:100cb0001b004010258800002086107cc01010000a
:100cc000211050008010020000a0033ca01c6324ef
:100cd000211043000000429011004010c01010008d
:100ce000211050008010020000a0033ca01c6324cf
:100cf000211043000800428c2000458c0f00a014f6
:100d000000a0023cc01810002118700080180300d9
:100d1000a01c422421104300ffff0324030043a032
:100d2000251020021c00bf8f1800b28f1400b18f55
:100d30001000b08f0800e0032000bd27c01810008d
:100d40002118700080180300a01c422421104300c9
:100d500009f8a00006004484f1ff401025884000f7
:100d600000a0023cc0181000211870008018030079
:100d7000a01c422421104300040042942000423071
:100d8000e7ff401000a0023cc018100021187000be
:100d900080180300a01c422421104300020042904e
:100da0000200422cdeff401400a0023cc0181000dc
:100db0002118700080180300a01c42242110430059
:100dc000010042901300401000a0023cc018100027
:100dd0002118700080180300a01c42242110430039
:100de0000c00428c1000428c0a00401000a0123c03
:100df0001c006424a01c522609f840002120440253
:100e0000c0101000211050008010020021904202fa
:100e1000010040a200a0023cc01810002118700080
:100e200080180300a01c4224211043000100032469
:080e3000bbff0010020043a00b
:020000040000fa
:020000041d02db
:100e3800d0ffbd272c00bfaf2800b5af2400b4af4a
:100e48002000b3af1c00b2af1800b1af1400b0afb0
:100e580080bf143c80bf133c00a0103ca024102687
:100e680080bf123c00a0113c1060828e010042300d
:100e78000c00401488bf023c0008033c341043ac0b
:100e88002c00bf8f2800b58f2400b48f2000b38fab
:100e98001c00b28f1800b18f1400b08f0800e00357
:100ea8003000bd273060758e2800028e0100422474
:100eb8003000038e2b1843000a1003002c00038e09
:100ec8000d006214000000002000038e0a0060106c
:100ed800000000002400058e2000028e09f8400062
:100ee800010004242800028e010042243000038ef1
:100ef8002b1843000a1003002c00038edaff62103f
:100f0800000000002800038e0060448e0600843034
:100f18000600052423008554ff00b5322800038eff
:100f280040180300ff00a63220242426212864004c
:100f38000000a6a001006324003ab57e21186400d1
:100f4800000075a0280002ae34000292ff00423073
:100f5800c5ff40100000000055f6400f00000000db
:100f68002000038ec0ff605000a0113c2400058eb5
:100f78003c000392ff0063300f0060100000000087
:100f88003800038e2b104300b7ff405400a0113cdb
:100f98002000028e09f8400025200000b2ff001052
:100fa80000a0113c2024242621186400000075a00c
:100fb800e4ff0010000000003800038eaaff43542d
:100fc80000a0113c2000028e09f8400025200000f6
:080fd800a5ff001000a0113c70
:020000040000fa
:020000041d02db
:100fe000c8ffbd273400bfaf3000b6af2c00b5af8f
:100ff0002800b4af2400b3af2000b2af1c00b1afe3
:101000001800b0af258080002588a0002590c00082
:101010001400a0af1000a0af6800828c0400401044
:1010200025a0e0000500052409f84000e80084241c
:101030001000a627d800058e0bb2400f25202002f5
:10104000259840006800028e4700401006000524e5
:1010500009f84000e8000426140040526800028e9f
:101060001000b18f110020526800028e00a0163cc3
:101070000080153c0400228e090043040000318edc
:101080000400228e8002427c230040100800248e3f
:101090002520950009f84002252880020000318ea5
:1010a000f4ff2016000000006800028e03004010cc
:1010b0000500052409f84000e80004261000a38f6d
:1010c0001400a68f25280000160066540000678cc7
:1010d000130060542530a0006800028e0300401009
:1010e0000600052409f84000e800042625106002e7
:1010f0003400bf8f3000b68f2c00b58f2800b48f1e
:101100002400b38f2000b28f1c00b18f1800b08f65
:101110000800e0033800bd27deff00102520960000
:101120002538a000080060acd400028e000060ac3e
:10113000140060ac0400448c05008054000083acb3
:10114000040043ac000043acdfff00102518e000b2
:101150000400488c0400642400e0847c140004ad86
:10116000f9ff0010040043acd5ff40121000a38f1c
:101170001000b18fbdff20161400a68fd1ff001004
:04118000000000006b
:020000040000fa
:020000041d02db
:101184006500a010fbff0224c8ffbd273400bfafd9
:101194003000beaf2c00b7af2800b6af2400b5af07
:1011a4002000b4af1c00b3af1800b2af1400b1af4d
:1011b4001000b0af258080002588a0000000a38c1b
:1011c400410060102598c0003f008010faff0224ff
:1011d40042008394400063303c0060503400bf8f71
:1011e400040002244400e2100500e32c36006010e1
:1011f400f9ff0224030002244200e25025a8000063
:10120400010002244100e210020003242e00e31432
:10121400f9ff0224800015248000142400a0023c5d
:10122400242b528c6eff400f25200002c0180200b0
:1012340021186200c0180300219043020000568e5a
:101244000c00c38e200060102510000000003e8eac
:101254000000628e24f0c20325b800002528e002b5
:1012640084fb400f0000448e258840000000429417
:10127400010043300f006010241054000e00555438
:101284000100f7260800228e0000638e241043001c
:1012940008005e14252820029de4400f252040020a
:1012a400feff07242530000008002526efc6400f66
:1012b400252000020100f7260c00c28e2b10e2024a
:1012c400e7ff40142528e0023400bf8f3000be8fb2
:1012d4002c00b78f2800b68f2400b58f2000b48f60
:1012e4001c00b38f1800b28f1400b18f1000b08fa0
:1012f4000800e0033800bd2725a80000c7ff001040
:1013040025a00000c5ff0010c000142440001524cf
:10131400c2ff0010400014240800e0030000000095
:020000040000fa
:020000041d02db
:10132400d8ffbd272400bfaf2000b4af1c00b3af6b
:101334001800b2af1400b1af1000b0af2590800018
:10134400520080102598a0000c00828c520040505e
:10135400ffff02241000838c51006050ffff022421
:101364001400908c50000052ffff022409f8400042
:10137400252000022588400039002012feff0224a7
:10138400030024260408047c23109100232802026d
:101394000408057cb0ffb4240002822e44004014eb
:1013a400fcff0224a800410fc2a0140025804000c5
:1013b40050004424049d023c84f042242518000279
:1013c400200045240000498c0400488c0800478c08
:1013d4000c00468c000069ac040068ac080067ace3
:1013e4000c0066ac10004224f6ff45141000632480
:1013f4000000428c000062ac240004ae540014ae21
:10140400500000ae280004ae2c0014ae300000ae34
:10141400340000ae380000ae0400428e3c0002ae40
:10142400400011ae1000428e440002ae01000724b9
:101434000100062425280000b3cb400f48000426f1
:10144400010003241c004350258800021000428e32
:1014540009f8400025202002fdff02242588000011
:1014640001006056000062ae251020022400bf8fe8
:101474002000b48f1c00b38f1800b28f1400b18ffa
:101484001000b08f0800e0032800bd2725888000e5
:10149400f3ff0010ffff0224f1ff00102588000075
:1014a400efff001025880000edff001025880000e4
:1014b400ebff001025880000e9ff00102510000054
:020000040000fa
:020000041d02db
:1014c400d8ffbd272400bfaf2000b3af1c00b2afcc
:1014d4001800b1af1400b0af0f0005242eda400f8e
:1014e4000f000424570040103081908f55000012e3
:1014f400020042302b0040100000000054f0400f66
:10150400000000002588600025f2400f259040006f
:10151400253040002538000025204002314f400f7f
:1015240025282002258840001c0002ae0000138eee
:101534000c00628e1b00401000000000259000008b
:101544002528400284fb400f252060022528400006
:1015540000004294010043300d00601080004330cd
:101564001d006010000143301400038e0100605020
:101574001800a38c0800a28c231022022b10430015
:10158400040040540100522677e6400f2520000253
:10159400010052260c00628e2b104202e9ff401417
:1015a4002528400260e6400f2400048626004010ef
:1015b4002400bf8f260002860300401000000000b4
:1015c4009231400f25200002aef1400f2400048622
:1015d400f4ff001000000000140060540c00a28c02
:1015e4000c00a38c231823020200632ce9ff60542f
:1015f400010052260c00b1ac2b00a3902c00a49047
:101604002b20640006008010010063242b00a3a09b
:10161400484e400f25200002deff00100100522634
:1016240000014234daff00100000a2a4d9ff2252c4
:101634000100522677e6400f25200002d5ff001056
:10164400010052262400bf8f2000b38f1c00b28fec
:101654001800b18f1400b08f0800e0032800bd27e4
:020000040000fa
:020000041d02db
:10166400e0ffbd271c00bfaf1800b1af1400b0af3e
:101674001800838c03000224180062147c80838f7a
:10168400050060507c8080af1000848c04006414da
:10169400010002247c8080af01000224588082afc4
:1016a4001c00bf8f1800b18f1400b08f0800e00336
:1016b4002000bd27488080af548080a37c8080af09
:1016c400588080af4c8080af7080828f01004224ac
:1016d400708082aff2ff0010010002247080828fbc
:1016e400f6ff40142580a000edff00122510000035
:1016f4000800038effff63240200632ce9ff6010df
:101704001c00bf8f00a0023cd02a40acd02a422447
:10171400040040ac080040ac0c0040ac100040aced
:10172400140040ac180040ac1c0040ac00a0023ccb
:10173400002b40a00000058e0600a0101e00062409
:1017440025884000e8fb400f002b4424002b312661
:101754001e0020a20800028e508082af0c00028e70
:10176400688082af1000028e648082af1400028e03
:10177400608082af1800028e5c8082af08d7400f71
:101784000400048e788082af253000007b0005249d
:101794004efe400f2520000025204000108082a727
:1017a400ffff0324beff8310251000002530000036
:1017b4007943400f0200052425380000049d063caf
:1017c4007cdcc6240001052482cc400f1080848771
:1017d4004c040624019d053c14b4a524a7e1400f44
:1017e40015000424b3ff4014748082af73ed400fde
:0c17f40000000000aaff001025100000fb
:020000040000fa
:020000041d02db
:10180000d0ffbd272c00bfaf2800b5af2400b4af78
:101810002000b3af1c00b2af1800b1af1400b0afde
:101820004b00c0102588c0006dfa400f25a0a00015
:1018300054004010258040003000428c08004014c5
:10184000259820024000028e0004427c3d0040505a
:101850002588000015e5400f25200002259820026c
:10186000258800003000158e3700a0523600029601
:101870003600039609006054340002964000028e40
:101880000004427c330040502510200215e5400f33
:10189000252000022f00001025102002ffff4430f9
:1018a0002b2064000100805425106000259040002a
:1018b000ffff42302b10620201004054259060026d
:1018c000ffff523231004052340002960500801270
:1018d000253040023800058ef1fa400f25208002a5
:1018e00021a0920223987202ffff733221885102d5
:1018f000ffff31323600029623105200360002a656
:101900003400029623105200340002a63800038ee1
:1019100021187200ffff423008004014380003ae67
:101920000000a28e14004010300002ae0c00439460
:10193000340003a60800428c380002aecaff60568d
:101940003000158e36000296cdff40504000028eca
:10195000251020022c00bf8f2800b58f2400b48fe3
:101960002000b38f1c00b28f1800b18f1400b08f0d
:101970000800e0033000bd27340000a6efff001090
:10198000380000aef2ff001025880000e5ff40504f
:0c1990000000a28eb4ff00103000158e85
:020000040000fa
:020000041d02db
:10199c00d8ffbd272400bfaf2000b3af1c00b2afef
:1019ac001800b1af47f6400f1400b0af5300401011
:1019bc0080bf133c00a0123ca024502600a0113c78
:1019cc00a023312680bf083c0600072480bf063cbc
:1019dc001060648e000284300a00801088bf023cc4
:1019ec000010033c341043ac2400bf8f2000b38f95
:1019fc001c00b28f1800b18f1400b08f0800e003e8
:101a0c002800bd270c00038e0800028e42006210d5
:101a1c0088bf023c0060028d06004230280047144b
:101a2c00402803002110b10000004290ff0042301a
:101a3c000100a5242128b1000000a5900100632419
:101a4c001800058e2b2865000b2065000c0004aed9
:101a5c000060038d060063301d006754ff004230a8
:101a6c002060c2ac10000292ff004230d8ff401040
:101a7c0000000000eff7400f00000000a024438e90
:101a8c00d1ff601080bf083c0400058e1c0003923f
:101a9c00ff00633011006010000000001400038e82
:101aac002b104300c9ff401406000724a024428ecb
:101abc0009f8400003000424c3ff001080bf083c59
:101acc002110710000004290dcff0010ff0042303a
:101adc002060c2ace3ff0010000000001400038e75
:101aec00b9ff435480bf083ca024428e09f8400043
:101afc0003000424b4ff001080bf083c0010023c1b
:101b0c0088bf033c641062ac88bf033c341062ace9
:101b1c00b6ff00102400bf8f0010033c641043acd0
:081b2c00afff001088bf023c6e
:020000040000fa
:020000041d02db
:101b3400d0ffbd272c00bfaf2800b5af2400b4af41
:101b44002000b3af1c00b2af1800b1af1400b0afa7
:101b54002588a0002590c00025a0e0004000958cb9
:101b64000000d08c0400c28c360002160400b38c32
:101b74000400c0ac25100000000042ae0400028e38
:101b8400c439027c040002ae0000428e0400438e7d
:101b9400340043540000438c040040ae320040142f
:101ba400000040ae0000628e0400068e0800058e20
:101bb4000c00048e1000038e000062ae040066aeba
:101bc400080065ae0c0064ae100063ae040000ae05
:101bd400080000ae000000ae140000ae0400228e27
:101be40032004054000050ac040030ae000030ae6f
:101bf4000400628e01000324c439627c040062aed6
:101c0400080080122c00bf8f0400628e0003427c07
:101c1400050040542800b58f91ff400f2520a002f5
:101c24002c00bf8f2800b58f2400b48f2000b38f01
:101c34001c00b28f1800b18f1400b08f0800e003ad
:101c44003000bd27ccff00100000028e0400248e5b
:101c54000400432400e0637c140083ac09000010fa
:101c6400040022ae000043ae000040ac140040acbf
:101c74000400238ef5ff6054000062ac040022ae21
:101c8400000022aec1ff80520000428e0400428c4c
:101c94000003427cbdff40540000428e91ff400f80
:101ca4002520a002b9ff00100000428e0400238efc
:101cb4000400022600e0427c140062acccff001059
:041cc400040030ae3a
:020000040000fa
:020000041d02db
:101cc800d0ffbd272c00bfaf2800b6af2400b5afaa
:101cd8002000b4af1c00b3af1800b2af1400b1af0e
:101ce8001000b0af77008290010003240f0043106a
:101cf8002580800002000324260043100000000015
:101d0800ffff02242c00bf8f2800b68f2400b58f58
:101d18002000b48f1c00b38f1800b28f1400b18f4d
:101d28001000b08f0800e0033000bd274000838c0e
:101d3800f4ff6010ffff0224420082944000839465
:101d480021104300600083942110430062008394b3
:101d580026104300ffff4230720002a6780000a25e
:101d68003c81828f82100200500002ae01000624de
:101d7800020005249f14400f25200002e2ff4010b6
:101d88002c00bf8fe0ff4058ffff0224ddff00104a
:101d980001000224aa00410f4c00848c1000062484
:101da800029d053c8c5fa524a9f6400f2520400024
:101db80025184000d3ff6010ffff0224aa00410f3e
:101dc8004c00048e00005294aa00410f4c00048e6f
:101dd8000200429421904202ffff5232aa00410fb2
:101de8004c00048e04005694aa00410f4c00048e47
:101df80006005594aa00410f4c00048e0800549424
:101e0800aa00410f4c00048e0a005394aa00410f07
:101e18004c00048e0c005194aa00410f4c00048e13
:101e280060000396211843022190c3022118b202d0
:101e38002118830221186302218823020e0042948c
:101e4800218822026200029626102202c2ff001098
:041e5800ffff423016
:020000040000fa
:020000041d02db
:101e5c00d8ffbd271c00b2af00a0123c1400b0afdd
:101e6c00302c508e2400bfaf2000b3af46000012c0
:101e7c001800b1af00a0133c2c2c718e3d002052e9
:101e8c0000a0113c821f10000200022401006250cd
:101e9c0000e0107e821f110002000224010062503b
:101eac0000e0317e33fb400f000000000000438c4b
:101ebc000400428c00a0043c2b2803022110620079
:101ecc000400a014700284242b2802021400a054d5
:101edc002b18300200e0857c2b2865000900a0142b
:101eec002b2823020500a0142b2862002b28220289
:101efc000e00a054251020022b2862000c00a054c8
:101f0c00422704002400bf8f2000b38f1c00b28f27
:101f1c001800b18f1400b08f0800e0032800bd2713
:101f2c001c0060102b182202251800024227040006
:101f3c00050005241d00855000a0043c0400052468
:101f4c00210085100080043c25184000302c42ae46
:101f5c0000a0023c4c2c43ac2400bf8f2000b38f5c
:101f6c001c00b28f1800b18f1400b08f0800e00372
:101f7c002800bd270100023cd02c3126d07e422403
:101f8c00c0ff00102188220200a0103cb9ff0010f5
:101f9c00d02c102642270400050005240b10230228
:101fac00e6ff85142518000200a0043c251044000f
:101fbc00251864002c2c62ae00a0023c302c43aee1
:101fcc00e5ff00104c2c43ac251044002518640090
:101fdc002c2c62ae00a0023c302c43aedeff001075
:041fec004c2c43ac8a
:020000040000fa
:020000041d02db
:101ff000c8ffbd273400bfaf3000b5af2c00b4af71
:102000002800b3af2400b2af2000b1af1c00b0afc6
:1020100025a080002580a00025a8c0002598e0000c
:102020000040e230160040104800b28f1400a0af0c
:10203000188082271000a2af0000a78c0000c68c79
:10204000ed8c400f0f00653225284000f7ff032478
:1020500006000424251080000a1065003400bf8f9c
:102060003000b58f2c00b48f2800b38f2400b28fbe
:102070002000b18f1c00b08f0800e0033800bd279e
:1020800000a0023c6eff400f242b518cc0180200b0
:1020900021186200c01803002188230225280002ad
:1020a0006dbd400f0000248e25804000ebff001224
:1020b000feff02240000029602004330130060106d
:1020c0000229130000206232020040100001a530f6
:1020d0000002a5342c002726253000001ddd400f0e
:1020e000252000020800078e1400a0af1880822768
:1020f0001000a2af0000a68e0f006532ed8c400fdd
:1021000025208002d5ff001001000224c0004330ca
:10211000d2ff601003000224090040520000039621
:102120001000028e030042aa000042ba140002927c
:10213000040042a215000292050042a2000003968c
:1021400080006330c5ff60100200022418003126b1
:10215000040012262528400200dd400f2520200221
:1021600000a0023c342b428c0c0002ae2528400219
:1021700017e0400f25202002b8ff001002000224c3
:020000040000fa
:020000041d02db
:10218000e0ffbd271c00bfaf1800b2af1400b1af15
:102190001000b0af258880001800848c0300022452
:1021a00006008210010003241c81828f0a00401067
:1021b0002580a000010042241c8182af2510600010
:1021c0001c00bf8f1800b28f1400b18f1000b08fa9
:1021d0000800e0032000bd270800228e0d004014f7
:1021e00000000000ba00410f00000000f3ff4010a3
:1021f00025180000b800410f00000000009d053cbc
:10220000241ca524d8c8400f25204000ebff001057
:1022100025180000e9ffa010251800000100072480
:102220000100062425280000b3cb400f108184272d
:1022300001000424e1ff44142518000025300000ab
:10224000019d053c3816a524a7e1400f0900042490
:1022500005004014148182af69f9400f1081842772
:10226000d6ff0010251800000800248e0800828c7c
:102270000400062409f840000000059611004014ef
:1022800025904000ba00410f0000000007004010f8
:1022900000000000b800410f00000000009d053c58
:1022a000481ca524d8c8400f2520400069f9400fdc
:1022b00010818427fdf8400f1481848fbfff001028
:1022c00025180000faef400f252000000800238e9b
:1022d000208183af00000396248183af0200039620
:1022e000188183a7288192af1c81838f010063240a
:1022f0001c8183af2528400003f2400f25200000f9
:1023000081f9400f10818427acff001001000324e5
:020000040000fa
:020000041d02db
:1023100000a0023c700242245e0044140000000051
:1023200000a0023c8402429001004230590040105b
:1023300000000000e0ffbd271c00bfaf1800b1afd8
:102340001400b0af00a0103c700210263800118eaf
:102350001000228e09f840000800048e1000038e41
:10236000010002241d00621400a0023c7c02508c7b
:102370001c00228e09f840002520000201000324e1
:10238000170043101c00bf8f2000228e09f8400068
:1023900025200002160040102580400000a0113cbe
:1023a0008cac400f7002242670023126ffff0224fd
:1023b000ba00410f100022ae090040101c00bf8f70
:1023c000b800410f0000000025300002009d053cd0
:1023d0000000a524d8c8400f252040001c00bf8f56
:1023e0001800b18f1400b08f0800e0032000bd2753
:1023f00000a0023c70024224140043900100042417
:102400008410837c140043a03000468c0100c2304d
:102410001700401000a0023c70024224ff0063300d
:10242000c418837c140043a042f0400f00a0103c6d
:102430007002102625f2400f700002ae2e000396a7
:1024400002186270e70363246210023cd34d4224f9
:10245000190062001018000082190300740003ae16
:10246000840000ae02000224dcff0010100002ae67
:102470000200c6300100c0540f00062400a0043c36
:102480007002842448b2400f6c00858ce6ff001077
:0c249000000000000800e0030000000055
:020000040000fa
:020000041d02db
:10249c0088ffbd277400bfaf7000b5af6c00b4af40
:1024ac006800b3af6400b2af6000b1af5c00b0af16
:1024bc000f0005242eda400f0600042401004230e0
:1024cc0007004010f2ff1324f6ff12240800112419
:1024dc008ee3400f060004240a00401425804000bf
:1024ec007400bf8f7000b58f6c00b48f6800b38f11
:1024fc006400b28f6000b18f5c00b08f0800e00305
:10250c007800bd271c00148e2c0006960800c22ce7
:10251c00390040141800158e25380000252880023b
:10252c000ba0400f25200002340040142528400247
:10253c000000829631005114f3ff05241000a526eb
:10254c0055e8400f2800048e2c004014f1ff0524a0
:10255c002800148e1c00048e000080a0010080a0b6
:10256c000200829425284000ff0046300800c32456
:10257c00ff0063300438657c0800632c0700601092
:10258c00003a427c01004224ff0042300300401418
:10259c00047a457c0900c6240438c57c020085a455
:1025ac00000000ae25300000010005246d9f400f97
:1025bc00252000021800028e0c00438c4800a3afab
:1025cc001000428c4c00a2af5000b4af253000007c
:1025dc0025280002f356400f1000a427bcff40141e
:1025ec0006000624faff0524dbe1400f252000023b
:1025fc00b7ff00100000000025286002060006242a
:10260c00dbe1400f25200002b1ff001000000000ac
:08261c00faff0010f3ff052492
:020000040000fa
:020000041d02db
:10262400e0ffbd271c00bfaf1800b2af1400b1af6c
:102634001000b0af2590800083fa400f2580a000e1
:102644002588400049002012251000003c00062483
:1026540025280000d4fb400f252000027700229299
:10266400020003244700431401000324aa00410f7d
:102674004c00248e030046880000469807004588d5
:10268400040045980b004488080044980f004388d0
:102694000c004398070006aa040006ba0b0005aa1a
:1026a400080005ba0f0004aa0c0004ba130003aa18
:1026b400100003baac00410f4c00248e030046887e
:1026c4000000469807004588040045980b0044889c
:1026d400080044980f0043880c004398170006aa8a
:1026e400140006ba1b0005aa180005ba1f0004aaa4
:1026f4001c0004ba230003aa200003ba0200022427
:10270400000002ae60002296240002a66200229617
:10271400260002a64800228e280002ae76002292ed
:102724002c0002ae1800228e1400238e23104300c6
:10273400300002a60400228e0000238e23104300e2
:10274400320002a6a5f4400f25202002340002a680
:102754009cdb400f25204002360002a67cef400f90
:1027640025202002380002ae010002241c00bf8f85
:102774001800b28f1400b18f1000b08f0800e0036e
:102784002000bd27e0ff4354600022964000228ec3
:10279400040002ae4400228e140002ae01000224a2
:0827a400d8ff0010000002ae96
:020000040000fa
:020000041d02db
:1027ac00f00002245800a210f100a32827006010aa
:1027bc0025100000c00003245300a310c100a3285f
:1027cc00220060109100a3281d0060108000a32837
:1027dc001e00601480ffa5241100a22c4f00401095
:1027ec0080280500029d023c082842242110450047
:1027fc000000428c0800400000000000c028029d30
:10280c00c028029dec28029d2829029d6028029d6b
:10281c002829029d2829029d2829029d9c28029d79
:10282c002829029d2829029d2829029d2829029ddc
:10283c002829029d2829029d2829029dec28029d09
:10284c00a00003242200a3500000e28c0800e00347
:10285c00000000000000e28c040043240000428cc5
:10286c000600c0100000e3ac2016027c000082ac15
:10287c00c317020004000010040082acffff4230ba
:10288c00000082ac040080ac0800e00301000224cc
:10289c000000e28c040043240000428c0300c010b2
:1028ac000000e3acf1ff00102014027cf4ff0010d8
:1028bc00ff0042300000e38c0000628c04006324b3
:1028cc00efffc0100000e3ace9ff0010000082ac89
:1028dc00040043240000e3ace4ff00100000428c31
:1028ec000000e28c070042240410027c0000488c9b
:1028fc000400498c080042240000e2ac000088acc3
:10290c00e1ff0010040089ac0000e28c04004324b9
:10291c000000e3acdaff00100000428c2510000030
:08292c000800e00300000000b8
:020000040000fa
:020000041d02db
:102934004452565f4554485048595f4f70656e0085
:102944005f4452565f5048595f534d495472616e0b
:102954007366657257616974436f6d706c657465f5
:10296400000000005f4452565f5048595f534d4980
:102974005472616e73666572537461727400000000
:102984004452565f4554485048595f496e697469ca
:10299400616c697a65000000e08b039d0469029d07
:1029a4007043039d1873039d6485039db098029d35
:1029b4004ccf039da472039d10cf039d6879039da2
:1029c400844e039d44c5029dd4d5039d3cf0039dd4
:1029d400a0f2039d188b039d885b029dd0a6039de6
:1029e400a4e7039d78e7039d98c4039d20bb039d42
:1029f400289e029db497039db491039d5491039d19
:102a04009484039d187f039df490039dccc3039d80
:102a140054e1039d1cf4029d10f0029db0f7039d48
:102a2400c0f2039d84e1039d88cf039d1c30039d68
:102a34005802039d0cd6039dfc84039dccf7039d93
:102a440044d6039d24eb029d3072039d20b3039d65
:102a5400d4b2039d88b2039d3cb2039d803f029d86
:102a64007cd6039da88c039df4e0029dc4cf039df6
:102a74006cbc029dc460039db4d6039d7452039d37
:102a84001098039d14ca029da08f029de8f4029d34
:102a9400e45c029de8b4039d3802049d9cb4039d4c
:102aa40050b4039d04b4039db8b3039d6cb3039d5c
:042ab400f0b1039ddd
:020000040000fa
:020000041d02db
:102ab8005e00801053ff0224e0ffbd271c00bfaf5b
:102ac8001800b2af1400b1af1000b0af258080007d
:102ad800200091246000828c01004324600083acb4
:102ae8002110220280ff0324000043a06000848c90
:102af8003900822c1d004014400012242330440267
:102b080025280000d4fb400f21202402600012aecb
:102b18002520200260000726ff00063cff00c6248f
:102b280000ff053c00ffa5340000838c021203005f
:102b380024104600001a03002418650025104300dd
:102b480002142200000082ac04008424f7ff87549a
:102b58000000838c25282002033e400f2520000218
:102b68002d0040141c00bf8f600000ae6000048e72
:102b7800380006242330c40025280000d4fb400f69
:102b8800212024026400038e6800028ec010020017
:102b98004227030021104400680002aec018030059
:102ba800640003ae2000042660000726ff00063cf0
:102bb800ff00c62400ff053c00ffa5340000838cfd
:102bc8000212030024104600001a030024186500ae
:102bd8002510430002142200000082ac0400842463
:102be800f7ff87540000838c6b00028a6800029a02
:102bf8005b0002aa580002ba6700028a6400029abf
:102c08005f0002aa5c0002ba25282002033e400f9a
:102c1800252000021c00bf8f1800b28f1400b18f4e
:102c28001000b08f0800e0032000bd270800e00373
:042c38000000000098
:020000040000fa
:020000041d02db
:102c3c00d0ffbd272c00bfaf2800b5af2400b4af28
:102c4c002000b3af1c00b2af1800b1af1400b0af8e
:102c5c0025a880002588a0002598c0006dfa400f9b
:102c6c002590e0002580400048000012251000004f
:102c7c00050020163c001492450080162c00bf8fd6
:102c8c00200000103c0011a2ffff24260200842c1f
:102c9c003e00801025100000270080524000028e5c
:102cac003b0091162c00bf8f4000028e448c027c9e
:102cbc00400002ae130040123c0011a2253040022d
:102ccc002528200249c7400f2520a00206004014e9
:102cdc00010004243c0014a24000038e448c837c2d
:102cec002a000010400003ae3f0002920400423064
:102cfc0005004054280013a64000028e0421027cdb
:102d0c00400002ae280013a63f00029201004230a0
:102d1c00040040144000028e8410027c400002ae7d
:102d2c004000028e01000324448c627c400002ae01
:102d3c001600001001000224448c027c400002aefc
:102d4c0002000224dbff2216000000002400048e87
:102d5c0005008014010006249600410f00000000bd
:102d6c0025204000010006249ea3400f25280002c8
:102d7c000c00028ecfff4014010003244000028e91
:102d8c00448c627c400002ae251000002c00bf8fea
:102d9c002800b58f2400b48f2000b38f1c00b28f95
:102dac001800b18f1400b08f0800e0033000bd276d
:020000040000fa
:020000041d02db
:102dbc00ffff8324ffff63300a00642c5a0080104d
:102dcc0025100000201e037cc010030021104300be
:102ddc008010020000a0043ca01c8424211044009c
:102dec00000044905000801025100000e8ffbd2723
:102dfc001400bfaf00a0023cc020030021208300c0
:102e0c0080200400a01c42242110440004004294a1
:102e1c002000423029004010c020030000a0023cda
:102e2c002120830080200400a01c42242110440097
:102e3c0002004590040004241400a4142510000082
:102e4c0000a0023cc020030021208300802004004d
:102e5c00a01c4224211044000c00428c2000458c04
:102e6c000d00a014c010030000a0023cc020030001
:102e7c002118830080180300a01c42242110430059
:102e8c00ffff0324030043a0251000001400bf8f94
:102e9c000800e0031800bd27211043008010020039
:102eac001c00422400a0043ca01c842409f8a000af
:102ebc0021208200f5ff0010ffff4230212083000b
:102ecc008020040000a0053ca01ca5242120850026
:102edc000800848c4c00858c0a00a05400a0023c95
:102eec0000a0043cc02803002128a3008028050072
:102efc00a01c832421186500ffff0424e3ff0010ad
:102f0c00030064a0c0200300211883008018030074
:102f1c00a01c42242110430009f8a00006004484a0
:102f2c00dbff00101400bf8f0800e003000000005e
:020000040000fa
:020000041d02db
:102f3c00d3e160c35b99f340b2628264d1751060d7
:102f4c00e0045da383ff57a57d73a673d2b8d80d9b
:102f5c00aaf6a6c35a91bb4579d73fd0c8fed1116a
:102f6c00b0391306828adfed528f018121b3febd89
:102f7c00c343e797b87dbb63db1333ded9d1ece1f8
:102f8c0077cfa6b71fe8ab1da46624ed6415e51c2e
:102f9c00cde2c7ca86e283990eeaeb911204155270
:102fac008b2295910281b02dd431f4c9f70427df1f
:102fbc00a65ad0f345db4e0effe875c3a2e71f42bd
:102fcc00c7129d620ff5c119a9ef55f05185e0fbb1
:102fdc008581f9317517276e06e9607ddbcbcc2e28
:102fec0004eec63bb231df2c630a1afbe724949d36
:102ffc00005a587851e1aa795e477347c8b05662b7
:10300c001c18bddcdd8d99fc5fc2b92053d8cfac48
:10301c00fb0bb8831205fad1ddd6c071318a60186a
:10302c00f03b73f5ede4d4d071f9de03fd7aea10d0
:10303c005d9299b8af99aa075bdb4db9aa28c18def
:10304c00174b56ee2a014d098896ff2282c955a8c6
:10305c001969e069fa8ce007a180183a07dfae170e
:10306c00e62b8a8ee8f141b6980566e3bfe3c049ca
:10307c0003dad4ac2cdf9f2280010a6739bc83d3de
:10308c0063363377e41e86468deb0ab4a8ed683fb1
:10309c006a134e47e014c700454e81e95358a569a1
:1030ac00808aa38f2a72a62359915a9f8a04ca68d0
:020000040000fa
:020000041d02db
:1030bc00d8ffbd272400bfaf2000b3af1c00b2afb8
:1030cc001800b1af1400b0af00a0023c7002422453
:1030dc0023004414258000002588a0002580c00012
:1030ec0000a0023c2600c010b002528c00a0023c92
:1030fc00fc02428c0300401000a0023c31e9400f5e
:10310c00f802448c03eb400f2520200200a0033c66
:10311c00700263248c00648c252024028c0064ac27
:10312c009400658c2528a2000d008010940065acdd
:10313c00259860009800718c278811002488220241
:10314c00252820024200410f25204002252820027c
:10315c004500410f2520400298fb400f8800648eeb
:10316c00251000022400bf8f2000b38f1c00b28feb
:10317c001800b18f1400b08f0800e0032800bd27a1
:10318c0000a0023cfc02508c0500001225980000a7
:10319c0000a0023c31e9400ff802448c2598400015
:1031ac002480110203eb400f2520000225884000eb
:1031bc002718100000a0103c700210268c00028e04
:1031cc00241043008c0002ae271011009400048ed2
:1031dc0024208200940004ae9000048e2418640015
:1031ec00900003ae9800038e24104300980002aeaa
:1031fc00252820024800410f2520400225282002c6
:10320c004200410f252040028c00028ed4ff40105a
:10321c00010010242b28130000a0023caffa400f31
:0c322c00f802448ccfff001025100002b7
:020000040000fa
:020000041d02db
:10323800c8ffbd273400bfaf3000beaf2c00b7af0a
:103248002800b6af2400b5af2000b4af1c00b3af60
:103258001800b2af1400b1af1000b0af25b0a00095
:1032680025a8c00025b8e0005000b38ffcff6226f7
:103278000200422c060040144c00be8f2000a22cf5
:10328800450040102000c22c44004010faff1124d1
:10329800c5d3400f010005244200401025a040007e
:1032a8000400528c0400429602004330370060103c
:1032b800080042303300401425800000bbf5400f61
:1032c80084004426258040001d004010020011247f
:1032d8000f0044900100843806010624029d053c35
:1032e8008060a52400f4400f0100842cff00733295
:1032f8000c0013a2040016a6060015a64800a28f0b
:103308000d0002a2080017ae010002240e0002a25e
:103318000300022404006216100014ae0400429652
:1033280008004234040042a6252800026df8400f28
:1033380090004426020002240f0002a22588000003
:1033480081f9400f252040020100c0570000d1af8d
:10335800251000023400bf8f3000be8f2c00b78fbd
:103368002800b68f2400b58f2000b48f1c00b38fbf
:103378001800b28f1400b18f1000b08f0800e0035e
:103388003800bd27eeff0010f8ff1124258000004b
:10339800ebff0010fcff1124fbff1124eaff0010d3
:0c33a80025800000fdff0010ffff112435
:020000040000fa
:020000041d02db
:1033b400d0ffbd272c00bfaf2800b6af2400b5afa7
:1033c4002000b4af1c00b3af1800b2af1400b1af0b
:1033d4001000b0af2588800025b0a00025a8c0004b
:1033e40025a0e0004000b28f00a0023c682b508c66
:1033f400050000124400b38f2000028e0800423002
:10340400090040501800048e4bf4400f00000000e7
:1034140025804000320000122510000000a0023c6c
:10342400682b50ac1800048e01000224000082a412
:1034340000080224020082a406000224040082a0e0
:1034440004000224050082a02f006016060096a442
:103454003c00228e0b0082a8080082b8400022960d
:103464000c0082a4110095a80e0095b80300428aae
:103474000000429a150082a8120082b80400429209
:10348400160082a005004292170082a01b0094a897
:1034940048f1400f180094b81000028e1c00032459
:1034a4000c0043a470fb400f2520200206080724cb
:1034b400253040002528400218ce400f2520000268
:1034c4000700401025280002000000ae280011aebd
:1034d400a7e3400f2520200227100200c217020094
:1034e4002c00bf8f2800b68f2400b58f2000b48f26
:1034f4001c00b38f1800b28f1400b18f1000b08f6e
:103504000800e0033000bd270300628a0000629acd
:103514000b0082a8080082b8040062920c0082a00a
:0c35240005006292cfff00100d0082a095
:020000040000fa
:020000041d02db
:10353000d8ffbd272400bfaf2000b4af1c00b3af3d
:103540001800b2af1400b1af1000b0af3400c0101b
:103550002588c00083fa400f2598a0004f00401036
:1035600025804000a5f4400f252040004d0040106c
:1035700025904000251020022b8851020100205682
:1035800025104002ffff51302000058e1800028eea
:103590002118b1002b1843000d00601025a0000079
:1035a000231045000100422405006012ffff543043
:1035b00025308002f1fa400f252060022198740224
:1035c00023883402ffff31321400028e200002ae45
:1035d00004006012253020022000058ef1fa400f11
:1035e000252060022000028e21105100200002ae32
:1035f00021883402ffff313268ce400f25200002bf
:1036000007004014239051022a9032020d00401608
:10361000010003243e000296c439627c3e0002a6eb
:10362000251020022400bf8f2000b48f1c00b38f10
:103630001800b28f1400b18f1000b08f0800e003a3
:103640002800bd273e00029604004230f5ff4014da
:10365000251020023e0002968410627c42f0400f4a
:103660003e0002a63c81848f4018040021186400ab
:10367000c018030021186400c01803006210043c45
:10368000d34d84241900640010180000821903002f
:1036900021186200e2ff0010280003aee0ff0010d6
:0c36a00025880000deff00102588400097
:020000040000fa
:020000041d02db
:1036ac00e0ffbd271c00bfaf1800b1af1400b0afd6
:1036bc002588a00083fa400f2580c0002518400003
:1036cc002200601025100000210000121c00bf8f8a
:1036dc000c00222e4f00401080881100029d023ced
:1036ec0000374224211051000000428c0800400099
:1036fc00000000003037029d6c37029d9037029d10
:10370c00a837029d2038029d2038029dc437029da7
:10371c002038029dd837029dec37029d0038029d5f
:10372c001038029d74006294400042388001427c43
:10373c00000002a27400629480004238c001427cf6
:10374c00010002a2020000a6010002241c00bf8f8f
:10375c001800b18f1400b08f0800e0032000bd27c3
:10376c003e0062948003427c000002a270006294ce
:10377c00020002a684006290040002a2f3ff001073
:10378c00010002241800628c1400638c2310430087
:10379c00000002a6edff0010010002240400628c60
:1037ac000000638c2310430001004224000002a699
:1037bc00e6ff00100100022474006294c002427cf7
:1037cc00000002a2e1ff0010010002243c00628c08
:1037dc00000f427c000002aedcff0010010002244e
:1037ec003e006294c2130200000002a2d7ff001038
:1037fc000100022485006290000002a2d3ff001099
:10380c000100022486006290000002a2cfff00108b
:0c381c0001000224cdff00102510000068
:020000040000fa
:020000041d02db
:103828005c00801053ff0224e0ffbd271c00bfafdf
:103838001800b2af1400b1af1000b0af25808000ff
:103848004e00a0102588a0000c0092240000828c55
:1038580001004324000083ac2110420280ff0324ae
:10386800000043a00000848c3900822c0900401419
:10387800400006242330c40025280000d4fb400f54
:103888002120440225284002f911400f252000027a
:10389800000000ae0000048e380006242330c40067
:1038a80025280000d4fb400f212044020400038e89
:1038b8000800028ec01002004227030021104400b5
:1038c800080002aec0180300040003ae0700028a15
:1038d8000400029a470002aa440002ba0b00028ab6
:1038e8000800029a4b0002aa480002ba25284002a2
:1038f800f911400f252000024f00058a4c00059a57
:103908005300048a5000049a5700038a5400039a0b
:103918005b00028a5800029a030025aa000025ba13
:10392800070024aa040024ba0b0023aa080023ba1b
:103938000f0022aa0c0022ba4567023c0123422448
:103948004c0002aecdef023c89ab4234500002aecf
:10395800ba98023cfedc4234540002ae3210023cfb
:1039680076544224580002ae000000ae040000aeb7
:10397800080000ae600000ae251000001c00bf8fdc
:103988001800b28f1400b18f1000b08f0800e00348
:0c3998002000bd270800e0030000000034
:020000040000fa
:020000041d02db
:1039a400c8ffbd273400bfaf3000beaf2c00b7af97
:1039b4002800b6af2400b5af2000b4af1c00b3afed
:1039c4001800b2af1400b1af1000b0af3900a018a6
:1039d400259800002580800025a0a0000100d73094
:1039e40025b0e0024000d57c0400d230039d1e3c8b
:1039f40022000596f2ffa5245c00028e253000000b
:103a0400ffffa53009f840003800042429004010c5
:103a1400258840000600e05294dcc2271000438c45
:103a24001000629404004234100062a494dcc227a3
:103a3400080022ae0700a0120c0030ae1000228e47
:103a44000e004594f0ffa530220005a6c8f9400fea
:103a54004000048e28004012000020ae6800028e50
:103a6400030040100500052409f84000e400042682
:103a74001000258e2538c002010006240800a52464
:103a84009c6d400f2520000225a840006800028e8e
:103a9400030040100600052409f84000e400042651
:103aa4001100a052010073266000028e09f8400044
:103ab40025202002251060023400bf8f3000be8f05
:103ac4002c00b78f2800b68f2400b58f2000b48f48
:103ad4001c00b38f1800b28f1400b18f1000b08f88
:103ae4000800e0033800bd27c1ff931625a8000095
:103af400f0ff0010259880021000258e2538c002a2
:103b0400010006240800a5249c6d400f2520000216
:083b1400e3ff001025a84000aa
:020000040000fa
:020000041d02db
:103b1c00d0ffbd272c00bfaf2800b4af2400b3af3b
:103b2c002000b2af1c00b1af1800b0af25808000f0
:103b3c00040002241500a2100400918c0000828c59
:103b4c000000428c009d053c4814a52409f8400057
:103b5c00252020020000028e0000428c009d053cb6
:103b6c007414a52409f84000252020022c00bf8fd6
:103b7c002800b48f2400b38f2000b28f1c00b18fab
:103b8c001800b08f0800e0033000bd2725a0c0004e
:103b9c00c9da400f0400c48c25904000ffff42247a
:103bac000200422c08004014009d053c0000028ecf
:103bbc000000428c9814a52409f84000252020020e
:103bcc00ebff00102c00bf8f08d7400f0800848e2d
:103bdc0009004014259840000000028e0000428c21
:103bec00009d053c7010a52409f8400025202002fa
:103bfc00dfff00102c00bf8f1000a527d075400fe1
:103c0c000c00848e08004014009d053c0000028ec0
:103c1c000000428cfc12a52409f84000252020024b
:103c2c00d3ff00102c00bf8f01000224100042169d
:103c3c001000a52720fa400f25206002100040102c
:103c4c00009d073c009d073c4014e7240000028eb9
:103c5c000400428c25304002009d053cac14a52488
:103c6c0009f8400025202002c1ff00102c00bf8f56
:103c7c002bfa400f25206002f0ff0010000000001e
:083c8c00f2ff0010b01ce72458
:020000040000fa
:020000041d02db
:103c9400c0ffbd273c00bfaf3800b4af3400b3afa2
:103ca4003000b2af2c00b1af2800b0af2580800047
:103cb4000200a228460040140400928c2588a0002b
:103cc4002598c0000400d48c009d053c9016a524c2
:103cd40007fb400f25208002150040140300312a01
:103ce4003c0020560000028e08d7400f0800648e66
:103cf40027004014252040000000028e0000428c62
:103d0400009d053c7010a52409f8400025204002c0
:103d14003c00bf8f3800b48f3400b38f3000b28fb3
:103d24002c00b18f2800b08f0800e0034000bd27ad
:103d3400009d053c9416a52407fb400f2520800216
:103d4400240040540000028e9600410f0000000041
:103d5400140006241000a527c0d4400f25204000dd
:103d6400030040141000a627009d063cd014c6246e
:103d74000000028e0400428c009d053cb416a5246c
:103d840009f8400025204002e2ff00103c00bf8fec
:103d94005cfb400f000000000b004010009d063c3f
:103da400009d063c7c16c6240000028e0400428c52
:103db400009d053c9816a52409f8400025204002e2
:103dc400d4ff00103c00bf8ff7ff00108816c624f4
:103dd4000000028e0000428c009d053cd016a524f4
:103de40009f84000252040020000028e0000428ca9
:103df400009d053cf416a52409f840002520400246
:083e0400c4ff00103c00bf8f59
:020000040000fa
:020000041d02db
:103e0c0000a0033c7002632458006414faff0224df
:103e1c00e0ffbd271c00bfaf1800b2af1400b1af5c
:103e2c001000b0af2580a0002600a0102588c0008f
:103e3c0000a0023cd802428c04004010050005246e
:103e4c0000a0043c09f840005403842400a0053c65
:103e5c006003a52400a0123cc0f0400f7002442661
:103e6c0000a0053c6403a524d1f0400f7002442649
:103e7c00700252266800428e040040100600052491
:103e8c0000a0043c09f840005403842400a0023c28
:103e9c0070024224ec00478cf000468cf400458cf8
:103eac00f800448cfc00438c0001428c000007aeef
:103ebc00040006ae080005ae0c0004ae100003ae04
:103ecc00140002ae230020122510000000a0023cba
:103edc00d802428c040040100500052400a0043ccc
:103eec0009f840005803842400a0053c7803a5245d
:103efc0000a0103ce2f0400f700204267002022673
:103f0c000801438c4c00448c21186400080143ac1c
:103f1c006800428c040040100600052400a0043cfc
:103f2c0009f840005803842400a0023c700242248b
:103f3c000401458c0801448c0c01438c1001428c0b
:103f4c00000025ae040024ae080023ae0c0022ae07
:103f5c00251000001c00bf8f1800b28f1400b18f09
:103f6c001000b08f0800e0032000bd270800e0031c
:043f7c000000000041
:020000040000fa
:020000041d02db
:103f8000e8ffbd271400bfaf1000b0af04f1400f31
:103f900025808000500040101400bf8f2000039641
:103fa000010062302f004010220005960020a3304f
:103fb00005000224010004240a1083000004a33039
:103fc0000300601025300000100042340100062478
:103fd0000008a33003006010254800002000423490
:103fe0000100092434000496240007962600089650
:103ff0000800038e00080a3104004011010063909c
:104000000002ea301f0040550a0005240004083170
:10401000030000110001e7301000e0540c000524fb
:1040200024208500000185301600a014120005240c
:10403000800085300900a01414000524400085305c
:104040002800a014200084300400801424000524db
:104050000400027c002042342528000014000010d7
:1040600025180000100063300b0002240300042414
:104070000a108300254800000b480300d9ff0010f8
:1040800025302001010067304320030024208900ef
:104090002540c4002418680023180300080063307a
:1040a0002520870024208600802004002518640035
:1040b0002800048e0500805025280000000082acf6
:1040c000040085ac080083ac2528000069ec400f93
:1040d000252000021400bf8f1000b08f0800e003fd
:1040e0001800bd27e7ff001022000524dbff0010a9
:0440f000140005248f
:020000040000fa
:020000041d02db
:1040f4000300a2904000423058004010fe00022409
:10410400e0ffbd271c00bfaf1800b2af1400b1af71
:104114001000b0af258880001000a3900600621440
:104124002580a0001100a290c0004230800003242a
:10413400300043101c00bf8f0b00028a0800029a53
:104144000700038a0400039a2b106200280040141d
:10415400100012262538000002000692252840028d
:104164007ab6400f25202002270040540b00038a12
:104174000700028a0400029a1d0040104000022435
:10418400020003921a006214400007242530400202
:1041940000a0123cc02a452635cb400f2520200222
:1041a4002538000025300000c02a4526d271400f72
:1041b400252020020e0040102588400002000292b3
:1041c400240022a20b00028a0800029a1f0022aadd
:1041d4001c0022ba0700028a0400029a1b0022aac9
:1041e40042f0400f180022ba230022aa200022ba6b
:1041f4001c00bf8f1800b28f1400b18f1000b08f55
:104204000800e0032000bd270800039a1f0043a80c
:104214001c0043b80700048a0400049a211c832c60
:10422400070060501b0044a81b00438818004398f3
:104234002b2864000400a050211c632c1b0044a8fc
:10424400ebff0010180044b8e9ff6014201c03249d
:104254001b0043a8e6ff0010180043b80800e00361
:044264000000000056
:020000040000fa
:020000041d02db
:10426800d8ffbd272400bfaf2000b3af1c00b2affa
:104278001800b1af1400b0af2580a0002800a0102e
:104288002588a00025888000250080102598c0007a
:10429800a1f7400f00000000259040000800622ea2
:1042a8004a00401080981300029d023cc8424224f4
:1042b800211053000000428c08004000000000005c
:1042c800e842029d6443029d5043029d7843029d4b
:1042d800d443029d8c43029da443029dbc43029d8e
:1042e8000400058e56df400f2520200225280002f5
:1042f800aede400f480044260000428e04005014f1
:104308000000118e0e0020524800428e000051ae6f
:104318009481848f0c00828c09f8400025280002c3
:10432800251020022400bf8f2000b38f1c00b28ffd
:104338001800b18f1400b08f0800e0032800bd27d3
:10434800f3ff0010000042ae25280002aede400f49
:1043580054004426eeff00100000118e25280002ac
:10436800aede400f3c004426e9ff00100000118e2d
:1043780025280002aede400f60004426e4ff00104e
:104388000000118e2528000217eb400f0400442678
:104398000300118adeff00100000119a2528000290
:1043a80017eb400f100044260300118ad8ff0010b5
:1043b8000000119a2528000217eb400f1c00442624
:1043c8000300118ad2ff00100000119ad0ff0010dc
:0443d8002588000034
:020000040000fa
:020000041d02db
:1043dc00c8ffbd273400bfaf3000b3af2c00b2af65
:1043ec002800b1af2400b0af258080002520a000ac
:1043fc004000138e1c00a0af1800a0af1400a0af9b
:10440c001000a0af1800a6270bb2400fe000058edd
:10441c0025884000010012241800a38f1c00a28fd5
:10442c002e0062540000628c1c00a0af2c006014a3
:10443c001800a0af1000a28f050040100100072447
:10444c001000a627e000058ecd86400f2520000227
:10445c00251020023400bf8f3000b38f2c00b28f98
:10446c002800b18f2400b08f0800e0033800bd276e
:10447c000400642400e0847c140044ace6ff0010cb
:10448c001400a3af000060ac140060ac0400828c7c
:10449c000c004054000043ac040083ac000083ac1f
:1044ac00080060ac0400628c0003427cdbff4054cb
:1044bc001800a38f91ff400f25206002d7ff00103a
:1044cc001800a38f0400858c0400622400e0427c59
:1044dc001400a2acf2ff0010040083ac1800a2afd1
:1044ec000400628c4002427ce6ff4050dc00048eeb
:1044fc000400628cc45a027c040062ac0400628c1e
:10450c0084f7027c040062ac0400628cc4ff027c61
:10451c00040062ac0400628cc439427e040062acbc
:10452c00000060ac140060ac1400a28fd0ff4054ab
:10453c00000043ac1400a3afb7ff00101000a3aff2
:020000040000fa
:020000041d02db
:10454c00c8ffbd273400bfaf3000b2af2c00b1aff5
:10455c002800b0af258080002588a000d8fc400f33
:10456c002520a0001800a2afe0fc400f252020025f
:10457c001c00a2af340012261000a0af253800009a
:10458c003c0006262528400230cc400f2520200276
:10459c0061000292020042300300401038000526f0
:1045ac0000ff400f252020024200229620004230be
:1045bc000e004010040006246100029208004230f4
:1045cc00030040104000052606ff400f2520200266
:1045dc0061000292100042302e004010440005266b
:1045ec000cff400f252020020400062401000524a6
:1045fc00b1d8400f2520200202500724253040025c
:10460c00252840024ed1400f252020023400038e75
:10461c003c00028e241862001800a28f1c00a48f8c
:10462c002410440005006210040007241c00a62777
:10463c001800a5276184400f252020022c00028e33
:10464c00300002ae090002245e0002a66000029255
:10465c00010003244408627c0421627c4429627cae
:10466c00c439027c600002a225380000253000000d
:10467c00080005245472400f252020023400bf8fff
:10468c003000b28f2c00b18f2800b08f0800e003ef
:10469c003800bd272000a0af2000a5270cff400f3d
:0c46ac0025202002d1ff0010040006248d
:020000040000fa
:020000041d02db
:1046b800c8ffbd273400bfaf3000b7af2c00b6af7e
:1046c8002800b5af2400b4af2000b3af1c00b2afd0
:1046d8001800b1af1400b0af440080102598000056
:1046e80025a0800025a8a00025b0c0002588e000ee
:1046f800bcb9400f0b0005243c0040102580400049
:104708003a0020122598200225b8a0020c000010bb
:1047180025980000020040102520200240000424b3
:104728009ee0400fffff843030004010258040009d
:104738000c00062425288002c16f400f2520400068
:10474800060003960400029623104300ffff423040
:1047580018004010259040000000048e2b10220203
:10476800020040102120830025902002030002242b
:104778001500c216ffff523225304002f1fa400ff1
:104788002528e0020600029621104202060002a631
:104798000400829621104202040082a62388320275
:1047a800ffff31322198530210002012ffff7332ad
:1047b80021b8f2020c00108ed6ff00124000222e03
:1047c800e0ff001006000396020002240600c2164d
:1047d8002530400225288000f3eb400f2520a00259
:1047e800e9ff0010060002962598000025106002d7
:1047f8003400bf8f3000b78f2c00b68f2800b58fdc
:104808002400b48f2000b38f1c00b28f1800b18f22
:0c4818001400b08f0800e0033800bd273a
:020000040000fa
:020000041d02db
:10482400e0ffbd271c00bfaf1800b2af1400b1af4a
:104834001000b0af00a0023ca82742243400438cef
:104844001400448c100044ac4300601000a0023cef
:104854000c00628c3800410400a0023ca8274224ca
:104864001400428cff7f103cffff10362180500063
:10487400258800022b80020200a0123ca8275226a1
:104884000400428e1800428c09f840000000000029
:10489400251800001000448e2b20440003008010d3
:1048a40000a0043c2b180200ffff4224c827848c7c
:1048b400212882002b30a4002118c3002b300302ce
:1048c4000500c054212082002b0070142b282502df
:1048d4002900a0102120820000a0023ca827422425
:1048e4001c0044ac00a0023ca82742241c00428cbb
:1048f4000400401400a0023ca82742240100032421
:104904001c0043ac00a0023ca82742241c00448c99
:104914000400428c1400428c09f84000000000009e
:104924001c00bf8f1800b28f1400b18f1000b08f1d
:104934000800e0032000bd270c00708c00a0023c9e
:10494400a82742241400428c2180500025880002ac
:10495400c9ff00102b800202a82742241400428cb5
:10496400ff7f103cffff1036218050002588000295
:10497400c1ff00102b80020200a0023ca8274224a1
:0c4984001c0051acd8ff001000a0023c49
:020000040000fa
:020000041d02db
:10499000d0ffbd272c00bfaf2800b5af2400b4afb7
:1049a0002000b3af1c00b2af1800b1af1400b0af1d
:1049b00025888000faef400f2520000025284000c0
:1049c0005881838f01000224430062145481828f36
:1049d0004500401802000224588182af03f2400fc4
:1049e000252000004c81828f240040501800238e27
:1049f0001400228e01001324049853002590000017
:104a000001001424801812005c81828f2110430061
:104a10000000508c14000052010052266eff400f1f
:104a20004800048e0f00400404105400241053006a
:104a30000c004010002006243c00158e0004b57eba
:104a40003e0002960400827e3e0002a62528000059
:104a50008bc1400f252000023e0002960400a27e7a
:104a60003e0002a6010052264c81828f2b1042028a
:104a7000e5ff4014801812001800238e0200022463
:104a8000120062145481828fffff42240f004014f1
:104a9000548182afc5d2400f0000000069f9400f79
:104aa00040818427588180af2c00bf8f2800b58fac
:104ab0002400b48f2000b38f1c00b28f1800b18f78
:104ac0001400b08f0800e0033000bd27010002246d
:104ad000f5ff0010588182af03f2400f252000003f
:104ae000f2ff00102c00bf8f03f2400f25200000c2
:084af000eeff00102c00bf8f47
:020000040000fa
:020000041d02db
:104af800c0ffbd273c00bfaf3800b5af3400b4af2e
:104b08003000b3af2c00b2af2800b1af2400b0af73
:104b180025a8a0002588c00025a0e0002100410f9d
:104b28001000a42700a0043cd7f5400fc82b84240c
:104b380000a0133cc82b7326c9f5400f252060023e
:104b4800130040142580400000a0043c1000a28ff0
:104b5800c82b82acc82b84241400a28f040082ac1a
:104b68001800a28fe5f5400f080082ac3c00bf8f0b
:104b78003800b58f3400b48f3000b38f2c00b28f5b
:104b88002800b18f2400b08f0800e0034000bd2743
:104b980004000292010003242000431402000324ad
:104ba8000800128e01f6400f0500049225204000ef
:104bb8000c00038e0000a28e230062142528000238
:104bc8001a008006fcff05241400438e0300228a85
:104bd8000000229a030062a8000062b80400229232
:104be800040062a005002292050062a01400801053
:104bf800000040aea7e3400f252840020b00400408
:104c0800fbff05242528000200a0043cb5f8400f4e
:104c1800bc2b8424c8ff001000000000d4ff4314fc
:104c28003c00bf8fdfff00100800128e030006242f
:104c3800dbe1400f25204002f3ff00102528000289
:104c4800faff0010fbff0524b5f8400f1000a42759
:084c5800b9ff0010000000008c
:020000040000fa
:020000041d02db
:104c6000e8ffbd271400bfaf1000b0af2b00a010ad
:104c70002580a000255080000100082480bf0c3c46
:104c800006000b2400a0063ca024c62400a0073c7c
:104c9000a023e724ffff10250060828d060042302c
:104ca00030004b14000000000c00cd8c0800c28cba
:104cb000010049241800c38c2b1823010a48030063
:104cc0001600a9110000000001004391001a030022
:104cd00000004d9125186d0000608d8d0600ad31ee
:104ce0001b00ab15ff006e3040100200216847002a
:104cf0000000aea101004224021a03002110470067
:104d0000000043a00800c9ac010003252b100501d9
:104d10000d00401402004a252580000147f6400f8f
:104d2000000000000300401088bf023c0010033c5c
:104d3000681043ac251000021400bf8f1000b08f24
:104d40000800e0031800bd27d2ff001025406000d6
:104d5000ff00633021104700000043a0e9ff00106e
:104d6000000000000c00cd8c0800c28c0100432420
:104d70001800c98c2b4869000a180900e7ffa31125
:104d800021488800ffff2d910060898d06002931a0
:104d90000a002b552110470040100200214847000f
:104da00000002da10100422421104700000040a076
:104db0000800c3acd5ff00100100032500004da082
:084dc000fbff001000000000e1
:020000040000fa
:020000041d02db
:104dc800e0ffbd271c00bfaf1800b1af1400b0afa3
:104dd800ffff9024ffff10320a00032e1500601019
:104de800251000002086107cc010100021105000f3
:104df8008010020000a0033ca01c63242110430083
:104e0800000043900b006010251000000e00c01435
:104e180000a0023cc0181000211870008018030080
:104e2800a01c422421104300f8ff0324030043a0e0
:104e3800251000001c00bf8f1800b18f1400b08f20
:104e48000800e0032000bd27c0101000211050000a
:104e58008010020000a0033ca01c63242110430022
:104e68000800428c3c00488c0a00001500a0023c57
:104e7800c01810002118700080180300a01c4224dc
:104e880021104300ffff0324030043a0e9ff0010a3
:104e980025100000c01010002110500080100200e2
:104ea80000a0033ca01c6324211043001000428c86
:104eb8000a00401000a0023cc01810002118700021
:104ec80080180300a01c422421104300f9ff03248a
:104ed800030043a0d7ff00102510000000a0033cea
:104ee800a01c6324c088100021883002808811002b
:104ef80021887100140026ae180027ae253820023c
:104f0800049d063c6cb0c62409f8000106002486fe
:104f1800c8ff4014100022aef7ff0424c5ff00109c
:044f2800030024a2bc
:020000040000fa
:020000041d02db
:104f2c00c8ffbd273400bfaf3000b4af2c00b3af07
:104f3c002800b2af2400b1af2000b0afe080948f56
:104f4c001d00801225100000258880002598a000e7
:104f5c00190080102590c0006eff400f000000006b
:104f6c004080020021800202c080100021800202d9
:104f7c0080801000020002241d0062122180900229
:104f8c000300632e0c006010251000001200605608
:104f9c006000138e60000392010063300600601401
:104fac0001000224010005242bfe400f25202002c5
:104fbc0027004014010013243400bf8f3000b48f3d
:104fcc002c00b38f2800b28f2400b18f2000b08f3b
:104fdc000800e0033800bd270300733203000224ed
:104fec001c006252340012aef3ff001025100000ba
:104ffc00f1ff4012251000006000029201004230c7
:10500c0019004010010005245e0003960e00622c6e
:10501c00080040501800a0af20280224061062009f
:10502c0001004230030040501800a0afe2ff001016
:10503c0025100000010002241000a2af253800004a
:10504c001800a6272528c00030cc400f25202002b0
:10505c00340012ae252860029bae400f25202002a2
:10506c00d5ff0010010002242bfe400f252020024a
:10507c00d2ff40103400bf8ff6ff0010340012ae88
:020000040000fa
:020000041d02db
:10508c00760082900b00422c530040100000000070
:10509c00e0ffbd271c00bfaf1800b1af1400b0afcc
:1050ac007600839080180300029d023ccc50422471
:1050bc00211043000000428c080040002580800035
:1050cc00bc51029dbc51029d0051029d0051029d9c
:1050dc00f850029df850029df850029df850029d28
:1050ec000051029df850029dac51029d3100001000
:1050fc0025100000740082944000423020004010c3
:10510c00000000000000828c100082ac0c0082ac0d
:10511c00080082ac1000a010251000001000a5247f
:10512c00ff00b13001000624252820029f14400ff7
:10513c0025200002240042043e00039664000396de
:10514c00060060503e0003960800048e1000038e8b
:10515c00f5ff8314010006243e000396c45a037c19
:10516c003e0003a676000492080084380400032451
:10517c00090005240a18a4000e000010760003a2f2
:10518c00e7ffa0541000a5240800838c1000828c2b
:10519c00e2ff621425100000f0ff00103e000396a1
:1051ac001e5a400f25280000020000102510000098
:1051bc00010002241c00bf8f1800b18f1400b08fa7
:1051cc000800e0032000bd2701000424c45a837c9e
:1051dc00f8ff00103e0003a60800e00301000224c3
:020000040000fa
:020000041d02db
:1051ec005500801025108000c0ffbd273c00bfafcc
:1051fc003800b7af3400b6af3000b5af2c00b4af49
:10520c002800b3af2400b2af2000b1af1c00b0af88
:10521c002590800025a8a0002580c0004200839422
:10522c004000633008006010251000006eff400f36
:10523c006481948f0f0000120100062425280002bf
:10524c0039be400f252040023c00bf8f3800b78f7d
:10525c003400b68f3000b58f2c00b48f2800b38f7c
:10526c002400b28f2000b18f1c00b08f0800e00327
:10527c004000bd270019020021106200c01002007e
:10528c0021a082020400828eefff40100100032453
:10529c000c00848eecff83100c00132409001724df
:1052ac00070016240400828e0300508800005098da
:1052bc000700118a0400119a140020561000b3af95
:1052cc00253020022528000274b8400f252040020a
:1052dc00f7ff401425804000ffff7326ff00733258
:1052ec00130077120500622eefff40100400828e2f
:1052fc00d6ff00103c00bf8f0700228a0400229ac0
:10530c00efff4010258840001000b3af2538a002f5
:10531c002530000225282002af69400f25204002cd
:10532c00f5ff401425302002e7ff0010252800026d
:10533c00dcff00102598c0020800e003000000000c
:020000040000fa
:020000041d02db
:10534c00d8ffbd272400bfaf2000b4af1c00b3af03
:10535c001800b2af1400b1af1000b0af25808000c0
:10536c0025a0a0006882918f7882928f7482938f8f
:10537c004082848f58f3400f040084240a004014a8
:10538c00ffff02244082828f6482838f2c00448c26
:10539c000100022404108200271002002410430094
:1053ac00648282afffff02241d000256218030026e
:1053bc002f00801200a0023ce82745240400a38c97
:1053cc004082848f080083ac4082848f0800668cf6
:1053dc000c0086ac4082848f040084240400c4ac8e
:1053ec004082848f04008424080064ac4082838f44
:1053fc00140065ace827438c01006324e82743ac18
:10540c002400bf8f2000b48f1c00b38f1800b28f04
:10541c001400b18f1000b08f0800e0032800bd27e6
:10542c004082828f2b88110207002012040050ac9e
:10543c004082858f0400a524b9e7400f2520600227
:10544c00f0ff00102400bf8f4082858f0400a5243c
:10545c00b9e7400f252040024c82828f2b100202ac
:10546c00e7ff40544c8290afe6ff00102400bf8f42
:10547c00ffff22264082838f2b885100ecff2016e1
:10548c00040062ac4082858f0400a524b9e7400f6c
:10549c00252040024c82828fdaff00102400bf8f3f
:020000040000fa
:020000041d02db
:1054ac005500801025100000e0ffbd271c00bfaf89
:1054bc001800b1af1400b0af258080002c00828c96
:1054cc004082838f2c00638c2b18430045006010a6
:1054dc00000000001800838c070060048018020094
:1054ec004082838f2c00648c0500032423186400f5
:1054fc00180003ae80180200211862008018030007
:10550c0000a0023c4c284224211043001400038ebe
:10551c002f0062140400112658f3400f252020029e
:10552c0008004014000000006482838f2c00048e5d
:10553c0001000224041082002710020024104300f2
:10554c00648282af4082828f2c00438c2c0003ae8d
:10555c006482848f01000224041062002510440030
:10556c00648282af00a0043c4c2884248010030089
:10557c002110430080100200211082000400428c94
:10558c00080002ae0800438c0c0003ae040071aca2
:10559c00080051ac2c00058e801005002118450028
:1055ac008018030021188300140003ae0000628ce5
:1055bc0001004224000062ac010002241c00bf8fd9
:1055cc001800b18f1400b08f0800e0032000bd2735
:1055dc004082828f2c00428c2c0002aef7ff001010
:1055ec00010002244082838f4800828c2c00638c43
:1055fc00f2ff00102b1043000800e0030000000035
:020000040000fa
:020000041d02db
:10560c00550080100100022490ffbd276c00bfaf35
:10561c006800b3af6400b2af6000b1af5c00b0af74
:10562c00258080002588a0002590c0003700062426
:10563c0025280000d4fb400f2000a42708001326c7
:10564c001c00b2af1800b1af370002241400a2af97
:10565c001000b3af01000724370006242000a52753
:10566c00d86a400f25200002251840003100601434
:10567c00010002242000a327251060025000a82757
:10568c000000678c0400668c0800658c0c00648c30
:10569c00030047a8000047b8070046a8040046b816
:1056ac000b0045a8080045b80f0044a80c0044b8ee
:1056bc0010006324f2ff6814100042240000648c74
:1056cc00030044a8000044b804006490040044a003
:1056dc0005006490050044a006006390060043a0fa
:1056ec002000a2275700a3272520400001004224b8
:1056fc00000080a0fcff4314253800001c00a0af64
:10570c001800a0af370002241400a2af1000b3aff2
:10571c00370006243f000526d86a400f25200002da
:10572c000b00401401000324000003ae040000ae83
:10573c00800000a26c00bf8f6800b38f6400b28f32
:10574c006000b18f5c00b08f0800e0037000bd27d3
:10575c00f8ff0010010002240800e0030000000024
:020000040000fa
:020000041d02db
:10576c00feff0924405005004058070025586401ed
:10577c002558660125504b0104004015000000001f
:10578c00000002244700001000000000404005000b
:10579c00020080100000000001000825e0ff013c21
:1057ac00010021342b0801014100201000000000f1
:1057bc00404007000200c010000000000100082556
:1057cc00e0ff013c010021342b08010138002010be
:1057dc00000000001b00a104000000000400e00415
:1057ec0000000000ffff02242e000010000000004b
:1057fc002b508600232086002b58aa002328aa00b1
:10580c002b50a70025504b012328a7000400401162
:10581c000000000001000224220000100000000023
:10582c002550a4000400401100000000ffff0224da
:10583c001c000010000000000000022419000010e1
:10584c00000000000400e10400000000010002243c
:10585c0014000010000000002b508600232086004e
:10586c002b58aa002328aa002b50a70025504b0127
:10587c002328a7000400401100000000ffff0224b1
:10588c0008000010000000002550a4000400401186
:10589c0000000000010002240200001000000000c3
:1058ac00000002240800e0030000000000000000db
:1058bc0025100900fbff0010000000000000000094
:020000040000fa
:020000041d02db
:1058cc00feff09244050050040580700255864018c
:1058dc002558660125504b010400401500000000be
:1058ec0000000224470000100000000040400500aa
:1058fc00020080100000000001000825e0ff013cc0
:10590c00010021342b08010141002010000000008f
:10591c00404007000200c0100000000001000825f4
:10592c00e0ff013c010021342b080101380020105c
:10593c00000000001b00a104000000000400e004b3
:10594c0000000000ffff02242e00001000000000e9
:10595c002b508600232086002b58aa002328aa004f
:10596c002b50a70025504b012328a7000400401101
:10597c0000000000010002242200001000000000c2
:10598c002550a4000400401100000000ffff022479
:10599c001c00001000000000000002241900001080
:1059ac00000000000400e1040000000001000224db
:1059bc0014000010000000002b50860023208600ed
:1059cc002b58aa002328aa002b50a70025504b01c6
:1059dc002328a7000400401100000000ffff022450
:1059ec0008000010000000002550a4000400401125
:1059fc000000000001000224020000100000000062
:105a0c00000002240800e003000000000000000079
:105a1c0001000234fbff0010000000000000000039
:020000040000fa
:020000041d02db
:105a2c000600a050e000828c0b00a0a80800a0b8d3
:105a3c000c00a0a00d00a0a0e000828c0000438c04
:105a4c0019006010010002240400628cc001427c29
:105a5c0015004014020002240400628c410043042f
:105a6c000000638c0400628cc002427c3d004054f8
:105a7c000000638c0200e0100c0062240000e2ac19
:105a8c002510a000252060002548000025400000be
:105a9c0000a00b3c00800a3c0500401400000000f4
:105aac001300c014000000000800e0030000000018
:105abc000400878c8002e77c2800e0100800878cab
:105acc002538ea000b0047a8080047b80400878c6b
:105adc00003cec7c0c004ca00016e77c0d0047a0b1
:105aec0003004788000047982510e0000100292595
:105afc000400878cc001e77cfdffe014000000006f
:105b0c00010008250400878c8007e77ce2ffe05049
:105b1c000000848c0100c0540000c8ac050040108b
:105b2c00000000000b0040a8080040b80c0040a08a
:105b3c000d0040a0dcffa01025100000daff281596
:105b4c00fcff02240400628c01000424c45a827cf1
:105b5c00040062ac0800e00325100000d9ff00101f
:105b6c002538eb00b8ff6014010002240800e003a4
:0c5b7c00000000000800e0030000000032
:020000040000fa
:020000041d02db
:105b8800d0ffbd272c00bfaf2800b2af2400b1afb3
:105b98002000b0af17008014ffff102400a0023cc3
:105ba800582942901300401000a0023c7c294290e2
:105bb8001000401400a0023c582942241c00438cc9
:105bc8001400638c2528000009f86000060044943e
:105bd80025884000ffff02240d0022162703062413
:105be800029d053c3429a524a6f3400f252000007a
:105bf80025802002251000022c00bf8f2800b28fbc
:105c08002400b18f2000b08f0800e0033000bd27ca
:105c1800c404023c00b442341000a2af00a0103cff
:105c28007c29102600a0123c582952261400428ec6
:105c38000800428c25280002029d043c09f8400017
:105c4800c82984241400a2af1800a0af1c00428efb
:105c58001800428c1000a52709f8400025202002d2
:105c68000c00410400a0023c7429428c1c00428ca8
:105c780009f840002520200238030624029d053c2f
:105c88003429a524a6f3400f25200000d9ff0010d1
:105c9800ffff102400a0033c582963241c00628cd9
:105ca800300062ac340071ac380060ac01000224f2
:105cb800240062a02c0063ac0c00628c280062ac4b
:105cc8003c0060a4540060a03e0060a4400060a4b2
:0c5cd80002000224c7ff0010260062a496
:020000040000fa
:020000041d02db
:105ce400e0ffbd271c00bfaf1800b2af1400b1af76
:105cf4001000b0af0800918c00a0023c5829422447
:105d04000200221225808000258800001c000296d3
:105d1400020003242c0043100300432c43006010b2
:105d2400ffff05240f0040140080063425280000de
:105d340011e3400f25200002040040100300022458
:105d44001a0002a6010002241c0002a61c00bf8f38
:105d54001800b28f1400b18f1000b08f0800e00358
:105d64002000bd2725280000dfe2400f2520000287
:105d7400f7ff40101c00bf8f42f0400f00000000ee
:105d8400259040002000228e25f2400f0000518c07
:105d940002882272e70331266210023cd34d42246a
:105da4001900220210880000828911002110320299
:105db4002c0002ae030002241a0002a602000224f0
:105dc400e2ff00101c0002a604f1400f252000028f
:105dd400dfff40101c00bf8f340002861000410416
:105de4000400022442f0400f000000002c00038e47
:105df4002b10430005004010030002241a0002a6e1
:105e040001000224d1ff00101c0002a6ffff05249c
:105e140069ec400f25200002cdff00101c00bf8f4d
:105e24001a0002a6c9ff00101c0000a669ec400f6e
:0c5e340025200002c6ff00101c00bf8fdc
:020000040000fa
:020000041d02db
:105e400000000000000000000001ff000000000052
:105e500054435049505f495056365f4e65696768f4
:105e6000626f724164647265737341646400000020
:105e700054435049505f495056365f4e6577526fd4
:105e800075746572456e7472790000000000000040
:105e9000000000000000000000000001803200004f
:105ea00000000000000000000000000000000000f2
:105eb0000028010000000000000000000000ffffbb
:105ec0000000000060230400200200000000000029
:105ed0000000000000000000101e02002001000071
:105ee0000000000000000000000000002005050088
:105ef000fc000000000000000000000000000000a6
:105f000007030d000000000000000000000000007a
:105f10000000000060010300fec00000000000005f
:105f200000000000000000000a010b003ffe00001e
:105f300000000000000000000000000010010c0044
:105f40000000000000000000000000000000000051
:105f5000ff0000003333000000010000ff020000da
:105f60000000000000000001ff000000ff02000030
:105f7000000000000000000000000002ff0200001e
:105f80000000000000000000000000010000000010
:105f90000000000000000000000000005f445256b6
:105fa0005f4d49494d5f4765744f7044637074009d
:105fb0005f4452565f4d49494d5f4f70526573754e
:105fc0006c7400005f4452565f4d49494d5f526505
:105fd000706f72744f7000004d49494d5f50726f81
:105fe000636573735f526561640000004d49494dfc
:105ff0005f50726f636573735f57726974650000f9
:106000004d49494d5f50726f636573735f536361b0
:106010006e0000004d49494d5f50726f63657373a8
:106020005f52656164457874000000004d49494d38
:106030005f50726f636573735f57726974654578fb
:10604000740000005f4452565f4d49494d5f5072e5
:106050006f636573734f70004452565f4d49494ded
:106060005f5461736b7300005f4452565f4d494942
:106070004d5f52656c656173654f70446370740069
:106080005f4452565f4d49494d5f4f704c69737480
:1060900052656d6f7665000038b3029d5002049d15
:1060a000cc85039d48dc039d1c91019d40e5029d2c
:1060b0008c73039d3cd0039dfce7039d186c039dee
:1060c0004ca0039de4e1039d14e2039d44e2039d83
:1060d0004086029dc03c039da4e2039d74e2039da3
:1060e000fc09039d541a039d7c27039da088029df3
:0460f000aca6029dbb
:020000040000fa
:020000041d02db
:1060f4005300801025100000c8ffbd273400bfaf37
:106104003000beaf2c00b7af2800b6af2400b5af47
:106114002000b4af1c00b3af1800b2af1400b1af8d
:106124001000b0af259080003900a0102580a00099
:106134002900c62c3600c01425888000100096243f
:106144000e0095240100132425a0200208fe400f10
:10615400000024922014027c300003241200431017
:1061640001001726000002a20ffe400f0000249237
:106174002014027c2580e00201001726000002a200
:1061840025f0600208fe400f010084922014027c76
:106194002580e0020100142610000010000002a275
:1061a40019000010010090260ffe400f00002492f9
:1061b4002014027c30000324f0ff4314010017264e
:1061c40025f0600208fe400f010084922014027c36
:1061d40030000324efff431425a0000221f05e02e7
:1061e4000ffe400f0000c493edffb112000082a225
:1061f400020090263a000224010082a20200312605
:10620400d1ff361602007326000000a2010002240a
:106214003400bf8f3000be8f2c00b78f2800b68f9c
:106224002400b58f2000b48f1c00b38f1800b28fe8
:106234001400b18f1000b08f0800e0033800bd27b0
:086244000800e0030000000067
:020000040000fa
:020000041d02db
:10624c00d8ffbd272400bfaf2000b3af1c00b2aff6
:10625c001800b1af1400b0af2200801025800000f0
:10626c00258880002590a0004000828c4040033c93
:10627c00241043001b004014010010241900a0102e
:10628c002580000000a0023c80234224100044ac76
:10629c0078008394140043ac03000324180043ac2f
:1062ac0001000624252880005467400f2520400259
:1062bc001400401425804000ba00410f000000007b
:1062cc000900401025100002b800410f000000002a
:1062dc0078002696009d053c5404a524d8c8400f90
:1062ec0025204000251000022400bf8f2000b38f12
:1062fc001c00b28f1800b18f1400b08f0800e0039f
:10630c002800bd2751d8400f2000448e259840000e
:10631c00251840004408037c010002240e00621082
:10632c0000a0033cba00410f25800000eeff405056
:10633c0025100002b800410f00000000253060025b
:10634c00009d053c9403a524d8c8400f252040008f
:10635c00e5ff001025100002802364241c0093ac80
:10636c0025380000253000009353400f25284002ab
:10637c00dcff4014258040000300072404000624a1
:10638c002528200200a0043c38bc400f8023842424
:08639c00d5ff001025100002de
:020000040000fa
:020000041d02db
:1063a400c0ffbd273c00bfaf3800b5af3400b4af69
:1063b4003000b3af2c00b2af2800b1af2400b0afaf
:1063c400bc81829722004010258880001000948ca4
:1063d4002100410f1000a42700a0043cd7f5400f72
:1063e400c82b842400a0133cc82b732600a0123ca5
:1063f400bc2b5226c9f5400f252060021d00401415
:106404002580400000a0043c1000a28fc82b82ac61
:10641400c82b84241400a28f040082ac1800a28f1d
:10642400e5f5400f080082ac1800238e0200022418
:1064340007006214bc818297ffff4224ffff4230b1
:1064440003004014bc8182a7ced7400f0000000097
:106454003c00bf8f3800b58f3400b48f3000b38f49
:106464002c00b28f2800b18f2400b08f0800e00305
:106474004000bd27040002920100032416004314c7
:10648400020003240800158e01f6400f0500049253
:106494000400805204000292130082162528000290
:1064a40004000292ffff4224ff0042300200422c0b
:1064b4000400401003000624fbff0524dbe1400f29
:1064c4002520a00225280002b5f8400f252040020f
:1064d400c8ff001000000000d4ff43541800238eae
:1064e400e9ff00100800158eb5f8400f1000a4272e
:0864f400c0ff001000000000d1
:020000040000fa
:020000041d02db
:1064fc00ffff8324ffff63300a00642c50008010e0
:10650c0025100000201e037cc01003002110430046
:10651c008010020000a0043ca01c84242110440024
:10652c00000044904600801025100000e8ffbd27b5
:10653c001400bfaf00a0023cc02003002120830048
:10654c0080200400a01c422421104400040042942a
:10655c00200042301f004010c020030000a0023c6d
:10656c002120830080200400a01c42242110440020
:10657c000c00428c1400478c0d00e014c01003007a
:10658c0000a0023cc02003002118830080180300e7
:10659c00a01c422421104300ffff0324030043a04e
:1065ac00251000001400bf8f0800e0031800bd2761
:1065bc0021104300801002001c00422400a0043c67
:1065cc00a01c842409f8e00021208200f5ff0010b3
:1065dc00ffff4230212083008020040000a0073cf4
:1065ec00a01ce724212087000800848c4800878c9d
:1065fc000a00e05400a0023c00a0043cc0280300a8
:10660c002128a30080280500a01c832421186500e4
:10661c00ffff0424e3ff0010030064a0c02003006c
:10662c002118830080180300a01c42242110430071
:10663c0009f8e00006004484dbff00101400bf8f53
:08664c000800e003000000005b
:020000040000fa
:020000041d02db
:106654000c00828c0c00428c2800438c1c00458c5e
:106664002000448c0800a4ac1c00458c040085acbc
:10667400180045240400648c04008554280040acb0
:106684002000448c040064ac280040ac0000648cfe
:10669400ffff8424000064ac4482838f36006014be
:1066a40000a0033c1400438c0800458c0c00448c6f
:1066b4000800a4ac0800458c040085ac0400442404
:1066c4000400658c0400a454140040ac0c00458cf8
:1066d400040065ac140040ac0000658cffffa524e9
:1066e400000065ac2c00468c6482858f0100032475
:1066f4000418c30025186500648283af00a0053c1c
:106704004c28a52480180600211866008018030070
:106714002118a3000400638c080043ac0800668cb5
:106724000c0046ac0400c4ac080064ac2c00468cdd
:106734008018060021206600802004002120a40087
:10674400140044ac0000838c01006324000083ac7b
:106754004082848f2c00438c2c00828c2b184300a5
:10676400030060102510000001000224588282af4b
:106774000800e00300000000102866240400c48c14
:106784001c0044ac0800878c200047ac0400e5ac36
:10679400080085ac280046ac1028648c01008424d1
:0867a400ebff0010102864acab
:020000040000fa
:020000041d02db
:1067ac002518c0000400678cc0ffbd270000a28c18
:1067bc003800b4afc2a707003400b3af3000b2af9b
:1067cc002c00b1af2800b0af258880000800b28c37
:1067dc000400a48c0c00b38c0000c68c3c00bfaf32
:1067ec002580a000400080122000a2af2b180600cc
:1067fc00233807002338e300080080042330060008
:10680c004408027c050080162000a2af2000a28f55
:10681c000400433025006010c000427cffff42267c
:10682c002000a3271800a3af0a0003241400a3af71
:10683c001000a2aff5a0400f252000021d00801211
:10684c002d000324ffff422421206202000083a0bc
:10685c001000068e2000a38fffffc6241000a3afec
:10686c00253840022330c20021286202d4b0400fe8
:10687c00252020020400238e0001633004006010e8
:10688c003c00bf8f0400038e2a2043000b106400d1
:10689c003800b48f3400b38f3000b28f2c00b18f1e
:1068ac002800b08f0800e0034000bd27dcff00107b
:1068bc00231042022000a38f040064300400805097
:1068cc0008006330ffff4224dfff00102b0003247d
:1068dc00dfff601020000424ffff42242118620215
:1068ec00dbff0010000064a0c6ff83044408027c98
:0868fc00c7ff00102000a28f6d
:020000040000fa
:020000041d02db
:10690400e8ffbd271400bfaf1000b0af04f1400f83
:1069140025808000300040101400bf8f0800058ed1
:106924001000a38c06006230010040500400633460
:1069340038006230090040142000623401006330e2
:106944002800601425184000020064300008022466
:1069540000100624150000100b10c4000100623062
:106964002200401010006430080080100800022447
:106974000200643008400224080006240a10c400ff
:10698400040064300100805400204234200064304c
:10699400060080100200643001008054001042346c
:1069a400040064300100805400084234340004962a
:1069b4003a00069625208600010142342410820004
:1069c400110040541000a3acfdff052469ec400ff6
:1069d400252000021400bf8f1000b08f0800e003d0
:1069e4001800bd27e9ff00100800022410006230df
:1069f400d5ff401002006430002002240040062429
:106a0400eaff00100b10c400200002a6010184302c
:106a1400010102240a0082143c0000ae0f00052488
:106a2400dfe2400f25200002eaff401004000224a8
:106a34001a0002a602000224e6ff00101c0002a6af
:106a4400040002241a0002a603000224e1ff00103d
:046a54001c0002a67a
:020000040000fa
:020000041d02db
:106a5800c8ffbd273400bfaf3000b3af2c00b2afc2
:106a68002800b1af2400b0af258880002580a000a1
:106a78002590c0001400a0a71800a0af4800828c81
:106a88001000a52709f8400025200002190040043d
:106a98001000b3972800228e1800a627252800008a
:106aa80009f8400025200002020002243100621289
:106ab8000300632e0f006010f7ff02241400601615
:106ac8001800a68f5000228e1b00052409f84000ec
:106ad800252000020700400401000324050043109c
:106ae800010005244c00228e09f8400025200002f0
:106af800010002243400bf8f3000b38f2c00b28f06
:106b08002800b18f2400b08f0800e0033800bd27ab
:106b18005400228e1400a52709f840002520000201
:106b2800f4ff400401000324f2ff43100002433243
:106b38001400a29705006014100042300008523279
:106b48000200405600a04234008042341400a2a73c
:106b5800020003241000a3a71200a2a74c00228e53
:106b68001000a58f09f8400025200002e1ff001061
:106b7800010002241200a6971400a6a75800228e2e
:106b88001800a78f1b00052409f8400025200002e3
:106b9800d9ff40043400bf8f01004238d5ff0010f0
:046ba8000100422c7a
:020000040000fa
:020000041d02db
:106bac00ffff8324ffff63300a00642c4f0080102a
:106bbc0025100000201e037cc01003002110430090
:106bcc008010020000a0043ca01c8424211044006e
:106bdc00000044904500801025100000e8ffbd2700
:106bec001400bfaf00a0023cc02003002120830092
:106bfc0080200400a01c4224211044000400429474
:106c0c00200042301f004010c020030000a0023cb6
:106c1c002120830080200400a01c42242110440069
:106c2c000c00428c2400478c0d00e014c0100300b3
:106c3c0000a0023cc0200300211883008018030030
:106c4c00a01c422421104300ffff0324030043a097
:106c5c00251000001400bf8f0800e0031800bd27aa
:106c6c0021104300801002001c00422400a0043cb0
:106c7c00a01c842409f8e00021208200f5ff0010fc
:106c8c00ffff4230212083008020040000a0073c3d
:106c9c00a01ce724212087000800848c3400888cf9
:106cac000800005500a0023cc02803002128a300c6
:106cbc00802805002118e500ffff0424e5ff0010e3
:106ccc00030064a0c0200300211883008018030077
:106cdc00a01c4224211043002538000009f80001b3
:106cec0006004484dcff00101400bf8f0800e00392
:046cfc000000000094
:020000040000fa
:020000041d02db
:106d0000d8ffbd272400bfaf2000b3af1c00b2af37
:106d10001800b1af1400b0af2580800000a0123c75
:106d200000110400211044008010020021104400d2
:106d30008010020070025226219042024000538ec1
:106d40008600410f252060029400438e2488430072
:106d50002e00201200a0123c001110002110500043
:106d60008010020021105000801002007002522694
:106d7000219042029800428e25105100980042aea8
:106d800002111100000442309000448ec01911001d
:106d900000026330251862002518640040111100bc
:106da000000142302518620082111100810042303a
:106db00025186200c21011007000423025186200d0
:106dc00082101100080042302518620040101100a6
:106dd0000600423025186200900043ae25282002ac
:106de0004800410f25206002252820024200410f63
:106df000252060029c00468e0500c01000a0033cc8
:106e00009000448e09f8c000a000458e00a0033c0d
:106e100000111000211050008010020021105000bd
:106e2000801002007002632421106200acfb400f4e
:106e30008800448c2400bf8f2000b38f1c00b28fc9
:106e40001800b18f1400b08f0800e0032800bd27a0
:020000040000fa
:020000041d02db
:106e5000d8ffbd272400bfaf2000b2af1c00b1afe8
:106e60001800b0af258080002590a00060e6400f9c
:106e7000d48084870a0040100a001124252840028b
:106e8000e864400f25200002258840000500022408
:106e90000a002212060002243c00221225300000c3
:106ea000251020022400bf8f2000b28f1c00b18f5c
:106eb0001800b08f0800e0032800bd275e0002968e
:106ec0000500032418004314000503246000028e0b
:106ed000000542302d004314253000002800028eaa
:106ee0002c0002ae5a0003960d0060100800022428
:106ef0001000a0af3400028e1400a2af01300724ae
:106f00001000a6271400a5274ed1400f25204002cf
:106f10009c00410f00000000040002ae06000224a5
:106f2000dfff00105e0002a60b00032403004310e5
:106f30000d000324dbff4354251020020c00028eb9
:106f4000080002ae2c00028e300002ae09000224be
:106f50005e0002a660000392010002244408437c04
:106f60000421437c4429437cc439037c600003a290
:106f70002538000025300000080005245472400f19
:106f800025204002c7ff0010251020020200052422
:106f900074d1400f25200002c2ff001025102002ee
:020000040000fa
:020000041d02db
:106fa000c8ffbd273400bfaf3000beaf2c00b7af65
:106fb0002800b6af2400b5af2000b4af1c00b3afbb
:106fc0001800b2af1400b1af1000b0af25f08000d0
:106fd00025a8a00025a0c0002598e000029d123c35
:106fe0008c5e5226ff00102425b800002588000082
:106ff00010005692ff0002240400c212252840020d
:107000003300c0162b10f6020a8037020100312629
:10701000ff0031320a000224f5ff22161400522626
:10702000ff0003241e000312251000000800a01218
:10703000029d023c80181000211870008018030087
:107040008c5e422421104300120042900000a2a254
:107050000800801280181000029d023c2118700068
:10706000801803008c5e42242110430011004290de
:10707000000082a20a0060120100022480101000a9
:107080002110500080100200029d033c8c5e63249e
:107090002110430010004290000062a2010002246f
:1070a0003400bf8f3000be8f2c00b78f2800b68f02
:1070b0002400b58f2000b48f1c00b38f1800b28f4e
:1070c0001400b18f1000b08f0800e0033800bd2716
:1070d000ceff40101000062492de400f2520c00392
:1070e0002b1056000a802202c8ff00100ab8c20204
:020000040000fa
:020000041d02db
:1070f000c0ffbd273c00bfaf3800b4af3400b3af12
:107100003000b2af2c00b1af2800b0af25808000b6
:10711000030002241500a2100400928c0000828c4f
:107120000000428c009d053c9c12a52409f84000fb
:10713000252040020000028e0000428c009d053c8c
:10714000d812a52409f84000252040023c00bf8f3a
:107150003800b48f3400b38f3000b28f2c00b18f61
:107160002800b08f0800e0034000bd272598c0002c
:1071700008d7400f0400c48c090040142588400043
:107180000000028e0000428c009d053c7010a5247a
:1071900009f8400025204002edff00103c00bf8fa1
:1071a0001000a527d075400f0800648e25a0400070
:1071b0001400a527ee36400f0800648e1900401415
:1071c000253800000a008016009d053c0000028e54
:1071d0000000428cfc12a52409f840002520400242
:1071e000dbff00103c00bf8f080000107c12a524bc
:1071f0001000a52715fa400f25202002faff4010a5
:10720000009d053c009d053c6012a5240000028ef7
:107210000000428c09f8400025204002ccff0010fd
:107220003c00bf8f253000001400a527d8db400f9d
:0c72300025202002f1ff001000000000eb
:020000040000fa
:020000041d02db
:10723c00d0ffbd272c00bfaf2800b5af2400b4afe2
:10724c002000b3af1c00b2af1800b1af1400b0af48
:10725c004600a01025a080002590a000faef400f5a
:10726c0025200000252840005c81908f2900001209
:10727c003c0055862b00a0064c81828f2b10a2025d
:10728c002d00401080101500211002020000428ccd
:10729c002e005214030004241000828e100043941c
:1072ac0008006330010002240b1083007a00519611
:1072bc00248822022a002052259000007c00538e44
:1072cc008000528e2800908e03f2400f2520000083
:1072dc0029d7400f25208002050060122538400276
:1072ec00253020022528000209f860022520a00282
:1072fc002c00bf8f2800b58f2400b48f2000b38fd3
:10730c001c00b28f1800b18f1400b08f0800e0037e
:10731c003000bd272590000225980000eaff0010e0
:10732c002588000025900000259800002588000085
:10733c00e5ff001025800000259000002598000036
:10734c0025880000e0ff001025800000259000003b
:10735c002598000025880000dbff00102580000028
:10736c0025980000d8ff00102580000029d7400f79
:0c737c0000000000dfff00102c00bf8f9d
:020000040000fa
:020000041d02db
:10738800d8ffbd272400bfaf2000b3af1c00b2afa9
:107398001800b1af1400b0af00a0113cbc1c3126de
:1073a80000a0133c241e732600a0123c0c1e52267b
:1073b800e4ff22922c00401025802002e8ff22964c
:1073c800200042302800401001000324e6ff2292ea
:1073d8000b004310feff4224ff0042300200422c03
:1073e8002200405024003126f0ff028e0c00428c0f
:1073f80009f84000252000021b000010e6ff02a249
:10740800ecff228e1400428c09f84000eaff248623
:1074180015004010ffff05348df9400f252040026c
:10742800010003241100435424003126f0ff228e6a
:107438002800428c09f840000000000013004014a6
:1074480000000000f0ff228e0000428c09f8400086
:10745800ecff248e0d00401405000224e6ff22a252
:1074680099f9400f2520400224003126d0ff331619
:107478002400bf8f2000b38f1c00b28f1800b18f7b
:107488001400b08f0800e0032800bd2799f9400fc9
:107498002520400201000324f3ff4314252800029d
:1074a800f0ff028e0800428c09f84000eaff0486cb
:1074b8000300401405000224ebff0010e6ff02a2bf
:0c74c80001000224c8ff0010e5ff02a232
:020000040000fa
:020000041d02db
:1074d40088ffbd277400bfaf7000b6af6c00b5afb6
:1074e4006800b4af6400b3af6000b2af5c00b1af8a
:1074f4005800b0af3400a0af3800a0af7881828fbd
:107504003900401825a000002598000001f6400f1e
:10751400252060022f004010259040004200429434
:10752400400042302b0040106481838f2118740086
:107534006c00708c28000052010073266c007124ca
:1075440012000392ffff6324ff00633030006014d5
:10755400120003a210000296150040103800b68fe6
:107564000400028e3800a2af3400b58ff2ff42242b
:107574003400a2af0400068e100002961c00a2afd5
:107584001800a0af030002241400a2af01000224db
:107594001000a2af0800c7241800c6242000a527a5
:1075a40059a0400f252040023800b6af3400b5afd3
:1075b40025280002aede400f252020020000158e93
:1075c400efe8400f252000022580a002ddff0056d1
:1075d40012000392010073267881828f2a106202be
:1075e400caff4014880094267400bf8f7000b68fc1
:1075f4006c00b58f6800b48f6400b38f6000b28fe5
:107604005c00b18f5800b08f0800e0037800bd27fc
:08761400eeff00100000108ed3
:020000040000fa
:020000041d02db
:10761c00e0ffbd271c00bfaf1800b1af1400b0af26
:10762c004700a010ffff1024450080142588a000ff
:10763c0000a0043c14f2400fe02784240100032432
:10764c0040004314251000020000228e00a0103cc4
:10765c00a8271026040002ae0c00428c09f840004a
:10766c00000000000c0002aec404063c00b4c6349a
:10767c0025380000cc01032419004300122000001f
:10768c00314f400f1028000002004224200002aeaf
:10769c000400228e080002ae100000aeffff022490
:1076ac00180002aeff7f023cffff42341c0002ae0a
:1076bc002510000025180000280002ae2c0003ae97
:1076cc00340000ae300000a20400028e0000428c98
:1076dc0025280000029d043c09f84000dcf28424bb
:1076ec000400028e1000428c0300401000a0033cea
:1076fc0009f84000c027648c00a0113ca827302654
:10770c001c00048e0400028e1400428c09f8400008
:10771c00000000000400028e0400428c09f84000b6
:10772c0000000000b40006242528000000a0043c42
:10773c00d4fb400ff026842402000224a82722ae9a
:10774c00251000021c00bf8f1800b18f1400b08fe1
:08775c000800e0032000bd2736
:020000040000fa
:020000041d02db
:10776400c8ffbd273400bfaf3000b3af2c00b2afa9
:107774002800b1af2400b0af259080002588a00078
:107784002580c0001400a0a71800a0af4800828c78
:107794001000a52709f84000252020021900400404
:1077a4001000b3972800428e1800a6272528000051
:1077b40009f8400025202002020002242d00621254
:1077c4000300632e0f006010f7ff022414006016fc
:1077d4001800a68f5000428e1200052409f84000bc
:1077e4002520200207004004010003240500431063
:1077f400010005244c00428e09f840002520200297
:10780400010002243400bf8f3000b38f2c00b28fec
:107814002800b18f2400b08f0800e0033800bd2792
:107824005400428e1400a52709f8400025202002a8
:10783400f4ff400401000324f2ff43100100063268
:10784400803306001400a2932530c2001400a6a7ba
:10785400020002241000a2a71200a6a74c00428e28
:107864001000a58f09f8400025202002e5ff001034
:10787400010002241200a6971400a6a75800428e05
:107884001800a78f1200052409f8400025202002c3
:10789400ddff40043400bf8f01004238d9ff0010df
:0478a4000100422c71
:020000040000fa
:020000041d02db
:1078a800d8ffbd272400bfaf2000b4af1c00b3af82
:1078b8001800b2af1400b1af1000b0af25a0a000ff
:1078c8002588c00083fa400f2598e00025804000f5
:1078d800340000122510000076000492fdff832476
:1078e800ff0063300300632c2e006014080003249b
:1078f8002d0083102400bf8f7700039203006010cf
:1079080000000000290074542000b48f1d0060128c
:1079180001000324230083162510000025280000f9
:1079280099ed400f25206002259040001d0040126f
:1079380025100000150020566200029671d9400fec
:1079480000000000258840001600201225100000c5
:10795800770014a22530600225284002b4f4400fb5
:1079680025200002620011a63e0002960100423066
:107978001400405042000296720011a6090000103f
:1079880001000224ebff00104800128ef1ff515055
:10799800770014a28eef400f25202002edff4054ff
:1079a800770014a22400bf8f2000b48f1c00b38f6f
:1079b8001800b28f1400b18f1000b08f0800e003d8
:1079c8002800bd274000039621104300600003965d
:1079d8002110430026882202720011a6f1ff001030
:0479e8000100022474
:020000040000fa
:020000041d02db
:1079ec00d8ffbd272400bfaf2000b4af1c00b3af3d
:1079fc001800b2af1400b1af1000b0af25988000e2
:107a0c002588a0002590c00025a0e0009481848fdb
:107a1c000400828c09f84000380005243100401025
:107a2c00258040000300258a0000259a0700248a3f
:107a3c000400249a0b00238a0800239a0f00228a40
:107a4c000c00229a070005aa040005ba0b0004aa30
:107a5c00080004ba0f0003aa0c0003ba130002aa10
:107a6c0029004012100002ba0300428a0000429a18
:107a7c00170002aa140002ba04004292180002a2d3
:107a8c0005004292190002a225308002252800022e
:107a9c0091b5400f252060021b0000a21c0000ae17
:107aac00300000a22100410f200004263800a293d0
:107abc002b100200300003920400437c300003a220
:107acc003c00a28f340002ae0100062425280002df
:107adc0014a8400f25206002300002924408027c5a
:107aec00300002a2251000022400bf8f2000b48faa
:107afc001c00b38f1800b28f1400b18f1000b08f20
:107b0c000800e0032800bd27140000a2150000a205
:107b1c00160000a2170000a2180000a2daff001045
:047b2c00190000a29a
:020000040000fa
:020000041d02db
:107b3000e0ffbd271c00bfaf1800b1af1400b0af0d
:107b400000606241c00000008dfe400f0000000098
:107b5000008002400300423400808240c0000000e8
:107b600088bf023c0040438c020004240410837c44
:107b7000004043ac0040438c030004240429837c70
:107b8000004043ac88bf023c0020438c0100042429
:107b90008431837c002043ac81bf023c00f24390df
:107ba000c418037c00f243a039f6400f00a0113c3a
:107bb00006fc400f502c3026a4fa400f00000000b5
:107bc00005b8400f00000000029d023c9860428c06
:107bd000019d053cf838a52409f840002520000047
:107be0000c0002ae019d053cb035a524879d400fd9
:107bf00025200000502c22ae019d053c8835a5248f
:107c000026cd400f25200000040002ae019d043c5b
:107c1000f0f4400f84358424019d053c7835a5247b
:107c200060fc400f25200000100002ae019d053cc5
:107c3000d435a5246b42400f252000007dee400f77
:107c4000140002aecafb400f080002ae80fd400fd8
:107c500000000000d5f7400f0000000020606241e6
:107c60001c00bf8f1800b18f1400b08f0800e00314
:047c70002000bd270c
:020000040000fa
:020000041d02db
:107c74001400838c4c00601403000224d8ffbd2739
:107c84002400bfaf2000b0af310082900300032472
:107c940011004314258080000c00828c1800a32757
:107ca4001000a3af2c00428c2538000036008694c7
:107cb4003200859409f840001000848c180040506c
:107cc4001800a48f140002ae020003240100022451
:107cd40023000010300003a2ffff43240200632ca2
:107ce4001900601001000324210043101800a32789
:107cf4000c00828c1400a3af1000a0af3000428ca3
:107d040034008794360086943200859409f8400044
:107d14001000848cecff4054140002ae1800a48fb1
:107d2400020003240e0083100300022447010624ea
:107d3400029d053c6829a524a6f3400f25200000d8
:107d440007000010feff02243b010624029d053caf
:107d54006829a524b5f3400f25200000ffff022465
:107d64002400bf8f2000b08f0800e0032800bd2747
:107d74000c00828c1400a3af010003241000a3aff5
:107d84003000428c34008794360086943200859407
:107d940009f840001000848ce0ff40102518000012
:107da400cbff0010251000000800e00300000000d5
:020000040000fa
:020000041d02db
:107db400d8ffbd272400bfaf2000b4af1c00b3af71
:107dc4001800b2af1400b1af1000b0af2588800026
:107dd4002598a0002590c0002800948c1800908c51
:107de4000c00028e100002ae0400828e0c0002ae63
:107df400ee67400f02000496020002a6ee67400ff1
:107e040006000496060002a608000292020040142e
:107e140064000224080002a21000238e0000028ed7
:107e2400801002003c0045300c0062942110a20036
:107e3400090060120c0062a40a0000a6800082926d
:107e4400040042300400401425300000f667400f5f
:107e5400252000020a0002a61b0040522000228ea8
:107e64001400228e06004424090043880600439827
:107e7400030043a8000043b804008390040043a017
:107e840005008390050043a02800238e0100605460
:107e94003c0063240300658800006598030085a8fe
:107ea400060045b804006290040082a005006290b8
:107eb400050082a01000238e0c0062940e00422460
:107ec4000c0062a42000228e02004234200022ae64
:107ed4002400bf8f2000b48f1c00b38f1800b28f12
:107ee4001400b18f1000b08f0800e0032800bd27f4
:020000040000fa
:020000041d02db
:107ef400c8ffbd273400bfaf3000b2af2c00b1af14
:107f04002800b0af1800a0af1c00a0a700a0033c3d
:107f14007002632414006414faff02242588a0006c
:107f240000a0023cb002528c0700a010ffff1024f6
:107f3400060006241800a527a9f6400f25202002d4
:107f44000f0040540300228a00800534c9ff400f0b
:107f5400252040022530000025380000e1ff400fb5
:107f640025204002251000003400bf8f3000b28f5e
:107f74002c00b18f2800b08f0800e0033800bd2723
:107f84000000229a1000a2af040022921400a2a3bf
:107f9400050022921500a2a31000a2271600a6270e
:107fa400c104043cb71d84242538400000004390dc
:107fb40008000524c247100001006930020028119e
:107fc4004080100026800402ffffa524f9ffa014be
:107fd4004218030001004224f3ff46140000e3a00a
:107fe4002000b0af252000020007107e0c000052d4
:107ff40089bf023c89bf023c58904224c025847c3e
:108004000100032404188300000043ac00800534fd
:10801400cdff400f25204002d3ff001025100000a3
:08802400f6ff00104890422411
:020000040000fa
:020000041d02db
:10802c004b00c0102510e000d0ffbd272c00bfafc7
:10803c002800b5af2400b4af2000b3af1c00b2af22
:10804c001800b1af1400b0af2598a0002590c00067
:10805c002588e00040ce400f010006242c00401083
:10806c002580400025a000000e0002960800038e1b
:10807c0021186200231873000c00029606004010b1
:10808c00ffff6330252040002b106200010040549c
:10809c0025206000ffff833025a860002b184302c9
:1080ac000100605425a84002ffffb5321500a01254
:1080bc00253000002528a002f667400f252060021d
:1080cc00272002000100823204004010ffff8430a0
:1080dc00ee67400f00000000252040000000108ecd
:1080ec000b0000122188240223905502ffff52320c
:1080fc000700401221a8b402ffffb432daff0010cf
:10810c000800138e0000108ed7ff00560800138e47
:10811c00ffff2332028c110021887100007c227e2b
:10812c002188220227881100ffff22322c00bf8fea
:10813c002800b58f2400b48f2000b38f1c00b28fa1
:10814c001800b18f1400b08f0800e0033000bd2779
:08815c000800e0030000000030
:020000040000fa
:020000041d02db
:10816400c8ffbd273400bfaf3000b6af2c00b5af99
:108174002800b4af2400b3af2000b2af1c00b1afed
:108184001800b0af25a080002590a0002598c0005d
:108194002580e0004800b6935400b19730002226b1
:1081a4000105422cd00403240a8862000000c39015
:1081b400ff000224080062144c00b593020002245c
:1081c4000500a212040002242100a21602000224c7
:1081d4002000c2163400bf8f00000392ff00022467
:1081e4001b00621010000624029d053c8c5fa52430
:1081f400a9f6400f25200002150040105000a28f60
:108204001400a2af1000b5af2538c002253000021b
:108214002528600228d1400f252080020c00401040
:10822400258040001400428e0e004224180042ae05
:1082340025282002fea6400f252000022b10510005
:108244000d00401025382002e1f1400f25200002e6
:108254003400bf8f3000b68f2c00b58f2800b48f48
:108264002400b38f2000b28f1c00b18f1800b08f90
:108274000800e0033800bd27020006242528400238
:10828400ae91400f25200002b8fc400f25200002cb
:08829400f0ff00103400bf8f61
:020000040000fa
:020000041d02db
:10829c004b00801000000000e0ffbd271c00bfafaa
:1082ac001800b2af1400b1af1000b0af2510a00091
:1082bc004800858c2b18a2000b2843002c00928cb4
:1082cc0039004512258080004c00838c010002246b
:1082dc00360062541c00bf8f2c0085ac1800828cb9
:1082ec00030040040500022423104500180082ac52
:1082fc0080181200211872008018030000a0023ca4
:10830c004c284224211043001400038e26006214d2
:10831c000400112658f3400f252020020800405479
:10832c002c00038e6482838f01000224041042020d
:10833c002710020024104300648282af2c00038ead
:10834c006482848f01000224041062002510440012
:10835c00648282af00a0043c4c288424801003006b
:10836c002110430080100200211082000400428c76
:10837c00080002ae0800438c0c0003ae040071ac84
:10838c00080051ac2c00058e80100500211845000a
:10839c008018030021188300140003ae0000628cc7
:1083ac0001004224000062ac1c00bf8f1800b28f89
:1083bc001400b18f1000b08f0800e0032000bd271f
:0883cc000800e00300000000be
:020000040000fa
:020000041d02db
:1083d4000400828cc0ffbd273400b7af1c00b1afce
:1083e4001800b0af5800b78f3c00bfaf3800beaf25
:1083f4003000b6af2c00b5af2800b4af2400b3af43
:108404002000b2af2580c000020041042588e000ae
:10841400010002241000958c5000b68f0c00938c40
:108424000000fe8effffb526234056005400a28fa5
:1084340021187502000060a0010012240200de333e
:10844400c3a702001000a01e251011022b004052e9
:108454000000e38e3c00bf8f2510a0023800be8fc1
:108464003400b78f3000b68f2c00b58f2800b48f3e
:108474002400b38f2000b28f1c00b18f1800b08f7e
:108484000800e0034000bd27070040142110160136
:108494000600401c5400a68fecffc01a0000000028
:1084a400eaffc013000000005400a68f252000023c
:1084b40025282002253880021000a8af9a49400fd1
:1084c400ffffb52625904000211875023000422494
:1084d4005400a68f2520000225282002000062a057
:1084e400314f400f25388002ffffd6261000a88f99
:1084f40025886000d3ff0010258040000421037c00
:08850400d4ff00100000e3aefb
:020000040000fa
:020000041d02db
:10850c00d8ffbd272400bfaf2000b3af1c00b2af13
:10851c001800b1af1400b0af00a0023c242b508c5b
:10852c002300001200a0023c202b428c19004018a2
:10853c002c0010262588000000a0123c202b53266e
:10854c00d4ff048e0f0080500100312649e6400f05
:10855c000000000043e3400f2520000243e3400fde
:10856c00ecff042643e3400fd8ff04260800648e7a
:10857c000c00828c09f84000d4ff058ed4ff00aead
:10858c0001003126202b428e2a102202ecff4014cf
:10859c004800102600a0103c202b10260800048e4a
:1085ac000c00828c09f840000400058e040000ae1b
:1085bc0000a0103c202b10260800058e00a0043cc7
:1085cc004cfa400f402b8424080000ae1c00048e93
:1085dc000600801000a0023cfdf8400f00000000d7
:1085ec0000a0023c3c2b40ac00a0023c682b448c0d
:1085fc000a0080102400bf8f2000828c08004230bb
:10860c000400401400a0023c29d7400f00000000d9
:10861c0000a0023c682b40ac2400bf8f2000b38f1d
:10862c001c00b28f1800b18f1400b08f0800e0034b
:04863c002800bd272e
:020000040000fa
:020000041d02db
:10864000d8ffbd272400bfaf2000b4af1c00b3afdc
:108650001800b2af1400b1af1000b0af2580a00079
:1086600025a0c000c5d3400f010005242400401000
:10867000ffff1124259040000400538c25280002a0
:10868000e7d6400f2520400025804000180040100c
:10869000feff11240a0080520e0003920e00439048
:1086a000fcff6324ff0063300300632c0400605070
:1086b0000e0003920800428c000082ae0e0003926e
:1086c000ffff6224ff0042300400422c08004014e7
:1086d000010011240700622c120040100500022442
:1086e00021006214040002240e0002a2258800006a
:1086f000040060122510200281f9400f252060023d
:10870000251020022400bf8f2000b48f1c00b38fdf
:108710001800b28f1400b18f1000b08f0800e00372
:108720002800bd27f3040624029d053cb05fa52464
:1087300000f4400f25200000ecff11240e000292ef
:108740000600422ceaff4014030007240400468e72
:108750009c00c62425280002a5b4400f25206002f5
:10876000e3ff001000000000f4ff00102588000067
:020000040000fa
:020000041d02db
:10877000d0ffbd272c00bfaf2800b5af2400b4af99
:108780002000b3af1c00b2af1800b1af1400b0afff
:108790002590800025a0a0002588c0002598e00035
:1087a00000a0023cd8034224ffff152425800000ce
:1087b000080004240000438c3300605025a8000208
:1087c0003100721400a0033c401010002110500032
:1087d000c0100200d4036324211043000800458c1c
:1087e00007fb400f25202002251840001d006014c3
:1087f000251000004010100021105000c010020091
:1088000000a0033cd4036324211043001000468cd5
:108810001400458cffff02240600021600a0033c52
:10882000ffff03240f00a312251000002580a002e3
:1088300000a0033cd40363244020100021109000ca
:10884000c010020021106200040052ac000054acc1
:10885000080051ac0c0053ac100046ac140045ac01
:10886000010002242c00bf8f2800b58f2400b48f94
:108870002000b38f1c00b28f1800b18f1400b08f8e
:108880000800e0033000bd2701001026c9ff0416d0
:108890001800422425280000e1ff001025300000c8
:020000040000fa
:020000041d02db
:1088a000e0ffbd271c00bfaf1800b1af1400b0af90
:1088b000258880000e00a2900300032421004310ad
:1088c0002580a0000400432c050060100100032453
:1088d0000b004310020003242f004310000000008f
:1088e00066040624029d053c1460a52400f4400f94
:1088f00025200000070002240d0000100e0002a237
:10890000fafd400f1000848c0a0040141c00bf8f39
:10891000040006968019c57c4020c67c1000a53452
:10892000daee400f1000248e030002240e0002a293
:108930001c00bf8f1800b18f1400b08f0800e00337
:108940002000bd27fafd400f1000848cf9ff401471
:108950001c00bf8ff4f9400f1000248e080002aef7
:10896000040005964020a67c8019a57c0100c63431
:108970001000a534daee400f1000248e0d00039293
:108980000100633006000224020004240a10830060
:10899000e7ff00100e0002a2fafd400f1000848cc9
:1089a000e4ff40141c00bf8ff4f9400f1000248e28
:1089b000001c02000800028e25104300080002aed1
:0c89c00006000224daff00100e0002a2e4
:020000040000fa
:020000041d02db
:1089cc00d0ffbd272c00bfaf2800b3af2400b2af3f
:1089dc002000b1af1c00b0af0000a390ff00022438
:1089ec001d0062102580000025888000a1f7400f33
:1089fc002590a0002598400002000624252840025e
:108a0c005aae400f252020020400401025284002b9
:108a1c001c00508c110000162510000290ce400f47
:108a2c00252020021500401401000624acc8400f7c
:108a3c002520200210004010258040000400478ca7
:108a4c000d00e0102528400238006696cdb1400f8d
:108a5c00252020020400108e251000022c00bf8f50
:108a6c002800b38f2400b28f2000b18f1c00b08f70
:108a7c000800e0033000bd27010006242528400231
:108a8c005aae400f252020020800401025804000df
:108a9c00253840003800669625284002cdb1400f9d
:108aac0025202002edff0010251000021400a0afbd
:108abc001000a0af0100072425300000252840023b
:108acc007b9e400f25202002e3ff401025804000b4
:108adc00253840003800669625284002cdb1400f5d
:0c8aec0025202002ddff001025100002f4
:020000040000fa
:020000041d02db
:108af800c0ffbd273c00bfaf3800beaf3400b7afe2
:108b08003000b6af2c00b5af2800b4af2400b3af27
:108b18002000b2af1c00b1af1800b0af25888000ac
:108b280025a0a0000800be24fcfa400f2520c003a1
:108b38002e0040101000a2af259840000000368e8d
:108b4800200032261c00308e238012022a1050008a
:108b58000c0040100400358e009d173ca81ff72616
:108b68000000c28e2528e00209f840002520a00256
:108b7800ffff10261000a28ffaff50540000c28e8b
:108b88002580600209000012009d173cac1ff726e3
:108b98000000c28e2528e00209f840002520a00226
:108ba800ffff1026fbff00560000c28e2528c003d9
:108bb800defb400f252040020000c28e009d053cd0
:108bc8003c1ea52409f840002520a0020000c28e02
:108bd8002528400209f840002520a00221905302d0
:108be800180032ae1c0032aed40034ae3c00bf8f49
:108bf8003800be8f3400b78f3000b68f2c00b58f89
:108c08002800b48f2400b38f2000b28f1c00b18fce
:0c8c18001800b08f0800e0034000bd27ea
:020000040000fa
:020000041d02db
:108c2400c00002242700a210c100a3282300601062
:108c3400251000009100a3281d0060108000a328c7
:108c44001e00601480ffa5241100a22c3c004010db
:108c540080280500039d023c708c422421104500ad
:108c64000000428c0800400000000000c88c029df7
:108c7400c88c029d208d029d448d029de88c029d2e
:108c8400448d029d448d029d448d029d048d029d60
:108c9400448d029d448d029d448d029d448d029d10
:108ca400448d029d448d029d448d029d208d029d24
:108cb400a00003240400a3500000e28c0800e00399
:108cc400000000000000e28c040043240000e3ac38
:108cd4000000428c000082ac000046ac0800e003b7
:108ce400010002240000e28c040043240000e3acf1
:108cf4000000428c000082acf8ff0010000046a483
:108d04000000e28c040043240000e3ac0000428c29
:108d1400000082acf1ff0010000046a00000e28ccd
:108d2400040043240000e3ac0000428c000082ac49
:108d3400000046acc3370600e8ff0010040046ac50
:0c8d4400251000000800e0030000000003
:020000040000fa
:020000041d02db
:108d5000c0ffbd273c00bfaf3800b7af3400b6af8f
:108d60003000b5af2c00b4af2800b3af2400b2afd1
:108d70002000b1af1c00b0af259080000700a0100c
:108d80002580a0000000a0a00100a0a00200a0a0db
:108d90000300a0a00400a0a00500a0a0290040128c
:108da0000100022400004382260060102588000094
:108db0003a00172406001624000054928dfc400f40
:108dc000252080021f004010251000000100559250
:108dd0008dfc400f2520a002250040100438b37ef2
:108de000047a937ef0d9400fffff64322118b1035b
:108df000100062a002004282080040100000000043
:108e0000030057102d0003240e004314251000000a
:108e100001003126e8ff3616030052260700001233
:108e20001000a28f030002aa000002ba1400a2934d
:108e3000040002a21500a293050002a20500223a36
:108e40000100422c3c00bf8f3800b78f3400b68f32
:108e50003000b58f2c00b48f2800b38f2400b28f60
:108e60002000b18f1c00b08f0800e0034000bd2738
:088e7000f4ff001025100000c2
:020000040000fa
:020000041d02db
:108e7800d0ffbd272c00bfaf2800b3af2400b2af8e
:108e88002000b1af1c00b0af3e00a2903d00a390ff
:108e98002b10430015004010258000002588a000f5
:108ea8002598c0002530a000039d053cd3bd400f88
:108eb800e8aba5240d0040102580400006000224e0
:108ec8001000a2af1100072408000624252800007e
:108ed8009ad1400f252000020c0040142590400034
:108ee800e1f1400f252000022580400225100002f4
:108ef8002c00bf8f2800b38f2400b28f2000b18fc1
:108f08001c00b08f0800e0033000bd2725280000b2
:108f180029d5400f2520000225280000b9e0400f80
:108f280025200002039d053c18d8a524b000410f58
:108f3800252000022081848f0400828c09f84000db
:108f4800100025960500401425904000e1f1400fdf
:108f580025200002e5ff0010258040020a0060522b
:108f68003e002292000022ae1000229621104202fa
:108f7800040022ae080032ae020002243c0022a205
:108f88000c0030ae3e002292010042243e0022a294
:088f9800d6ff0010200012ae0c
:020000040000fa
:020000041d02db
:108fa000e0ffbd271c00bfaf1800b2af1400b1af87
:108fb0001000b0af1c008294080040102580800093
:108fc00001000324250043504000828c69ec400fcf
:108fd000f7ff05241c0000101c00bf8f0800918cb7
:108fe0001400228e1000428c04004054400002ae57
:108ff000019d023c78654224400002ae42f0400fe1
:109000003c0000ae259040002000228e25f2400f4b
:109010000000518c02882272e70331266210023c64
:10902000d34d4224190022021088000082891100c9
:10903000211032022c0002ae010002241a0002a606
:109040001c0002a61c00bf8f1800b28f1400b18f45
:109050001000b08f0800e0032000bd272528800005
:10906000029d043c09f84000c829842405004014ee
:1090700025284000020002241a0002a6f1ff001079
:109080001c0000a6050041040000000069ec400f30
:1090900025200002ecff00101c00bf8f42f0400fa3
:1090a000000000002c00038e2b104300e5ff40144d
:1090b000feff052469ec400f25200002e2ff0010ae
:0490c0001c00bf8f42
:020000040000fa
:020000041d02db
:1090c400d8ffbd272400bfaf2000b3af1c00b2af50
:1090d4001800b1af1400b0af2700801025888000bd
:1090e4003e00a0102580a00048009324ffff053413
:1090f40075f9400f252060022400328e31004012a1
:1091040007000326c2180300010063242510000091
:109114000400458e2b20a300270080142320a300e5
:109124000300862c0300c0542518a0001e00a3547d
:10913400040044ae1a0040500000428e0000448ee9
:10914400000044ac2800248e01009250280022ae76
:109154003000228e21186200300023ae3400228eab
:109164002b10430001004054340023ae81f9400f1a
:109174002520600208005126251020022400bf8ffc
:109184002000b38f1c00b28f1800b18f1400b08f71
:109194000800e0032800bd27ddff001025908000b3
:1091a400e8ff0010240022aec020040021904402f5
:1091b400e7ff0010040043ae0000448ef6ff801465
:1091c40025104002faff0224380022ae81f9400f34
:1091d40025206002e8ff001025880000e6ff00104b
:0491e40025880000da
:020000040000fa
:020000041d02db
:1091e800d0ffbd272c00bfaf2800b3af2400b2af1b
:1091f8002000b1af1c00b0af25808000030002241e
:109208001400a2100400918c0000828c0000428c93
:10921800009d053c4011a52409f8400025202002a6
:109228000000028e0000428c009d053c6c11a524b4
:1092380009f84000252020022c00bf8f2800b38f9a
:109248002400b28f2000b18f1c00b08f0800e0030b
:109258003000bd272590c00008d7400f0400c48cfb
:1092680009004014259840000000028e0000428c3e
:10927800009d053c7010a52409f840002520200217
:10928800eeff00102c00bf8f0000028e0400428cfd
:109298000800468e009d053c9811a52409f8400059
:1092a800252020021000a52754a3400f0800448e53
:1092b80008004014009d053c0000028e0000428c0e
:1092c800a811a52409f8400025202002dbff001082
:1092d8002c00bf8f1000a52737f1400f2520600212
:1092e800d5ff4014009d053c0000028e0000428c12
:1092f800c811a52409f8400025202002cfff00103e
:049308002c00bf8fe7
:020000040000fa
:020000041d02db
:10930c00d8ffbd272400bfaf2000b3af1c00b2af05
:10931c001800b1af1400b0af258080002588c000c4
:10932c00030002241600a2100400928c0000828c10
:10933c000400428c0000c68c009d053c8819a524b5
:10934c0009f84000252040020000028e0400428ce7
:10935c000000268e009d053c1815a52409f8400038
:10936c00252040022400bf8f2000b38f1c00b28f39
:10937c001800b18f1400b08f0800e0032800bd273f
:10938c0008d7400f0400c48c08004014009d053c15
:10939c000000028e0000428c7c09a52409f84000d4
:1093ac0025204002f0ff00102400bf8f0800338ef0
:1093bc0002000624009d053c9009a524a9f6400f47
:1093cc00252060020e00401002000624009d053c82
:1093dc00a409a524a9f6400f25206002080040101e
:1093ec00009d053c0000028e0000428cb009a524b3
:1093fc0009f8400025204002dbff00102400bf8f3d
:10940c000000028e0400428c0000268e009d053c5c
:10941c00ac19a52409f8400025204002d2ff001009
:04942c002400bf8fca
:020000040000fa
:020000041d02db
:10943000d8ffbd272400bfaf2000b4af1c00b3afde
:109440001800b2af1400b1af1000b0af2b00e010a5
:10945000258000002590a000020002243000c214e4
:109460002598e000d400918cd800948c0000828e66
:109470000f0040143800a68f1800052409f8600278
:10948000010004241d004010258000000000838e90
:10949000000043ac0400632400e0637c140043ac90
:1094a000000082ae0400838e01006050040082ae92
:1094b0001200401225804002258000003800a68f4f
:1094c0001800052409f86002010004240c00405033
:1094d00025100002000040ac140040ac0400238eb4
:1094e00015006054000062ac040022ae000022ae01
:1094f00001001026f2ff50163800a68f251000023a
:109500002400bf8f2000b48f1c00b38f1800b28fcf
:109510001400b18f1000b08f0800e0032800bd27b1
:1095200001000224f5ffc21425800000dc00918cac
:10953000ceff0010e000948c0400248e040043242d
:1095400000e0637c140083ace9ff0010040022ae4d
:020000040000fa
:020000041d02db
:10955000d0ffbd272c00bfaf2800b6af2400b5afa9
:109560002000b4af1c00b3af1800b2af1400b1af0d
:109570001000b0af25a0a00025a8c0002588e000fd
:109580000000d28c4000a69340ce400f2528400218
:109590002b00401025980000258040002800201254
:1095a0002598200225284002259800000e000296ea
:1095b0000800038e211862000c000296ffff443061
:1095c0002b20240202008010231872002510200294
:1095d00025b06000ffff6330ffff44302b1883008d
:1095e0000100605425b04000ffffd6321000c012c9
:1095f0002530c00225284002f1fa400f25208002c4
:10960000219056022198d3020000108e0c00001207
:10961000ffff733223883602ffff31320800201229
:1096200021a0960225284002e0ff00100800128ebb
:109630000000108eddff00560800128e2590a0005d
:109640000000b2ae251060022c00bf8f2800b68f3c
:109650002400b58f2000b48f1c00b38f1800b28f88
:109660001400b18f1000b08f0800e0033000bd2758
:020000040000fa
:020000041d02db
:10967000d8ffbd272400bfaf2000b3af1c00b2af9e
:109680001800b1af1400b0af1480848fffff022424
:109690000600821000a0023c6edc400f00000000bb
:1096a000ffff0224148082af00a0023c802342947a
:1096b0000f00401000000000bc80918f258000004a
:1096c00000a0123c80235326030007240200062436
:1096d0002528200238bc400f2520600201001026fa
:1096e000802342962a100202f7ff40148c00312694
:1096f0009e00410f0000000000a0023c8823448c23
:109700000d00801000a0033c0c00828c09f8400082
:10971000bc80858f00a0023cf8fc400f8823448c5d
:1097200004004104009d053ca801a524d8c8400fb1
:109730002520000000a0033c80236224080040ace8
:109740000c0040acbc8080af802360a4040040ac1f
:10975000988080af9c8080af00a0023c442040ac49
:1097600044204224040040ac080040ac0c0040ac53
:10977000100040ac2400bf8f2000b38f1c00b28fbc
:109780001800b18f1400b08f0800e0032800bd2737
:020000040000fa
:020000041d02db
:10979000e8ffbd271400bfaf4482828f0500401050
:1097a00001000224588282af1400bf8f0800e0033a
:1097b0001800bd27588280af4082828f3000428cd3
:1097c0004082838f4082848f0000638c3000848cc1
:1097d0002b18830012006010a5a5033c0000448ce8
:1097e000a5a563340e008314a5a5033c0400448c96
:1097f000a5a563340a008314a5a5033c0800448c86
:10980000a5a5633406008314000000000c00438cff
:10981000a5a5023ca5a54234050062100000000089
:109820004082858f4082848f69fc400f3400a524dc
:109830006482838f201863701f000224231043006a
:1098400000a0043c4c2884248018020021286200d7
:1098500080280500212885000400a68c0400c68c01
:10986000211862008018030008006324212083006f
:109870000300c4140400a6ac0c00a48c0400a4ac27
:1098800000a0033c802002002120820080200400f0
:109890004c286224211044000400428c0c00428cad
:1098a000408282af4082828fc0ff00101400bf8fc1
:020000040000fa
:020000041d02db
:1098b000e0ffbd271c00bfaf1800b1af1400b0af70
:1098c000258080000800848c200011960800233237
:1098d0002a0060101000828c0100433027006010c5
:1098e000c21a1100401903000100829001004530a6
:1098f0000200a0140104643401006434440005969d
:10990000220003240600a314ffff863046000396be
:109910002016633020160524050065100400052478
:10992000020042300100405400088634040005243f
:1099300011e3400f252000020700401001013132e1
:109940000101022409002216040002241a0002a6c2
:10995000060002241c0002a61c00bf8f1800b18f55
:109960001400b08f0800e0032000bd271a0002a6f3
:1099700008000224f8ff00101c0002a60060263236
:109980000300c010005031320001467c4033060015
:10999000010020560001c63400014230010040544d
:1099a0000040c6342528000011e3400f25200002a6
:1099b000e9ff4010040002241a0002a60a00022453
:0899c000e5ff00101c0002a6e7
:020000040000fa
:020000041d02db
:1099c800e0ffbd271c00bfaf1800b2af1400b1af55
:1099d8001000b0af258080000500a0102588a000e9
:1099e8003400062425280000d4fb400f252020023f
:1099f8000500001225100000420002964000423087
:109a080031004014e080928f1c00bf8f1800b28f85
:109a18001400b18f1000b08f0800e0032000bd27ac
:109a28006eff400f252000024080020021800202c4
:109a3800c080100021800202808010002180500226
:109a48006000039201006330efff601025100000f2
:109a58005e0003960900642cecff80141c00bf8f85
:109a6800e9ff2012010002249a00410f000023aef2
:109a7800040022ae0800028e080022ae1800028ef2
:109a88000c0022ae0800028e1000038e2110430045
:109a9800100022ae0800028e1400038e211043002d
:109aa800140022ae3400028e180022ae3c00028e52
:109ab8001c0022ae3000028e200022ae240020ae10
:109ac800d1ff001001000224d5ff4016000000005d
:089ad800cdff00102510000075
:020000040000fa
:020000041d02db
:109ae000d8ffbd272400bfaf2000b4af1c00b3af28
:109af0001800b2af1400b1af1000b0af25888000dd
:109b00002580a00025a0c0003800a2931b004010b3
:109b10002590e0000300a0102598a000d7f5400f85
:109b20002520a0000000628e170040500800628ec1
:109b300006005110000000000000428c120040504e
:109b40000800628efdff22560000428c04000012c5
:109b50002400bf8fe5f5400f252000022400bf8fb1
:109b60002000b48f1c00b38f1800b28f1400b18f87
:109b70001000b08f0800e0032800bd272598a00042
:109b8000e8ff0010258000000e0054142528200254
:109b9000c9f5400f25206002252040000d004290ad
:109ba0004429027c0d0082a01400828c0500401024
:109bb000252820021c00868c09f84000252800007a
:109bc00025282002b5f8400f252060020d002292c2
:109bd000010003244429627c42f0400f0d0022a2c0
:109be00025f2400f25984000021842722190730020
:089bf000d6ff00102c0032ae7c
:020000040000fa
:020000041d02db
:109bf800d8ffbd272400bfaf2000b3af1c00b2af11
:109c08001800b1af1400b0af16008010258800000e
:109c1800259080002598a0004000a22c020040104a
:109c28002580a00040001024ffff10320a00052400
:109c3800bcb9400f25204002120040140b00052437
:109c48009ee0400f2520000225204000050040101e
:109c5800258800000c000624c16f400f252840020b
:109c680025880002251020022400bf8f2000b38f12
:109c78001c00b28f1800b18f1400b08f0800e003e9
:109c88002800bd27bcb9400f252040020b0040101a
:109c980025880000040043940600449423186400b7
:109ca800211823020c00428cfaff4014ffff713088
:109cb8002b983302ecff601225102002238011023a
:109cc80025100002ffff10324000102e0100005640
:109cd80040000224ffff50309ee0400f2520000284
:109ce80007004010252040000c000624c16f400fdb
:109cf8002528400221803002daff0010ffff1132d0
:089d0800d8ff001025880000bf
:020000040000fa
:020000041d02db
:109d10000080013c2430a10040380500423d07008e
:109d2000ff0701242c00e110000000003304092487
:109d3000233827013500e12c0b002014000000001f
:109d40002100e004000000002f00c010000000000f
:109d50004048050025482401270020150000000088
:109d600029000010000000000500c01000000000e5
:109d70002b48040023200400232805002328a900e1
:109d80001f00e93001000824044028012340080096
:109d90002000e12c05002014000000000000042435
:109da0002428a800020000100000000024208800e1
:109db0000500c010000000002b4804002320040010
:109dc000232805002328a9002510040025180500d4
:109dd0000800e003000000000f00013cffff2134f9
:109de0002448a100254824010b0020150000000094
:109df000f5ff001000000000f0bf053c0000042447
:109e0000f1ff0010000000002528060000000424d7
:109e1000edff001000000000f8ff053c00000424e6
:089e2000e9ff00100000000042
:020000040000fa
:020000041d02db
:109e280042008010f5ff0224e0ffbd271c00bfaff1
:109e38001800b2af1400b1af1000b0af2580800099
:109e48002588a0000800838c00a0023c58294224e1
:109e5800080062102590c000f5ff02241c00bf8f87
:109e68001800b28f1400b18f1000b08f0800e00303
:109e78002000bd270200848402000324f7ff831416
:109e8800f6ff0224f5ff2012f7ff0224f4ff401228
:109e98001c00bf8f00a0023c6c29438cefff6010b0
:109ea800f7ff02240000648ceeff80501800b28f88
:109eb8000400648cebff80501800b28f0800638c9c
:109ec800e8ff60501800b28f1000228e0400401086
:109ed80025280002029d043c09f84000c829842472
:109ee80000a0023c582942240000238e020043a40b
:109ef8000400238e100043ac0800238e0a0043a4fc
:109f08000c00238e010043a0280012ae0100022499
:109f1800180002a61c0000a61a0000a6020002a64d
:109f28001e0002a6cdff0010010002240800e00375
:049f38000000000025
:020000040000fa
:020000041d02db
:109f3c00d8ffbd272400bfaf2000b4af1c00b3afc7
:109f4c001800b2af1400b1af1000b0af2580800084
:109f5c004e00410f2588a0000400401425900000fd
:109f6c00a1ff400f252000020300122499ff400f8f
:109f7c00252000020000338e0400348e1100410fa6
:109f8c00252000021500410f25200002049d023cf3
:109f9c007400422425280000080006240000439485
:109fac001b006302f4016000121800002b188302de
:109fbc00050060100100a524f8ffa614020042243d
:109fcc00070005240100a5241900410f25200002db
:109fdc000800228e010042301200401000000000e8
:109fec00e5ff400f252000020800228e02004230bf
:109ffc001000401000000000edff400f2520000273
:10a00c00251040022400bf8f2000b48f1c00b38f9a
:10a01c001800b28f1400b18f1000b08f0800e0034d
:10a02c002800bd27e9ff400f25200002efff00109c
:10a03c000800228ef1ff400f25200002f1ff0010d6
:04a04c002510400299
:020000040000fa
:020000041d02db
:10a050004200a01000000000e0ffbd271c00bfafc1
:10a060001800b1af1400b0af2580a0001800801018
:10a070002588c000a1f7400f000000002520400007
:10a080000800222e1200401080881100039d023c1f
:10a09000a4a04224211051000000428c080040007e
:10a0a00000000000c4a0029df8a0029de4a0029d53
:10a0b0000ca1029dd0a0029d20a1029d34a1029d71
:10a0c00048a1029d25280002b5f8400f48008424cd
:10a0d0001c00bf8f1800b18f1400b08f0800e00380
:10a0e0002000bd2725280002b5f8400f5400842425
:10a0f000f8ff00101c00bf8f25280002b5f8400fa4
:10a100003c008424f3ff00101c00bf8f25280002b0
:10a11000b5f8400f60008424eeff00101c00bf8fd4
:10a120002528000268f2400f04008424e9ff001093
:10a130001c00bf8f2528000268f2400f1000842405
:10a14000e4ff00101c00bf8f2528000268f2400fba
:10a150001c008424dfff00101c00bf8f0800e003f8
:04a1600000000000fb
:020000040000fa
:020000041d02db
:10a16400c8ffbd273400bfaf3000b7af2c00b6af77
:10a174002800b5af2400b4af2000b3af1c00b2afc9
:10a184001800b1af1400b0af2b0080102588000078
:10a194002580800025a0a00025a8c000009d163cb5
:10a1a4001020d6262200052430f8400f2520000276
:10a1b4000200401025904000000040a0809811004b
:10a1c4002198930225b800002528c002b8ce400f7c
:10a1d40025200002120040142b18350216004012ec
:10a1e400010052262200052430f8400f25204002a9
:10a1f40011004050ffff11241b0042122b1835029e
:10a2040004006010000040a080181100211883028f
:10a21400000072ac01003126e2ff0010010050245e
:10a2240001006054000062ae010031260400732670
:10a23400e5ff00102580e002251020023400bf8fc6
:10a244003000b78f2c00b68f2800b58f2400b48f50
:10a254002000b38f1c00b28f1800b18f1400b08f90
:10a264000800e0033800bd27f3ff0010ffff1124ae
:020000040000fa
:020000041d02db
:10a27400c03a0500425d04002538eb00c0320400fa
:10a284000080013c2538e1000080013c2448a10005
:10a29400404005004245080080fc0825ffff0b25cf
:10a2a400fe00612d12002010000000000200c0100a
:10a2b400000000000100e7348000e7248000eb2c5c
:10a2c40021400b01025a070001006b312338eb00d7
:10a2d40040380700423a0700c05d08002538eb000b
:10a2e4002510e9000800e003000000000000000061
:10a2f4007f040124080001150000000040580700f5
:10a30400255866010400601100000000c0ff023cf3
:10a31400f4ff001000000000ff00012905002014d4
:10a3240000000000807f013c25102101edff00109a
:10a334000000000001000a24235048012000412da0
:10a34400040020140000000025100900e5ff00109f
:10a354000000000020000c2423608a0104588701b7
:10a364002530cb0006384701000008240080013c5a
:10a374002538e100cdff00100000000000000000bf
:020000040000fa
:020000041d02db
:10a38400000102040703060500000000ffffffffb1
:10a39400ffffffffffffffffffffffffffffffffc9
:10a3a400ffffffffffffffffffffffffffffffffb9
:10a3b400ffffffffffffffffffffffffff000102a3
:10a3c40003040506070809ffffffffffffff0a0b51
:10a3d4000c0d0e0f101112131415161718191a1b41
:10a3e4001c1d1e1f20212223ffffffffffff0a0b5e
:10a3f4000c0d0e0f101112131415161718191a1b21
:10a404001c1d1e1f20212223ffffffffffffffff54
:10a41400ffffffffffffffffffffffffffffffff48
:10a42400ffffffffffffffffffffffffffffffff38
:10a43400ffffffffffffffffffffffffffffffff28
:10a44400ffffffffffffffffffffffffffffffff18
:10a45400ffffffffffffffffffffffffffffffff08
:10a46400fffffffffffffffffffffffffffffffff8
:10a47400ffffffffffffffffffffffffffffffffe8
:0da48400ffffffffffffffffffffffffffd8
:020000040000fa
:020000041d02db
:10a494007ca6039dd842039d401f039d644d039dec
:10a4a40070ee029d010000000200000008000000a0
:10a4b4000400000010000000200000004000000024
:10a4c4008000000046524d54584f4b2000000000bd
:10a4d40078f7039d46524d52584f4b200000000020
:10a4e4005cf7039d5258425546434e540000000009
:10a4f40040f7039d52584f56464c4f5700000000fa
:10a5040024f7039d4643534552524f520000000026
:10a5140008f7039d414c474e45525220000000006d
:10a52400ecf6039d53434f4c46524d20000000006f
:10a53400d0f6039d4d434f4c46524d200000000081
:10a54400b4f6039d401001001c00009decee009d3c
:10a554000cb1039d2802049de0db039d1023029da2
:10a56400d8ba039d64d5039de857039df47e029dec
:10a574003002049d185b039d64a4019de4cd029dfb
:10a584000c3e029d4467039d50f3029d6057039d5a
:0ca59400bc30029d50ea029d98f6039d29
:020000040000fa
:020000041d02db
:10a5a000d8ffbd272400bfaf2000b1af1c00b0af63
:10a5b000258880001400a0af2f00a0141000a0afc9
:10a5c0001000a52778cd400f25202002251000007f
:10a5d0002400bf8f2000b18f1c00b08f0800e00363
:10a5e0002800bd27b4c9400f252020020300038a9c
:10a5f0000000039a23006010258060000b00058a8c
:10a600000800059a1f00a010000000000c00039233
:10a610000d000692003206002530c3001900c0105c
:10a6200000000000efff40101000a7271000a38fcc
:10a63000e7ff60101400a78fd400248e253000009f
:10a64000040067540000688ce1ff60102538c000ea
:10a650002540c000000060ac140060ac0400858c94
:10a660000c00a0540000a3ac040083ac000083ac39
:10a67000f3ff0010251800012580a000dfff001067
:10a6800025100000eaff40141000a38fcdff00103a
:10a690001000a5270400898c0400652400e0a57c37
:0ca6a000140025adf2ff0010040083ac94
:020000040000fa
:020000041d02db
:10a6ac00e0ffbd271c00bfaf1800b1af1400b0af66
:10a6bc00258880000e00a290030003242200431082
:10a6cc002580a0000400432c050060100100032429
:10a6dc000b004310020003242e0043100000000066
:10a6ec0093040624029d053c2c60a52400f4400f25
:10a6fc0025200000070002240e0000100e0002a20c
:10a70c00fafd400f1000848c0b0040141c00bf8f0e
:10a71c00040006968019c57c080007964020c67c6c
:10a72c001000a534e7e7400f1000248e030002242c
:10a73c000e0002a21c00bf8f1800b18f1400b08f46
:10a74c000800e0032000bd27fafd400f1000848ca8
:10a75c00f9ff40141c00bf8f040005964020a67c16
:10a76c008019a57c0a0007960100c6341000a53498
:10a77c00e7e7400f1000248e0d00039201006330b8
:10a78c0006000224020004240a108300e9ff0010d2
:10a79c000e0002a2fafd400f1000848ce5ff40145d
:0ca7ac0006000224e3ff00100e0002a2d1
:020000040000fa
:020000041d02db
:10a7b800b8ffbd274400bfaf4000b3af3c00b2af05
:10a7c8003800b1af3400b0af2580e0005800b29334
:10a7d80031d2400f5c00b393300040102588400010
:10a7e80088ff02241800a2a31900a0a31a00a0a79a
:10a7f8001c00a0a31d00a0a3050060121e00a0a7b6
:10a8080025100000010003244429627c1c00a2a337
:10a81800040040121c00a293010003248431627cce
:10a828001c00a2a30300058a0000059a0700048af9
:10a838000400049a0b00038a0800039a0f00028a96
:10a848000c00029a2000a5af2400a4af2800a3aff3
:10a858002c00a2af3a000524c4ef400f25202002a7
:10a86800ff0005248efa400f252020020200022452
:10a878001000a2af3a000724180006241800a527e4
:10a888009ad1400f25202002040040142580400062
:10a89800e1f1400f25202002258800022510200222
:10a8a8004400bf8f4000b38f3c00b28f3800b18f97
:0ca8b8003400b08f0800e0034800bd270a
:020000040000fa
:020000041d02db
:10a8c400c0ffbd273c00bfaf3800b3af3400b2af08
:10a8d4003000b1af2c00b0af2590a0001000a0afa5
:10a8e4001400a0af1800a0af1c00a0af2000a0afc0
:10a8f4002400a0af40100400211044008010020086
:10a9040000a0103c5820102621800202faef400fcc
:10a914002520000025984000c9f5400f252000029d
:10a92400258840002528600203f2400f25200000fe
:10a934000f002012000000002800228e050052148f
:10a9440025282002b5f8400f1000a427efff0010bf
:10a9540000000000b5f8400f1c00a427ebff001016
:10a964000000000001000624dbe1400ff5ff052490
:10a97400c9f5400f1000a427faff40142520400019
:10a984001c00a28f0b0040103c00bf8ffaef400f59
:10a9940000000000258840001c00a5274ded400f55
:10a9a400252000022528200203f2400f2520000064
:10a9b4003c00bf8f3800b38f3400b28f3000b18faa
:0ca9c4002c00b08f0800e0034000bd270d
:020000040000fa
:020000041d02db
:10a9d0004000a01025100000e0ffbd271c00bfaf05
:10a9e0001800b2af1400b1af1000b0af2580a000c6
:10a9f0000000a38c310060102588c000300080105a
:10aa00001c00bf8f42008394400063302d006050d3
:10aa10001800b28f00a0023c6eff400f242b528c16
:10aa2000c018020021186200c018030021904302e0
:10aa3000252800025db7400f0000448e25804000ad
:10aa40001e0000122510000000000396c0006330b5
:10aa50001b0060101c00bf8f0900205200000396ed
:10aa60001000028e030022aa000022ba14000292f3
:10aa7000040022a215000292050022a20000039603
:10aa8000800063300d00601001000224180052267f
:10aa9000040011262528200200dd400f2520400259
:10aaa00000a0023c342b428c0c0002ae2528200270
:10aab00017e0400f25204002010002241c00bf8f38
:10aac0001800b28f1400b18f1000b08f0800e0039f
:0caad0002000bd270800e003000000008b
:020000040000fa
:020000041d02db
:10aadc00d8ffbd272400bfaf2000b4af1c00b3af1c
:10aaec001800b2af1400b1af1000b0af3500a01019
:10aafc00259880001000a28c0400401078001124ce
:10ab0c001400432c140011240a8843001400b48c44
:10ab1c000100805242a011001800b08c08000016f1
:10ab2c009224023c244942242b1022022700401478
:10ab3c00c2101100258020020410107c2380020218
:10ab4c0096fc400fcccc123ccdcc523619005200a6
:10ab5c001020000002210400801804002118640059
:10ab6c008018030023104300f6ff94262110540094
:10ab7c0096fc400f100062ae1900520010900000bd
:10ab8c000291120080181200211872008018030024
:10ab9c0023104300f6ff102621105000140062ae63
:10abac00180071ae2400bf8f2000b48f1c00b38f2f
:10abbc001800b28f1400b18f1000b08f0800e003a2
:10abcc002800bd27780011243c001424c0801100fb
:0cabdc0023801102daff0010c28010007c
:020000040000fa
:020000041d02db
:10abe800e0ffbd271c00bfaf1800b2af1400b1af23
:10abf8001000b0af2f00c010258880002580c0004d
:10ac0800faef400f25200000259040002881838f0f
:10ac18003000601012000286300040042481848fc6
:10ac28002a204400250080500100022480100200e0
:10ac3800211862000000628c2000501401000224d8
:10ac48000c00028e140051543e000292f3cf400fc4
:10ac5800252020027ffe400f2520200204004050be
:10ac68000000028e060040a4040040a40000028eea
:10ac7800080002ae2528400203f2400f25200000fc
:10ac88001c00bf8f1800b28f1400b18f1000b08f56
:10ac98000800e0032000bd27ffff42243e0002a277
:10aca8002528400203f2400f25200000050000106f
:10acb800000000002590000025100000f9ff401456
:10acc800252840028cf1400f25202002edff0010be
:10acd8001c00bf8ff9ff001001000224f7ff0010cd
:0cace80001000224f5ff0010010002240e
:020000040000fa
:020000041d02db
:10acf400e0ffbd271c00bfaf1800b2af1400b1af16
:10ad04001000b0af258880002590a0008ee6400f8b
:10ad14002580c0001b004050258040001c00438e4d
:10ad240007007114251800002b0043921c006014c6
:10ad3400290043920200642c2c00801000000000c3
:10ad44000400642480200400212024020000848c58
:10ad54001500801425206000010064240200852c65
:10ad64000600a0100400852480280500212825025f
:10ad74000000a58c0d00a0541c0051ae0e0000165e
:10ad840000000000251000021c00bf8f1800b28fc5
:10ad94001400b18f1000b08f0800e0032000bd271d
:10ada400e4ff0010010063241c0051ae290044a2fa
:10adb400f4ff001025804000f2ff60182580000099
:10adc4001000248ef8ff8054252000000200632820
:10add400ecff6014258000001400238ef2ff601441
:10ade40001000424e8ff001025100002f5ff0056be
:0cadf4001000248ee4ff00102510000267
:020000040000fa
:020000041d02db
:10ae00000c00838c0019637c80180300ecff632422
:10ae1000ff0063303b0060101802022414008424f9
:10ae2000213883000100062402000524350060104b
:10ae3000180202242b10870032004010180202244e
:10ae4000000082902900401001008824ffff632445
:10ae500024004610ff006330180045140200622ce5
:10ae60000300632c2700601418020224010085905f
:10ae7000040002240800a214251060000200829041
:10ae8000047a437cffff6330030082900438437ce4
:10ae9000ffff633025106000b505632c0100605092
:10aea000b4050224ffff43301802632c01006054f4
:10aeb000180202240800e003ffff42300d00401496
:10aec00000000000010082902b4062000b00001582
:10aed000020048242120880023186200d3ff0010bc
:10aee000ff006330d1ff0010252000010800e003bf
:10aef000180202240800e003180202240800e003fc
:0caf0000180202240800e003000000001a
:020000040000fa
:020000041d02db
:10af0c00e0ffbd271c00bfaf1800b2af1400b1affb
:10af1c001000b0af259080001400b1240300c3884a
:10af2c000000c3981700a3a81400a3b80400c39092
:10af3c00040023a20500c290050022a201000224f5
:10af4c000300e2102580a00091b5400f2530e000f1
:10af5c001a0002920700432c0e0060100500432ccf
:10af6c0008006010030003240600431004000324af
:10af7c0008004314050006242528000291b5400f53
:10af8c0025204002200012262800028e0700405483
:10af9c002000028e1c00bf8f1800b28f1400b18fde
:10afac001000b08f0800e0032000bd270e004424e1
:10afbc000300238a0000239a110043a80e0043b813
:10afcc0004002292040082a005002292050082a0b7
:10afdc004f71400f2000048eecff40502800028e71
:10afec00c9f5400f25204002252040001400428c5a
:10affc00e6ff40502800028e1c00868c09f84000a9
:0cb00c0025280000e1ff00102800028e43
:020000040000fa
:020000041d02db
:10b01800c8ffbd273400bfaf3000b7af2c00b6afb4
:10b028002800b5af2400b4af2000b3af1c00b2af06
:10b038001800b1af1400b0af25b0800025a0a00063
:10b0480025a8c00025b8e0000000b28cffffc62488
:10b05800ffffc630eb9a400f2528400225884000a4
:10b068001c0020122510000021105102000040a0f1
:10b07800252820029fbe400f252040022580400041
:10b088002300521023985200ffff66322528000043
:10b098008268400f2520c00223b033020d0033120e
:10b0a800251000000d00052430f8400f252000026f
:10b0b800050040140a00052430f8400f252000023e
:10b0c8000f004010ffffa226000090ae0000f6ae71
:10b0d800010002243400bf8f3000b78f2c00b68fd8
:10b0e8002800b58f2400b48f2000b38f1c00b28fc6
:10b0f8001800b18f1400b08f0800e0033800bd2796
:10b10800261056000100422cf2ff001040100200e9
:0cb1180023b03302e3ff0010258040024a
:020000040000fa
:020000041d02db
:10b12400d8ffbd272400bfaf2000b4af1c00b3afcd
:10b134001800b2af1400b1af1000b0af259080007a
:10b144002588a00025a0c000d4e0400f2598e00089
:10b1540029004010ffff102400a0023ca827438cc4
:10b1640002000224220062140000000020002012c9
:10b174002b1032021e00401400a0033c2580000066
:10b18400f026632405000224000064902300805408
:10b194000100102601000224000062a0010060a04a
:10b1a400180060a0190060a03800a28f040062acef
:10b1b400080071ac100074ac140073ac2388320224
:10b1c4000c0071ac24808297ffff1032002402002f
:10b1d40025800402200070ac01004224ffff4230ad
:10b1e400ffff03340100435001000224248082a79e
:10b1f40030f0400f00000000251000022400bf8f33
:10b204002000b48f1c00b38f1800b28f1400b18fcc
:10b214001000b08f0800e0032800bd27daff0216f3
:0cb2240024006324f2ff0010ffff102440
:020000040000fa
:020000041d02db
:10b23000e0ffbd271c00bfaf1800b1af1400b0afd6
:10b240002580800031e9400f8800848c252800008b
:10b250007dd3400f25200002acfb400f8800048ef8
:10b260003480828f0c0002560c00048e31e9400fae
:10b270008800048eacfb400f8800048e9c0000ae5a
:10b28000900000ae8c0000ae980000ae940000aebe
:10b29000348080af0c00048effff02240600821071
:10b2a0003800118e1800228e09f8400000000000be
:10b2b000ffff02240c0002ae0800048effff0224f0
:10b2c00007008210253800020800228e09f840008d
:10b2d00000000000ffff0224080002ae2538000233
:10b2e000039d063c8878c624020005240cd2400f3a
:10b2f0002520000225300000feff052468bb400f1a
:10b300002520000225380002039d063ca06bc624c0
:10b31000010005240cd2400f25200002100000aed1
:10b32000140000a61c00bf8f1800b18f1400b08f4e
:08b330000800e0032000bd2726
:020000040000fa
:020000041d02db
:10b338003f008014ffff0224e0ffbd271c00bfafc1
:10b348001800b2af1400b1af1000b0af00a0023cbb
:10b35800b828438c020002240e0062142580a00045
:10b3680000a0023cb4284294010042300a00401078
:10b37800a800062400a0023cb02842241c00bf8f6d
:10b388001800b28f1400b18f1000b08f0800e003ce
:10b398002000bd27a80006242528000000a0043ca2
:10b3a800d4fb400fb0288424f4ff0012ffff0224ce
:10b3b80001000724010006242528000000a0043c01
:10b3c800b3cb400fb028842425204000010003247b
:10b3d800eaff8314ffff022400a0023cb0284224a5
:10b3e800040043a402000324080043ac0c0040a45a
:10b3f8000400038e100043ac00a0103ce428102683
:10b408000100122400a0113c342931260f0012a299
:10b41800252800026df8400f252020021400102670
:10b42800faff111600a0023cd4ff0010b0284224f5
:08b438000800e0030000000021
:020000040000fa
:020000041d02db
:10b44000d8ffbd272400bfaf2000b4af1c00b3afae
:10b450001800b2af1400b1af1000b0af259080005b
:10b460001000948cfeba400f1400908c32004010f3
:10b470001300832e320060140100102613001124e3
:10b48000010013240400438effff03a2030046883b
:10b490000000469807004588040045980b00448842
:10b4a000080044980f0043880c004398030006aa44
:10b4b000000006ba070005aa040005ba0b0004aa9a
:10b4c000080004ba0f0003aa0c0003ba0d000224fe
:10b4d000100002a20a000224110002a2feba400fcc
:10b4e000252040020e00405401007326040020165f
:10b4f000251020022b88130023881100251020021c
:10b500002400bf8f2000b48f1c00b38f1800b28faf
:10b510001400b18f1000b08f0800e0032800bd2791
:10b52000130023262b208302f4ff8014130010261f
:10b53000d4ff001025886000eeff00102598000061
:08b54000ecff001001001324d0
:020000040000fa
:020000041d02db
:10b54800d8ffbd272400bfaf2000b3af1c00b2afa7
:10b558001800b1af1400b0af25808000bcb9400f0f
:10b5680009000524258800000800401025900000e7
:10b578002530000008000596f667400f0000448c4f
:10b58800271002000478517c080012960a0005244e
:10b59800bcb9400f252000021d0040102580400046
:10b5a800252000000300132408000292070053100e
:10b5b8000400432c13006010020003241100431000
:10b5c80025200000100040500c00108e253000008f
:10b5d80006000596f667400f0000048e272002003b
:10b5e8000100423204004010ffff8430ee67400f34
:10b5f80000000000252040000600029621104202ab
:10b60800ffff52300c00108ee7ff0016218824023d
:10b61800ffff2232028c110021105100007c437c74
:10b628002110430027100200ffff42302400bf8f83
:10b638002000b38f1c00b28f1800b18f1400b08f98
:08b648000800e0032800bd2703
:020000040000fa
:020000041d02db
:10b65000b0ffbd274c00bfaf4800b3af4400b2af4e
:10b660004000b1af3c00b0af259080002588a0001d
:10b670002580c0002598e00028000624f3eb400f49
:10b680001000a5271000a38ff00063306000042491
:10b690002a0064142510000057fa400f25204002ac
:10b6a00025904000ee67400f1400a4972518400035
:10b6b0002b90420221004016251000006400a28f4a
:10b6c0001700a493000044a06000a28f000043a4d0
:10b6d0001600a293000062a22800a58f2c00a48f60
:10b6e0003000a38f3400a28f030025aa000025bae2
:10b6f000070024aa040024ba0b0023aa080023bad6
:10b700000f0022aa0c0022ba1800a58f1c00a48fdb
:10b710002000a38f2400a28f030005aa000005ba11
:10b72000070004aa040004ba0b0003aa080003ba25
:10b730000f0002aa0c0002ba010002244c00bf8fc5
:10b740004800b38f4400b28f4000b18f3c00b08fef
:08b750000800e0035000bd27d2
:020000040000fa
:020000041d02db
:10b75800d8ffbd272400bfaf2000b3af1c00b2af95
:10b768001800b1af1400b0af2600801025908000fb
:10b77800258880002580a0002200a0102590a00028
:10b78800a1f7400f20001226259840002800028ebd
:10b7980024004014000000003000029201004230f2
:10b7a8000900401025300000040005265aae400f5d
:10b7b80025202002040040102528400025300000e4
:10b7c8009a90400f25202002010006242528000217
:10b7d8009a90400f252020025400658e0900a01081
:10b7e800259040001c00a28c190050140200062469
:10b7f8009a90400f2520200225284000faffa054e7
:10b808001c00a28c251040022400bf8f2000b38f9b
:10b818001c00b28f1800b18f1400b08f0800e0032d
:10b828002800bd27c9f5400f2520400225204000eb
:10b838001400428cd6ff40502800028e1c00868cd3
:10b8480009f8400025280000d1ff00102800028eca
:08b85800eaff00100000a58cbe
:020000040000fa
:020000041d02db
:10b860003f00801025100000e0ffbd271c00bfaf87
:10b870001800b1af1400b0af258080004c00838c5d
:10b88000ffff63244c0083ac2c00858c4800848c23
:10b890002f00a4101c00bf8f2c0060140400112680
:10b8a00058f3400f25202002090040544800038e21
:10b8b0006482838f2c00048e010002240410820015
:10b8c0002710020024104300648282af4800038ed8
:10b8d0002c0003ae0500022423104300180002ae22
:10b8e0006482848f01000224041062002510440049
:10b8f000648282af00a0043c4c28842480100300a2
:10b900002110430080100200211082000400428cac
:10b91000080002ae0800438c0c0003ae040071acba
:10b92000080051ac2c00058e801005002118450040
:10b930008018030021188300140003ae0000628cfd
:10b9400001004224000062ac010002241c00bf8ff1
:10b950001800b18f1400b08f0800e0032000bd274d
:08b960000800e00300000000f4
:020000040000fa
:020000041d02db
:10b96800e0ffbd271c00bfaf1800b2af1400b1af95
:10b978001000b0af19008010258080002590a0002d
:10b98800a1f7400f2588c0000200032427002312d6
:10b998000300232e11006010258000001600205699
:10b9a8003c00508c4800508c0d00001225100002fd
:10b9b8000400058e0600a010100006240400a5242b
:10b9c800a9f6400f2520400205004010251000026e
:10b9d8000000108ef7ff00560400058e25100002a7
:10b9e8001c00bf8f1800b28f1400b18f1000b08fe9
:10b9f8000800e0032000bd27f9ff0012251000020f
:10ba08001000062404000526a9f6400f2520400250
:10ba1800f3ff4010251000020000108ef8ff0016fa
:10ba280025100002efff00101c00bf8f5400508c3f
:10ba3800ebff001225100002100006240400052662
:10ba4800a9f6400f25204002e5ff4010251000020e
:10ba58000000108ef8ff001625100002e1ff00100c
:04ba68001c00bf8f70
:020000040000fa
:020000041d02db
:10ba6c00d8ffbd272400bfaf2000b3af1c00b2af7e
:10ba7c001800b1af1400b0af259080002588a0004d
:10ba8c006eff400fe080938f408002002180020205
:10ba9c00c080100021800202808010002180700282
:10baac0066fb400f252040025e0002a66000029259
:10babc00010003240400627c600002a25c0011a659
:10bacc00420042960400627c420042a65000028e64
:10badc001100401401000524039d043cc0d1400f0b
:10baec0054de84240c004014500002aeba00410f06
:10bafc00000000000200422c08004054ffff3126d9
:10bb0c00b800410f00000000009d053c7406a52400
:10bb1c00d8c8400f25204000ffff31260200312eef
:10bb2c00080020120100032456000296540002a6bd
:10bb3c00600002924429627c9a00410f600002a2cc
:10bb4c00200002ae2400bf8f2000b38f1c00b28fe8
:10bb5c001800b18f1400b08f0800e0032800bd2737
:020000040000fa
:020000041d02db
:10bb6c00982f8a4291443771cffbc0b5a5dbb5e95c
:10bb7c005bc25639f111f159a4823f92d55e1cabd0
:10bb8c0098aa07d8015b8312be853124c37d0c555e
:10bb9c00745dbe72feb1de80a706dc9b74f19bc1a6
:10bbac00c1699be48647beefc69dc10fcca10c2496
:10bbbc006f2ce92daa84744adca9b05cda88f9767a
:10bbcc0052513e986dc631a8c82703b0c77f59bfe4
:10bbdc00f30be0c64791a7d55163ca066729291410
:10bbec00850ab72738211b2efc6d2c4d130d3853ad
:10bbfc0054730a65bb0a6a762ec9c281852c72926f
:10bc0c00a1e8bfa24b661aa8708b4bc2a3516cc79c
:10bc1c0019e892d1240699d685350ef470a06a10d5
:10bc2c0016c1a419086c371e4c774827b5bcb03424
:10bc3c00b30c1c394aaad84e4fca9c5bf36f2e68c2
:10bc4c00ee828f746f63a5781478c8840802c78c51
:10bc5c00faffbe90eb6c50a4f7a3f9bef27871c654
:020000040000fa
:020000041d02db
:10bc6c00e0ffbd271c00bfaf1800b2af1400b1af8e
:10bc7c001000b0af0800918c00a0023c582942245f
:10bc8c0002002212258080002588000004f1400f5c
:10bc9c00252000021d0040101c00bf8f34000296ae
:10bcac00220002a6000242301d00401400000000d9
:10bcbc0042f0400f00000000259040002000228e32
:10bccc0025f2400f0400518c02882272e7033126c2
:10bcdc006210023cd34d422419002202108800004d
:10bcec0082891100211032022c0002ae01000524c1
:10bcfc00dfe2400f25200002030040100500022463
:10bd0c001a0002a61c0000a61c00bf8f1800b28fe0
:10bd1c001400b18f1000b08f0800e0032000bd2785
:10bd2c0042f0400f000000002c00038e2b1043004b
:10bd3c000500401025280000dfe2400f25200002fe
:10bd4c00f2ff00101c00bf8ff9ff052469ec400fb7
:0cbd5c0025200002edff00101c00bf8f2e
:020000040000fa
:020000041d02db
:10bd68005f5443504950537461636b5061636b6512
:10bd78007454780002000000dc4a019d943e039d43
:10bd880003000000e8de019da463029d040000009a
:10bd980084ed019d3055039d07000000d48d039d5f
:10bda80018b6039d0800000058d5029d2c77039d06
:10bdb80006000000787c039d58d2039d090000000e
:10bdc8008021029da0f4019d0a00000058d3019d26
:10bdd8009049029d0c000000acad019df493039db9
:10bde8000e00000040e6019dc463039d130000009f
:10bdf800ccec029d2cb8039d150000006416029d32
:10be0800cca7039d0f000000e843019dac5d039d96
:10be18001a0000004884019d84d3039d200000007f
:10be2800fccb029d94b7039d0608020000000100a8
:10be38000008030000000000dd8604000000020086
:10be4800ffff0500000000003806009d3c06009d2d
:0cbe58004006009d4806009d4c06009d21
:020000040000fa
:020000041d02db
:10be6400d8ffbd272400bfaf2000b4af1c00b3af80
:10be74001800b2af1400b1af1000b0af2588800035
:10be84002590a0002598c0006eff400fe080948f9d
:10be94004080020021800202c08010002180020242
:10bea40080801000218090026000029201004230e4
:10beb400230040102400bf8f0a00605260000292e9
:10bec4005e0002960900422c05004014253800004b
:10bed40007000624252820021d56400f25200002b5
:10bee400600002924408027cc418027c010003240e
:10bef4004429627c600002a2200000ae5600029633
:10bf0400540002a65000048e0300801000000000bc
:10bf1400a3c7400f25280000080040525e0000a679
:10bf2400600002920421027c0400027c600002a2f0
:10bf3400420022960400027c420022a62400bf8f05
:10bf44002000b48f1c00b38f1800b28f1400b18f7f
:0cbf54001000b08f0800e0032800bd279b
:020000040000fa
:020000041d02db
:10bf6000010003243b00a31425100000e0ffbd27bf
:10bf70001c00bfaf1800b1af1400b0af2580800027
:10bf80002588c0003e0083903d0082902b186200ff
:10bf900028006010251000004000828cc002477c01
:10bfa000c03d070000024230030040104800042456
:10bfb0000400e734600004240200e7341000069611
:10bfc0004de0400f080005241a004010029d033c7c
:10bfd000e8e96324080043ac0c0050ac4000038e39
:10bfe0000002633018006010480044241000438ca5
:10bff000000064ac01000324580043a4251800008d
:10c000000a0020523e000392000003ae1000049686
:10c0100021206400040004ae080003ae01000324e4
:10c020003c0003a20c0002ae3e0003920100632418
:10c030003e0003a21c00bf8f1800b18f1400b08f08
:10c040000800e0032000bd271c00438cecff00101b
:0cc05000080063240800e003000000006a
:020000040000fa
:020000041d02db
:10c05c00e0ffbd271c00bfaf1800b1af1400b0af9c
:10c06c006dfa400f2588a000258040002e0000129c
:10c07c00251000004000028e003042300400405475
:10c08c004000028e1cc7400f252000024000028e8b
:10c09c00448c027c400002ae000b437c3c0003a2ab
:10c0ac00251840000040423001004050240000aef2
:10c0bc00008062300700405448000296180000ae21
:10c0cc004000028ec439027c8431027c400002aef6
:10c0dc0048000296040042300500401000000000a9
:10c0ec004000028e0400423001004054280000a69b
:10c0fc00120020522c00058e9df1400f25200002cd
:10c10c00c9f5400f4c000426252840007bd2400f77
:10c11c00252000024000028e01000324448c627c26
:10c12c00400002ae010002241c00bf8f1800b18f2a
:10c13c001400b08f0800e0032000bd27077e400fdd
:0cc14c0025200002f4ff00104000028ecd
:020000040000fa
:020000041d02db
:10c15800e0ffbd271c00bfaf1800b2af1400b1af9d
:10c168001000b0af258080002588c0003800928c70
:10c178004000868c1100c014000000000000828c72
:10c18800050040142588000018ae400f0800848c74
:10c1980025884000080000ae01005226380012ae83
:10c1a800251020021c00bf8f1800b28f1400b18f19
:10c1b8001000b08f0800e0032000bd270e002016f5
:10c1c80000000000f1fa400f0400848c0400028e85
:10c1d8004000038e21104300040002ae0800038ec5
:10c1e8002b104300edff4054010052260000028e40
:10c1f800e9ff0010040002aef1fa400f0c00848c35
:10c208004000038e232003000c00028e23104300fd
:10c218000c0002ae0000038e2b10430005004010f6
:10c22800020002240800028e211044000c0002ae15
:10c2380002000224d8ff221625880000d7ff4052aa
:0cc2480001005226d4ff0010ffff522618
:020000040000fa
:020000041d02db
:10c2540040ffbd27bc00bfafb800b3afb400b2af5e
:10c26400b000b1afac00b0af25888000d400b38f6c
:10c27400dc00b28fe000a48f2c00e01053ff1024e8
:10c284002510a000290040122528e00003002012f8
:10c29400800003242600605225100002230083142a
:10c2a400ffff1024e800a38f1800a3afe400a38fbe
:10c2b4001400a3af1000a6af25384000d000a68f0d
:10c2c400ecb6400f2000a427140040140000000026
:10c2d40006002012d800a68f252860028395400fff
:10c2e4002000a4270d004014000000008000062454
:10c2f400252840023b40400f2000a427070040149b
:10c30400ffff102480000624252840023b40400ff4
:10c314002000a4272b8002002380100078f3400f14
:10c324002000a427ffff03240b80620025100002d5
:10c33400bc00bf8fb800b38fb400b28fb000b18f10
:0cc34400ac00b08f0800e003c000bd2773
:020000040000fa
:020000041d02db
:10c35000c0ffbd273000b4af5000b48f3400b5af7c
:10c36000010094322c00b3af2800b2af2400b1af6b
:10c370002000b0af3c00bfaf3800b6af25908000c2
:10c380002598a0002580c0002588e00003008016c5
:10c390002ba8c7001300a05623a8300225300002a6
:10c3a00025286002d5e5400f252040020d00a0168b
:10c3b00023a83002258800023c00bf8f25102002f0
:10c3c0003800b68f3400b58f3000b48f2c00b38f97
:10c3d0002800b28f2400b18f2000b08f0800e00346
:10c3e0004000bd271100a22e100006240b30a2022f
:10c3f000200005241000a427d4fb400f25b0a00284
:10c400001000c22e0b0040100f00a6321000a5270e
:10c41000d5e5400f25204002e7ff801625300002b9
:10c4200025286002d5e5400f25204002e3ff0010db
:10c430003c00bf8f100006241000a527d5e5400f53
:0cc4400025204002eeff0010f0ffd62681
:020000040000fa
:020000041d02db
:10c44c00e0ffbd271c00bfaf1800b1af1400b0afa8
:10c45c00258080004000918c9dff400f25202002fc
:10c46c00a5ff400f25202002adff400f2520200204
:10c47c003900410f25202002fdff40140000000070
:10c48c00a1ff400f252020026e00410f2520200225
:10c49c0025004014b4000226b80000aeb40000ae73
:10c4ac00d40002aec00000aebc0000aebc00022640
:10c4bc00d80002aec80000aec40000aec400022614
:10c4cc00dc0002aed00000aecc0000aecc000226e8
:10c4dc00e00002aeef6305244b00410f2520200243
:10c4ec00252800005aff400f252020022528000097
:10c4fc005fff400f2520200295ff400f25202002d2
:10c50c0099ff400f25202002000605246c00410fe6
:10c51c00252020021c00bf8f1800b18f1400b08f93
:10c52c000800e0032000bd2791ff400f25202002ca
:08c53c00d5ff00100000000013
:020000040000fa
:020000041d02db
:10c544003b008014ffff022400a0023c58294390c2
:10c5540001000224040062541800a38c00a0023cd1
:10c564000800e0035829422400a0023c742943ac8b
:10c574002f006010ffff0224e0ffbd271c00bfafa7
:10c584001800b1af1400b0af00a0033c58296224d6
:10c594002000a494060044a401000424582964a0a3
:10c5a40002000324040043a4080040a40400a38c54
:10c5b4000c0043ac1000a38c140043ac029d043c5b
:10c5c400c8298424180044ac2400a48c200044ac62
:10c5d400240040a01400649401008050004104240d
:10c5e40000a0023c582950245c0004a61600629462
:10c5f4005e0002a6b1020624029d113c8429252670
:10c60400b5f3400f01000424b20206248429252630
:10c61400a6f3400f01000424251000021c00bf8f64
:10c624001800b18f1400b08f0800e0032000bd276c
:08c634000800e0030000000013
:020000040000fa
:020000041d02db
:10c63c00d0ffbd272c00bfaf2800b5af2400b4af8e
:10c64c002000b3af1c00b2af1800b1af1400b0aff4
:10c65c002580800025a8a0002588c00025a0e0002a
:10c66c00faef400f252000001e0000122598400014
:10c67c0042000296400042301a004010252800006b
:10c68c002bfe400f25200002160040102590400084
:10c69c000d00a012000000000000a28e0a00801203
:10c6ac00040002ae1d002016180002ae2528600200
:10c6bc0003f2400f25200000420002960463027c26
:10c6cc000c000010420002a6f9ff2012252860027f
:10c6dc000000238ef6ff8012080003aef3ff00105b
:10c6ec001c0003ae2528600203f2400f2520000039
:10c6fc0025900000251040022c00bf8f2800b58f1c
:10c70c002400b48f2000b38f1c00b28f1800b18f9f
:10c71c001400b08f0800e0033000bd270000238e0a
:08c72c00eeff0010080003ae4f
:020000040000fa
:020000041d02db
:10c73400d8ffbd272400bfaf2000b4af1c00b3afa7
:10c744001800b2af1400b1af1000b0af2590800054
:10c754002588a0002598c00025a0e0009481848f3e
:10c764000400828c09f840002000052425004010b4
:10c77400258040000300258a0000259a0700248aaa
:10c784000400249a0b00238a0800239a0f00228aab
:10c794000c00229a070005aa040005ba0b0004aa9b
:10c7a400080004ba0f0003aa0c0003ba130002aa7b
:10c7b400100002ba180013a61c0014aedc050324f2
:10c7c4000b0063122510000042f0400f000000002f
:10c7d40025f2400f25884000802802002128a2006d
:10c7e4000019050023186500c0180300211071000a
:10c7f400140002ae020006242528000214a8400feb
:10c8040025204002251000022400bf8f2000b48f91
:10c814001c00b38f1800b28f1400b18f1000b08fba
:08c824000800e0032800bd2715
:020000040000fa
:020000041d02db
:10c82c000000a28c390040102538000025180000ab
:10c83c002540000001000b2400e08a7c0400498c98
:10c84c002e0023052540400004008010000000004d
:10c85c000800498c29002a55254040000400438ccf
:10c86c00c001637c1a006014010003240400438c93
:10c87c00c001637cfdff6014000000000000438ccd
:10c88c00000040ac140040ac0400c98c15002055cd
:10c89c00000022ad0400c2ac0000c2ac0400428c0b
:10c8ac008007427cf1ff40502510600002000051cf
:10c8bc000000a3ac000003ad120080140100e724bb
:10c8cc002510600025186001dcff401400000000fa
:10c8dc000200e01425100000010062240800e003af
:10c8ec00000000000400cc8c0400492400e0297de9
:10c8fc00140089ade9ff00100400c2acf2ff001077
:10c90c000000428cf2ff001001000324f2ff001023
:04c91c0025180000da
:020000040000fa
:020000041d02db
:10c92000e0ffbd271c00bfaf1800b2af1400b1afcd
:10c930001000b0af2580a000c218050010006330c1
:10c940000200a5300700a010010062340400c530c9
:10c950000100a054090062340800c6300100c05430
:10c96000040042344000918c89bf033c009262acc9
:10c970000291100004000332040042320100642cd2
:10c9800025104400b240423489bf043c109282ac6e
:10c9900015000224120005240a284300eefe400f71
:10c9a000252020020c00052498fd400f25202002a0
:10c9b00012000524f4fe400f252020023700052434
:10c9c000b5ff400f252020020f000524b9ff400fbe
:10c9d0002520200200401032090000121c00bf8fe9
:10c9e000bdff400f25202002c1ff400f252020025f
:10c9f00001004532c5ff400f252020021c00bf8fdb
:10ca00001800b28f1400b18f1000b08f0800e0033f
:04ca10002000bd271e
:020000040000fa
:020000041d02db
:10ca1400d0ffbd272c00bfaf2800b3af2400b2afb6
:10ca24002000b1af1c00b0af258880000800938cb3
:10ca34000a0072961000a0af6de4400f1000a52705
:10ca440040004232090040101000b08f0a0070a666
:10ca54001000628e800143300e00601001004330ec
:10ca64000400027c0d000010444a027c2580400230
:10ca7400110052321000a28ff6ff52501000628e45
:10ca8400fcff052469ec400f25202002f1ff001073
:10ca94001000628e01006050444a027c0800033298
:10caa4000d0060100400033200204234100062ae16
:10cab400010002241a0022a61c0020a62c00bf8f0d
:10cac4002800b38f2400b28f2000b18f1c00b08fd8
:10cad4000800e0033000bd270300601002000332a9
:10cae400f2ff001000104234030060100100103205
:10caf400eeff00100080423480831000ebff001032
:04cb040025100202f4
:020000040000fa
:020000041d02db
:10cb0800d8ffbd272400bfaf2000b2af1c00b1afd3
:10cb18001800b0af258080002588a0006eff400f68
:10cb2800e080928f4018020021186200c0180300ac
:10cb3800211062008010020021904202600042929f
:10cb48000100433016006010001023321a006010f4
:10cb5800253000002528000099af400f252000024d
:10cb6800010002241000a2af253800002530000083
:10cb78002528000030cc400f2520000202000624a2
:10cb880001000524b1d8400f2520000225380000f7
:10cb9800253000000c0005245472400f25200002a7
:10cba8002400bf8f2000b28f1c00b18f1800b08ff7
:10cbb8000800e0032800bd2700083132f8ff2012e2
:10cbc8001000423001000324020005240a286200f4
:10cbd8009bae400f252000022538000025300000bc
:10cbe8000d0005245472400f25200002edff0010af
:04cbf8002400bf8fc7
:020000040000fa
:020000041d02db
:10cbfc00e8ffbd271400bfaf1000b0af1800838c46
:10cc0c00030002241900621001001024ec80828fb2
:10cc1c0030004014009d073c00008294008182afdc
:10cc2c00c419e724009d063cd819c6240f0005241e
:10cc3c00039d043cdca1400fa4d4842410004014b8
:10cc4c0025804000ba00410f000000000800401091
:10cc5c0025100002b800410f00000000009d053cab
:10cc6c00e019a524d8c8400f25204000251000024b
:10cc7c001400bf8f1000b08f0800e0031800bd2710
:10cc8c0025300000019d053c746ba524a7e1400fe5
:10cc9c00200004240d004014f48082afba00410f30
:10ccac0025800000f2ff405025100002b800410f13
:10ccbc0000000000009d053c041aa524d8c8400fb4
:10cccc0025204000eaff001025100002f08080af04
:10ccdc00ec80828f01004224ec8082afe3ff0010d5
:04ccec00010010240f
:020000040000fa
:020000041d02db
:10ccf0000000a28c0400a38cc0ffbd273800b3af96
:10cd00003400b2af3000b1af2c00b0af0800b38c2c
:10cd10000c00b28c3c00bfaf258880002580a000ad
:10cd2000030060042000a2af4408027c2000a2aff0
:10cd30002000a2271800a2af080002241400a2af0e
:10cd40001000b3af0400c78c0000c68cf5a0400fe4
:10cd5000252000022000a38f100063300400601023
:10cd600030000424ffff422421184202000064a086
:10cd70002000a38f0800633004006010200004240a
:10cd8000ffff422421184202000064a01000068e1a
:10cd90002000a38fffffc6241000a3af2538600238
:10cda0002330c20021284202d4b0400f25202002a7
:10cdb0000400238e00016330040060103c00bf8f2c
:10cdc0000400038e2a2043000b1064003800b38f48
:10cdd0003400b28f3000b18f2c00b08f0800e00318
:04cde0004000bd272b
:020000040000fa
:020000041d02db
:10cde400d8ffbd272400bfaf2000b1af1c00b0aff7
:10cdf40000a0023c700242242f004414faff1024c5
:10ce040000a0103c25384000049d063cbcabc62461
:10ce140025280000f883400f252040002528000025
:10ce2400987d400f70020426700210262a00109686
:10ce34002100001200a0023c1000a0afd802428cd6
:10ce4400040040100500052400a0043c09f840003b
:10ce5400540384241000a52700a0113cd1f0400ff6
:10ce640070022426700231266800228e04004010cd
:10ce74000600052400a0043c09f84000540384245f
:10ce84001000a28f2a1802020a00601400a0033cba
:10ce94009c0265940400a0140400062405000212f8
:10cea400232802020400062400a0043c698e400fdb
:10ceb4007002842425800000251000022400bf8f06
:10cec4002000b18f1c00b08f0800e0032800bd27ac
:020000040000fa
:020000041d02db
:10ced400d0ffbd272c00bfaf2800b5af2400b4afee
:10cee4002000b3af1c00b2af1800b1af1400b0af54
:10cef4002580800025a0a0001400828c09f8400041
:10cf04001000958c259040000c00028e12004010f9
:10cf140025880000259800000800118e0000028e6c
:10cf240002185172218862000000229601004230ea
:10cf340013004014253080022000028e2528200290
:10cf440009f8400025200002020033a62400028ec6
:10cf540001004224240002ae251020022c00bf8fc1
:10cf64002800b58f2400b48f2000b38f1c00b28f2b
:10cf74001800b18f1400b08f0800e0033000bd2703
:10cf84001c00028e2528200209f8400025200002fa
:10cf9400f1ff4010219055020c00028e2b18420222
:10cfa4000100605023904202010073262b1062029c
:10cfb400d9ff401425880000e8ff00102510200246
:020000040000fa
:020000041d02db
:10cfc400e0ffbd271c00bfaf1800b2af1400b1af23
:10cfd4001000b0af2f0080102580800025908000c5
:10cfe4002588a00039be400f030006242900401400
:10cff400258040006881848f0400828c09f84000f9
:10d004002800052423004010258040000300258ac1
:10d014000000259a0700248a0400249a0b00238a1e
:10d024000800239a0f00228a0c00229a0b0005aafa
:10d03400080005ba0f0004aa0c0004ba130003aade
:10d04400100003ba170002aa140002ba27000292c1
:10d05400030003240408627c270002a2252820027e
:10d064001ad0400f25204002260003920418437c66
:10d07400260003a2060006242528000214a8400f57
:10d08400252040022530000201000524add7400fc1
:10d0940025204002251000021c00bf8f1800b28f0b
:10d0a4001400b18f1000b08f0800e0032000bd27ea
:020000040000fa
:020000041d02db
:10d0b4003900801025100000e0ffbd271c00bfaf21
:10d0c4001800b1af1400b0af258080003c00838c01
:10d0d400260060102588a0004000828c19006200a0
:10d0e40010180000210060142510000078f0400f93
:10d0f400000000000000038e4000048e3c00028efd
:10d104000210827021286200080005ae380000aecb
:10d11400040003ae23104400211862000c0003ae87
:10d12400ffff0224440002a2450002a214002016bc
:10d13400000000001000028e0900401000000000f2
:10d144009599400f100004260500401000000000cf
:10d15400006802400001423400688240c0000000c0
:10d164008de5400f00000000010002241c00bf8f69
:10d174001800b18f1400b08f0800e0032000bd2711
:10d1840068fd400f1000042668fd400f24000426ab
:10d19400f3ff0010000000000800e003000000009e
:020000040000fa
:020000041d02db
:10d1a400e0ffbd271400b1af2588c0000004c628e5
:10d1b4001c00bfaf1800b2af1f00c0141000b0af06
:10d1c400049d123c088b468e0c8b478e6d54400f89
:10d1d40001fc30260004042a09008014088b468ec2
:10d1e4000c8b478e25204000252860006d54400f8d
:10d1f40002f830260004052aff0304240a8085006f
:10d20400ff031026002d1000254000002538a00043
:10d2140025300001252040006d54400f2528600072
:10d224001c00bf8f1800b28f1400b18f1000b08f94
:10d234000800e0032000bd2702fc262a25108000f8
:10d244002518a000eeffc01025802002049d123c8a
:10d25400108b468e148b478e6d54400fc9033026b5
:10d2640002fc052ae6ffa010108b468e148b478e15
:10d2740025286000920730266d54400f2520400079
:10d2840002fc062a02fc0524ddff00100b80a60028
:020000040000fa
:020000041d02db
:10d29400d8ffbd272400bfaf2000b3af1c00b2af3e
:10d2a4001800b1af1400b0af258880002580a0001d
:10d2b4002598c0002590e0000f00a4902620870048
:10d2c4002a050624029d053c6860a52400f4400f4d
:10d2d4000100842c25280002e1df400f2520600294
:10d2e40019000216140006240c00139225280000cd
:10d2f400d4fb400f25200002252800026df8400fc2
:10d3040084002426010002240f0002a20300022448
:10d3140014006212000000000200022404004216fd
:10d324002400bf8f9200410f1000248e2400bf8f71
:10d334002000b38f1c00b28f1800b18f1400b08f7f
:10d344000800e0032800bd2736050624029d053c9d
:10d354006860a52400f4400f25200000efff0010b2
:10d364000200022401fe400f1000248e04002296c5
:0cd37400c418027ce8ff0010040022a690
:020000040000fa
:020000041d02db
:10d38000d8ffbd272400bfaf2000b4af1c00b3af4f
:10d390001800b2af1400b1af1000b0af2598a000d4
:10d3a000251880003800842c020080102590c000d1
:10d3b0003800032403006324fcff70301100622650
:10d3c000fcff5430c080848f26008526212805026a
:10d3d0000400828c09f84000feffa5301a004010be
:10d3e000258840001800062625280000d4fb400fa1
:10d3f00025204000211830020e0074a40e00822661
:10d40000120062a4230062240408027c040062acbf
:10d41000f8ff51ac01000224100062a4100023aefa
:10d420000400628c02004424080064ac140024aea2
:10d430000400127c03006012200032ae100042246f
:10d44000180022ae2f0020a2251020022400bf8f3a
:10d450002000b48f1c00b38f1800b28f1400b18f5e
:0cd460001000b08f0800e0032800bd277a
:020000040000fa
:020000041d02db
:10d46c00080e009d010000000c0e009d0200000043
:10d47c009009009d03000000a409009d030000001a
:10d48c00140e009d0400000000000000301a009de6
:10d49c003c1a009d441a009d501a009df0cb009d33
:10d4ac00581a009d741a009d943c029d7c1a009d94
:10d4bc00a818009d1012019d981a009db01a009d8d
:10d4cc000c93029db81a009dcc1a009d1c3b029d2a
:10d4dc00d41a009de81a009d18b2019df01a009d07
:10d4ec000c1b009df070029d141b009d2c1b009dbd
:10d4fc0018e6029d341b009d501b009de891029d77
:10d50c00581b009d6c1b009dac81019d701b009de8
:10d51c00901b009d54cb019d981b009dac1b009d46
:10d52c001cc1019db81b009dcc1b009d9c6e009dd9
:10d53c00d41b009dec1b009d1474019df41b009ddd
:0cd54c000c1c009d3c0c039d181c009d55
:020000040000fa
:020000041d02db
:10d55800e8ffbd271400bfaf1000b0af25808000e2
:10d568001800848c030003240d008310010002249a
:10d57800b081828f0e00401420000624009d053cd7
:10d58800c865a524a7e1400f08000424080040143a
:10d59800b08182af99fa400f00000000251000000a
:10d5a8001400bf8f1000b08f0800e0031800bd27db
:10d5b8009081828f130040541400038e0800048e5b
:10d5c800948184af000005968c8185af0800828c19
:10d5d80009f840000c00062425184000a08182affd
:10d5e800efff60102510000000a0023c802a4224b2
:10d5f8000c0040a01c0040a02c0040a03c0040a013
:10d608001400038e40100300211043008010020014
:10d61800a081838f21106200040040a0050040a073
:10d6280001000224988182a39081828f0100422404
:0cd63800908182afdaff00100100022494
:020000040000fa
:020000041d02db
:10d64400e0ffbd271c00bfaf1800b2af1400b1af9c
:10d654001000b0af2580a0001a00a6a00500022487
:10d664001200c2142c00a0aca881828f01004224b5
:10d67400a88182af42f0400f1b00a0a025f2400f0a
:10d6840025884000801802002118620021107100d2
:10d694001c0002ae1c00bf8f1800b28f1400b18fa3
:10d6a4001000b08f0800e0032000bd27030002240f
:10d6b4000f00c2142588800042f0400f00000000d3
:10d6c40025904000a1f7400f2520200225f2400fad
:10d6d4002c00518c02182272218872001c0011ae99
:10d6e400300002924408027ceaff0010300002a2db
:10d6f40004000224e8ffc2141c00bf8f42f0400f54
:10d704000000000025f2400f258840008020020020
:10d71400212082000019040023186400c0180300ab
:0cd7240021107100dbff00102c0002ae91
:020000040000fa
:020000041d02db
:10d730000700a22c3600401080280500e8ffbd2716
:10d740001400bfaf1000b0af039d023c60d742246d
:10d75000211045000000428c080040002580800018
:10d76000fcd7029d7cd7029d98d7029dacd7029d25
:10d77000c0d7029dd4d7029de8d7029d010007249f
:10d7800001000624b3cb400f2528000001004238d9
:10d790001b0000100100422c69f9400f000000003e
:10d7a00001004238160000100100422c75f9400fac
:10d7b000ffff053401004238110000100100422c27
:10d7c00081f9400f00000000010042380c000010f9
:10d7d0000100422cfaef400f25200000000002aead
:10d7e00007000010010002240000858c03f2400fa6
:10d7f0002520000002000010010002242510000076
:10d800001400bf8f1000b08f0800e0031800bd2780
:08d810000800e00325100000f0
:020000040000fa
:020000041d02db
:10d81800d0ffbd272c00bfaf2800b5af2400b4afa0
:10d828002000b3af1c00b2af1800b1af1400b0af06
:10d838002d00a010258880002580a000faef400f59
:10d848002520000025a04000120013866dfa400f25
:10d85800252060021c000256258000006000029608
:10d86800010042301c004050258000005800128ef4
:10d878005c00108e2800358e2528800203f2400fa8
:10d888002520000029d7400f25202002050040123e
:10d8980025380002010006242528a00209f84002c4
:10d8a800252060022c00bf8f2800b58f2400b48f7c
:10d8b8002000b38f1c00b28f1800b18f1400b08ff6
:10d8c8000800e0033000bd272590000025980000df
:10d8d800e9ff001025a80000259000002598000009
:10d8e800e5ff001025a8000029d7400f0000000020
:08d8f800edff00102c00bf8fb2
:020000040000fa
:020000041d02db
:10d900002d0080102510000000a0023cdc27428c76
:10d910000c00878c2a004010000000000c00438c93
:10d920002b18e3002b00601400a0033c25480000e6
:10d9300025280000254000000c00438c2118a3007e
:10d940002b2865002150a80025286000255840009c
:10d950001c00428c0c004010254040010c00468cfd
:10d960002118c3002b3066002130ca002b5026013d
:10d97000060040551c0082acefffc9142b18e300d1
:10d98000edff6010000000001c0082ac1c0064adc4
:10d99000251000002338e5000c0087ac1c00838ca8
:10d9a00005006010000000000c00858c0c00648ce9
:10d9b000232085000c0064ac0800e0030000000098
:10d9c0000c0087ac00a0023cdc2744ac0800e0035c
:10d9d00001000224dc2764ac1c0082ac2528000076
:08d9e000ecff0010010002241d
:020000040000fa
:020000041d02db
:10d9e800d8ffbd272400bfaf2000b3af1c00b2afe3
:10d9f8001800b1af1400b0af0a0080102580800075
:10da08002590a0002588c000a1f7400f2598e000c8
:10da18000c0060166000508c0400508c19000056f1
:10da280024000292251000022400bf8f2000b38f2b
:10da38001c00b28f1800b18f1400b08f0800e003eb
:10da48002800bd27f8ff0012251000021c000292d2
:10da5800060051141000062404000526a9f6400ffc
:10da680025204002f0ff4010251000020000108e13
:10da7800f6ff001625100002ecff00102400bf8fef
:10da8800240002920a0040500300028a0700511441
:10da9800100006240800052692de400f25204002cb
:10daa8002b105100e0ff4010251000020300028aed
:10dab8000000029af2ff401425804000daff0010af
:04dac8002510000223
:020000040000fa
:020000041d02db
:10dacc00e0ffbd271c00bfaf1800b0af3482822727
:10dadc001400a2af010010241000b0af25380000d4
:10daec0000080624009d053ca421a524049d043cab
:10dafc00ba5d400f80f584241400a0af1000b0afc5
:10db0c002538000000040624009d053cb421a52402
:10db1c00049d043cba5d400ffcd984241400a0afd2
:10db2c001000b0af2538000000040624009d053c11
:10db3c00c421a524049d043cba5d400f14eb84243d
:10db4c001400a0af1000b0af25380000000406246c
:10db5c00009d053cd821a524049d043cba5d400fd2
:10db6c0040eb8424388282271400a2af1000b0af9f
:10db7c002538000000040624009d053ce821a5245e
:10db8c00049d043cba5d400f08fd84241ec2400f66
:10db9c00000000001c00bf8f1800b08f0800e003cd
:04dbac002000bd2771
:020000040000fa
:020000041d02db
:10dbb000c8ffbd273400bfaf3000b4af2c00b3aff7
:10dbc0002800b2af2400b1af2000b0af25808000a4
:10dbd0002588a0002590c0002598e0008400062438
:10dbe000d4fb400f252800004c00a28f780002ae25
:10dbf0005000a28f7c0002ae080014264800a28fbd
:10dc00001c00a2af1800b3af1400b2af1000b1af48
:10dc1000040007243700062425288002d86a400f14
:10dc20002520000225184000100060140100022485
:10dc30001c00a0af1800a0af370002241400a2af50
:10dc40001000b4af25380000370006243f00052639
:10dc5000d86a400f252000020c0040140100032464
:10dc6000000003ae040000ae800000a23400bf8fad
:10dc70003000b48f2c00b38f2800b28f2400b18ff6
:10dc80002000b08f0800e0033800bd27f7ff001028
:04dc90000100022469
:020000040000fa
:020000041d02db
:10dc9400d8ffbd272400bfaf2000b3af1c00b2af34
:10dca4001800b1af1400b0af1000918c29002012fd
:10dcb4002580a0001400b390010073322590200247
:10dcc4000000318e1a006012000040ae6800028e1f
:10dcd400030040100500052409f84000e400042670
:10dce4000800458ef790400f252000026800028e40
:10dcf400030040100600052409f84000e40004264f
:10dd0400180003860400428e211043000000448c56
:10dd140010004296040042300a0040506000028e17
:10dd24002000828cc418027c08000010200082ac01
:10dd3400180003860400428e211043000000448c26
:10dd44006000028e09f8400000000000dcff20168d
:10dd5400259020022400bf8f2000b38f1c00b28fb7
:10dd64001800b18f1400b08f0800e0032800bd270d
:020000040000fa
:020000041d02db
:10dd7400d0ffbd272c00bfaf2800b5af2400b4af3f
:10dd84002000b3af1c00b2af1800b1af1400b0afa5
:10dd94002580800025a0a0001400828c09f8400092
:10dda4001000958c259040000c00028e130040104a
:10ddb40025880000259800000800118e0000028ebe
:10ddc400021851722188620000002296010042303c
:10ddd40014004010253080021c00028e25282002e9
:10dde40009f84000252000020f004014219055023c
:10ddf400000022964408027c000022a6251020027e
:10de04002c00bf8f2800b58f2400b48f2000b38f5f
:10de14001c00b28f1800b18f1400b08f0800e0030b
:10de24003000bd27219055020c00028e2b184202af
:10de34000100605023904202010073262b106202fd
:10de4400ddff401425880000edff0010251020029e
:020000040000fa
:020000041d02db
:10de5400d0ffbd272c00bfaf2800b3af2400b2af62
:10de64002000b1af1c00b0af258080002590a00039
:10de7400039d023c7c0b438c1000a3af7c0b42241b
:10de8400040042941400a2a71400938c70fb400f6a
:10de94002800848c1e0040102518000025884000ae
:10dea4000600062425286002a9f6400f252040001c
:10deb40006004010060006241000a527a9f6400f0e
:10dec4002520200212004014251800001800108e8e
:10ded40009000492110002240d0082142518000088
:10dee40021801202ee67400f02000496258840004c
:10def400ee67400f00000496d280849704009114ca
:10df040025180000d0808397261862000100632c36
:10df1400251060002c00bf8f2800b38f2400b28f1f
:10df24002000b18f1c00b08f0800e0033000bd2733
:020000040000fa
:020000041d02db
:10df3400d8ffbd272400bfaf2000b3af1c00b2af91
:10df44001800b1af1400b0af2598a0002588c00018
:10df540083fa400f2580e0001c0040502588000013
:10df64001a00201225904000a5f4400f25204000ff
:10df7400211811022a1843000200601023105000d7
:10df8400ffff51302000428e212850001800508e8f
:10df94002b10050206004050238005021400428e17
:10dfa40023100202271002002128a2002380050268
:10dfb40001001026ffff10322b1011020b00401439
:10dfc40025302002f1fa400f25206002251020029e
:10dfd4002400bf8f2000b38f1c00b28f1800b18fb4
:10dfe4001400b08f0800e0032800bd27253000028c
:10dff400f1fa400f25206002233030021400458ed0
:10e00400f1fa400f21207002f1ff001025102002c8
:020000040000fa
:020000041d02db
:10e0140080bf033c08000224006062ac80bf023c65
:10e0240000940434186044ac80bf023cad00042466
:10e03400406044ac88bf023c0004043c641044ac1f
:10e044000008043c641044ac0010043c641044ac6c
:10e0540000a0043ca0248224200040ac280040ac52
:10e064002c0040ac340040a03c0040a0380040ac40
:10e07400a02480ac080040ac0c0040ac100040a0d0
:10e084001c0040a0140040ac400040ac0060628c16
:10e0940006004230060003240e004314400003240b
:10e0a400a0248224300043ac180043ac80bf023c5f
:10e0b40000800334086043ac88bf023c0004033c86
:10e0c400681043ac0008033c681043ac0800e0034c
:10e0d4000000000000a0023ca0244224800003248d
:10e0e400300043ac180043acf1ff001080bf023c89
:020000040000fa
:020000041d02db
:10e0f400e0ffbd271c00bfaf1800b2af1400b1afe2
:10e104001000b0af0800918c00a0023c58294224b2
:10e1140002002212258080002588000004f1400faf
:10e12400252000020d0040101c00bf8f3400029611
:10e13400220002a62800028e0d00401401000524ce
:10e14400dfe2400f252000020300401003000224f8
:10e154001a0002a61c0000a61c00bf8f1800b28f74
:10e164001400b18f1000b08f0800e0032000bd2719
:10e1740042f0400f00000000259040002000228e55
:10e1840025f2400f0800518c02882272e7033126e1
:10e194006210023cd34d4224190022021088000070
:10e1a40082891100211032022c0002ae25280000c1
:10e1b400dfe2400f25200002e7ff401004000224a4
:0ce1c4001a0002a6e4ff00101c0000a6d8
:020000040000fa
:020000041d02db
:10e1d000d8ffbd272400bfaf2000b3af1c00b2aff3
:10e1e0001800b1af1400b0af13008010259080006c
:10e1f0002580a0002b00a0102598c000a1f7400f9b
:10e20000000000000300128a0700038a0400039a3a
:10e21000090063120000129a0f00601604005124d6
:10e220002528000217eb400f252020022528000298
:10e2300058f2400f25202002251040022400bf8ff5
:10e240002000b38f1c00b28f1800b18f1400b08f64
:10e250000800e0032800bd270800438c0800731461
:10e260002528000217eb400f252020022528000258
:10e2700068f2400f25202002f0ff00102510400218
:10e280000400512417eb400f2520200225306002a6
:10e290002528000248fb400f25202002e7ff001040
:0ce2a00025104002e4ff00102590a000b3
:020000040000fa
:020000041d02db
:10e2ac00e0ffbd271c00bfaf1800b2af1400b1af28
:10e2bc001000b0af78f0400f25808000450011921f
:10e2cc00208c117c0d00201a240012262400028eb2
:10e2dc000b004010ffff02249599400f25204002af
:10e2ec0003004010ffff31263100410f00000000f9
:10e2fc00208c117cf6ff20562400028effff022496
:10e30c00450002a28de5400f0000000078f0400fa0
:10e31c000000000044001192208c117c0d00201a8a
:10e32c00100012261000028e0b004010ffff02247a
:10e33c009599400f2520400203004010ffff312625
:10e34c003100410f00000000208c117cf6ff20569c
:10e35c001000028effff0224440002a28de5400f44
:10e36c00000000001c00bf8f1800b28f1400b18f8a
:0ce37c001000b08f0800e0032000bd2757
:020000040000fa
:020000041d02db
:10e38800d8ffbd272400bfaf2000b3af1c00b2af39
:10e398001800b1af1400b0af2590a000b7fe400f31
:10e3a8002588c0004020020021208200c0200400ef
:10e3b8003500410f21208200200020122580000016
:10e3c800f8ff132496fc400f0000000021205002a3
:10e3d800251840000500410404f2037cffff632474
:10e3e80000ff02242518620001006324000083a0b6
:10e3f8002510000204000106c4f0027cffff42243d
:10e408002510530001004224070003240900435447
:10e4180001001026b7fe400f000000004020020057
:10e4280021208200c02004003500410f21208200f5
:10e4380001001026e3ff111600000000251000005f
:10e448002400bf8f2000b38f1c00b28f1800b18f3b
:0ce458001400b08f0800e0032800bd276e
:020000040000fa
:020000041d02db
:10e46400a8ffbd270400a1af0800a2af0c00a3af12
:10e474001000a4af1400a5af1800a6af1c00a7afee
:10e484002000a8af2400a9af2800aaaf2c00abaf8e
:10e494003000acaf3400adaf3800aeaf3c00afaf2e
:10e4a4004000b8af4400b9af4800bfaf124000000d
:10e4b4004c00a8af104000005000a8af049d1a3cc7
:10e4c400d8fc5a27000000000068044000600540a2
:10e4d40009f84003000000005000a88f110000015b
:10e4e4004c00a88f130000010400a18f0800a28f24
:10e4f4000c00a38f1000a48f1400a58f1800a68f02
:10e504001c00a78f2000a88f2400a98f2800aa8fa1
:10e514002c00ab8f3000ac8f3400ad8f3800ae8f41
:10e524003c00af8f4000b88f4400b98f4800bf8fc4
:0ce534005800bd27c00000001800004285
:020000040000fa
:020000041d02db
:10e54000e0ffbd271c00bfaf1800b1af1400b0af93
:10e5500029008014ffff10242588a00000a0043c9f
:10e56000fde7400fb0288424230040102520400000
:10e57000080025320500a050140082940600429441
:10e580001b00401400000000140082942000401082
:10e59000140083242400829415004014ffff1024eb
:10e5a0002400832401000624080060a0090060a064
:10e5b0000a0060a00b0060a001000224000062a419
:10e5c000020066a4040064ac020002240400a0104f
:10e5d0000c0062ac0400829404004234040082a463
:10e5e0000600829401004224060082a42580600077
:10e5f00081f9400f00000000251000021c00bf8fb1
:10e600001800b18f1400b08f0800e0032000bd2770
:08e61000e5ff001025300000b9
:020000040000fa
:020000041d02db
:10e61800e0ffbd271c00bfaf1800b2af1400b1afb8
:10e628001000b0af25808000030002241300a21060
:10e638000400918c0000828c0000428c009d053cf7
:10e648001012a52409f84000252020020000028e9f
:10e658000000428c009d053c3812a52409f84000b2
:10e66800252020021c00bf8f1800b28f1400b18f24
:10e678001000b08f0800e0032000bd272590c000df
:10e6880008d7400f0400c48c09004014252040001e
:10e698000000028e0000428c009d053c7010a524ed
:10e6a80009f8400025202002efff00101c00bf8f52
:10e6b80091d8400f0800458e09004010009d053c88
:10e6c800009d053ce411a5240000028e0000428c48
:10e6d80009f8400025202002e3ff00101c00bf8f2e
:08e6e800f9ff0010f811a52450
:020000040000fa
:020000041d02db
:10e6f00018008010251080000b0002240a00a214cc
:10e700005c008324090062900a00422c0e00401431
:10e710000100052413000010251060000c00638c1c
:10e720002700601000000000090062902b104500d7
:10e73000faff401425106000090043902618650078
:10e740000800e0030b1003000c00638cedff601465
:10e75000251060000800e00300000000fdff4010ed
:10e760000000000008004390fcff65540c00428c40
:10e770000c00448c0500801425188000eeff00106a
:10e780000a00052406006050060083940800669085
:10e79000fcffc5500c00638cf2ff001025106000d8
:10e7a0000b1083000c00848cfdff805406008394c2
:10e7b000e8ff40100a000524e0ff00100900439024
:08e7c0000800e00325106000d1
:020000040000fa
:020000041d02db
:10e7c800e0ffbd271c00bfaf1800b2af1400b1af07
:10e7d8001000b0af259080002588a00086fe400f6d
:10e7e800480204241c0040102580400048020624ea
:10e7f80025280000d4fb400f25204000000012ae61
:10e80800040011ae20000226180002ae1c0002ae61
:10e81800d800022648020426cc00038e1500605456
:10e82800000043accc0002aed00002ae000042ac07
:10e83800040042ac5c004224f8ff4454cc00038e30
:10e84800080000ae0482828f110040140882828f73
:10e85800048290af088290af251000021c00bf8f81
:10e868001800b28f1400b18f1000b08f0800e003b9
:10e878002000bd27d000038e040043ac000062ac2a
:10e88800cc00038e040062aceaff0010cc0002ae9c
:08e89800f0ff0010080050ac75
:020000040000fa
:020000041d02db
:10e8a000d8ffbd272400bfaf2000b3af1c00b2af1c
:10e8b0001800b1af1400b0af2598a0002588c000a3
:10e8c0002590e000009d053caadf400fe822a5242a
:10e8d0002580400050000224000042a60d000012d6
:10e8e000ffff022402001026000070ae3a0005244b
:10e8f00030f8400f25200002110040142f0005249d
:10e9000030f8400f2520000209004054000040a0cc
:10e91000000020ae2400bf8f2000b38f1c00b28ff8
:10e920001800b18f1400b08f0800e0032800bd2745
:10e9300001004224000022aef6ff00102510000066
:10e94000000040a00100502430f8400f25200002b4
:10e9500004004050000022ae000040a0010042240c
:10e96000000022aec9da400f25200002000042a6b6
:08e97000e8ff00102510000073
:020000040000fa
:020000041d02db
:10e97800c0ffbd273800b1af3400b0af2588800094
:10e988002580a00020000624252800003c00bfaff9
:10e99800d4fb400f1000a427000003820900601078
:10e9a80025100000010002820b004014010005241c
:10e9b8002510200200004480feff835001004224fd
:10e9c800231051003c00bf8f3800b18f3400b08f46
:10e9d8000800e0034000bd27000002821700401035
:10e9e8004011437c1000a4278018030021188300dd
:10e9f8000000648c0410450025104400000062ac3f
:10ea0800f5ff00100100102600004380ecff6010a5
:10ea18004011647c802004001000a6272120c40037
:10ea28000000848c0418650024186400f6ff605404
:10ea380001004224e3ff001023105100251020029a
:08ea4800f1ff0010010005249c
:020000040000fa
:020000041d02db
:10ea500000a0033c70026324300064142510000001
:10ea6000d8ffbd272400bfaf2000b4af1c00b3af58
:10ea70001800b2af1400b1af1000b0af2588a000ed
:10ea800000a0023cfc02438c1c006010251000001a
:10ea900000a0103c700210264000148e03eb400fc3
:10eaa0002520a0002590400031e9400f8800048e09
:10eab000259840009000028e2788110024882202a9
:10eac000900011ae9800038e27101200241043000e
:10ead000980002ae252840024200410f2520800206
:10eae000252840024500410f25208002252860028c
:10eaf000affa400f8800048e010002242400bf8f6b
:10eb00002000b48f1c00b38f1800b28f1400b18f97
:10eb10001000b08f0800e0032800bd270800e003c4
:04eb200000000000f1
:020000040000fa
:020000041d02db
:10eb2400e8ffbd271400bfaf1000b0af04f1400fe1
:10eb3400258080000f0040101400bf8f340002961f
:10eb4400200043300e006014040043302800028e7d
:10eb54000400401000100324000043ac040040ac47
:10eb6400080040acf8ff052469ec400f25200002a2
:10eb74001400bf8f1000b08f0800e0031800bd27f9
:10eb84000b006014000142302800028e0400401083
:10eb9400f8ff0524000040ac040040ac080040ac81
:10eba40069ec400f25200002f2ff00101400bf8f13
:10ebb400080040100f000524dfe2400f252000026a
:10ebc400ebff4010020002241a0002a6e8ff001026
:10ebd4001c0000a606000524dfe2400f25200002e9
:10ebe400e3ff4010050002241a0002a6e0ff001013
:04ebf4001c0000a65b
:020000040000fa
:020000041d02db
:10ebf800e8ffbd271400bfaf1000b0af0400838c3e
:10ec0800faff62240200422c150040102580800083
:10ec18001800838c1000605403006288a1f7400f2d
:10ec28000800848c0400058e060004240200a41445
:10ec380010004324040043240000628c02004010aa
:10ec4800180002ae080042241400bf8f1000b08fd5
:10ec58000800e0031800bd27f8ff001000006298c4
:10ec6800080002240e006254090004241c00828c4f
:10ec7800040040540000428ca1f7400f0800848c27
:10ec88000000428cf0ff40101c0002ae0400428cd1
:10ec9800edff405404004224ecff00101400bf8f25
:10eca800e9ff6414251000002000038ee7ff6014bc
:10ecb8001400bf8f32fe400f0800048ee2ff0010e0
:04ecc800200002ae78
:020000040000fa
:020000041d02db
:10eccc001800848c030003243000831001000224fc
:10ecdc00e8ffbd271400bfaf1000b0af0881828fd2
:10ecec001f00401425300000ffff02240c8182a776
:10ecfc008900052447fe400f0100042425804000b4
:10ed0c00ffff02241a00021225380000049d063c65
:10ed1c0080ddc6240001052482cc400f2520000292
:10ed2c00130040102538000089000624010005243a
:10ed3c000f8b400f252000020d0040106e000624a2
:10ed4c000c8190a7019d053c205fa524a7e1400ff5
:10ed5c001300042406004010048182af0881828fc6
:10ed6c0001004224088182af04000010010002243b
:10ed7c00f8ed400f00000000251000001400bf8fbc
:10ed8c001000b08f0800e0031800bd270800e00356
:04ed9c000000000073
:020000040000fa
:020000041d02db
:10eda000c8ffbd273400bfaf3000b3af2c00b2aff7
:10edb0002800b1af2400b0af258080002590a000ce
:10edc0002588c0001400a0af1000a0af0700c0103d
:10edd0001800a0af6800828c050040104400132684
:10ede0000500052409f84000e800842444001326a7
:10edf00067f5400f252060021300401425284000cd
:10ee000006002012000000006800028e030040107f
:10ee10000600052409f84000e800042667f5400fc5
:10ee20001000a4270c004014252040003400bf8fa0
:10ee30003000b38f2c00b28f2800b18f2400b08f28
:10ee40000800e0033800bd2749f8400f1000a42750
:10ee5000e7ff0010000000006400028e401006244e
:10ee600009f8400025284002ecff001000000000d7
:020000040000fa
:020000041d02db
:10ee7000d8ffbd272400bfaf2000b1af1c00b0af4a
:10ee8000258080001000a0af3800918c1c00228edd
:10ee900009f840000c00848c010003240900431091
:10eea0002400bf8f2000228e09f840000c00048e41
:10eeb000080040507800028e88f3400f25200002a1
:10eec0002400bf8f2000b18f1c00b08f0800e0032a
:10eed0002800bd2701004230150040101000a52772
:10eee0003400228e09f840000c00048e1000a28f1e
:10eef0000100423000800534004003240b286200ea
:10ef00007c00028e2528a2007c0005ae8000068ec3
:10ef100048b2400f25200002140002920100032491
:10ef20000421627c140002a2e5ff0010840000ae00
:10ef300088f3400f25200002e2ff00102400bf8f5d
:020000040000fa
:020000041d02db
:10ef4000e0ffbd271c00bfaf1800b0af30008390ba
:10ef5000020002240a0062106c010624029d053c96
:10ef60004429a524a6f3400f252000002510000009
:10ef70001c00bf8f1800b08f0800e0032000bd27e1
:10ef8000258080001000848c060080147201062405
:10ef9000029d053cb5f3400f4429a524f4ff001061
:10efa000ffff02240c00028e3800428c1000a627be
:10efb00009f840001400058e2518400001000424c3
:10efc000ebff641002000224090061047e010624a4
:10efd000029d053c4429a524a6f3400f25200000ee
:10efe000feff0224140000aee1ff0010300000a27a
:10eff0003100049203000324faff8314251000005b
:10f000001000a28f340002a6f6ff001025100000a9
:020000040000fa
:020000041d02db
:10f0100031008010f5ff0224e0ffbd271c00bfafc8
:10f020001800b1af1400b0af258080000800838cb9
:10f0300000a0023c58294224070062102588a00045
:10f04000f5ff02241c00bf8f1800b18f1400b08f91
:10f050000800e0032000bd2702008484010003248f
:10f06000f8ff8314f6ff022418000496010003241d
:10f07000f5ff83141c00bf8f1a00039601000224c1
:10f080000300621004000424eeff6414f6ff02245f
:10f090003000049202000324eaff8314f7ff0224e5
:10f0a000d0bb400f2520000225184000e5ff60047a
:10f0b000f7ff022402000424e2ff6410010002248e
:10f0c000e0ff20122510000034000296000022a666
:10f0d000dcff0010251000000800e0030000000025
:020000040000fa
:020000041d02db
:10f0e000d8ffbd272400bfaf2000b3af1c00b2afd4
:10f0f0001800b1af1400b0af258880002580a000b3
:10f10000100085ac7800a294140082ac180086ac84
:10f110001c0087ac039d123c30be5226039d133c5d
:10f120007cbd7326f4ff52260800428e09f8400089
:10f1300025202002fbff53162528000231aa400f8c
:10f14000010004247000048e060080506c00048ec0
:10f150004400028e2000428c09f8400000000000ac
:10f160006c00048e06008050700000ae4400028ed9
:10f170000c00428c09f8400000000000700000ae56
:10f180006c0000ae420002968473027c8431027ce3
:10f19000420002a62400bf8f2000b38f1c00b28f54
:10f1a0001800b18f1400b08f0800e0032800bd27bd
:020000040000fa
:020000041d02db
:10f1b000a0ffbd275c00bfaf5800b3af5400b2af93
:10f1c0005000b1af4c00b0af258080002598a00062
:10f1d0002590c000260080102588e0008af0400fae
:10f1e0007000848c251840001a006010f1fe022483
:10f1f0000400648c170080101000a5272800a0af21
:10f200002c00a0af3000a0af3400a0af3800a0affa
:10f210003c00a0af4000a0af010002241000a2af4c
:10f22000060002241400a2af2400b0af1800b3af50
:10f230001c00b2af2000b1af0400628c0800668ce5
:10f2400009f840000000648c52ff03240100435081
:10f25000f1fe02245c00bf8f5800b38f5400b28fc0
:10f260005000b18f4c00b08f0800e0036000bd2754
:10f2700077e2400f25200000dbff0010251840003a
:020000040000fa
:020000041d02db
:10f28000c0ffbd273800b1af3400b0af3c00bfaf06
:10f290002588a0000000a5800400a0102580800023
:10f2a000010022820900405425280000efc4400fcd
:10f2b00025200002231050003c00bf8f3800b18f82
:10f2c0003400b08f0800e0034000bd272000062472
:10f2d000d4fb400f1000a427010005240000228267
:10f2e0000a0040104011437c1000a427801803003e
:10f2f000211883000000648c041045002510440090
:10f30000000062acf5ff001001003126252000024c
:10f310000a00001001000524801803001000a62731
:10f320002118c3000000638c041045002410430022
:10f33000e1ff40142310900001008424000082802b
:10f34000f5ff40144011437cdbff001023109000b8
:020000040000fa
:020000041d02db
:10f3500000a0033c700263242e006414faff022410
:10f36000d8ffbd272400bfaf2000b4af1c00b3af4f
:10f370001800b2af1400b1af1000b0af2590a000dc
:10f380000300e0102580c000080002240000e2ac69
:10f3900018004012251000000900032a080002246a
:10f3a0000a804300130000122510000025a0000071
:10f3b000039d113cc8a4312600a0133c70027326a3
:10f3c0002400062425282002e8fb400f25204002c7
:10f3d0000c00228e09f840004000648e240042aeea
:10f3e0000100942628005226f5ff1416100031263d
:10f3f000251000002400bf8f2000b48f1c00b38fa5
:10f400001800b28f1400b18f1000b08f0800e00315
:0cf410002800bd270800e00300000000f9
:020000040000fa
:020000041d02db
:10f41c0030008010f5ff0224e8ffbd271400bfafb9
:10f42c001000b0af0800838c00a0023c5829422485
:10f43c000600621025808000f5ff02241400bf8fa7
:10f44c001000b08f0800e0031800bd270200848470
:10f45c0001000324f9ff8314f6ff0224180004961c
:10f46c0001000324f6ff83141400bf8f1a000396c7
:10f47c00010002240300621004000424efff641452
:10f48c00f6ff022430000392ecff6014f7ff022415
:10f49c0001000224300002a2320005a6030002245f
:10f4ac00310002a2360006a61d9f400f2520000247
:10f4bc0025184000e1ff6004f7ff02240300042438
:10f4cc00deff641425100000300000a2dbff0010ea
:0cf4dc00010002240800e0030000000012
:020000040000fa
:020000041d02db
:10f4e800e8ffbd271400bfaf1000b0af1c00829426
:10f4f800020003241f004310258080000300432cd2
:10f5080026006010000000000c00401400000000fd
:10f51800dfe2400f0200052404004010020002242c
:10f528001a0002a6010002241c0002a61400bf8fc4
:10f538001000b08f0800e0031800bd2704f1400f49
:10f5480000000000faff40101400bf8f340002963c
:10f55800440002a603000524dfe2400f2520000234
:10f56800f2ff4010020002241a0002a6efff00106a
:10f578001c0002a604f1400f00000000ecff401040
:10f588001400bf8f34000296460002a6030002242e
:10f598001a0002a6e5ff00101c0000a669ec400f47
:0cf5a800ffff0524e2ff00101400bf8fdd
:020000040000fa
:020000041d02db
:10f5b400e0ffbd271c00bfaf1800b1af1400b0af0f
:10f5c40025808000b5b3400f2588a0001b0040545f
:10f5d400000043942400048e0c00038e1f00831447
:10f5e4001c00bf8f1800038e1d0060501800b18fdf
:10f5f40009f8600025200002180040101c00bf8f8d
:10f6040000004394010063300700601025282002a5
:10f61400000043940400037c000043a42400028ef1
:10f62400ffff4224240002aeb5b3400f25200002a0
:10f634000a0040101c00bf8f000043940100633097
:10f644000a00601401000424000043940400837c35
:10f654004408837c000043a41c00bf8f1800b18fb2
:10f664001400b08f0800e0032000bd27000043947d
:0cf674004408037cf8ff0010000043a4d1
:020000040000fa
:020000041d02db
:10f680003000801000000000d8ffbd272400bfaf6d
:10f690002000b3af1c00b2af1800b1af1400b0af80
:10f6a000258880000a00c0142590c000e1f1400fb9
:10f6b000252020022400bf8f2000b38f1c00b28fb2
:10f6c0001800b18f1400b08f0800e0032800bd2798
:10f6d000faef400f25200000259840005c81848fc0
:10f6e00011008010010010243c0043860e006004cd
:10f6f0004c81828f2b1062000b0040108018030099
:10f70000212083000000828c08005214252860020a
:10f710004c00428e0500511400000000f3cf400f52
:10f7200025202002258000002528600203f2400fda
:10f7300025200000ddff00162400bf8fdfff001032
:0cf740002000b38f0800e0030000000070
:020000040000fa
:020000041d02db
:10f74c00e0ffbd271c00bfaf1800b2af1400b1af73
:10f75c001000b0af259080002588a0002580c00047
:10f76c006881848f0400828c09f840006c000524a9
:10f77c0020004010ffff0324000040ac300052acce
:10f78c000a0043a4340043245c0043ac2800032447
:10f79c00600043a4280040a403000424640044a097
:10f7ac0001000424650044a0680040ac620043a43e
:10f7bc0025180000020004248439837c0d0043a02a
:10f7cc00060040a4240040ac040040a4080040a45f
:10f7dc000e0040a00f0040a0100040a0110040a05f
:10f7ec00120040a0130040a0140051ac1c0050acff
:10f7fc00180040ac1c00bf8f1800b28f1400b18fe2
:0cf80c001000b08f0800e0032000bd27b2
:020000040000fa
:020000041d02db
:10f81800c0ffbd273c00bfaf3800b0af25808000d7
:10f828000d008390c0006330800004242700641416
:10f83800251000003400a0a73600a0a308000496f5
:10f848000400029621208200ee67400fffff8430fb
:10f858003000a2af0c0002923700a2a33f00058a35
:10f868003c00059a4300048a4000049a4700038a32
:10f878004400039a4b00028a4800029a1000a5af80
:10f888001400a4af1800a3af1c00a2af4f00058a54
:10f898004c00059a5300048a5000049a5700038ac2
:10f8a8005400039a5b00028a5800029a2000a5af10
:10f8b8002400a4af2800a3af2c00a2af253000007d
:10f8c80028000524f667400f1000a4273c00bf8fce
:0cf8d8003800b08f0800e0034000bd279e
:020000040000fa
:020000041d02db
:10f8e400d8ffbd272400bfaf2000b3af1c00b2afc8
:10f8f4001800b1af1400b0af130080102580800051
:10f904002598a0002588c0006eff400f6481928f67
:10f914000019020021186200c018030021104302dc
:10f9240005000324100023120600232e0600601095
:10f9340025800000010003241a002312030003247d
:10f944000a0023521000508c251000022400bf8f9f
:10f954002000b38f1c00b28f1800b18f1400b08f39
:10f964000800e0032800bd271c00508cf7ff00129c
:10f97400251000021000062408000526a9f6400ff1
:10f9840025206002f1ff4010251000020300028ac6
:10f994000000029af7ff401425804000ebff00109e
:0cf9a40025100002f1ff00100400508c40
:020000040000fa
:020000041d02db
:10f9b0000300a2802f00410400000000e0ffbd27eb
:10f9c0001c00bfaf1800b2af1400b1af1000b0af51
:10f9d000258880001000a390fe0002240600621417
:10f9e0002580a0001100a290c000423080000324b6
:10f9f000110043101c00bf8f1000122601000724c5
:10fa000002000692252840027ab6400f25202002e7
:10fa10000e004014252840000700078a0400079aba
:10fa20000400e010252840020200069200c0400faa
:10fa3000252020021c00bf8f1800b28f1400b18f48
:10fa40001000b08f0800e0032000bd270700028ae5
:10fa50000400029a0300401003000624f5ff001082
:10fa60001400a2ac9a90400f25202002f2ff001053
:0cfa70001c00bf8f0800e0030000000035
:020000040000fa
:020000041d02db
:10fa7c002e00a01025108000ffff0624faff092499
:10fa8c00f0ff0824000043802a00661400000000e8
:10fa9c00010047800300e614ff00e3300800e00398
:10faac000100422405006424ff0084300400842cef
:10fabc00040080101000632403004424f1ff0010a4
:10facc0025108000ff0063300a00632cfbff6014dc
:10fadc00020044241500e9140400a3281300601448
:10faec00020043242538a000ffffa524212845004f
:10fafc00000064800b0086540100632401006480c4
:10fb0c000800885401006324211047002328430077
:10fb1c00feffa524e9ffa014020064240800e00302
:10fb2c0025108000f3ff6554000064800800e0039a
:0cfb3c00000000000800e00300000000d2
:020000040000fa
:020000041d02db
:10fb480088ffbd277400bfaf7000b1af6c00b0afc5
:10fb58002086047cffff02240c00021225180000f6
:10fb680000a0023cb82c4294020042300d00401024
:10fb7800010006241000a5278268400f25200002f6
:10fb880002004010251800001000a3832510600013
:10fb98007400bf8f7000b18f6c00b08f0800e00355
:10fba8007800bd27520006241400a527eb9a400fc1
:10fbb8002520000225284000f4ff401025180000e9
:10fbc8001400a22721884500000020a29fbe400ff4
:10fbd8002520400003002212251800000000439051
:10fbe800010042241000a3a31400a327050043101a
:10fbf80023304300ffffc630252800008268400fed
:0cfc080025200002e1ff00101000a38383
:020000040000fa
:020000041d02db
:10fc14003000801053ff0224e0ffbd271c00bfaf5b
:10fc24001800b2af1400b1af1000b0af258080004f
:10fc34002590a0002588c000096a023c67e642348a
:10fc4400000082ac67bb023c85ae4234040082ac47
:10fc54006e3c023c72f34234080082ac4fa5023c75
:10fc64003af542340c0082ac0e51023c7f524224dd
:10fc7400100082ac059b023c8c684224140082acc8
:10fc8400831f023cabd94234180082ace05b023cd7
:10fc940019cd42341c0082ac600080ac640080ac9e
:10fca400680080acc000410f780080ac6c0012aedc
:10fcb400700011ae740000ae251000001c00bf8f50
:10fcc4001800b28f1400b18f1000b08f0800e00349
:0cfcd4002000bd270800e0030000000035
:020000040000fa
:020000041d02db
:10fce000e8ffbd271400bfaf1000b0afbc80828f0b
:10fcf000070040102580a00000a0023c8023422481
:10fd00001400bf8f1000b08f0800e0031800bd275b
:10fd1000fbffa010ffff0224b48080afac8080af57
:10fd2000a88080afb08080afa08080afa48080af7b
:10fd300000a0023c802340ac80234224040040ac5d
:10fd4000080040ac0c0040ac100040ac140040accb
:10fd5000180040ac1c0040ac009d053c2c04a524c0
:10fd600072df400f2520000001000224988082af3e
:10fd70001400028e09004014948082af932e400f2d
:10fd80002520000225184000ddff6010ffff02243f
:10fd900000a0023cdaff00108023422400a0023cb5
:08fda000d7ff0010802342246c
:020000040000fa
:020000041d02db
:10fda800d8ffbd272400bfaf2000b4af1c00b3affd
:10fdb8001800b2af1400b1af1000b0af25908000aa
:10fdc8002580a0002598c00000a0023c6eff400fcf
:10fdd800242b518c000005964000a33010006014bd
:10fde80003001424c018020021106200c010020091
:10fdf8008000a5301700a0142188220204000526df
:10fe080000dd400f2c0024260100142418002726aa
:10fe180025306002800005241ddd400f25200002ea
:10fe2800253880021000062608000526efc6400f78
:10fe3800252040022400bf8f2000b48f1c00b38f00
:10fe48001800b28f1400b18f1000b08f0800e003c3
:10fe58002800bd270400052600dd400f18002426d1
:08fe6800eaff0010020014245f
:020000040000fa
:020000041d02db
:10fe700000a0023ce02b43942d00601025100000f0
:10fe8000e0ffbd271c00bfaf1800b1af1400b0af3a
:10fe9000230080102588a000f1f8400f000000002a
:10fea00025184000190060102510000078006294a9
:10feb0000100102404805000faef400f25200000bc
:10fec00006002012252840000200022401002256cc
:10fed0000100112400a0023ce42b51ac00a0033c23
:10fee000dc2b63240c00628c251050000c0062aceb
:10fef00003f2400f2520000003000624080005241b
:10ff000024db400f25200000010002241c00bf8fcd
:10ff10001800b18f1400b08f0800e0032000bd2747
:10ff20000100102404807000e3ff0010ffff102682
:08ff30000800e00300000000de
:020000040000fa
:020000041d02db
:10ff3800e8ffbd271400bfaf1000b0af6dfa400f47
:10ff48002580a0002518400027006010251000001b
:10ff580006000052240060ac420002964000423085
:10ff68000b004054240070ac240060ac1300001057
:10ff780025800000300050ac4000628c0100042451
:10ff8800448c827c400062ac1700001001000224ff
:10ff98004800629400044230090040543c006490d8
:10ffa8003f00629002004230050040543c006490db
:10ffb8004000628cc418027c400062ac3c00649033
:10ffc80002000224edff82544000628c0c00628c17
:10ffd800e8ff4014010004244000628c448c827cb9
:10ffe800400062ac251000001400bf8f1000b08fd5
:08fff8000800e0031800bd271a
:020000040000fa
:020000041d03da
:10000000d8ffbd272400bfaf2000b4af1c00b3afa2
:100010001800b2af1400b1af1000b0af259080004f
:100020002588a00025a0c0002598e0009481848f39
:100030000400828c09f840002000052419004010bb
:10004000258040000300258a0000259a0700248aa5
:100050000400249a0b00238a0800239a0f00228aa6
:100060000c00229a070005aa040005ba0b0004aa96
:10007000080004ba0f0003aa0c0003ba130002aa76
:10008000100002ba1c0014a242f0400f140013ae7c
:10009000180002ae030006242528000214a8400f11
:1000a00025204002251000022400bf8f2000b48fbd
:1000b0001c00b38f1800b28f1400b18f1000b08fe6
:0800c0000800e0032800bd2741
:020000040000fa
:020000041d03da
:1000c80080bf043c1060838c0e00633000a0023cab
:1000d800a0244224400043ac1060828c0e004230c1
:1000e8001800401000a0023c1060828c02004230d0
:1000f8000300401080bf023c02000324146043ac9c
:1001080080bf023c1060428c010042300700401062
:1001180080bf033c80bf043c3060828c1060628cde
:1001280001004230fcff40140000000088bf023c80
:100138000004033c341043ac0008033c341043acc7
:1001480000a0023ca02442242000428c0c00401055
:1001580000000000e8ffbd271400bfaf00a0023c6c
:10016800a02442242400458c2000428c09f8400039
:10017800020004241400bf8f0800e0031800bd2704
:080188000800e0030000000084
:020000040000fa
:020000041d03da
:1001900000a0093cbc2c2a8d2b004011251000002a
:1001a0002518400125300000253800000000658c2e
:1001b0000800a4141000688c0200c050bc2c28adac
:1001c0001000c8ac0800e00310006224f7ff001024
:1001d000251800012b588500070060110000000061
:1001e0001b0040502538c00000004b8c2b28ab0072
:1001f0000b38c5000b106500f4ff001525306000ba
:1002000011004010000000000000438c1000458cdd
:10021000231864001100682c070000151000462404
:10022000000044acf0ff63242120c400100085ac22
:10023000000083ac25288000020042551000e5ac88
:10024000bc2c25ad2510c0000800e0030000000014
:08025000e9ff00102510600019
:020000040000fa
:020000041d03da
:10025800e8ffbd271400bfaf1000b0af1c008294a8
:10026800080040102580800001000324100043107e
:100278000000000069ec400ff7ff0524090000109a
:100288001400bf8fdfe2400f252800000400401053
:10029800020002241a0002a6010002241c0002a681
:1002a8001400bf8f1000b08f0800e0031800bd27ae
:1002b80004f1400f00000000faff40101400bf8f47
:1002c800340002860f0041042528000042f0400f48
:1002d800000000002c00038e2b1043000400401087
:1002e800020002241a0002a6edff00101c0000a65e
:1002f800ffff052469ec400f25200002e9ff0010ec
:100308001400bf8f69ec400f25200002e5ff0010a4
:040318001400bf8f7f
:020000040000fa
:020000041d03da
:10031c00c0ffbd273c00bfaf3800b1af3400b0af59
:10032c0031d2400f2580e000240040102588400089
:10033c0087ff02241800a2a31900a0a31a00a0a7eb
:10034c001c00a0af0300058a0000059a0700048a70
:10035c000400049a0b00038a0800039a0f00028a17
:10036c000c00029a2000a5af2400a4af2800a3af74
:10037c002c00a2af3a000524c4ef400f2520200228
:10038c00ff0005248efa400f2520200202000224d3
:10039c001000a2af3a000724180006241800a52765
:1003ac009ad1400f252020020400401425804000e3
:1003bc00e1f1400f252020022588000225102002a3
:1003cc003c00bf8f3800b18f3400b08f0800e003c1
:0403dc004000bd27f9
:020000040000fa
:020000041d03da
:1003e0002e00801025100000e0ffbd271c00bfafcd
:1003f0001800b1af1400b0af420082944000423008
:1004000021004014258080001c00bf8f1800b18f90
:100410001400b08f0800e0032000bd276eff400fde
:10042000252000024018020021186200c0180300b5
:1004300021106200801002002188220260002392b5
:1004400001006330f0ff6010010002240100062467
:100450000100052499af400f252000020300062467
:1004600001000524b1d8400f2520000225380000e6
:10047000253000000e0005245472400f2520000294
:10048000e1ff001001000224e080918fe3ff2016bd
:1004900000000000dcff0010251000000800e00351
:0404a0000000000058
:020000040000fa
:020000041d03da
:1004a400d8ffbd272400bfaf2000b3af1c00b2affc
:1004b4001800b1af1400b0af3081918f1f0020122b
:1004c40025800000250080102580a0004200829431
:1004d400c418027c420082a40400228e010044500d
:1004e400040020ae0800228e01004450080020ae13
:1004f40012000052010010240000338e100060121c
:10050400251000020c00628e0c00401025900000a3
:100514002528400284fb400f252060022528400046
:1005240077e6400f25202002010052260c00628e3f
:100534002b104202f7ff4014252840022510000228
:100544002400bf8f2000b38f1c00b28f1800b18f1e
:100554001400b08f0800e0032800bd27f7ff001047
:0405640025800000ee
:020000040000fa
:020000041d03da
:10056800e0ffbd271c00bfaf1800b2af1400b1af49
:100578001000b0af2580a0002528c0002530e0007d
:100588003000b18f770082900100032413004310dc
:100598003400b297020003240b0043141c00bf8fe1
:1005a8000300a010000000008cd7400f2520000297
:1005b8000400201225304002252820028cd7400f45
:1005c800252000021c00bf8f1800b28f1400b18fc5
:1005d8001000b08f0800e0032000bd27050020129e
:1005e800000000006e0012a66c0012a6680011ae92
:1005f800600011260800a010480011ae560006a69b
:10060800540006a6500005ae1000028e48001026c1
:10061800ecff0010000050ac1000028ee9ff001043
:04062800000040ace2
:020000040000fa
:020000041d03da
:10062c00e0ffbd271c00bfaf1800b2af1400b1af84
:10063c001000b0af258080002588a0007600829045
:10064c000a00432c090060102590c0000800432cc0
:10065c001a0060100600432c0f00605007000324a2
:10066c000200422c160040500000028e0300313272
:10067c000400201201000324740002968452627c50
:10068c00740002a6252840021e5a400f25200002a5
:10069c00050000101c00bf8ff4ff43140200a230b1
:1006ac00f2ff40141c00bf8f1800b28f1400b18fe2
:1006bc001000b08f0800e0032000bd270000028e60
:1006cc00100002ae0c0002ae080002ae2530000095
:1006dc00140005249f14400f25200002e4ff001095
:0406ec0003003132a4
:020000040000fa
:020000041d03da
:1006f0002510a00000a0053ca024a5242c00a38c5c
:100700002800a98c1c00405000a0043c2700695020
:1007100025182001254080002530000080bf0c3cba
:1007200006000b2400a0073c2024e7242550a0004d
:100730000060858d0600a5301700ab14402803002b
:100740002168a7000000ad9100000da10100a524c3
:100750002128a7000000a590010005a10100632445
:100760003000458d2b2865000100c6240600461484
:100770000a18050000a0043ca02484242c0083acab
:100780000800e00300000000e9ff2315020008252f
:10079000f8ff00102510c000212867000000ad9070
:1007a00021288600edff00100000ada0f1ff001031
:0407b0002510000010
:020000040000fa
:020000041d03da
:1007b400e8ffbd271400bfaffaef400f252000006b
:1007c400252840002882828f1b0040140100032446
:1007d40002000224288282af03f2400f2520000089
:1007e400308280af01000724010006242528000080
:1007f400b3cb400f2c8284270100032417004354f9
:10080400288280af00a0043cbdf9400fe424842476
:100814000f0040040000000000a0023ce424422435
:10082400308282af01000224288282af1400bf8f7d
:100834000800e0031800bd270a0043100000000070
:1008440003f2400f25200000f8ff001025100000df
:1008540069f9400f2c828427288280aff3ff0010af
:100864002510000003f2400f25200000eeff0010c9
:040874000100022459
:020000040000fa
:020000041d03da
:10087800d0ffbd272c00bfaf1800a0af1c00a0af51
:100888002000a0af2400a0af009d033c50226324a9
:1008980025100000000064801800a5272128a20068
:1008a800040080100000a4a001006324f9ff0010d8
:1008b800010042241800a32721106200000040a074
:1008c800488282271400a2af1000a0af253800008c
:1008d8008000062425286000049d043cba5d400f72
:1008e800a0cd8424010003240e004314049d023c7f
:1008f80000600240847a027c000c4234006082402e
:10090800c0000000ffff02244c8282af01000224d5
:10091800608282af688280afa2e7400f00000000cb
:10092800049d023c2003428c2c00bf8f0800e0038a
:040938003000bd27a7
:020000040000fa
:020000041d03da
:10093c002b008010f5ff02240800838c00a0023ce1
:10094c005829422423006250020088840800e003e6
:10095c00f5ff0224180088940100032422000315db
:10096c00000000001a0083940100022403006210ae
:10097c00040008241a006814f6ff02243000839047
:10098c0017006014f7ff0224e8ffbd271400bfaf67
:10099c0001000224300082a0320085a42800a2931a
:1009ac0001004224310082a0340086a41d9f400f18
:1009bc00360087a42518400003006004f7ff0224ca
:1009cc00030063380100622c1400bf8f0800e003a1
:1009dc001800bd2701000324deff0311f6ff0224db
:1009ec000800e003000000000800e0030000000025
:020000040000fa
:020000041d03da
:1009fc00e0ffbd271c00bfaf1800b1af1400b0afb3
:100a0c00258880000e00a290010003240b004310e7
:100a1c002580a000020003241b004310f2030624cf
:100a2c00029d053cd85fa52400f4400f2520000052
:100a3c00070002240f0000100e0002a2fafd400f66
:100a4c001000848c0c0040141c00bf8f0400069610
:100a5c0006000596daee400f1000248e0d0003926e
:100a6c000100633006000224020004240a108300f3
:100a7c000e0002a21c00bf8f1800b18f1400b08fa3
:100a8c000800e0032000bd27fafd400f1000848c05
:100a9c00f9ff40141c00bf8ff4f9400f1000248e96
:100aac00080002ae06000224f2ff00100e0002a2a3
:020000040000fa
:020000041d03da
:100abc00d0ffbd272c00bfaf2800b6af2400b5afc8
:100acc002000b4af1c00b3af1800b2af1400b1af2c
:100adc001000b0af150080102598c00000a0023c9b
:100aec0080234294110040102590800025a800001e
:100afc0025a00000ff00b13000a0163cbc80908ff8
:100b0c0021801502253020022528400239be400fd5
:100b1c002520000209004014010094268023c2966f
:100b2c002a108202f5ff40148c00b52605006012d5
:100b3c002580000003000010b880908ffbff00128e
:100b4c0000000000251000022c00bf8f2800b68f7b
:100b5c002400b58f2000b48f1c00b38f1800b28f07
:100b6c001400b18f1000b08f0800e0033000bd27d7
:020000040000fa
:020000041d03da
:100b7c00ffffffffffff00005f4448435052784dda
:100b8c00736754797065324576656e7400000000a9
:100b9c00020102010201020202020103030300002e
:100bac005f444843504576656e74536f7572636548
:100bbc00000000005f444843504e6f7469667943ef
:100bcc006c69656e7473000064c5039db416039d57
:100bdc00a8c5039da020039d8c98019d008f039dab
:100bec00a8f0039d350000009cad039d01000000a2
:100bfc009493039d030000003493039d06000000b2
:100c0c005849039d36000000a0cb039d3300000023
:100c1c00ecad039d3a0000003cae039d3b00000090
:100c2c008cae039dff0000009802049d6382536309
:020000040000fa
:020000041d03da
:100c3c00d8ffbd272400bfaf2000b3af1c00b2af5c
:100c4c001800b1af1400b0af258880000200a528b1
:100c5c000e00a0100400928c0000828c0000428ccc
:100c6c00009d053cf406a52409f84000252040020f
:100c7c002400bf8f2000b38f1c00b28f1800b18fdf
:100c8c001400b08f0800e0032800bd27c9da400f1c
:100c9c000400c48c13004014009d103c009d103cbb
:100cac00e00610260100132401f6400f2520000059
:100cbc00252860029cbf400f252040000000238e99
:100ccc000400638c2538400025300002009d053c53
:100cdc000c07a52409f8600025204002e5ff001050
:100cec002400bf8fe8061026efff0010020013242b
:020000040000fa
:020000041d03da
:100cfc00e0ffbd271c00bfaf1800b1af1400b0afb0
:100d0c00258880005ce3400f252020022300401042
:100d1c002580400042f0400f000000002c00038ea4
:100d2c00231043000c004018000000000d0002923c
:100d3c004429027c0d0002a21400028ef1ff401027
:100d4c00252800001c00068e09f840002520000212
:100d5c00ecff0010000000004f71400f2520000236
:100d6c000c004010252800020d0002924429027c40
:100d7c000d0002a21400028ee2ff401001000524b7
:100d8c001c00068e09f8400025200002ddff001033
:100d9c0000000000fcdf400f252020021c00bf8f4c
:100dac001800b18f1400b08f0800e0032000bd279d
:020000040000fa
:020000041d03da
:100dbc00d0ffbd272c00bfaf2800b3af2400b2afcb
:100dcc002000b1af1c00b0af2590a0002588c0005a
:100ddc002580e000080006241000a527f3eb400f47
:100dec00252040021000a293000022a21100a29321
:100dfc00c018020008006324000003a61300b1937e
:100e0c000c002056020002240d004054ffff422427
:100e1c0025884000251020022c00bf8f2800b38f9e
:100e2c002400b28f2000b18f1c00b08f0800e003ab
:100e3c003000bd27000002a6f6ff001002001124ae
:100e4c00ff005030ff001324080006241000a527d3
:100e5c00f3eb400f25204002ffff1026ff0010325d
:100e6c00f9ff131625102002ecff00102c00bf8f89
:020000040000fa
:020000041d03da
:100e7c00d8ffbd272400bfaf2000b3af1c00b2af1a
:100e8c001800b1af1400b0af00a0023cb02c4294db
:100e9c0013004010e481908f25880000ffff13247d
:100eac0000a0123c0800048e05008050000004864f
:100ebc0041d0400f00000000080000ae0000048686
:100ecc000300931001003126467c400f0000000007
:100edc00b02c42962a102202f2ff40141c0010265d
:100eec00e881848f0c00828c09f84000e481858fa6
:100efc00e48180af00a0023cb02c40a4dc81848f44
:100f0c00050080102400bf8ffdf8400f000000008a
:100f1c00dc8180af2400bf8f2000b38f1c00b28f08
:100f2c001800b18f1400b08f0800e0032800bd2713
:020000040000fa
:020000041d03da
:100f3c00ffff8424ffff84300a00832c2a006010fa
:100f4c00251000002026047cc01004002110440051
:100f5c008010020000a0033ca01c6324211043005d
:100f6c00000043902000601025100000c010040009
:100f7c00211044008010020000a0033ca01c63243c
:100f8c00211043000800428c1000478c0a00e0142a
:100f9c0000a0023cc0180400211864008018030053
:100fac00a01c422421104300ffff0324030043a094
:100fbc000800e00325100000e8ffbd271400bfafb8
:100fcc00c01804002118640080180300a01c4224df
:100fdc002110430009f8e000060044841400bf8f80
:100fec000800e0031800bd270800e0030000000023
:020000040000fa
:020000041d03da
:100ffc00ffff8424ffff84300a00832c2a0060103a
:10100c00251000002026047cc01004002110440090
:10101c008010020000a0033ca01c6324211043009c
:10102c00000043902000601025100000c010040048
:10103c00211044008010020000a0033ca01c63247b
:10104c00211043000800428c1800458c0a00a014a3
:10105c0000a0023cc0180400211864008018030092
:10106c00a01c422421104300ffff0324030043a0d3
:10107c000800e00325100000e8ffbd271400bfaff7
:10108c00c01804002118640080180300a01c42241e
:10109c002110430009f8a000060044841400bf8fff
:1010ac000800e0031800bd270800e0030000000062
:020000040000fa
:020000041d03da
:1010bc00ffff8424ffff84300a00832c2a00601079
:1010cc00251000002026047cc010040021104400d0
:1010dc008010020000a0033ca01c632421104300dc
:1010ec00000043902000601025100000c010040088
:1010fc00211044008010020000a0033ca01c6324bb
:10110c00211043000800428c1c00458c0a00a014de
:10111c0000a0023cc01804002118640080180300d1
:10112c00a01c422421104300ffff0324030043a012
:10113c000800e00325100000e8ffbd271400bfaf36
:10114c00c01804002118640080180300a01c42245d
:10115c002110430009f8a000060044841400bf8f3e
:10116c000800e0031800bd270800e00300000000a1
:020000040000fa
:020000041d03da
:10117c00ffff8424ffff84300a00832c2a006010b8
:10118c00251000002026047cc0100400211044000f
:10119c008010020000a0033ca01c6324211043001b
:1011ac00000043902000601025100000c0100400c7
:1011bc00211044008010020000a0033ca01c6324fa
:1011cc00211043000800428c2c00468c0a00c014ed
:1011dc0000a0023cc0180400211864008018030011
:1011ec00a01c422421104300ffff0324030043a052
:1011fc000800e00325100000e8ffbd271400bfaf76
:10120c00c01804002118640080180300a01c42249c
:10121c002110430009f8c000060044841400bf8f5d
:10122c000800e0031800bd270800e00300000000e0
:020000040000fa
:020000041d03da
:10123c00ffff8424ffff84300a00832c2a006010f7
:10124c00251000002026047cc0100400211044004e
:10125c008010020000a0033ca01c6324211043005a
:10126c00000043902000601025100000c010040006
:10127c00211044008010020000a0033ca01c632439
:10128c00211043000800428c3000458c0a00a01449
:10129c0000a0023cc0180400211864008018030050
:1012ac00a01c422421104300ffff0324030043a091
:1012bc000800e00325100000e8ffbd271400bfafb5
:1012cc00c01804002118640080180300a01c4224dc
:1012dc002110430009f8a000060044841400bf8fbd
:1012ec000800e0031800bd270800e0030000000020
:020000040000fa
:020000041d03da
:1012fc00a8ffbd275400bfaf5000b2af4c00b1af38
:10130c004800b0af258080002590a00024008010fc
:10131c002588c0008af0400f1400848c25184000ea
:10132c0019006010f1fe02240400648c1600801079
:10133c001000a5272000a0af2400a0af2800a0af6c
:10134c002c00a0af3000a0af3400a0af3800a0af8d
:10135c003c00a0af4000a0af040002241000a2afdc
:10136c001400b0af1800b2af1c00b1af0400628c17
:10137c000800668c09f840000000648c52ff0324be
:10138c0001004350f1fe02245400bf8f5000b28f75
:10139c004c00b18f4800b08f0800e0035800bd2707
:1013ac0077e2400f25200000ddff001025184000db
:020000040000fa
:020000041d03da
:1013bc00e8ffbd27ff00a5301000b0af1400bfaf91
:1013cc000f00a01425808000fcfa400f00000000e4
:1013dc00218002021400bf8f251000021000b08f74
:1013ec000800e0031800bd2700000282f9ff40103e
:1013fc00ff004230f8ff45101400bf8f010010268b
:10140c0003000232f8ff40140101043c0101842462
:10141c000220a470fefe073c8080083cfffee734ef
:10142c00808008350000038e263064002110670090
:10143c002718030024104300271806002130c7008a
:10144c00241866002510430024104800f5ff405076
:10145c000400102600000282deff4010ff00423024
:10146c00ddff45101400bf8ffaff0010010010269d
:020000040000fa
:020000041d03da
:10147c0070ffbd278400b2af8000b1af7c00b0af6d
:10148c002588a000258080002590c000252800001c
:10149c004c0006242400a4278800b3af8c00bfaff7
:1014ac00d4fb400f2598e000ffff02241000a2aff0
:1014bc0002010224020000161400a2af7000b02733
:1014cc001800b0af1c00b1af0200201225100000b4
:1014dc00ffff22260c0021062000a2af00a0023c38
:1014ec004f000324c42c43acffff02248c00bf8f9d
:1014fc008800b38f8400b28f8000b18f7c00b08fd6
:10150c000800e0039000bd2701002056000000a257
:10151c0025306002252840021000a4272800b0af17
:10152c002cf5400f2400b0aff1ff00108c00bf8fe2
:020000040000fa
:020000041d03da
:10153c002c00a010fbff0224e0ffbd271c00bfaf56
:10154c001800b2af1400b1af1000b0af258080000e
:10155c000000a38c1d0060102588a0001b008010cb
:10156c00faff02244200839440006330180060109c
:10157c001c00bf8f00a0023c6eff400f242b528c2e
:10158c00c018020021186200c01803002190430209
:10159c00252820025db7400f0000448e25884000ae
:1015ac000a002012ffff0224252820029de4400f90
:1015bc0025204002feff07242530000008002526c8
:1015cc00efc6400f25200002251000001c00bf8f25
:1015dc001800b28f1400b18f1000b08f0800e00318
:0c15ec002000bd270800e0030000000004
:020000040000fa
:020000041d03da
:1015f800e0ffbd271c00bfaf1800b1af1400b0afab
:10160800d4808487ffff022406008210e080908f38
:101618001eee400f00000000ffff0224d48082a7c6
:10162800e080908f11000012dc80828f0a00401841
:10163800258800005000048e030080100100312628
:1016480018f3400f00000000dc80828f2a1022026d
:10165800f8ff401464001026c880848f0c00828c28
:1016680009f84000e080858fe08080afc880858fd2
:1016780000a0043c4cfa400f7c2c8424cc80848f3e
:1016880005008050dc8080affdf8400f00000000ae
:10169800cc8080afdc8080af1c00bf8f1800b18f7a
:0c16a8001400b08f0800e0032000bd27f4
:020000040000fa
:020000041d03da
:1016b400e0ffbd271c00bfaf1800b2af1400b1afec
:1016c4001000b0af2588a0000c00b28c6eff400f54
:1016d400e080908f4018020021186200c0180300b7
:1016e400211062008010020021180202040002246a
:1016f4000b0042520400248e070002240700421209
:101704000300042413004416251000005c006594b3
:10171400020004241000a4101c00bf8f0400248eb7
:101724000600842c0b008014ffff02240000228e8c
:1017340036000424000044a004000424010044a052
:101744002700648824006498050044a8020044b873
:10175400060002241c00bf8f1800b28f1400b18f42
:0c1764001000b08f0800e0032000bd273b
:020000040000fa
:020000041d03da
:101770000000a28c0400a38cc0ffbd273800b3afcb
:101780003400b2af3000b1af2c00b0af0800b28c63
:101790000c00b38c3c00bfaf258880002580a000e2
:1017a000030060042000a2af4408027c2000a2af26
:1017b0002000a2271800a2af0a0002241400a2af42
:1017c0001000b2af0400c78c0000c68cf5a0400f1b
:1017d000252000021000068e2000a38fffffc624e4
:1017e0001000a3af253840022330c2002128620236
:1017f000d4b0400f252020020400238e0001633066
:10180000040060103c00bf8f0400038e2a204300b8
:101810000b1064003800b38f3400b28f3000b18fea
:0c1820002c00b08f0800e0034000bd2742
:020000040000fa
:020000041d03da
:10182c002b00c01025100000e0ffbd271c00bfaf2f
:10183c001800b1af1400b0af2588a00083fa400f98
:10184c002580c000251840001600601025100000ef
:10185c00770066901400d1141c00bf8f7600659041
:10186c00fdffa424ff0084300300842c0e008014a0
:10187c0000000000080002240a00a210251000003d
:10188c00020002240c00c214010004244c00648cdd
:10189c000400801025100000b9e0400f252800023c
:1018ac00010002241c00bf8f1800b18f1400b08ff0
:1018bc000800e0032000bd27faffc4142510000027
:1018cc000000028e400062acf6ff00100100022402
:0818dc000800e0030000000019
:020000040000fa
:020000041d03da
:1018e400d8ffbd272400bfaf2000b3af1c00b2afa8
:1018f4001800b1af1400b0af110080102580800033
:101904002588a0002598c0006eff400f6481928f47
:101914000019020021186200c018030021104302bc
:10192400010003240e00631205000324040063165f
:10193400258000001c00508c0b0000160d00312681
:10194400251000022400bf8f2000b38f1c00b28f2b
:101954001800b18f1400b08f0800e0032800bd27e1
:10196400f5ff00100400508c030006241500052622
:10197400a9f6400f25202002f2ff40102510000296
:101984000300028a0000029af7ff401425804000f9
:08199400ecff00102510000219
:020000040000fa
:020000041d03da
:10199c00d8f7bd272408bfaf2008b1af1c08b0afe3
:1019ac003008a6af3408a7af3008a7271008a7af98
:1019bc002530a000000805241fc5400f1000a427e7
:1019cc0025804000ffff4224ff07422c19004010e5
:1019dc002110b003100040a00082828f211002025f
:1019ec000008422c01004050008280af00a0113c46
:1019fc00940431260082828f218822021000a527b0
:101a0c00defb400f252020022528200271f6400f16
:101a1c0025200000030002320200401004000324c1
:101a2c0023106200211050000082838f211062006d
:101a3c00008282af2408bf8f2008b18f1c08b08fa2
:081a4c000800e0032808bd2793
:020000040000fa
:020000041d03da
:101a5400e0ffbd271c00bfaf1800b1af1400b0af4a
:101a6400258880000e00a290010003240b0043107f
:101a74002580a000020003241c0043101304062444
:101a8400029d053cec5fa52400f4400f25200000d6
:101a940007000224100000100e0002a2fafd400ffd
:101aa4001000848c0d0040141c00bf8f08000796a2
:101ab4000400069606000596e7e7400f1000248e02
:101ac4000d00039201006330060002240200042486
:101ad4000a1083000e0002a21c00bf8f1800b18ff1
:101ae4001400b08f0800e0032000bd27fafd400f6a
:101af4001000848cf8ff401406000224f6ff001046
:041b04000e0002a22b
:020000040000fa
:020000041d03da
:101b0800e0ffbd271c00bfaf1800b1af1400b0af95
:101b1800258080002588c0002000a38c080063343d
:101b28002000a3ac1000a48c0c008394f2ff632463
:101b38000c0083a42800b0ac253000007ecf400ff5
:101b480001000424170020121c00bf8ffaef400f79
:101b5800010004247a000396100063347a0003a677
:101b6800b480838f01006324b48083af00a0033c5a
:101b7800e82063241800649401008434180064a4e5
:101b88002528400003f2400f0100042425300000fe
:101b98000100052400a0043c98f2400ff82084249a
:101ba8001c00bf8f1800b18f1400b08f0800e0032d
:041bb8002000bd2725
:020000040000fa
:020000041d03da
:101bbc00d0ffbd272c00bfaf2800b4af2400b3afbb
:101bcc002000b2af1c00b1af1800b0af2588800068
:101bdc0025a0a0002598c0002590e00000a0043ca2
:101bec00d7f5400f402b842400a0023c402b508c96
:101bfc001200005200a0043c0c00028e0400405065
:101c0c000800028e0a0051540000108e0800028e4b
:101c1c001000a2af0400028e25384002253060026d
:101c2c002528800209f84000252020020000108e93
:101c3c00f2ff00560c00028e00a0043ce5f5400fac
:101c4c00402b84242c00bf8f2800b48f2400b38f2a
:101c5c002000b28f1c00b18f1800b08f0800e00379
:041c6c003000bd2760
:020000040000fa
:020000041d03da
:101c7000e8ffbd271400bfaf1000b0af3c0082905a
:101c80000100032413004310258080000200032478
:101c90001a0043540c0000aefaef400f252000005c
:101ca000252840000c00028e0600401000000000b5
:101cb0000d0042902000423014004010000000004f
:101cc0000c0000ae03f2400f252000000b000010b6
:101cd0000c0000aee6de400f010005240700405076
:101ce0000c0000ae29d7400f0c00048e3e0002927b
:101cf000ffff42243e0002a20c0000ae1400bf8f82
:101d00001000b08f0800e0031800bd2703f2400f59
:101d1000252000008cf1400f0c00048ef3ff001012
:041d2000000000ae11
:020000040000fa
:020000041d03da
:101d24002a00c01025100000e0ffbd271c00bfaf33
:101d34001800b1af1400b0af2588a0006dfa400fb1
:101d44002580c000251840000e00601025100000fa
:101d54003c00649003009150020002240a00001029
:101d64001c00bf8f0c008214010005240c00648c3d
:101d74000400801025100000b9e0400f252800025f
:101d8400010002241c00bf8f1800b18f1400b08f13
:101d94000800e0032000bd27faff85142510000089
:101da4004000648c03008430f6ff80140100042496
:101db4000000028e140062ac4000628c0442827cfb
:101dc400400062acefff0010010002240800e003b1
:041dd400000000000b
:020000040000fa
:020000041d03da
:101dd800d8ffbd272400bfaf2000b3af1c00b2afaf
:101de8001800b1af1400b0af0000918c1800201299
:101df800258080000c00228e1500401025980000d8
:101e08002528600284fb400f2520200225904000f1
:101e18002528400009f9400f252020021000048ed3
:101e28000c00828c09f840000400458e300006241e
:101e380025280000d4fb400f25204002010073260e
:101e48000c00228e2b106202eeff4014252860023f
:101e58001000048e0c00828c09f840000000058eea
:101e6800000000ae260000a62400bf8f2000b38f1c
:101e78001c00b28f1800b18f1400b08f0800e00367
:041e88002800bd274a
:020000040000fa
:020000041d03da
:101e8c00e0ffbd271c00bfaf1800b2af1400b1af0c
:101e9c001000b0af258880002580a00000a0123c67
:101eac00d7f5400fa82b4426a82b428e12004010c9
:101ebc002590000006005150251020020000428c95
:101ecc000d00401025900000fdff22560000428cb2
:101edc0008004390080070102590000010000012bc
:101eec0000000000b881838f01006324b88183afa8
:101efc00080050a00100122400a0043ce5f5400f9e
:101f0c00a82b8424251040021c00bf8f1800b28f10
:101f1c001400b18f1000b08f0800e0032000bd2723
:101f2c00b881838fffff6324b88183aff1ff00106a
:041f3c00080050a0a9
:020000040000fa
:020000041d03da
:101f4000e8ffbd271400bfaf1000b0af14008290af
:101f5000200042300c0040142580800042f0400fe9
:101f6000000000007000038e231043007400038ef5
:101f70002b1043000c0040140100032414000292b3
:101f80004429627c140002a214000292080042302c
:101f90000900401401000324140002920421627c11
:101fa000140002a2840000ae1400bf8f1000b08f96
:101fb0000800e0031800bd273800028e3800428c6c
:101fc000253000002528000009f840000c00048e90
:101fd000050041040300022488f3400f252000027d
:101fe000f2ff00101400bf8fefff0010840002ae5c
:020000040000fa
:020000041d03da
:101ff000e8ffbd271400bfaf00a0023cfc2b448cbf
:102000000600801000a0023c78f4400f00000000a1
:1020100000a0023cfc2b40ac00a0023c002c448cf5
:102020000600801000a0023cd2f4400f0000000027
:1020300000a0023c002c40ac00a0023cf42b448cdd
:102040000600801000a0023cfdf8400f00000000d8
:1020500000a0023cf42b40ac00a0023cdc2b4484ea
:10206000ffff02240700821000a0023c1eee400f7a
:102070000000000000a0023cffff0324dc2b43a46f
:1020800000a0023cdc2b42240c0040ac100040ac11
:10209000040040a41400bf8f0800e0031800bd270f
:020000040000fa
:020000041d03da
:1020a000e0ffbd271c00bfaf1800b2af1400b1aff6
:1020b0001000b0af2588a0000c00b28c6eff400f5e
:1020c000e080908f4018020021186200c0180300c1
:1020d000211062008010020021180202fdff42263a
:1020e0000200422c06004014010004241300441690
:1020f0001c00bf8f3400648c110080101800b28f58
:102100000400248e0600842c0b008014ffff0224a0
:102110000000228e32000424000044a004000424a5
:10212000010044a03700648834006498050044a886
:10213000020044b8060002241c00bf8f1800b28fb2
:102140001400b18f1000b08f0800e0032000bd27fd
:020000040000fa
:020000041d03da
:102150000c00838c2800601025100000d8ffbd27dc
:102160002400bfaf2000b4af1c00b3af1800b2af63
:102170001400b1af1000b0af258080003081928f85
:102180001c00548e2588000081001324252820027d
:1021900084fb400f2520000200004394810063303f
:1021a00009007354010031261400448e0100805050
:1021b0001800448c0800438c231883022b186400f9
:1021c00005006010010031260c00028e2b10220247
:1021d000efff4014252820022400bf8f2000b48f79
:1021e0001c00b38f1800b28f1400b18f1000b08f95
:1021f0000800e0032800bd270800e00300000000fd
:020000040000fa
:020000041d03da
:102200002900801001000224e0ffbd271c00bfafa1
:102210001800b2af1400b1af1000b0af2588800035
:102220002580a0008ee6400f2590c000140040508d
:10223000010002241200405a251000002528000247
:10224000ffff0324252000000000a68c0d00d11004
:102250001c00bf8f0400c0540100842401006204ec
:102260002518800001008424f7ff44160400a524eb
:102270000b0060048018030021800302000011aeef
:102280001c00bf8f1800b28f1400b18f1000b08fe8
:102290000800e0032000bd27f9ff00102510000012
:1022a000f7ff0010251000000800e0030000000008
:020000040000fa
:020000041d03da
:1022b0002900801000000000e8ffbd271400bfaf18
:1022c000a1f7400f000000004800458c1d00a01041
:1022d0002520a0000400868c3000c39001006330ec
:1022e0000f0060500000848c0800838c0c0060504c
:1022f0000000848c1a00c390ffff6324ff0063304a
:102300000200632c060060540000848c000044ac82
:10231000251080001400bf8f0800e0031800bd27bf
:10232000edff80540400868c0000438c0a18a30043
:102330000000648c0b188400000043acf4ff001014
:102340000000448c0000438cf1ff60500000448c7e
:10235000f8ff00100000648c0800e00325108000e6
:020000040000fa
:020000041d03da
:10236000e0ffbd271c00bfaf1800b0af2800a6af2c
:10237000230080142c00a7af00a0023c9414428cd0
:102380001f0040102580a00000a0023c9814428c41
:102390001b004010ffff05348df9400f0c8284278d
:1023a000170040102800a7271000a7af2530000213
:1023b0000008052400a0043c1fc5400f940c842491
:1023c00025304000ffff4224ff07422c0a00401046
:1023d00000a0053c940ca5242110c500000040a0dd
:1023e00000a0023c941442240400438c1800638c27
:1023f00009f860000800448c99f9400f0c8284278a
:102400001c00bf8f1800b08f0800e0032000bd271c
:020000040000fa
:020000041d03da
:10241000e0ffbd271c00bfaf1800b2af1400b1af82
:102420001000b0af00a0113ca82731260400228e76
:102430001800428c09f8400025908000140022ae5c
:102440001400308e1000228e238002028edf400f97
:1024500025200002a9fe400f000000002800288e61
:102460002c00298e212808022b80b0002138090277
:10247000280025ae2c0027aeb0fe400f25204000de
:1024800040b6400f25204002080040101c00bf8fbe
:10249000a9fe400f000000000992400f2580400077
:1024a000b0fe400f252000021c00bf8f1800b28f25
:1024b0001400b18f1000b08f0800e0032000bd278a
:020000040000fa
:020000041d03da
:1024c00078ffbd278000b2af7c00b1af7800b0af1d
:1024d0008400bfaf258080002588a0002590c00023
:1024e0001c00a0af5400a4af2000a4af04008004df
:1024f000ffff0224ff7f023cffff423421108200d5
:10250000252800001800a42728fb400f5800a2af80
:102510009800a28f9c00a38f1800a4271000a2afe0
:102520001400a3af01000624a629400f252840026d
:1025300008002012252060005800a58f5400a38faa
:10254000231865006c00a58f211865002180030207
:10255000000030ae8400bf8f8000b28f7c00b18f4e
:102560007800b08f251880000800e0038800bd27a0
:020000040000fa
:020000041d03da
:102570005000828ce8ffbd271000b0af1400bfaf41
:102580000b004010258080005400838c2a106200cc
:1025900007004014000000004c0000aeffff0224c2
:1025a0001400bf8f1000b08f0800e0031800bd2793
:1025b000daea400f25200002f8ff42044c0000ae8a
:1025c0004000038e5000048e3c00058e08008010f1
:1025d000253860005400068e2320860023306500d5
:1025e0002a30c4000200c014ffff84242138a40054
:1025f000060060104c0007ae5400048e23186500de
:102600000100632421188300540003aeffffa39050
:10261000e3ff6254ffffa2a0e2ff00101400bf8f8f
:020000040000fa
:020000041d03da
:10262000c23d0400ff00e7300080013c24308100ff
:10263000ffffe924fe00212d0d0020100000000006
:102640008003e724404a0400024b09002530c900fa
:10265000402f0400004d07002530c900251005005b
:10266000251806000800e00300000000000000003c
:102670000000052421208400f6ff801000000000e7
:102680000900e01400000000ffffe724212084007f
:102690008000013c2b088100fbff2014000000009b
:1026a000e7ff001000000000ff07072400ff013cc7
:1026b000010021342b088100e6ff201400000000f7
:1026c000f8ff063ce3ff00100000000000000000df
:020000040000fa
:020000041d03da
:1026d0002800a104feff0224d400838c0000628c39
:1026e0000400648c060044540000448c040060ac78
:1026f00004004014000060ac0800e0030300022462
:10270000000064ac00e0a37c080043ac0034060089
:102710008001c634040046ac422f050004000324a7
:102720000600a354000040ac0400438c01000424c4
:102730008452837c040043ac000040ac140040ace5
:102740000400e38c05006054000062ac0400e2acbd
:102750000000e2ac0800e003251000000400e48c57
:102760000400432400e0637c140083ac0400e2ac6a
:0c277000251000000800e003000000003d
:020000040000fa
:020000041d03da
:10277c00e0ffbd271c00bfaf1800b1af1400b0af15
:10278c00258880000e00a290010003240f00431046
:10279c002580a000fcff4224ff0042300200422ca6
:1027ac00160040100800a5241be6400f1000848c76
:1027bc0010004014050002241c00bf8f1800b18fbc
:1027cc001400b08f0800e0032000bd27fafd400f75
:1027dc001000848cf9ff40141c00bf8f0400069677
:1027ec0006000596c9e9400f1000248ef2ff001078
:1027fc000e0002a2f0ff00100e0002a2300406240c
:10280c00029d053c0060a52400f4400f252000002b
:0c281c0007000224e8ff00100e0002a2da
:020000040000fa
:020000041d03da
:10282800d8ffbd272400bfaf2000b4af1c00b3af52
:102838001800b2af1400b1af1000b0af25988000f7
:102848002580a0002590c00025a0e000d7f5400f06
:102858002520a0001000401025884000252860028f
:10286800aede400f25200002140040102520400055
:10287800030080120000000009f880020000000038
:10288800e5f5400f252000020c00428e2528600245
:1028980009f8400025204002251020022400bf8f9f
:1028a8002000b48f1c00b38f1800b28f1400b18fb2
:1028b8001000b08f0800e0032800bd27e5f5400fa1
:0c28c80025200002f4ff0010258800000d
:020000040000fa
:020000041d03da
:1028d400e0ffbd271c00bfaf1800b2af1400b1afba
:1028e4001000b0af1c00a010258000002590a000af
:1028f4001900c0102580c0006dfa400f00000000d0
:102904001c0040102588400074dd400f2520400045
:1029140011004050258000000800248e0400228eff
:102924002310440025184000ffff42302b10020200
:102934000100405425180002ffff70300600001209
:1029440025300002f1fa400f252840020800228eab
:1029540021105000080022ae251000021c00bf8f79
:102964001800b28f1400b18f1000b08f0800e0037c
:0c2974002000bd27f8ff001025800000a7
:020000040000fa
:020000041d03da
:10298000e0ffbd271c00bfaf1800b1af1400b0af0f
:10299000d4e0400f258080001a004010010011246f
:1029a000efd7400f25200002140040102580400082
:1029b0000100429011004014258800000c00028e96
:1029c0000400401400a0023c0800028e0c0002ae7d
:1029d00000a0023cd82742901000401400000000e4
:1029e00004c9400f25200002180000a2190000a20f
:1029f00001000224010002a22588000030f0400fef
:102a000000000000251020021c00bf8f1800b18fad
:102a10001400b08f0800e0032000bd2740b6400f2f
:0c2a200025200002f0ff00100000000064
:020000040000fa
:020000041d03da
:102a2c00d0ffbd272c00bfaf2800b3af2400b2af3e
:102a3c002000b1af1c00b0af258880002598a00005
:102a4c002510c0000300e0142590e0001700801052
:102a5c00ffff102415004010ffff102400a0033cc2
:102a6c00b427638ce80306242538000019006200a3
:102a7c0012200000314f400f102800001000b2afa0
:102a8c0025386002253020022528400049ac400f33
:102a9c002520000025804000ffff022404000212c4
:102aac002510000260ca400f2520000225100002ec
:102abc002c00bf8f2800b38f2400b28f2000b18f61
:0c2acc001c00b08f0800e0033000bd27a4
:020000040000fa
:020000041d03da
:102ad800e0ffbd271c00bfaf1800b2af1400b1afb4
:102ae8001000b0af2588800078f0400f2580a00046
:102af8006882848f0000028effff032409004310c0
:102b0800259000000400238e5482858f0000268eb5
:102b18000d00c5102b2883000b00a01401001224ff
:102b2800000000ae8de5400f0000000025104002b7
:102b38001c00bf8f1800b28f1400b18f1000b08f27
:102b48000800e0032000bd27232883002b28a200cb
:102b58000700a0102310440021104300000002ae1b
:102b680082ff400f25202002eeff00102590000074
:0c2b7800000000aeebff00100100122472
:020000040000fa
:020000041d03da
:102b8400e0ffbd271c00bfaf1800b2af1400b1af07
:102b94001000b0af259080002510e0002538c0005b
:102ba4002530a000bc66400f252840002580400049
:102bb400ffff022415000212801810002881828f62
:102bc400211043000000518c020002240c004256e4
:102bd4004000228e9600410f0000000025300000c6
:102be4002528400068e0400f252020024000228e66
:102bf400010003248473627c400022ae4000228ed4
:102c040001000324448c627c400022ae25100002a3
:102c14001c00bf8f1800b28f1400b18f1000b08f4a
:082c24000800e0032000bd27b9
:020000040000fa
:020000041d03da
:102c2c00e0ffbd271c00bfaf1800b2af1400b1af5e
:102c3c001000b0af2588a0006dfa400f2590c000a1
:102c4c00258040001a000012251000003c00049260
:102c5c0001000324170083141c00bf8f4000038e57
:102c6c0003006330140060541800b28f010002247a
:102c7c0009002212ffff0324020003240c00231678
:102c8c0025100000d9f8400f2520400225184000df
:102c9c000700601025100000140003ae4000028ee7
:102cac00010003240442627c400002ae01000224b5
:102cbc001c00bf8f1800b28f1400b18f1000b08fa2
:082ccc000800e0032000bd2711
:020000040000fa
:020000041d03da
:102cd4000300c9880000c9980700c8880400c89880
:102ce4000b00c3880800c3980f00c2880c00c29868
:102cf4000300a9a80000a9b80700a8a80400a8b860
:102d04000b00a3a80800a3b80f00a2a80c00a2b847
:102d14000700e23016004014c23807002118a7004b
:102d24003c00829002004234000062a03d00839087
:102d34002110a700010043a03e008390020043a09d
:102d4400ffff0324030043a0feff0324040043a069
:102d54000500e7242128a7003f0083900000a3a0da
:102d6400400083900100a3a0410082900200a2a031
:082d74000800e003000000006c
:020000040000fa
:020000041d03da
:102d7c002700801025108000e0ffbd271c00bfaf8e
:102d8c001800b2af1400b1af1000b0af25808000b6
:102d9c000000838c18006010251000005a00410fb1
:102dac000000000025904000020042281000401452
:102dbc002588000001f6400f25202002f1f8400f75
:102dcc002520400008004010010031260000038e31
:102ddc000400448c261864000800448c24186400f9
:102dec00060060101c00bf8ff2ff5116000000009f
:102dfc00cade400f010004241c00bf8f1800b28fe4
:102e0c001400b18f1000b08f0800e0032000bd2724
:082e1c000800e00300000000c3
:020000040000fa
:020000041d03da
:102e2400e0ffbd271c00bfaf1800b2af1400b1af64
:102e34001000b0af2590a0000f0080102588c000be
:102e440042008294400042301b00401425808000e0
:102e54000b00e014252820025fcb400f2520400200
:102e64000e00401025804000d8fc400f25200002b1
:102e74000a000010000022aef7ffe010252820020f
:102e840071d8400f25200000040040142580400024
:102e94005fcb400f25204002258040002510000212
:102ea4001c00bf8f1800b28f1400b18f1000b08fb8
:102eb4000800e0032000bd27ebffe010251000020e
:082ec400f8ff00101c00bf8f95
:020000040000fa
:020000041d03da
:102ecc00e0ffbd271c00bfaf1800b1af1400b0afbe
:102edc00258080000700a0102588e0000100022456
:102eec001b00a2102520c000000000ae1300001033
:102efc00ffff02240200e32c1000601025100000dc
:102f0c00030006242528000092d5400f010004245c
:102f1c002520400011004010000002ae01000224e8
:102f2c000e00221625380000253000004c76400f8c
:102f3c0025280000010042380100422c1c00bf8fe4
:102f4c001800b18f1400b08f0800e0032000bd27db
:102f5c0090ee400f2528e000000002ae0000028e2b
:082f6c00f6ff00102b1002001b
:020000040000fa
:020000041d03da
:102f7400e0ffbd271800b1af00a0113c4c2c228efd
:102f84001400b0af1c00bfaf1c00401025808000af
:102f94000d00000600a0033c2c2c638c2318620057
:102fa4002b18700010006054ffff02241c00bf8f18
:102fb400218050004c2c30ae1800b18f1400b08f1b
:102fc4000800e0032000bd2700a0033c302c638ce4
:102fd40023201000231843002b186400f4ff601012
:102fe4001c00bf8fffff02241c00bf8f1800b18f8d
:102ff4001400b08f0800e0032000bd279787400f1e
:10300400000000004c2c228ee1ff40140000000060
:08301400f5ff0010ffff02248c
:020000040000fa
:020000041d03da
:10301c00e0ffbd271c00bfaf1800b2af1400b1af6a
:10302c001000b0af0800908c00a0023c582942243c
:10303c000200021225888000258000002800228ec4
:10304c00090040142528000069ec400f25202002bf
:10305c001c00bf8f1800b28f1400b18f1000b08ffe
:10306c000800e0032000bd2742f0400f00000000e4
:10307c00259040002000028e25f2400f0000508c5d
:10308c0002800272e70310266210023cd34d4224e8
:10309c00190002021080000082811000211012021f
:1030ac002c0022ae020002241a0022a6e8ff001017
:0430bc001c0020a62e
:020000040000fa
:020000041d03da
:1030c0002600801000000000d8ffbd272400bfaffd
:1030d0002000b3af1c00b2af1800b1af1400b0af06
:1030e000258080002598a0002590c0002588e0005c
:1030f000faef400f25200000030060122528400051
:103100000000628e040002ae0300401200000000c6
:103110000000428e080002ae0300201200000000f2
:103120000000228e0c0002ae03f2400f25200000aa
:10313000420002963800a3930463627c420002a618
:103140002400bf8f2000b38f1c00b28f1800b18ff6
:103150001400b08f0800e0032800bd270800e0033a
:04316000000000006b
:020000040000fa
:020000041d03da
:10316400e8ffbd271400bfaf6dfa400f1000b0afe9
:10317400258040001a000012251000003000028e45
:10318400040040543c00039215e5400f2520000242
:103194003c0003920200022415006214010004247e
:1031a4000c00048e0e008010251000003000838c6b
:1031b4000c0060101400bf8faa00410f0000000033
:1031c4002520400006008010251000001000062471
:1031d400029d053ca9f6400f8c5fa5242b1002002c
:1031e4001400bf8f1000b08f0800e0031800bd2743
:1031f400fbff6414251000001400028ef8ff001079
:043204002b10020089
:020000040000fa
:020000041d03da
:10320800d0ffbd272c00bfaf2800b5af2400b4af56
:103218002000b3af1c00b2af1800b1af1400b0afbc
:1032280025a880002598a0002588c00025a0e000da
:10323800faef400f25200000259040000c002012d6
:10324800258000006dfa400f2520a00208004010dc
:10325800258040005800428c05004054258000001d
:10326800580011ae5c0014ae600013a62580200241
:103278002528400203f2400f2520000025100002f7
:103288002c00bf8f2800b58f2400b48f2000b38f87
:103298001c00b28f1800b18f1400b08f0800e00333
:0432a8003000bd270e
:020000040000fa
:020000041d03da
:1032ac00e0ffbd271c00bfaf1800b2af1400b1afd8
:1032bc001000b0af3081928f0b004012251000002f
:1032cc00258080002510a0000d00a0102588c000ce
:1032dc00050080102510000042008294400042300e
:1032ec0009004014010005241c00bf8f1800b28f88
:1032fc001400b18f1000b08f0800e0032000bd2730
:10330c00f9ff801001000524a8f2400f25200002cf
:10331c00f5ff40100100032442000496c418647c9d
:10332c0003002316420004a6efff0010040050ae69
:10333c0002000324ecff2352080050aeebff0010f8
:04334c001c00bf8f13
:020000040000fa
:020000041d03da
:10335000d8ffbd272400bfaf2000b4af1c00b3af1f
:103360001800b2af1400b1af1000b0af25988000c4
:1033700025a0a0002588c00083fa400f2590e0001a
:1033800025804000130000122510000076000492f2
:10339000fdff8324ff0063300300632c0d006014e5
:1033a000080003240c0083102400bf8f0600401285
:1033b00025304002252880020bc6400f25206002e0
:1033c000050040102400bf8f0200201201000224db
:1033d000600011a62400bf8f2000b48f1c00b38fa3
:1033e0001800b28f1400b18f1000b08f0800e003f6
:0433f0002800bd27cd
:020000040000fa
:020000041d03da
:1033f400d0ffbd272c00bfaf2800b5af2400b4af69
:103404002000b3af1c00b2af1800b1af1400b0afce
:1034140025a8800025a0a0002588c0002598e000ec
:10342400faef400f25200000259040000c002012e8
:103434002580000083fa400f2520a00208004010d8
:10344400258040007c00428c05004054258000000b
:103454007c0011ae7a0014a6800013ae25802002f1
:103464002528400203f2400f252000002510000209
:103474002c00bf8f2800b58f2400b48f2000b38f99
:103484001c00b28f1800b18f1400b08f0800e00345
:043494003000bd2720
:020000040000fa
:020000041d03da
:10349800e0ffbd271c00bfaf1800b1af1400b0afec
:1034a8002588800010828293090040142580a0009e
:1034b80014f2400f0c8284272520400001000324c9
:1034c80017008314ffff022401000224108282a344
:1034d80013002016ffff0224120000121c00bf8fe9
:1034e80000a0023c9414438c0d006014ffff0224da
:1034f8000800048e00a0033c941465240800a4acc2
:103508000400028e0400a2ac02000524941465ace9
:103518000800428c09f840000000058e25100000c4
:103528001c00bf8f1800b18f1400b08f0800e00393
:043538002000bd278b
:020000040000fa
:020000041d03da
:10353c00756c023cc8ffbd27286e42242000b0af3a
:10354c001800a2af2580c0006c2902242400b1af62
:10355c003400bfaf3000b4af2c00b3af2800b2af13
:10356c00258880002530e0001c00a2a70200001670
:10357c001e00a0a31800b0270400b28c0800b38c66
:10358c000400c0140000b48cfcfa400f252000028b
:10359c0025304000020040062b1046020b30420240
:1035ac001000b4af2538600225280002d4b0400fbb
:1035bc00252020023400bf8f3000b48f2c00b38f35
:1035cc002800b28f2400b18f2000b08f0800e003d8
:0435dc003800bd27cf
:020000040000fa
:020000041d03da
:1035e0000000a28c240040102530a000e0ffbd2781
:1035f0001c00bfaf1800b1af1400b0af2580800031
:103600004000918c0400438c01000424c4ff837c9f
:10361000040043ac0400a28c0400438c84f7837c38
:10362000040043ac25380000d800058ecd86400f3d
:10363000252000027000410f2520200207004014c1
:1036400000000000d800028e0000458c0400a52474
:1036500000e0a57c5aff400f25202002a9ff400f63
:10366000252020021c00bf8f1800b18f1400b08fde
:103670000800e0032000bd270800e0030000000070
:020000040000fa
:020000041d03da
:10368000d8ffbd272400bfaf2000b3af1c00b2afee
:103690001800b1af1400b0af258080000f0080a0eb
:1036a00025908000258800000f001324e1fe400fc4
:1036b00000004492ff00423013004014000042a278
:1036c0002118110201001026218011020e0002248f
:1036d00023105100ff00423021800202200002240a
:1036e000000062a001006324fdff70142400bf8f5e
:1036f0002000b38f1c00b28f1800b18f1400b08f60
:103700000800e0032800bd2701003126ff00313208
:10371000e6ff331601005226f5ff00102400bf8f8c
:020000040000fa
:020000041d03da
:10372000d0ffbd272c00bfaf2800b1af2400b0af41
:103730001d0080102580800031d2400f2588e000d8
:1037400019004010258040001800b1a31900a0a363
:103750001a00a0a7ee67400f4000a4971c00a2a784
:10376000ee67400f4400a4971e00a2a73a0005246c
:10377000c4ef400f25200002020002241000a2af77
:103780003a000724080006241800a5279ad1400f04
:10379000252000020400401425884000e1f1400f7c
:1037a0002520000225802002251000022c00bf8f5a
:1037b0002800b18f2400b08f0800e0033000bd273f
:020000040000fa
:020000041d03da
:1037c0002500801000100224d8ffbd272400bfafc1
:1037d0002000b4af1c00b3af1800b2af1400b1affb
:1037e0001000b0af2588800000a0023c80234394e5
:1037f0000d00601000100224bc80948f25806000b2
:10380000259800004400928e0f004052010073265c
:103810000400458e07fb400f252020020a004014bb
:1038200001007326000042962400bf8f2000b48f51
:103830001c00b38f1800b28f1400b18f1000b08f2e
:103840000800e0032800bd27eeff70168c009426c8
:10385000f5ff0010001002240800e0030000000043
:020000040000fa
:020000041d03da
:103860002500c01025100000e0ffbd271c00bfafe1
:103870001800b1af1400b0af258880002520e0000b
:103880000900a0101400308e0300a2880000a29846
:10389000030002aa000002ba0400a290040002a2df
:1038a0000500a290050002a20300c2880000c29891
:1038b000090002aa060002ba0400c2900a0002a28d
:1038c0000500c290ee67400f0b0002a20c0002a69a
:1038d0001000238e0c0062940e0042240c0062a49f
:1038e000010002241c00bf8f1800b18f1400b08f9c
:1038f0000800e0032000bd270800e00300000000ee
:020000040000fa
:020000041d03da
:103900001300c0101000828c230040100000000043
:103910001c00848c0800438c2b3083001c00c05496
:103920000000428c0e004694211866002b30640083
:103930001700c0540000428c2b20a4000300801408
:103940002b18650014006010000000000000428c7d
:1039500011004010000000000800438c2b20a30041
:10396000070080540000428c0e004494211864002b
:103970002b18650008006010000000000000428c59
:10398000f6ff40540800438c0800e00300000000ec
:10399000e1ff40540800438c0800e00300000000f1
:020000040000fa
:020000041d03da
:1039a000e0ffbd271c00bfaf1800b2af1400b1afdd
:1039b0001000b0af25888000660092941800908cab
:1039c0001400828c23800202a5f4400fffff103206
:1039d00023180202ffff63300e0003122b20430264
:1039e0001100801025100000422810006c00229663
:1039f000ffff44302b20a400020080102318720027
:103a00002510a000ffff42302a1843000600601076
:103a10002510000001000624100005249f14400f0b
:103a200025202002010002241c00bf8f1800b28f45
:103a30001400b18f1000b08f0800e0032000bd27f4
:020000040000fa
:020000041d03da
:103a40002500801025100000e0ffbd271c00bfaf3f
:103a50001800b1af1400b0afa1f7400f2588a00047
:103a60002518400000002492fe000224110082501c
:103a7000010024926000708c1200001225100000da
:103a8000100006240400052692de400f25202002a7
:103a90001c0003922b1843000a006050010002240e
:103aa0000000108ef6ff0016251000000600001022
:103ab0001c00bf8fc000843080000524edff8514fa
:103ac000010002241c00bf8f1800b18f1400b08fba
:103ad0000800e0032000bd270800e003000000000c
:020000040000fa
:020000041d03da
:103ae000e0ffbd271800b2af1400b1af1c00bfaf9c
:103af0001000b0af2590a0001400801400a0113c6d
:103b0000ec26308e0a00005225800000252000029d
:103b10005eba400f25284002218002020000028286
:103b20000c00405425284002ec2620ae25800000e1
:103b30001c00bf8f251000021800b28f1400b18f37
:103b40001000b08f0800e0032000bd27efff001039
:103b500025808000a0bc400f252000022110020219
:103b6000000043800400601001004324ec2623aed3
:103b7000efff0010000040a0edff0010ec2620ae8b
:020000040000fa
:020000041d03da
:103b8000d8ffbd271c00b0af00a0103cd003028eb0
:103b90002000b1af2400bfaf0d0040102588800089
:103ba000d0e7400f000000001000a4271df5400fd3
:103bb0001000a2af0f0044241000a58ff2fb400fad
:103bc0000418047c0b00401025100000d00300ae48
:103bd000010010240b8031020f0010260418107c05
:103be0000900001600a0023c0c000324c42c43acc6
:103bf000251000002400bf8f2000b18f1c00b08f63
:103c00000800e0032800bd2764c0400f2520000203
:103c1000f8ff4054fcff50acf7ff00102400bf8faa
:020000040000fa
:020000041d03da
:103c2000e0ffbd270055e57c1800b1af1400b0af30
:103c30001c00bfaf258080002510c0002518e000c3
:103c40000c00a014028d0700049d023c2548c00012
:103c5000ec8a478ce88a468c252020016d54400f61
:103c6000252860000055647c0200801000080524af
:103c7000c1ff8524c2270200401803004010020043
:103c800025188300000002ae1c00bf8f00a0637cdb
:103c90002000023c2510430000083132ccfba52453
:103ca000040002ae0c0011ae251000021800b18f06
:103cb000080005ae1400b08f0800e0032000bd2707
:020000040000fa
:020000041d03da
:103cc000e0ffbd271c00bfaf1800b2af1400b1afba
:103cd0001000b0af2590a000c5d3400f010005240f
:103ce00015004010ffff1124252040000400508cd7
:103cf000e7d6400f25284002252840000a00401042
:103d0000feff11240e0042900600422c11004014c8
:103d1000900006269c00062603000724a5b4400f49
:103d20002520000225880000040000122510200232
:103d300081f9400f25200002251020021c00bf8fb2
:103d40001800b28f1400b18f1000b08f0800e0038c
:0c3d50002000bd27f1ff00100200072436
:020000040000fa
:020000041d03da
:103d5c00e0ffbd271c00bfaf1800b1af1400b0af1f
:103d6c000200822c1b004014258000002588a00036
:103d7c002580c000002104002530000000a0023c7a
:103d8c00e82042248de1400f212044000001223222
:103d9c000900401000000000faef400f2520000041
:103dac009c80838f010063249c8083af2528400076
:103dbc0003f2400f252000000600001625300000fd
:103dcc002528200200a0043c98f2400ff8208424ff
:103ddc0001001024251000021c00bf8f1800b18fa9
:0c3dec001400b08f0800e0032000bd2789
:020000040000fa
:020000041d03da
:103df800d8ffbd272400bfaf2000b3af1c00b2af6f
:103e08001800b1af1400b0af258080002598a0003d
:103e18002588c000faef400f2520000025904000bb
:103e2800401810002118700080180300252860022f
:103e380000a0043c58208424b5f8400f21208300ba
:103e48002528400203f2400f252000000700201219
:103e580000811000253000000100052400a0043c6a
:103e6800e82084248de1400f2120900001000224e5
:103e78002400bf8f2000b38f1c00b28f1800b18fb1
:0c3e88001400b08f0800e0032800bd27e4
:020000040000fa
:020000041d03da
:103e940000a0023c2c2b428c2200401800000000a1
:103ea400e8ffbd271400bfaf1000b0af1800858c29
:103eb400040003241400a314ffff422400a0023cc6
:103ec400302b42900c00401000a0023c242b508c5c
:103ed4006eff400f1000848cc0180200211862008d
:103ee400c018030021200302040080101400bf8fb7
:103ef400bfed400f000000001400bf8f1000b08f12
:103f04000800e0031800bd2700a0033cfaff40149a
:103f14002c2b62ac43a1400f00000000f7ff0010ff
:0c3f24001400bf8f0800e0030000000044
:020000040000fa
:020000041d03da
:103f3000e8ffbd271400bfaf1000b0af3081838f02
:103f40001e006010251000001c0080102580a000bd
:103f5000010002240500a25025288000020002244e
:103f60000100a25403001024252880005db7400ff3
:103f70000000648c2518400010006010251000001f
:103f800000006494800084300d0080101400bf8f06
:103f90002a006290242850000100a4300200801002
:103fa00025100000260062900200a5300400a01039
:103fb0001400bf8f27006390211043001400bf8faf
:0c3fc0001000b08f0800e0031800bd27bf
:020000040000fa
:020000041d03da
:103fcc00e0ffbd271c00bfaf1800b1af1400b0afad
:103fdc00258880005c009024251000000a00042431
:103fec0009000392050064540c00038e0800401471
:103ffc00252800020a0000106881848f03006010dd
:10400c0025100002f6ff001025806000258060005e
:10401c00080000120c0040ac252800026881848f37
:10402c000c00828c09f840000c00108efbff00166f
:10403c00252800020d0022924429027c0d0022a2a8
:10404c00040020a6280020a61c00bf8f1800b18fea
:0c405c001400b08f0800e0032000bd2716
:020000040000fa
:020000041d03da
:104068000000a390ff0002240e0062142510000037
:10407800030003240429627c0100a5900f00a330eb
:1040880036410424062064000100843002008010b8
:10409800251800000f00a3300418627c0800e00314
:1040a800ff004230010003240429627c0000a48c34
:1040b800ffff8730fe800634f7ffe6100200032476
:1040c800f5ff80140e0003240400a48cf3ff805431
:1040d8000418627c0800a48cf0ff80540418627ce9
:1040e8000c00a48c0001033c26208300010003245b
:0c40f8000e000524e8ff00100b18a400c7
:020000040000fa
:020000041d03da
:10410400e8ffbd271400bfaf0482838f0c0060104a
:10411400251000000b0080501400bf8f1900641498
:104124000882828f0900441404828227000040ac74
:10413400040040acbde5400f000000000100022473
:104144001400bf8f0800e0031800bd270800828c0c
:10415400f8ff0010048282af0b0083542510600026
:104164000800648c080044ac0882848f01008350ea
:10417400088282afbde5400f25206000f0ff0010eb
:1041840001000224251060000800638cf2ff601413
:0c41940000000000eaff001025100000f1
:020000040000fa
:020000041d03da
:1041a00000a0023cdc27438c220060102510000098
:1041b0000f0064501c00828c252860001c00638c5a
:1041c0000900601000000000fcff835425286000f7
:1041d0001c00828c09004014000000001c00a2acee
:1041e00012000010251000000800e0032510000058
:1041f0000900405000a0023c252800000c00868cdd
:104200000c00438c211866000c0043acf3ffa05453
:104210001c00828c00a0023ca82742243400438c5e
:104220001c00638c340043ac010002240800e0034e
:0c4230001c0080ac0800e003000000004f
:020000040000fa
:020000041d03da
:10423c00c03a0500425504002538ea000080013cd4
:10424c002538e1004050050042550a001e040624a2
:10425c002330ca000d00c018000000002000c12c43
:10426c000200201400000000000007340638c700cc
:10427c000200a104000000002338070025100700ed
:10428c000800e003000000000000000002008010a5
:10429c00000000000100a534f07f013c0100213436
:1042ac002b08a10004002014000000000080023c38
:1042bc00f3ff001000000000ff7f023cffff4234c0
:0c42cc00efff00100000000000000000e8
:020000040000fa
:020000041d03da
:1042d800e0ffbd271c00bfaf1800b1af1400b0af9e
:1042e800258080003800918c1c00228e09f840003f
:1042f8000c00848c01000324090043101c00bf8fac
:104308002000228e09f840000c00048e080040505e
:104318007800028e88f3400f252000021c00bf8f12
:104328001800b18f1400b08f0800e0032000bd27eb
:1043380001004230050040541400028e88f3400ffb
:1043480025200002f6ff00101c00bf8f0001427cf0
:104358000300401002000224f0ff0010840000aea9
:08436800eeff0010840002ae1c
:020000040000fa
:020000041d03da
:10437000e8ffbd271400bfaf1000b0af04f1400f3d
:1043800025808000160040101400bf8f0800028ea8
:104390001000438c010062301400401008006430ab
:1043a00006008010251000004000627c040063308d
:1043b00002006010401302000010423434000396e3
:1043c00024104300220002a63c0000ae0400022498
:1043d0001a0002a6030002241c0002a61400bf8fcc
:1043e0001000b08f0800e0031800bd27f3ff801015
:1043f0002510000002006330001002240020042475
:08440000eeff00100b10830019
:020000040000fa
:020000041d03da
:10440800d0ffbd272c00bfaf2800b4af2400b3af46
:104418002000b2af1c00b1af1800b0af25a08000db
:104428002598a0002590c0002588e00000a0103c39
:10443800d7f5400f682c0426682c108e0c0000124b
:1044480000a0043c4000a28f1000a2af0400028e1e
:1044580025382002253040022528600209f840004e
:10446800252080020000108ef6ff001600a0043cf4
:10447800e5f5400f682c84242c00bf8f2800b48fea
:104488002400b38f2000b28f1c00b18f1800b08faa
:084498000800e0033000bd271d
:020000040000fa
:020000041d03da
:1044a000d0ffbd272c00bfaf2800b1af2400b0afb4
:1044b00031d2400f2588e0001900401025804000cf
:1044c0004000a2931800a2a31900b1a31a00a0a74c
:1044d0004400a28f1c00a2af3a000524c4ef400f95
:1044e00025200002ff0005248efa400f252000023f
:1044f000020002241000a2af3a000724080006249c
:104500001800a5279ad1400f25200002040040146e
:1045100025884000e1f1400f25200002258020027f
:10452000251000022c00bf8f2800b18f2400b08f0f
:084530000800e0033000bd2784
:020000040000fa
:020000041d03da
:104538002300a010fbff0224d8ffbd272400bfaf33
:104548002000b2af1c00b1af1800b0af2580a000aa
:104558002588c0000000a38c130060102590e0009f
:104568001200c0102400bf8ff1f8400f00000000b7
:10457800252040000c008010faff0224420082949b
:104588000010423003004010001043320600601053
:10459800f8ff02241000a0af253840022530200281
:1045a800fc87400f252800022400bf8f2000b28f0f
:1045b8001c00b18f1800b08f0800e0032800bd2749
:0845c8000800e0030000000000
:020000040000fa
:020000041d03da
:1045d000e8ffbd271400bfaf1000b0af25808000fa
:1045e0005e0085a4010002240800c0105c0082a4c3
:1045f0005400829440100200ffff42304100432cdf
:104600001700605040000224540082a4600002920f
:10461000200042300a004010010003246000029292
:104620004429627c600002a22000028e06004054f1
:10463000600002929a00410f00000000200002aecc
:104640006000029201000324c439627c600002a26f
:104650001400bf8f1000b08f0800e0031800bd27c2
:08466000eaff0010540082a4df
:020000040000fa
:020000041d03da
:10466800d8ffbd272400bfaf2000b4af1c00b3aff4
:104678001800b2af1400b1af1000b0af25888000a9
:104688002598a0002590c00025a0e0009ee0400fde
:104698002520c0000f004010258040000500601252
:1046a800060052a42530400225286002f1fa400f86
:1046b80010004424080032a60c0034a23800a29747
:1046c8000a0022a60900062425282002c16f400fef
:1046d80025200002251000022400bf8f2000b48f7f
:1046e8001c00b38f1800b28f1400b18f1000b08f68
:0846f8000800e0032800bd27c3
:020000040000fa
:020000041d03da
:10470000d0ffbd272c00bfaf2800b1af2400b0af51
:10471000cc81908f19000012251000021c0080101f
:104720002588a0001000a0af1800a0af1400a4af0f
:104730001800a5a30c0007241000a62725280002b6
:1047400000a0043c4dda400fa82b84240a0040103e
:10475000258040000800201200a0113cd7f5400f32
:10476000a82b2426b881828f01004224b88182af11
:10477000e5f5400fa82b2426251000022c00bf8f42
:104780002800b18f2400b08f0800e0033000bd275f
:08479000f9ff00102580000074
:020000040000fa
:020000041d03da
:10479800e8ffbd271400bfaf88bf023c6010428c01
:1047a80088bf033c3010638c8006637c0500601072
:1047b8008006427c0400401088bf023c32c0400f93
:1047c8000000000088bf023c6010428c88bf033c98
:1047d8003010638cc006637c05006010c006427c04
:1047e8000400401088bf023c8e83400f0000000088
:1047f80088bf023c6010428c88bf033c3010638c39
:104808000007637c050060100007427c040040102c
:104818001400bf8f6786400f000000001400bf8f90
:084828000800e0031800bd27a1
:020000040000fa
:020000041d03da
:10483000d8ffbd272400bfaf2000b3af1c00b2af2c
:104840001800b1af1400b0af258080002598a000fb
:104850002588c0000200a230090040102590e00029
:104860002530e000252820023ede400fd400848c55
:1048700025304002252820023ede400fd800048e5d
:104880000100733208006012253040022528200202
:104890003ede400fdc00048e253040022528200239
:1048a0003ede400fe000048e2400bf8f2000b38f57
:1048b0001c00b28f1800b18f1400b08f0800e00305
:0448c0002800bd27e8
:020000040000fa
:020000041d03da
:1048c400e0ffbd271c00bfaf1800b2af1400b1afaa
:1048d4001000b0af2588a0002590c000253000004e
:1048e400049d053cd3bd400f28e8a5240d004010cd
:1048f4002580400025284002b9e0400f25204000d3
:1049040008002012029d023c8c5f42240c002216f7
:10491400010003240d000292c418627c0421627c0d
:104924000d0002a2251000021c00bf8f1800b28fd8
:104934001400b18f1000b08f0800e0032000bd27e1
:104944002528200229d5400f25200002f6ff00105b
:044954002510000228
:020000040000fa
:020000041d03da
:104958000400a38c0600632c20006014ffff0224cf
:104968000000a38c010065900300a6301b00c01452
:104978000400a52c1900a01400000000600082901b
:104988000400423013004014010005240500628829
:1049980002006298430082a8400082b861008290b9
:1049a800c418a27c610082a0010062900800422c19
:1049b800090040540100629009006288060062986c
:1049c800470082a8440082b8610082900421a27c3a
:1049d800610082a001006290020042240800e00306
:0449e80000000000cb
:020000040000fa
:020000041d03da
:1049ec00e0ffbd271c00bfaf1800b1af1400b0af83
:1049fc00258080002c00848c040080102588a00069
:104a0c0009000624dbe1400f0200052414002012eb
:104a1c002c0011ae1c00238e1000228e300002ae32
:104a2c000c004294f8ff4224340002a60400629465
:104a3c00360002a61c00228e08004224380002ae6a
:104a4c0025282002077e400f252000021c00bf8f66
:104a5c001800b18f1400b08f0800e0032000bd27b0
:104a6c00300000ae340000a6360000a6f3ff0010a4
:044a7c0025102002df
:020000040000fa
:020000041d03da
:104a8000e0ffbd271c00bfaf1800b2af1400b1afec
:104a90001000b0af3081928f18004012faff02244c
:104aa0000000518e160020121c00bf8f0c00238eb8
:104ab000120060102510000025800000252800024b
:104ac00084fb400f252020020700401025284000cd
:104ad00000004294010042300400405001001026c2
:104ae00077e6400f25204002010010260c00228ea0
:104af0002b100202f2ff4014252800021c00bf8f79
:104b00001800b28f1400b18f1000b08f0800e003be
:044b10002000bd279d
:020000040000fa
:020000041d03da
:104b1400e8ffbd271400bfaf1000b0af5c81828fe7
:104b2400100040104c81828f0e0040102580000040
:104b3400801810005c81828f211043000000448c97
:104b440003008010253000008bc1400f02000524b3
:104b5400010010264c81828f2b100202f5ff4014b5
:104b6400801810005081848f0c00828c09f840005a
:104b74005c81858f5c8180af4c8180af4881848f5c
:104b8400050080101400bf8ffdf8400f00000000e6
:104b9400488180af1400bf8f1000b08f0800e0037d
:044ba4001800bd2711
:020000040000fa
:020000041d03da
:104ba800e0ffbd271c00bfaf1800b1af1400b0afc5
:104bb800251080002588a0002520c0001400b08c96
:104bc800110043880e004398030003aa000003baab
:104bd80012004390040003a213004390050003a2af
:104be8003000428c3c0047243f0043883c004398f7
:104bf800090003aa060003ba0400e2900a0002a210
:104c08000500e290ee67400f0b0002a20c0002a61e
:104c18001000238e0c0062940e0042240c0062a443
:104c28001c00bf8f1800b18f1400b08f0800e0037c
:044c38002000bd2774
:020000040000fa
:020000041d03da
:104c3c00e0ffbd271c00bfaf1800b1af1400b0af30
:104c4c000000828c0000428c009d053cc01fa524f6
:104c5c0009f840000400848cc000062425280000bc
:104c6c0000a0043cd4fb400fd40384240482848f22
:104c7c00090080142588000001000224f88182af0d
:104c8c001c00bf8f1800b18f1400b08f0800e00318
:104c9c002000bd27252000020882828f0300445487
:104cac000800908c088280af25802002bde5400f63
:104cbc00048290aff7ff001601000224f0ff0010f1
:044ccc00f88182af3a
:020000040000fa
:020000041d03da
:104cd000e8ffbd271000b0af1400bfaf48008280ce
:104ce000ffff432425104300480082a01800838c56
:104cf0001400828c2b10620005004010258080007b
:104d00002c00828c2530000009f840002528000086
:104d10000400028e280000ae02004330180000aeee
:104d200008006010140000ae10004234040002ae0f
:104d3000ffff02241400bf8f1000b08f0800e003b3
:104d40001800bd270800038e0c00048ec000427cb2
:104d500021186400400003ae3c0003aef5ff0010d4
:044d6000231002001a
:020000040000fa
:020000041d03da
:104d6400e0ffbd271c00bfaf1800b1af1400b0af07
:104d7400258080003800918c1c00228e09f84000a8
:104d84000c00848c01000324090043101c00bf8f15
:104d94002000228e09f840000c00048e08004050c8
:104da4003c00228e88f3400f252000021c00bf8f98
:104db4001800b18f1400b08f0800e0032000bd2755
:104dc400780006262528000009f840000c00048e0f
:104dd400050041040400022488f3400f252000024a
:104de400f3ff00101c00bf8ff0ff0010840002ae20
:020000040000fa
:020000041d03da
:104df400e8ffbd271400bfaf1000b0af0100a5301d
:104e04000b00a0104000908ca5ff400f252000024d
:104e14003c00410f25200002fdff4014000000006b
:104e24003f00410f25200002fdff40140000000058
:104e3400a5ff400f25200002adff400f25200002f2
:104e440095ff400f2520000299ff400f2520000206
:104e54009dff400f252000023900410f252000024c
:104e6400fdff4014ef6305244b00410f2520000291
:104e74001400bf8f1000b08f0800e0031800bd2796
:020000040000fa
:020000041d03da
:104e8400e8ffbd271400bfaf200083940800878c7f
:104e9400080065300200a0141000e28c0400027cbb
:104ea400220085940030a6300100c050c418027c52
:104eb400006066300100c0500421027c0018663096
:104ec4000100c0504429027c005066300001a83023
:104ed4002530c8000100c0504408027c002863301b
:104ee4008000a53025186500010060508410027c04
:104ef4001000e2ac2800838c000062ac69ec400f27
:104f0400252800001400bf8f0800e0031800bd2707
:020000040000fa
:020000041d03da
:104f1400e8ffbd271400bfaf1000b0af0d00801034
:104f24002580000000008294190040102580800034
:104f34000c00838c020002240600625425800000c9
:104f44000900a0500400828cfde7400f0400848c0b
:104f54000a800200251000021400bf8f1000b08fd9
:104f64000800e0031800bd27faff405025804000e8
:104f74000800448c02000324f6ff835425800000bb
:104f84000400429401004230f2ff00100a80020043
:104f9400f0ff001025800000eeff00102580400087
:020000040000fa
:020000041d03da
:104fa4002100801025100000c0ffbd273c00bfafca
:104fb4003800b1af3400b0af2580a0001500a010b8
:104fc4002588c000030082901400a2af02008290e2
:104fd4001000a2af0100879000008690009d053c60
:104fe400ac00a524fcfb400f1800a427fcfa400fda
:104ff4001800a427010042242b3022020500c0140b
:10500400251000001800a527defb400f2520000214
:10501400010002243c00bf8f3800b18f3400b08ff0
:105024000800e0034000bd270800e0030000000082
:020000040000fa
:020000041d03da
:10503400d0ffbd272c00bfaf2800b1af31d2400f45
:105044002400b0af180040102580400085ff0224e2
:105054001800a2a31900a0a31a00a0a71c00a0afc7
:105064003a000524c4ef400f25200002ff00052468
:105074008efa400f25200002020002241000a2af85
:105084003a000724080006241800a5279ad1400fe7
:10509400252000020400401425884000e1f1400f5f
:1050a4002520000225802002251000022c00bf8f3d
:1050b4002800b18f2400b08f0800e0033000bd2722
:020000040000fa
:020000041d03da
:1050c400e0ffbd271c00bfaf1800b2af1400b1afa2
:1050d4001000b0af2588a0006dfa400f2590c000e5
:1050e40025804000120000122510000074dd400fde
:1050f400252000020f0040101c00bf8f0200405208
:105104000000038e0800038e212871000000038e26
:105114002b18a30006006054251000000400038e21
:105124002b1865000200605425100000080005ae2d
:105134001c00bf8f1800b28f1400b18f1000b08f05
:105144000800e0032000bd27f9ff0010251000002f
:020000040000fa
:020000041d03da
:10515400ffff833020006014ffff0224ffff843030
:1051640000a0023c401804002118640080180300c9
:1051740094144224211043000400458c1600a0100e
:1051840025100000e8ffbd271400bfaf2510600004
:1051940000a0033c94146324211043002800a38c32
:1051a40009f860000800448c25184000020004241b
:1051b40006006410010002240300642c0300801024
:1051c400ffff02242b180300401003001400bf8fbc
:1051d4000800e0031800bd270800e00300000000f9
:020000040000fa
:020000041d03da
:1051e400fcffa9241e002011251000000500222d1b
:1051f400040003240b1822012530000025100000b0
:1052040003000c2404000b241700601825388000c8
:105214002168c30021188300255000002340e600c4
:1052240021400d01000008910000ee9026400e017f
:10523400ff0008310100e724f8ff671425504801f6
:105244000a108a010400c6242318a6000500672c4e
:105254000a1867012b38c900ebffe014040084240a
:105264000800e00300000000f6ff00100300022421
:020000040000fa
:020000041d03da
:10527400e8ffbd271400bfaf1000b0af04f1400f2a
:1052840025808000130040101400bf8f3400029664
:1052940004004330050060542800048e2000039667
:1052a4000f006014010005242800048e05008010fe
:1052b4008000437c100042300100405404006334f9
:1052c400000083ac2528000069ec400f2520000273
:1052d4001400bf8f1000b08f0800e0031800bd2732
:1052e400dfe2400f25200002f9ff401002000224f3
:0c52f4001a0002a6f6ff00101c0000a625
:020000040000fa
:020000041d03da
:10530000d8ffbd272400bfaf2000b3af1c00b2af51
:105310001800b1af1400b0af259880002580a00020
:105320002590c0000400801025880000fcfa400f82
:1053300084008424258840000b00001225102002e0
:105340000a0040122400bf8f0e002012ffff4626e5
:1053500084006526e8fb400f252000022180120210
:10536000ffff00a2251020022400bf8f2000b38f72
:105370001c00b28f1800b18f1400b08f0800e0033a
:0c5380002800bd27f7ff0010000000a26d
:020000040000fa
:020000041d03da
:10538c002000801400000000d8ffbd272400bfaf10
:10539c002000b2af1c00b1af1800b0af2580a00048
:1053ac002588c0002590e0002f0005240ef5400f45
:1053bc0025200002050040145c0005240ef5400f6a
:1053cc0025200002030040501000b2af0100502411
:1053dc001000b2af2538200225300002009d053c9c
:1053ec007c05a524d8c8400f252000002400bf8fc1
:1053fc002000b28f1c00b18f1800b08f0800e003a2
:0c540c002800bd270800e003000000009d
:020000040000fa
:020000041d03da
:10541800d8ffbd272400bfaf2000b1af1c00b0af3c
:1054280025308000039d053c80f6a524d3bd400fa0
:105438004800848c0d004010258040001000022494
:105448001000a2af06000724140006242528000037
:105458009ad1400f252000020a00401425884000f8
:10546800e1f1400f252000022580200225100002ce
:105478002400bf8f2000b18f1c00b08f0800e0030c
:105488002800bd27029d053c3c72a524b000410fb1
:0c54980025200002f6ff00102510000285
:020000040000fa
:020000041d03da
:1054a400e8ffbd271400bfaf1000b0af1900a01073
:1054b400258080000300a6880000a6980700a48821
:1054c4000400a4980b00a3880800a3980f00a288e6
:1054d4000c00a2983f0006aa3c0006ba430004aaa6
:1054e400400004ba470003aa440003ba4b0002aace
:1054f400480002ba010003240d0002920421627cd8
:105504000d0002a21400bf8f1000b08f0800e0034a
:105514001800bd271000062425280000d4fb400fe6
:0c5524003c008424f4ff00102518000057
:020000040000fa
:020000041d03da
:10553000e0ffbd271c00bfaf1800b1af1400b0af33
:105540007481828f18004010258080001000918c9b
:105550001dea400f252020021400038e00110300d5
:1055600021104300c01002006481848f5de5400f6c
:105570002120820042002296c439027c420022a6e9
:105580001800038e02000224070062147481828fc7
:10559000ffff422404004014748182af91d9400f70
:1055a0000800048e788180af1c00bf8f1800b18f77
:0c55b0001400b08f0800e0032000bd27ad
:020000040000fa
:020000041d03da
:1055bc00d8ffbd272400bfaf2000b3af1c00b2af93
:1055cc001800b1af1400b0af120080102588800015
:1055dc00a1f7400f2580a000160000122590400076
:1055ec000300138a0000139a2528000217eb400fc2
:1055fc001c0044242528000268f2400f04004426b5
:10560c002530000201000524add7400f25202002d3
:10561c0025886002251020022400bf8f2000b38f44
:10562c001c00b28f1800b18f1400b08f0800e0037b
:0c563c002800bd27f7ff001025880002a1
:020000040000fa
:020000041d03da
:10564800e0ffbd271c00bfaf1800b2af1400b1af18
:105658001000b0af16008010258000002590800053
:105668001900850010100000110040142588a000c2
:1056780002208570b8ff822c0e0040102510000211
:1056880066f0400f4800842409004010258040003f
:105698000100205648004224000002ae3c0012ae31
:1056a800400011ae010005242db4400f2520000252
:1056b800251000021c00bf8f1800b28f1400b18f94
:0c56c8001000b08f0800e0032000bd2798
:020000040000fa
:020000041d03da
:1056d400e8ffbd271400bfaf1000b0af009d073c2a
:1056e4009822e724009d063ca822c6240100052434
:1056f400049d043cdca1400fa40184241000401448
:1057040025804000ba00410f00000000080040104e
:1057140025100002b800410f00000000009d053c68
:10572400e019a524d8c8400f252040002510000208
:105734001400bf8f1000b08f0800e0031800bd27cd
:10574400ff0006242528000000a0043cd4fb400fe1
:0c575400ec258424f6ff00102510000254
:020000040000fa
:020000041d03da
:1057600000a0033c700263241d0064142510000097
:105770000300e01000000000200002240000e2ac62
:105780001700a010251000002000c62c1400c01423
:105790000000000000a0023c7002422420004a8c5d
:1057a0002400498c2800488c2c00478c3000468c03
:1057b0003400448c3800438c3c00428c0000aaac7e
:1057c0000400a9ac0800a8ac0c00a7ac1000a6ac63
:1057d0001400a4ac1800a3ac1c00a2ac200002244e
:0857e0000800e00300000000d6
:020000040000fa
:020000041d03da
:1057e80000a0033c700263241d006414251000000f
:1057f80000a0023c8402439004006330180060104b
:1058080025100000e8ffbd271400bfaf1000b0af9f
:1058180000a0103c700210263800028e1000428c46
:1058280009f840000800048e8400028e80100200ef
:10583800039d033c94a46324211043000000428c80
:1058480009f8400025200002140002920001427c61
:105858001400bf8f1000b08f0800e0031800bd27a8
:085868000800e003000000004d
:020000040000fa
:020000041d03da
:105870001f00a010fbff02240000a38c1c0060107e
:10588000000000001a008010faff022442008394f6
:10589000400068301600001100000000e0ffbd2746
:1058a0000b00e0101c00bfaf001063300500601457
:1058b000f8ff02241000a6af01000724fc87400f68
:1058c000040086241c00bf8f0800e0032000bd27d1
:1058d00074aa400f0000000025284000ffff0324a9
:1058e0000200042425108000f6ff00100a10650055
:0858f0000800e00300000000c5
:020000040000fa
:020000041d03da
:1058f8001f00c010251000002518a0003c00829051
:10590800030043102528c0000800e003251000000c
:10591800020002240c006214010006240c00848c8e
:105928001300801025100000e8ffbd271400bfaf4a
:1059380029d5400f00000000010002241400bf8f89
:105948000800e0031800bd270900661425100000b0
:105958000000a28c180082ac4000828c60004234a7
:10596800c439027c400082ac0800e0030100022434
:085978000800e003000000003c
:020000040000fa
:020000041d03da
:105980001f00c010251000002518a000770082908d
:10599000030043102528c0000800e0032510000084
:1059a000020002240c006214010006244c00848cc6
:1059b0001300801025100000e8ffbd271400bfafc2
:1059c00029d5400f00000000010002241400bf8f01
:1059d0000800e0031800bd27090066142510000028
:1059e0000000a28c440082ac740082940100032465
:1059f0000463627c740082a40800e00301000224b6
:085a00000800e00300000000b3
:020000040000fa
:020000041d03da
:105a0800e0ffbd271c00bfaf1800b1af1400b0af56
:105a18007082828f1700401000a0103cfc271026cf
:105a280078f0400f000000000c00028e0c00518c32
:105a380058f3400f040024266c82828fffff422413
:105a48006c8282af7082828fffff4224708282afa5
:105a58008de5400f0000000036f2400f3000248e24
:105a680036f2400f252020027082828fecff40140e
:105a7800000000001c00bf8f1800b18f1400b08f09
:085a88000800e0032000bd2727
:020000040000fa
:020000041d03da
:105a90001f00801053ff0224e0ffbd271c00bfaf92
:105aa0001800b2af1400b1af1000b0af2580800075
:105ab0002588a0000800a0142590c0000a10060048
:105ac0001c00bf8f1800b28f1400b18f1000b08f70
:105ad0000800e0032000bd277000838cfeff022435
:105ae00006006250253040026cbc400f2538000093
:105af000f1fe0324f2ff4314253040022528200242
:105b0000116d400f25200002eeff00101c00bf8f1a
:085b10000800e00300000000a2
:020000040000fa
:020000041d03da
:105b180000a0033c700263241c006414faff0224f2
:105b2800e8ffbd271400bfaf1000b0af2580a0006c
:105b380025386000049d063cbcabc624252800001f
:105b4800f883400f2520600007000012251000028e
:105b58001000438c09006050f5ff02240000428cbd
:105b6800fcff40541000438c2528000200a0043c90
:105b7800987d400f70028424010002241400bf8f16
:105b88001000b08f0800e0031800bd270800e003ec
:045b98000000000009
:020000040000fa
:020000041d03da
:105b9c00e8ffbd271400bfaf1000b0af1000a0107d
:105bac002580a0000f00a490feff8224ff0042304d
:105bbc000200422c0a004050258000000e00a290ea
:105bcc000600422c0b0040101305062402008438fa
:105bdc00029d053c9c5fa52400f4400f0100842c21
:105bec00251000021400bf8f1000b08f0800e003d6
:105bfc001800bd270300843817050624029d053cb8
:105c0c009c5fa52400f4400f0100842cf5ff0010cc
:045c1c00251000024d
:020000040000fa
:020000041d03da
:105c2000d8ffbd272400bfaf2000b3af1c00b2af28
:105c30001800b1af1400b0af00a0023c8023429422
:105c40000b00401025888000bc80908f259040007c
:105c5000259800002528200207fb400f8400042619
:105c60000800401001007326faff72168c001026ff
:105c7000f0cd400f25202002feee400f25204000f1
:105c800025804000251000022400bf8f2000b38f24
:105c90001c00b28f1800b18f1400b08f0800e00311
:045ca0002800bd27f4
:020000040000fa
:020000041d03da
:105ca4002000828c010042301c00401400000000df
:105cb400e0ffbd271c00bfaf1800b1af1400b0afa8
:105cc4001000918c0c0020122580800025282002d1
:105cd4001000a29401004230050040140000318eef
:105ce400c080848f0c00828c09f840000000000002
:105cf400f7ff201625282002c080848f0c00828c98
:105d040009f84000252800021c00bf8f1800b18f3d
:105d14001400b08f0800e0032000bd270800e00352
:045d2400000000007b
:020000040000fa
:020000041d03da
:105d28001e008010f7ff0224e8ffbd271400bfaf54
:105d38001000b0af2400828c150040102580800030
:105d48003000828c0700401000000000f9ff022498
:105d5800380082ac1400bf8f1000b08f0800e00339
:105d68001800bd2769f9400f480084242400062440
:105d780025280000d4fb400f252000024400028e95
:105d880009f840004000048ef2ff001025100000c2
:105d9800f9ff0224efff0010380082ac0800e0038e
:045da80000000000f7
:020000040000fa
:020000041d03da
:105dac0088ffbd277400bfaf7000b1af6c00b0afff
:105dbc002c81828f16004018258080003081918fb5
:105dcc001000a5275d62400f2400248606004010b9
:105ddc005800a38f1000028e0300621401000524ea
:105dec0017b0400f240024861800038e02000224f2
:105dfc00070062142c81828fffff422404004014a0
:105e0c002c8182af2de5400f25202002308180af00
:105e1c007400bf8f7000b18f6c00b08f0800e0036e
:045e2c007800bd2716
:020000040000fa
:020000041d03da
:105e3000e0ffbd271c00bfaf1800b2af1400b1af28
:105e40001000b0af258880002590a0002580c000fc
:105e50009ee0400f25200000140040102520400047
:105e60000c0040ac000052ac040050a4060050a44a
:105e700003000224080082a00c000624c16f400f1a
:105e8000252820020400229621100202040022a6e6
:105e9000251000021c00bf8f1800b28f1400b18fb4
:105ea0001000b08f0800e0032000bd27f8ff0010ad
:045eb0002580000049
:020000040000fa
:020000041d03da
:105eb400d8ffbd272400bfaf2000b3af1c00b2af92
:105ec4001800b1af1400b0af258880002598a00059
:105ed40000a0023c942b508c0f0000122590c000af
:105ee4000c00028e040040500400028e080051543d
:105ef4000000108e0400028e0800078e2530400238
:105f04002528600209f84000252020020000108e98
:105f1400f4ff00560c00028e2400bf8f2000b38fc4
:105f24001c00b28f1800b18f1400b08f0800e0037a
:045f34002800bd275d
:020000040000fa
:020000041d03da
:105f3800e8ffbd271400bfafc081848f0500801023
:105f4800cc81858fd8f2400f00000000c08180af5f
:105f5800cc81858f00a0043c4cfa400fa82b8424e8
:105f6800b88180af00a0043c43e3400fc82b8424d1
:105f7800c881848f05008010c481858ffdf8400f8b
:105f880000000000c88180afc481858f0500a01083
:105f9800cc81848f0c00828c09f84000000000003e
:105fa800c48180afcc8180af1400bf8f0800e003ac
:045fb8001800bd27e9
:020000040000fa
:020000041d03da
:105fbc00ffff8324feff632c1c00601025100000e3
:105fcc00ffff83300500652c1800a01000a0053cd5
:105fdc00c01003002110430080100200f026a524fd
:105fec00211045002000458c1000a4142510000041
:105ffc00c0100300211043008010020000a0043cdc
:10600c00f0268424211044000000449007008010e6
:10601c0025100000c0100300211843008018030055
:10602c0000a0023cf0264224211043000800e003ab
:04603c000000000060
:020000040000fa
:020000041d03da
:10604000e0ffbd271c00bfaf1800b1af1400b0af18
:1060500025808000020003241200a3100400918c0c
:106060000000828c0000428c009d053c5822a52433
:1060700009f84000252020020000028e0000428c1a
:10608000009d053c7022a52409f84000252020022f
:106090001c00bf8f1800b18f1400b08f0800e00300
:1060a0002000bd272510c000ff0006240400458cf9
:1060b00000a0043ce8fb400fec258424f4ff001012
:0460c0007c8290af9f
:020000040000fa
:020000041d03da
:1060c400e8ffbd271400bfaf1000b0af04f1400fcc
:1060d400258080000e0040101400bf8f3400069607
:1060e4002000c230120040542200059642f0400fb6
:1060f400000000002c00038e2b104300070040100a
:1061040001000524dfe2400f252000021400bf8fa8
:106114001000b08f0800e0031800bd27f8ff052425
:1061240069ec400f25200002f9ff00101400bf8f16
:1061340015f1400f25200002f5ff00101400bf8f59
:020000040000fa
:020000041d03da
:106144001d00801025100000e0ffbd271c00bfaf1c
:106154001800b2af1400b1af1000b0af25888000b2
:10616400049d103cccd71026049d123cecd752263b
:106174000400058e0c00a0500800102607fb400ff9
:106184002520200208004054080010260000028e3a
:106194001c00bf8f1800b28f1400b18f1000b08f95
:1061a4000800e0032000bd27f2ff12560400058e0c
:1061b400f7ff0010251000000800e00300000000b5
:020000040000fa
:020000041d03da
:1061c4001d00a0102510a0000000a78c1a00e010ec
:1061d4002510000000a0023c8023439416006010a8
:1061e40025100000bc80828f252860002530000027
:1061f40004008050420043940c0082540100c624e1
:106204004200439440006330080060500100c624fb
:106214000400438c2618e3000800488c2418680006
:1062240005006010000000000100c624f0ffc51442
:106234008c004224251000000800e0030000000048
:020000040000fa
:020000041d03da
:106244001d0080102510000042008394400063303c
:106254001900601000000000e8ffbd271400bfaf64
:106264000300a7880000a7980700a6880400a69842
:106274000b00a3880800a3980f00a2880c00a29822
:106284002f0087a82c0087b8330086a8300086b872
:10629400370083a8340083b83b0082a8380082b852
:1062a400a0cd400f2c008424010002241400bf8fd1
:1062b4000800e0031800bd270800e0030000000008
:020000040000fa
:020000041d03da
:1062c400040002240700c214010002240b00a214db
:1062d40001000324420082940400627c0800e0036d
:1062e400420082a4020002241300c2100000000035
:1062f400030002241000a21000000000e8ffbd27e4
:106304001400bfaf42008294f8ff4230010003241e
:106314000463627c420082a42400828c100082ac5c
:106324002800828c3fe8400f140082ac1400bf8f19
:106334000800e0031800bd270800e0030000000087
:020000040000fa
:020000041d03da
:10634400d8ffbd272400bfaf2000b3af1c00b2affd
:106354001800b1af1400b0af258080001400938cf6
:106364000800828caced400f02004494259040005c
:10637400fcfa400f25204000030051241000038e36
:106384002b18710007006014ffff0224030002248d
:10639400000062a225284002defb400f01006426b3
:1063a400251020022400bf8f2000b38f1c00b28f61
:1063b4001800b18f1400b08f0800e0032800bd2737
:020000040000fa
:020000041d03da
:1063c400e8ffbd271400bfafc480828f10004018bf
:1063d400040005241800838c100065540200042472
:1063e4001400828c010003240418430027180300be
:1063f40000a0023cdc2b42240c00448c24208300ab
:106404000c0044ac1000448c24188300100043acee
:106414001400bf8f0800e0031800bd27fcff6414bc
:10642400ffff4224faff4014c48082affcc7400f30
:106434000000000000a0023cf5ff0010f02b40ac6f
:020000040000fa
:020000041d03da
:10644400d8ffbd272400bfaf2000b3af1c00b2affc
:106454001800b1af96fc400f1400b0afffff5030ee
:1064640000c0103600401124ffff133400c0123462
:1064740046ef400f252000020a0040542510000278
:10648400030013522580400201001026ffff103242
:10649400ffff3126f6ff20160000000025800000d3
:1064a400251000022400bf8f2000b38f1c00b28f80
:1064b4001800b18f1400b08f0800e0032800bd2736
:020000040000fa
:020000041d03da
:1064c400d8ffbd272400bfaf2000b3af1c00b2af7c
:1064d4001800b1af1400b0af258880002520a000bb
:1064e4002590c0000400258e0800308e238005020c
:1064f4002b10d0002598c000050080100a980202d5
:10650400040060520400268ef1fa400f2530600228
:106514000400268e2130d300040026ae2b10120274
:10652400010042382400bf8f2000b38f1c00b28fbb
:106534001800b18f1400b08f0800e0032800bd27b5
:020000040000fa
:020000041d03da
:10654400e8ffbd271400bfaf1000b0af2580800066
:106554000c000224760082a0faef400f25200000f0
:106564003c000486802004005c81838f2118640031
:10657400000060ac2528400003f2400f25200000f5
:106584005081848f0c00828c09f840001400058e21
:106594005081848f0c00828c09f840000000058e25
:1065a4005081848f0c00828c09f840002528000259
:1065b4001400bf8f1000b08f0800e0031800bd273f
:020000040000fa
:020000041d03da
:1065c400d8ffbd272400bfaf2000b3af1c00b2af7b
:1065d4001800b1affff4400f1400b0afffff50300c
:1065e40000c0103600401124ffff133400c01234e1
:1065f4008eef400f252000020a00405425100002af
:10660400030013522580400201001026ffff1032c0
:10661400ffff3126f6ff2016000000002580000051
:10662400251000022400bf8f2000b38f1c00b28ffe
:106634001800b18f1400b08f0800e0032800bd27b4
:020000040000fa
:020000041d03da
:10664400e8ffbd271400bfaf1000b0af2580800065
:106654006881858f00a0043c4cfa400f942b84245d
:106664007081848f050080106481858ffdf8400f50
:1066740000000000708180af6481858f0600a05007
:1066840000a0043c0c00028e09f840002520000202
:10669400648180af00a0043cdfeb400f802b842496
:1066a40000a0043cdfeb400f6c2b8424688180af96
:1066b4001400bf8f1000b08f0800e0031800bd273e
:020000040000fa
:020000041d03da
:1066c4003c21009df0df039d4421009d5421009d49
:1066d4003c4c039d5821009d7421009d0c7f019d1d
:1066e4007c21009dc4d9039d9c19039d8cd9039dd5
:1066f40088fa039d00ef039d8421009de0cc039d57
:10670400030000008821009da0cc039d030000002d
:106714008c21009dbc9c039d030000009021009de2
:1067240078c0039d030000009421009d1478039d0c
:10673400040000009c21009dd86f039d040000000c
:020000040000fa
:020000041d03da
:1067440000a0033c700263241a006414faff0224bc
:10675400e8ffbd271400bfaf1000b0af2580a00034
:1067640000a0023c8002448c020003240d00831428
:10677400feff02240b00a0102510000000a0023c24
:10678400ebf6400fb002448c03000224080002ae72
:10679400010002240c0002aedc050224100002ae4b
:1067a400251000001400bf8f1000b08f0800e00314
:0c67b4001800bd270800e00300000000f2
:020000040000fa
:020000041d03da
:1067c000251080000047852c0300a014021a040045
:1067d000e0ff6324047a627cff0084304700832c4e
:1067e00002006014e0ff84240438827c003a437c79
:1067f0003a00642c0d008054d0ff6324c9ff632449
:10680000ff006330ff0042303a00442c09008054fe
:10681000d0ff4224c9ff4224ff0042300019030088
:10682000251043000800e003ff004230f5ff001090
:0c683000ff006330f9ff0010ff00423051
:020000040000fa
:020000041d03da
:10683c00e8ffbd27160082300a0040141400bfafd9
:10684c007a00a294252082007a00a4a4b480828fbe
:10685c0001004224b48082af1400bf8f0800e00313
:10686c001800bd277a00a294252082007a00a4a4e7
:10687c00b480828f01004224b48082af00a0023c1d
:10688c00e82042241800439401006334180043a408
:10689c00253000000100052400a0043c98f2400fb4
:0c68ac00f8208424edff00101400bf8fc2
:020000040000fa
:020000041d03da
:1068b800e0ffbd271c00bfaf1800b2af1400b1af96
:1068c8001000b0af2580a0000021040000a0113cfa
:1068d800e820312621882402faef400f2520000005
:1068e8002528400008003296271010002410420284
:1068f8000001103204000012080022a69c80828f3a
:10690800ffff42249c8082af03f2400f2520000045
:10691800251040021c00bf8f1800b28f1400b18fe1
:0c6928001000b08f0800e0032000bd2725
:020000040000fa
:020000041d03da
:10693400d8ffbd272400bfaf2000b3af1c00b2af07
:106944001800b1af1400b0af259880002520a00036
:106954002588c0002590e0000400a28c09f84000be
:106964002528e00009004010258040000400201282
:106974002530400225282002f1fa400f252040004e
:106984002528000217e0400f252060022510000290
:106994002400bf8f2000b38f1c00b28f1800b18f6a
:0c69a4001400b08f0800e0032800bd279d
:020000040000fa
:020000041d03da
:1069b000e0ffbd271c00bfaf1800b1af1400b0af9f
:1069c000258080006dfa400f2588a000130040103c
:1069d0001c00bf8f2c00438c10006010253020025b
:1069e0001c00658c1000648c300044ac0c00849456
:1069f000f8ff8424340044a40400a494360044a482
:106a00001c00638c08006324380043ac2528000078
:106a10000086400f252000021c00bf8f1800b18f98
:0c6a20001400b08f0800e0032000bd2728
:020000040000fa
:020000041d03da
:106a2c00d8ffbd272400bfaf2000b3af1c00b2af0e
:106a3c001800b1af1400b0af258880002598a000d5
:106a4c002590c0009481848f0400828c09f840004a
:106a5c00100005240900401025804000040053acb0
:106a6c0042f0400f080052ac0c0002ae2530000082
:106a7c002528000214a8400f252020022510000212
:106a8c002400bf8f2000b38f1c00b28f1800b18f71
:0c6a9c001400b08f0800e0032800bd27a4
:020000040000fa
:020000041d03da
:106aa8000800e003000000002518e003019d043cf5
:106ab800a8e0842416008010000000000000858ce7
:106ac8001300a010040084240000868c0400842491
:106ad80000008b8404008424049d0c3c1cfe8c253f
:106ae80080580b0021606c0100008c8d09f8800132
:106af800000000002520400003008424fcff062439
:106b08002420c4000000858cecffa01400000000c5
:0c6b180025f860000800e0030000000009
:020000040000fa
:020000041d03da
:106b240020000524000082800a004510f7ff43245a
:106b34000500632c070060142b0003240700431096
:106b44002d0003240700431425280000040000102e
:106b540001000524f3ff001001008424252800000f
:106b64000100842425100000030000100a000724fb
:106b7400010084242310430000008380d0ff632499
:106b84000a00662cfaffc054021047700100a0509e
:0c6b9400231002000800e00300000000d5
:020000040000fa
:020000041d03da
:106ba000e0ffbd271c00bfaf1800b1af1400b0afad
:106bb000258880002580a0002528800005f7400f4b
:106bc000252000020c0040505800028e1c00038e4d
:106bd0002410430018000386211043000000448c59
:106be0001000828c000040ac6000028e09f840006a
:106bf000000000005800028e2528200209f84000fd
:106c00005000048e1c00bf8f1800b18f1400b08f8d
:086c10000800e0032000bd278d
:020000040000fa
:020000041d03da
:106c1800e0ffbd271c00bfaf1800b1af1400b0af34
:106c28001100a0102580c0002588a000c5d3400f02
:106c3800010005240d004050ffff0224100000163b
:106c4800080051ac81f9400f0400448c25802002d3
:106c5800251000021c00bf8f1800b18f1400b08fe0
:106c68000800e0032000bd27fdff0224f9ff0052c1
:106c780025100002000002aef5ff0010258000007c
:086c8800f0ff0010000000ae57
:020000040000fa
:020000041d03da
:106c900000a0023cf02b428c190040100f00a22ce7
:106ca00017004010005102240628a2000100a53060
:106cb0001300a01000000000e8ffbd2709008010ad
:106cc0001400bfaf00a0033cdc2b63247800849445
:106cd00001000224041082000c00648c2510440082
:106ce0000c0062ac253000000001052457cf400f96
:106cf0000e0004241400bf8f0800e0031800bd2715
:086d00000800e00300000000a0
:020000040000fa
:020000041d03da
:106d080005008010251000004200829440004230a7
:106d180011004014000000000800e003000000001b
:106d28006eff400f000000004018020021186200aa
:106d3800c0180300211062008010020021800202a6
:106d480060000292010042301400bf8f1000b08f23
:106d58000800e0031800bd27e8ffbd271400bfaff7
:106d68001000b0afe080908fedff001625100000f6
:086d7800f6ff00101400bf8fac
:020000040000fa
:020000041d03da
:106d8000e0ffbd271c00bfaf1800b2af1400b1afc9
:106d90001000b0af258080002590a000faef400fd2
:106da00025200000258840006dfa400f25200002b4
:106db00007004010258000005800438c0500721425
:106dc00025282002580040ac600040a40100102497
:106dd0002528200203f2400f252000002510000284
:106de0001c00bf8f1800b28f1400b18f1000b08f3d
:086df0000800e0032000bd27ac
:020000040000fa
:020000041d03da
:106df8001b00c01000000000e0ffbd271c00bfaf53
:106e08001800b2af1400b1af1000b0af2590a000c9
:106e18002588c000fcfa400f2520c0004100442c02
:106e2800400003240b1844002580600025306000d2
:106e380025282002f1fa400f2000448e2000428ebf
:106e480021105000000040a01c00bf8f1800b28f16
:106e58001400b18f1000b08f0800e0032000bd2798
:086e68000800e0030000000037
:020000040000fa
:020000041d03da
:106e7000e8ffbd271400bfaf83fa400f1000b0af8a
:106e80001400401025180000258040007af7400fbc
:106e9000252040000f0040102518000076000292c7
:106ea00003000324030043100800042409004414d1
:106eb00025180000a5e6400f252000020400038edf
:106ec0000000048e23186400ffff6324231862006f
:106ed000ffff6330251060001400bf8f1000b08fdb
:086ee0000800e0031800bd27c3
:020000040000fa
:020000041d03da
:106ee800e0ffbd271c00bfaf1800b2af1400b1af60
:106ef8001000b0af258080002590a000faef400f69
:106f0800252000002588400083fa400f2520000234
:106f180007004010258000007c00438c0500721497
:106f2800252820027c0040ac7a0040a401001024ef
:106f38002528200203f2400f25200000251000021a
:106f48001c00bf8f1800b28f1400b18f1000b08fd3
:086f58000800e0032000bd2742
:020000040000fa
:020000041d03da
:106f60001b00a01025100000d8ffbd272400bfafd4
:106f70002000b2af1c00b1af1800b0af2588800070
:106f80002590a00094f7400f2580c0000b00401012
:106f90002400bf8f01000052ffff10241000b0af8b
:106fa000253800002530000025284002c876400f13
:106fb000252020020100422c2400bf8f2000b28f28
:106fc0001c00b18f1800b08f0800e0032800bd2717
:086fd0000800e00300000000ce
:020000040000fa
:020000041d03da
:106fd8001c00838c1800828c190062102330620018
:106fe800d0ffbd272c00bfaf2800b2af2400b1af3f
:106ff8002000b0af258080000000928c0400918ca6
:10700800009d053cb01fa524fcfb400f1000a427e1
:107018000000428e1000a52709f840002520200214
:107028001c00028e180002ae2c00bf8f2800b28f01
:107038002400b18f2000b08f0800e0033000bd2786
:087048000800e0030000000055
:020000040000fa
:020000041d03da
:10705000e0ffbd271c00bfaf1800b2af1400b1aff6
:107060001000b0af11008014ffff10242588a0008d
:107070002590c00000a0043c57fc400fa42c8424a1
:107080000a00401000a0023ca42c428c0000428c5c
:107090002528400209f840002520200225804000d4
:1070a00000a0043c99f9400fac2c84242510000268
:1070b0001c00bf8f1800b28f1400b18f1000b08f6a
:0870c0000800e0032000bd27d9
:020000040000fa
:020000041d03da
:1070c800e0ffbd271c00bfaf1800b2af1400b1af7e
:1070d8001000b0af11008014ffff10242588a00015
:1070e8002590c00000a0043c57fc400fa42c842429
:1070f8000a00401000a0023ca42c428c0c00428cd8
:107108002528400209f8400025202002258040005b
:1071180000a0043c99f9400fac2c842425100002ef
:107128001c00bf8f1800b28f1400b18f1000b08ff1
:087138000800e0032000bd2760
:020000040000fa
:020000041d03da
:10714000e0ffbd271c00bfaf1800b2af1400b1af05
:10715000a9fe400f1000b0af2588400000a0103cf1
:10716000a82710260400028e1800428c09f840005f
:10717000000000001000038e231843002800048e36
:107180002c00058e219064002b184302218065009d
:10719000b0fe400f252020022510400225180002d5
:1071a0001c00bf8f1800b28f1400b18f1000b08f79
:0871b0000800e0032000bd27e8
:020000040000fa
:020000041d03da
:1071b800e0ffbd271c00bfaf1800b1af1400b0af8f
:1071c800d4e0400f258080001100401001001124f8
:1071d800efd7400f252000020b004010258040000b
:1071e80001004290040040100000000068d0400fe9
:1071f80025200002010000a2180000a2190000a228
:10720800000000a22588000030f0400f00000000b8
:10721800251020021c00bf8f1800b18f1400b08ffa
:087228000800e0032000bd276f
:020000040000fa
:020000041d03da
:10723000e8ffbd271400bfaf1000b0af04f1400f4e
:10724000258080000c0040101400bf8f340002968f
:107250000010422c0b00401409000524dfe2400f0f
:107260002520000203004010030002241a0002a699
:107270001c0000a61400bf8f1000b08f0800e003b0
:107280001800bd2706000524dfe2400f252000027c
:10729000f8ff4010050002241a0002a6f5ff0010b6
:0472a0001c0000a628
:020000040000fa
:020000041d03da
:1072a400e8ffbd271400bfaf1000b0af04f1400fda
:1072b40025808000140040101400bf8f3400049611
:1072c40022000296002045300200a010fffd83300a
:1072d400000283340010423002004010fffe66308a
:1072e400000166340900052411e3400f2520000243
:1072f40004004010040002241a0002a6080002241c
:107304001c0002a61400bf8f1000b08f0800e00319
:047314001800bd2779
:020000040000fa
:020000041d03da
:10731800e8ffbd271400bfaf1000b0af2580800084
:107328000800828c1400438c0000638c0a00469489
:1073380025288000029d043c09f86000c82984249f
:1073480009004014252840003c0000ae0400022437
:107358001a0002a61c0002a61400bf8f1000b08fee
:107368000800e0031800bd2701000224fbffa2501b
:107378001400bf8f69ec400f25200002f7ff0010b2
:047388001400bf8f9f
:020000040000fa
:020000041d03da
:10738c00e0ffbd271c00bfaf1800b2af1400b1afb7
:10739c001000b0af1000a010f9ff10242590a00031
:1073ac00c5d3400f010005240b004010ffff102433
:1073bc000400518c25284002cfa7400f1000248eca
:1073cc00258040000400229602004234040022a6cc
:1073dc0081f9400f25202002251000021c00bf8fd0
:1073ec001800b28f1400b18f1000b08f0800e003aa
:0473fc002000bd2789
:020000040000fa
:020000041d03da
:10740000d8ffbd272400bfaf2000b3af1c00b2af30
:107410001800b1af1400b0af100082900d00401002
:1074200025880000258080002590a0000c00932472
:10743000ffff053475f9400f252060022528400222
:10744000aede400f252000022588400081f9400f64
:1074500025206002251020022400bf8f2000b38f5a
:107460001c00b28f1800b18f1400b08f0800e00329
:047470002800bd270c
:020000040000fa
:020000041d03da
:10747400251080002520e000000043948439037c1b
:10748400251865000800c010000043a40300c38849
:107494000000c398100043ac0400c390140043a040
:1074a4000500c390150043a000a0033c342b638c5b
:1074b4000c0043ac0100032408008010160043a410
:1074c400e8ffbd271400bfaf17e0400f04004524b8
:1074d4001400bf8f0800e0031800bd270800e00374
:0474e40000000000a4
:020000040000fa
:020000041d03da
:1074e800e0ffbd271c00bfaf1800b2af1400b1af5a
:1074f8001000b0af100080102580000025888000a3
:1075080048009224ffff053475f9400f25204002fa
:107518002400228e06004010000000000400438c66
:107528002b2003020000428cfcff40140b806400f7
:1075380081f9400f25204002c01010001c00bf8fa9
:107548001800b28f1400b18f1000b08f0800e0034c
:047558002000bd272b
:020000040000fa
:020000041d03da
:10755c00e0ffbd271c00bfaf1800b2af1400b1afe5
:10756c001000b0af0800908c02000012258880003b
:10757c002c001026fcfa400f252000020300522498
:10758c001000238e2b18720008006014ffff0224d9
:10759c001400248e04000224000082a0252800027e
:1075ac00defb400f01008424251040021c00bf8f1d
:1075bc001800b28f1400b18f1000b08f0800e003d8
:0475cc002000bd27b7
:020000040000fa
:020000041d03da
:1075d000e8ffbd271400bfaf1000b0af3c008390a0
:1075e00001000224130062102580800002000424a0
:1075f0000c00641425100000faef400f2520000055
:107600000c00108e04000012252840000d0002928c
:10761000200042300b80020003f2400f25200000c2
:107620002b1010001400bf8f1000b08f0800e00373
:107630001800bd27e6de400f25280000f9ff0010e6
:047640002b10020009
:020000040000fa
:020000041d03da
:10764400e8ffbd271400bfaf1000b0af2580800055
:10765400ee67400f00008494000002a6ee67400f1e
:1076640002000496020002a6eb67400f0400048e99
:10767400040002aeeb67400f0800048e080002ae5f
:10768400ee67400f0e0004960e0002a6ee67400f50
:1076940010000496100002a6ee67400f1200049634
:1076a400120002a61400bf8f1000b08f0800e00380
:0476b4001800bd27d6
:020000040000fa
:020000041d03da
:1076b800e8ffbd271400bfaf83fa400f1000b0af3a
:1076c8002580400013000012251000007400029667
:1076d800800042300a00401401000324740002961e
:1076e8008452627c740002a6010005242394400f92
:1076f8002520000225184000060060100100022421
:1077080025300000010005248bc1400f2520000210
:10771800010002241400bf8f1000b08f0800e0039e
:047728001800bd2761
:020000040000fa
:020000041d03da
:10772c00e8ffbd271400bfaf9081828f170040582f
:10773c001400bf8f1400858c4018050021186500bb
:10774c0080180300a081858f2118a300040060a07d
:10775c001800848c020003240b008314ffff4224c6
:10776c0009004014908182af99fa400f000000008c
:10777c009481848f0c00828c09f84000a081858f45
:10778c00a08180af948180af1400bf8f0800e0030c
:04779c001800bd27ed
:020000040000fa
:020000041d03da
:1077a00000a0033c802a6324251000000400062466
:1077b0000000678c1300e454010042240800a01468
:1077c0002518400000a0033c00110200802a632419
:1077d00021106200030003240800e0030c0043a012
:1077e000010002240900a21400a0023c00190300b9
:1077f000802a422421104300030003240800e003f0
:107800000c0043a0eaff4614100063240800e003c4
:047810000000000074
:020000040000fa
:020000041d03da
:10781400c8ffbd273400bfaf3000b3af2c00b2aff8
:107824002800b1af2400b0af200091241800828c4e
:107834000d00511023305100258080000000938cee
:107844000400928c009d053cb81fa524fcfb400f4e
:107854001000a4270000628e1000a52709f840003c
:1078640025204002180011ae3400bf8f3000b38fc2
:107874002c00b28f2800b18f2400b08f0800e003e1
:047884003800bd27e4
:020000040000fa
:020000041d03da
:10788800e0ffbd271c00bfaf1800b1af1400b0afb8
:10789800258880002580a0002528800005f7400f56
:1078a8002520000209004010401006241c00038e09
:1078b8002410430018000386211043006400038e3f
:1078c800feff052409f860000000448c5800028e71
:1078d8002528200209f840005000048e1c00bf8fa4
:1078e8001800b18f1400b08f0800e0032000bd27f6
:020000040000fa
:020000041d03da
:1078f800e0ffbd271c00bfaf1800b2af1400b1af46
:107908001000b0af258080002588a0002590c00019
:107918000000048e0400028e0a0082540000828c4b
:10792800040000ae08008014000000ae1c00bf8fe9
:107938001800b28f1400b18f1000b08f0800e00358
:107948002000bd27000002aef2ff20520000048e86
:1079580009f8200225284002eeff00100000048ede
:020000040000fa
:020000041d03da
:10796800e8ffbd271400bfaf1000b0af04f1400f0f
:10797800258080000e0040101400bf8f340002964e
:10798800080042300d00401000120624252800008f
:1079980011e3400f252000020400401004000224d7
:1079a8001a0002a60a0002241c0002a61400bf8fb7
:1079b8001000b08f0800e0031800bd27faff052467
:1079c80069ec400f25200002f9ff00101400bf8f5a
:020000040000fa
:020000041d03da
:1079d8002518800018008010251000001600a0103f
:1079e8002520a0001200c62c1300c014009d053ce1
:1079f800d8ffbd272400bfaf050062901c00a2afce
:107a0800040062901800a2af030062901400a2afb5
:107a1800020062901000a2af01006790000066901b
:107a2800fcfb400fb800a524010002242400bf8fee
:107a38000800e0032800bd270800e003000000005c
:020000040000fa
:020000041d03da
:107a48000b00c0102510c00021388600251000004a
:107a5800000083900000a6900700661026186600b4
:107a680027180300800064300a0080148000042472
:107a78000800e0030000000008004224ff00423034
:107a880001008424f2ffe4140100a5240800e003a7
:107a98000000000001004224422004002428830042
:107aa800fcffa014ff0042300800e00300000000c3
:020000040000fa
:020000041d03da
:107ab800e8ffbd271400bfaf1000b0af0000828cf4
:107ac800080045142580a000c9f5400f00000000fb
:107ad800251000021400bf8f1000b08f0800e003cb
:107ae8001800bd27fcff40101400bf8f0000438c16
:107af800fcff7054251060000000038e000043acaa
:107b08000400838c01007050040082ac0800828c51
:107b1800ffff4224080082aceeff0010251000028f
:020000040000fa
:020000041d03da
:107b2800e8ffbd27050080101400bfaff1f8400f33
:107b3800b880848f140040141400bf8f00a0023c4a
:107b4800802343940f00601025100000bc80828fb2
:107b580025200000420045944000a5300600a050b2
:107b680001008424820045900100a5300600a0147d
:107b78001400bf8f01008424f6ff83148c00422474
:107b8800251000001400bf8f0800e0031800bd276f
:020000040000fa
:020000041d03da
:107b9800e0ffbd271c00bfaf1800b2af1400b1afa3
:107ba8001000b0af258880002590a000faef400fa4
:107bb800252000000c00308e080000122528400007
:107bc8002000028e0800423004004010000000002f
:107bd80002004012258000000c0020ae03f2400f86
:107be80025200000251000021c00bf8f1800b28f4e
:107bf8001400b18f1000b08f0800e0032000bd27eb
:020000040000fa
:020000041d03da
:107c0800e8ffbd271400bfaf1000b0af1cc7400f7e
:107c1800258080004000028e448c027c400002ae29
:107c28009df1400f252000022c00048e03008010d7
:107c380009000624dbe1400fefff0524120003864c
:107c4800801803002881828f21104300000040ac77
:107c58002081848f0c00828c09f8400025280002be
:107c68001400bf8f1000b08f0800e0031800bd2774
:020000040000fa
:020000041d03da
:107c78001800848c030003241700831001000224d9
:107c8800e8ffbd271400bfaf3881828f0e00401473
:107c980025300000029d053c9c24a524a7e1400f47
:107ca8000600042407004014348182af78fa400f9c
:107cb80000000000251000001400bf8f0800e0033a
:107cc8001800bd273881828f01004224388182af95
:107cd800f9ff0010010002240800e0030000000082
:020000040000fa
:020000041d03da
:107ce800e8ffbd271400bfaf1000b0af7400879441
:107cf8000010e7300400e010258080004800838ce5
:107d08000f006014010002242b38070044000626e7
:107d18004000052689cb400f4800048e25184000f6
:107d2800480002ae0600601025100000740002969c
:107d3800010003240463627c740002a6010002248b
:107d48001400bf8f1000b08f0800e0031800bd2793
:020000040000fa
:020000041d03da
:107d58001900801000000000e0ffbd271c00bfaf25
:107d68001800b1af1400b0af25808000a1f7400f14
:107d78002588a0005400458c0900a0101c00bf8f66
:107d88001c00a28c0a005114020006249a90400f8d
:107d98002520000225284000f9ffa0141c00bf8ff1
:107da8001800b18f1400b08f0800e0032000bd2731
:107db800f9ff00100000a58c0800e0030000000097
:020000040000fa
:020000041d03da
:107dc8001900801400a0023ce0ffbd271c00bfafd3
:107dd8001800b1af1400b0af9414428c0d004010dd
:107de8002580a00000a0023c9814518c0a002012a3
:107df8001c00bf8ffcfa400f2520a0001800238e1e
:107e0800253040002528000200a0023c09f8600047
:107e18009c14448c1c00bf8f1800b18f1400b08fc5
:107e28000800e0032000bd270800e0030000000070
:020000040000fa
:020000041d03da
:107e380000a0023cdc27428c0b00405000a0023c12
:107e48000900805000a0023c0c00438c2b186400f1
:107e58000a006014000000000c00438c2318640022
:107e68000c0043ac00a0023ca82742241400438c19
:107e7800100043ac0800e003000000000c00438c35
:107e88000c0040ac1c00428cf6ff401023208300fd
:107e9800edff801400000000f3ff001000a0023c7a
:020000040000fa
:020000041d03da
:107ea8000000aa8015004011251080000000838082
:107eb80006006014000000000800e0032510000020
:107ec800000023810f00601025102001fcff4315de
:107ed800010049240100a38008006010253020011a
:107ee8000200a7240000c880f5ff03150100c6247e
:107ef8000000e380fbff60140100e7240800e003b2
:107f080000000000251000000800e0030000000049
:020000040000fa
:020000041d03da
:107f180018008010f5ff02240800838c00a0023ca2
:107f28005829422410006250020085840800e003aa
:107f3800f5ff02240f00c010f7ff0224280086acca
:107f4800200087a402000224180082a41c0080a438
:107f58001a0080a401000224020082a41e0082a448
:107f68000800e0030100022402000324f1ffa3102b
:0c7f7800f6ff02240800e00300000000f7
:020000040000fa
:020000041d03da
:107f84000000828c0800451400000000e8ffbd27b3
:107f94001400bfafbbf5400f000000001400bf8ffa
:107fa4000800e0031800bd270e0040100000000088
:107fb4000000438cfcff6554251060000000a38c76
:107fc400000043ac0400838c01006550040082acc3
:107fd4000800828cffff4224080082ac0800e00302
:0c7fe4002510a0000800e00300000000d1
:020000040000fa
:020000041d03da
:107ff000100082901700401000000000e0ffbd2735
:108000001c00bfaf1800b2af1400b1af1000b0af8a
:10801000258080002588a0000c009224ffff0534f5
:1080200075f9400f25204002252820023efb400f15
:108030002520000281f9400f252040021c00bf8f3f
:108040001800b28f1400b18f1000b08f0800e00349
:0c8050002000bd270800e0030000000035
:020000040000fa
:020000041d03da
:10805c00100082901700401000000000e0ffbd27c8
:10806c001c00bfaf1800b2af1400b1af1000b0af1e
:10807c00258080002588a0000c009224ffff053489
:10808c0075f9400f2520400225282002b5f8400f35
:10809c002520000281f9400f252040021c00bf8fd3
:1080ac001800b28f1400b18f1000b08f0800e003dd
:0c80bc002000bd270800e00300000000c9
:020000040000fa
:020000041d03da
:1080c800b880828f0400401000a0033c15004414bf
:1080d80000000000b88080af802363940300601420
:1080e800bc80828f0d0000102510000025200000a4
:1080f800420045944000a5300600a054b880838f04
:1081080001008424faff83148c0042242510000007
:10811800b880838f03006014000000000800e003ab
:0c812800b88082af0800e00300000000f7
:020000040000fa
:020000041d03da
:10813400e0ffbd271c00bfaf1800b1af1400b0af03
:108144002588a0002510c0002530e0004004e57c0f
:1081540014001024280003240b806500211022023f
:1081640021100202e0b4400fffff45300700401029
:108174001c00bf8f060020121800b18f1800438c1a
:10818400211870001c0043ac1c00bf8f1800b18f75
:0c8194001400b08f0800e0032000bd279d
:020000040000fa
:020000041d03da
:1081a000e8ffbd271400bfaf0c00a010240085ac71
:1081b0004800829400044230090040543c008390ff
:1081c0003f00829002004230050040543c00839002
:1081d0004000828cc418027c400082ac3c0083903a
:1081e0000200022404006214000000000c00828cd3
:1081f00001004054300045ac3ed6400f3c00859015
:0c8200001400bf8f0800e0031800bd2729
:020000040000fa
:020000041d03da
:10820c00d8ffbd272400bfaf029d023c405e468cc8
:10821c00405e42240400458c0800438c1000a6af3d
:10822c001400a5af1800a3af0c0042941c00a2a729
:10823c0000008590ff0003240900a3142510000002
:10824c000100839002006330050060100b000624cf
:10825c0002008524a9f6400f1000a4270100422c2f
:0c826c002400bf8f0800e0032800bd279d
:020000040000fa
:020000041d03da
:10827800e8ffbd271400bfaf1000b0af2580800015
:108288006881848f0400828c09f84000100005265c
:108298000a0040101400bf8f0b0000121000432486
:1082a800000043ac040050a4060040a401000324cd
:1082b800080043a00c0040ac1400bf8f1000b08f22
:1082c8000800e0031800bd27080040a0000040aceb
:0c82d800040040a4f7ff0010060040a4c2
:020000040000fa
:020000041d03da
:1082e4001200a010100006240300a7880000a7981d
:1082f4000700a6880400a6980b00a3880800a3988a
:108304000f00a2880c00a2984f0087a84c0087b8e1
:10831400530086a8500086b8570083a8540083b839
:108324005b0082a80800e003580082b8e8ffbd277c
:108334001400bfaf25280000d4fb400f4c00842458
:0c8344001400bf8f0800e0031800bd27e4
:020000040000fa
:020000041d03da
:1083500000a0023cd82743901600601401000224bc
:10836000e8ffbd271400bfaf1000b0afffff05341a
:1083700000a0043c8df9400fe02784242520400014
:1083800001000324070083142510000000a0103c06
:10839000a827102631e9400f0800048e310002a200
:1083a000010002241400bf8f1000b08f0800e0030a
:0c83b0001800bd270800e00300000000da
:020000040000fa
:020000041d03da
:1083bc0080bf023c000640ac80bf023c00064494e7
:1083cc00010003240429647c000644a480bf043cff
:1083dc000f270524200685ac88bf043ca010858c93
:1083ec008420657ca01085ac88bf043c3010858c43
:1083fc000421057c301085ac88bf043c6010858c52
:10840c000421657c601085ac00064494c47b647cbc
:0c841c00000644a40800e003000000007b
:020000040000fa
:020000041d03da
:10842800200003240b20a5000b180500022c0400d3
:108438000400a014021205001000633425288000ef
:1084480002120500040040140221020008006334ef
:108458002510a000022102000400805482100400ac
:1084680004006334252040008210040004004054b6
:1084780042100200020063342510800042100200fe
:0c848800010042380800e003251043000a
:020000040000fa
:020000041d03da
:1084940017008010f5ff02240800838c00a0023c22
:1084a400582942240f006250020085840800e0032a
:1084b400f5ff02240e00c010f7ff0224280086ac4a
:1084c40004000224180082a41c0080a41a0080a4c2
:1084d40001000224020082a41e0082a40800e0031a
:1084e4000100022402000324f2ffa310f6ff022479
:0884f4000800e0030000000095
:020000040000fa
:020000041d03da
:1084fc00e8ffbd271400bfaf1000b0af04f1400f70
:10850c0025808000080040101400bf8f34000296b4
:10851c000800423007004014faff052469ec400fb4
:10852c00252000021400bf8f1000b08f0800e0035c
:10853c001800bd27001206242528000011e3400f67
:10854c0025200002f7ff4010020002241a0002a6a8
:08855c00f4ff00101c0000a652
:020000040000fa
:020000041d03da
:10856400e8ffbd271400bfaf1000b0af2580800026
:108574000800828c1400438c0400638c1000468c29
:1085840025288000029d043c09f86000c829842441
:10859400070041042528400069ec400f2520000213
:1085a4001400bf8f1000b08f0800e0031800bd272f
:1085b400fbff4014040002241a0002a60500022452
:0885c400f7ff00101c0002a6e5
:020000040000fa
:020000041d03da
:1085cc00e8ffbd271400bfaffde7400f1000b0afb0
:1085dc0011004010258040001400429404004050cb
:1085ec0024000296a678400f14000426240002965c
:1085fc000300401000000000a678400f2400042661
:10860c0069f9400f25200002a80006242528000047
:10861c00d4fb400f252000021400bf8f1000b08f38
:08862c000800e0031800bd275f
:020000040000fa
:020000041d03da
:10863400e0ffbd271c00bfaf1800b2af1400b1affc
:108644001000b0af258080002588a0002590c000d0
:10865400faef400f25200000080003962518230296
:10866400080003a62528400003f2400f252000003f
:10867400253040022528200298f2400f25200002d0
:108684001c00bf8f1800b28f1400b18f1000b08f80
:088694000800e0032000bd27ef
:020000040000fa
:020000041d03da
:10869c001700a01025100000feff83242600632c79
:1086ac0013006010000000000021040000a0023c38
:1086bc00e8204224211044000000438c0300601089
:1086cc00000000000a006554251000000500c010d1
:1086dc00000045aca480838f2b20c3000100805484
:1086ec002036037c0c0046a40800e0030a0046a4d4
:0886fc000800e003000000008b
:020000040000fa
:020000041d03da
:108704001700801025100000e8ffbd271400bfaf3c
:108714001000b0af258080004000838c4040023cb4
:10872400241862000a0060100100022403000724d8
:10873400040006242528800000a0043c38bc400f17
:108744008023842432e0400f25200002010002240b
:108754001400bf8f1000b08f0800e0031800bd277d
:088764000800e0030000000022
:020000040000fa
:020000041d03da
:10876c00e8ffbd270200a0101400bfaf2e0085a0ab
:10877c002f0080a00800828c060040100000000032
:10878c0009f840000c00858c1400bf8f0800e00332
:10879c001800bd27ba00410f000000000200422c57
:1087ac00faff40541400bf8fb800410f00000000c6
:1087bc00009d053c5406a524d8c8400f2520400038
:0887cc00f2ff00101400bf8f42
:020000040000fa
:020000041d03da
:1087d40000a0023cf02b428c15004010ffffa224a5
:1087e400ff0042300300422c1100401000a0033c63
:1087f400e8ffbd271400bfafdc2b6324780084940a
:1088040001000224041082000c00648c2510440032
:108814000c0062ac253000000001052457cf400f46
:108824000e0004241400bf8f0800e0031800bd27c5
:088834000800e0030000000051
:020000040000fa
:020000041d03da
:10883c00e0ffbd271c00bfaf1800b2af1400b1aff2
:10884c001000b0af25f2400f258880002580400035
:10885c0054003296ffff522696fc400f0290427253
:10886c00408010001b005000f401000210100000aa
:10887c002110520042f0400f000022ae040022ae44
:10888c001c00bf8f1800b28f1400b18f1000b08f76
:08889c000800e0032000bd27e5
:020000040000fa
:020000041d03da
:1088a4001700801000000000e0ffbd271c00bfafd0
:1088b4001800b1af1400b0af2580800039be400f5e
:1088c400010006240900401025884000253040009e
:1088d40002000524add7400f252000020500062420
:1088e400252820029a90400f252000021c00bf8feb
:1088f4001800b18f1400b08f0800e0032000bd27da
:088904000800e0030000000080
:020000040000fa
:020000041d03da
:10890c0000a0033c802a63242510000004000624e8
:10891c000c0067901000e0540100422400a0033cbe
:10892c0000310200802a632421186600010006240d
:10893c000c0066a0000065ac0d0060a00e0060a0ed
:10894c00080064acac81838f01006324ac8183afdd
:10895c000800e0032014027cedff46141000632491
:08896c000800e003ffff0224f4
:020000040000fa
:020000041d03da
:10897400e0ffbd271c00bfaf1800b1af1400b0afbb
:108984000d00801025800000258880000a00a010ba
:108994002580a00048f3400f000000000c004010a8
:1089a4002520400025300002d1f6400f2528200262
:1089b40081f9400f2c828427251000021c00bf8ff0
:1089c4001800b18f1400b08f0800e0032000bd2709
:0889d400f7ff001025800000f0
:020000040000fa
:020000041d03da
:1089dc0008008328160060102510000040180400c1
:1089ec00211864008018030000a0023cc429422412
:1089fc0021104300feff0524080003240000468cd0
:108a0c000800c5500100842440180400211864009b
:108a1c008018030000a0023cc42942240800e00393
:108a2c0021104300f5ff83140c0042242510000094
:088a3c000800e0030000000047
:020000040000fa
:020000041d03da
:108a4400e0ffbd271c00bfaf1800b2af1400b1afe8
:108a54001000b0af259080002588a0008af0400f58
:108a64002580c00006004014251840008af0400ffd
:108a7400feff042425184000050060107cff02243a
:108a8400000072ac040071ac080070ac251000004a
:108a94001c00bf8f1800b28f1400b18f1000b08f6c
:088aa4000800e0032000bd27db
:020000040000fa
:020000041d03da
:108ab000000000000000f03f000000000000e03f68
:108ac0000000000000005043000000000000b03f24
:108ad00000000000000020400000000000002440d2
:108ae0000000000000001440000000000000e0430f
:108af000000000000000e0c3000000f0ffff1f3492
:108b0000000000000000f007000000000000e07f0f
:088b10000000000000006003fa
:020000040000fa
:020000041d03da
:108b180000a0023c582942241100445000a0023c05
:108b28000800e00300000000e8ffbd271400bfaf05
:108b38009429429480100200029d033c9c2a6324dd
:108b4800211043000000428c00a0043c09f84000ba
:108b58007c2984241400bf8f0800e0031800bd2777
:108b68007c294290f0ff405400a0023c0800e0033a
:048b780000000000f9
:020000040000fa
:020000041d03da
:108b7c00e8ffbd271400bfaf1000b0af2580800008
:108b8c0001000224300082a0320085a403000224dc
:108b9c00310082a00800828c020042941d9f400f7d
:108bac00360082a408004104f7ff052469ec400f4d
:108bbc0025200002251000001400bf8f1000b08f7c
:108bcc000800e0031800bd2703004238faff00102c
:048bdc002b10020058
:020000040000fa
:020000041d03da
:108be000e8ffbd271400bfaf1000b0af25808000a4
:108bf0000800838c1000628c060044300100805015
:108c000004004234380044300100805020004234d7
:108c1000100062ac01000524dfe2400f25200002b5
:108c200004004010040002241a0002a601000224dd
:108c30001c0002a61400bf8f1000b08f0800e003d4
:048c40001800bd2734
:020000040000fa
:020000041d03da
:108c4400e8ffbd271400bfaf1000b0af258080003f
:108c540001000224300082a0320085a4310082a0e9
:108c6400340086a40800828c020042941d9f400fa9
:108c7400360082a408004104f7ff052469ec400f84
:108c840025200002251000001400bf8f1000b08fb3
:108c94000800e0031800bd2703004238faff001063
:048ca4002b1002008f
:020000040000fa
:020000041d03da
:108ca800e8ffbd271400bfaf1000b0af04f1400fbc
:108cb80025808000080040101400bf8f3400029601
:108cc8000010423007004014fbff052469ec400ff8
:108cd800252000021400bf8f1000b08f0800e003a9
:108ce8001800bd2725280000dfe2400f25200002dc
:108cf800f8ff4010020002241a0002a6f5ff001037
:048d08001c0000a6a5
:020000040000fa
:020000041d03da
:108d0c001000829015004010ffff0534e0ffbd27d6
:108d1c001c00bfaf1800b1af1400b0af25808000ad
:108d2c000c00912475f9400f25202002c9f5400f45
:108d3c0025200002fdff40140000000069f9400fdf
:108d4c0025202002100000a21c00bf8f1800b18f3c
:108d5c001400b08f0800e0032000bd270800e003da
:048d6c000000000003
:020000040000fa
:020000041d03da
:108d7000e0ffbd271c00bfaf1800b2af1400b1afb9
:108d80001000b0af100082900b004010258800004a
:108d9000258080000c009224ffff053475f9400ff8
:108da00025204002c9f5400f2520000225884000fb
:108db00081f9400f25204002251020021c00bf8fa2
:108dc0001800b28f1400b18f1000b08f0800e003bc
:048dd0002000bd279b
:020000040000fa
:020000041d03da
:108dd4001800858c030003241400a310010002244e
:108de400e8ffbd271400bfaf8080828f0a004014c3
:108df400010042240800828c848082af00a0043cdd
:108e040040fe400f682c8424060040101400bf8fdd
:108e14008080828f01004224808082af010002247e
:108e24001400bf8f0800e0031800bd270800e0030a
:048e3400000000003a
:020000040000fa
:020000041d03da
:108e3800e0ffbd271c00bfaf1800b1af1400b0aff2
:108e480025808000faef400f25200000258840008b
:108e580040181000211870008018030000a0043c7e
:108e680058208424c9f5400f212083002580400024
:108e78002528200203f2400f2520000025100002bb
:108e88001c00bf8f1800b18f1400b08f0800e003da
:048e98002000bd27d2
:020000040000fa
:020000041d03da
:108e9c00e8ffbd271400bfaf1000b0af2510800055
:108eac007000848c0e008010f2ff10244400428c61
:108ebc003000428c09f84000000000002580400082
:108ecc0027200200ad110724039d063c68bdc62473
:108edc00009d053cb405a524e3d4400fc227040033
:108eec00251000021400bf8f1000b08f0800e003a3
:048efc001800bd2776
:020000040000fa
:020000041d03da
:108f00000400a38c0900632c14006014ffff0224ea
:108f10000000a28c3d000324000043a007000324ae
:108f2000010043a00100032402008010020043a0be
:108f30003c008424030045240300838800008398b8
:108f4000060043a8030043b8040082900400a2a0d6
:108f5000050082900500a2a0090002240800e00399
:048f6000000000000d
:020000040000fa
:020000041d03da
:108f6400e0ffbd271c00bfaf1800b2af1400b1afc3
:108f74001000b0af258080002588a000faef400fd4
:108f84002520000025284000d881828f0400401449
:108f940025900000d48191afd88190af2590000234
:108fa40003f2400f25200000251040021c00bf8f53
:108fb4001800b28f1400b18f1000b08f0800e003c6
:048fc4002000bd27a5
:020000040000fa
:020000041d03da
:108fc800ffff8424ffff84300a00832c1300601005
:108fd800fbff02242026047cc0100400211044005a
:108fe8008010020000a0033ca01c63242110430051
:108ff8000000439009006010fbff022400a0023c1f
:10900800a01c4224c0180400212864008028050000
:10901800212845000300a0a00600a2840800e00360
:049028000000000044
:020000040000fa
:020000041d03da
:10902c00f8ffbd270400bfaf006802400008033cf6
:10903c002510430000688240c0000000010003249a
:10904c0088bf023c641043ac2510000000488240ed
:10905c00c0000000ffff022400588240c000000046
:10906c0000680240c4de027c00688240c000000040
:10907c0088bf023c681043ac0400bf8f0800e003bb
:04908c000800bd27f4
:020000040000fa
:020000041d03da
:10909000080000100100a524ffffa280ffffc724e5
:1090a00009004010ffff62a02530e000252060008d
:1090b0000100a524f8ffc0140100832425108000be
:1090c0000800e003000000000800e0102110860006
:1090d00001006324feff6214ffff60a0f8ff801010
:1090e000000000000800e00325108000fbff0010d6
:0490f00025106000e7
:020000040000fa
:020000041d03da
:1090f40015008010f5ff02240800838c00a0023cb8
:10910400582942240d006250020086840800e003be
:10911400f5ff0224280085ac06000224180082a46e
:109124001c0080a41a0080a401000224020082a46e
:109134001e0082a40800e0030100022402000324ac
:10914400f4ffc310f6ff02240800e003000000004f
:020000040000fa
:020000041d03da
:1091540015008010f5ff02240800838c00a0023c57
:10916400582942240d006250020085840800e0035f
:10917400f5ff0224280086ac03000224180082a410
:109184001c0080a41a0080a401000224020082a40e
:109194001e0082a40800e00301000224020003244c
:1091a400f4ffa310f6ff02240800e003000000000f
:020000040000fa
:020000041d03da
:1091b40015008010f5ff02240800838c00a0023cf7
:1091c400582942240a006250c0bf023c0800e00350
:1091d400f5ff02240100423800110200010063245b
:1091e400251043000000a2ac0800e0032510000095
:1091f400f02f438c0006637cf02f428cf5ffa01403
:109204004006427c251000000800e0030000000036
:020000040000fa
:020000041d03da
:109214001000829014004010ffff0534e0ffbd27ca
:109224001c00bfaf1800b1af1400b0af25808000a0
:109234000c00912475f9400f25202002c9f5400f38
:1092440025200002fdff40140000000081f9400fba
:10925400252020021c00bf8f1800b18f1400b08f8e
:109264000800e0032000bd270800e0030000000020
:020000040000fa
:020000041d03da
:10927400e0ffbd271c00bfaf1800b1af1400b0afb2
:10928400258080002588a0000000a294400043307f
:109294000500601404008424800042300200401061
:1092a4002c0004261800042600dd400f04002526a7
:1092b4002528200209f9400f0000048e1c00bf8fee
:1092c4001800b18f1400b08f0800e0032000bd2700
:020000040000fa
:020000041d03da
:1092d400e8ffbd271400bfaf0400848c2c00858cec
:1092e4001100a01000a0033c202b63241400628c06
:1092f4000800a58c231045003800638c2b10430014
:1093040002004054180084242c0084245ce3400fa1
:109314000000000001004054fcff42241400bf8ff1
:109324000800e0031800bd27f8ff0010180084248b
:020000040000fa
:020000041d03da
:109334000400a38c0600632c13006014ffff0224b6
:109344000000a38c010065900400a52c0e00a0145d
:1093540000000000600082900400423008004014c5
:109364000100052405006288020062983b0082a87f
:10937400380082b8610082904408a27c610082a017
:1093840001006290020042240800e0030000000093
:020000040000fa
:020000041d03da
:109394000400a38c0600632c13006014ffff022456
:1093a4000000a38c01006690040005240e00c5147f
:1093b40000000000600085900400a5300a00a0149d
:1093c4000600022405006288020062983f0082a819
:1093d4003c0082b861008290010003248410627c06
:1093e400610082a0060002240800e00300000000df
:020000040000fa
:020000041d03da
:1093f400e8ffbd271400bfaf1000b0afd880828f44
:109404000f00401825808000010006240100052477
:1094140099af400f1000848c1800038e02000224c0
:1094240007006214d880828fffff42240400401496
:10943400d88082af7ec5400f00000000c88080af96
:109444001400bf8f1000b08f0800e0031800bd2780
:020000040000fa
:020000041d03da
:10945400e0ffbd271c00bfaf1800b2af1400b1afce
:109464001000b0af25808000faef400f25200000e7
:1094740025904000c9f5400f4c0004262588400083
:109484002528400203f2400f252000002528200251
:109494007bd2400f252000021c00bf8f1800b28f22
:1094a4001400b18f1000b08f0800e0032000bd2726
:020000040000fa
:020000041d03da
:1094b400e8ffbd271400bfaf1000b0af25808000c7
:1094c40024008484ffff0224060082500c00048ed2
:1094d4001eee400f00000000ffff0224240002a63d
:1094e4000c00048e0400801000000000fdf8400f02
:1094f400000000000c0000ae76c7400f25200002db
:109504001400bf8f1000b08f0800e0031800bd27bf
:020000040000fa
:020000041d03da
:10951400e8ffbd271400bfaf1000b0af3081908fbb
:109524000f000012faff0224252880000000048e98
:109534000c0080101400bf8f0900a010f7ff022454
:109544005db7400f00000000252840000400a01073
:10955400ffff022477e6400f2520000225100000bb
:109564001400bf8f1000b08f0800e0031800bd275f
:020000040000fa
:020000041d03da
:10957400e8ffbd271400bfaf1000b0af2580800006
:10958400e8ef400f54008424e8ef400f3c00042629
:10959400e8ef400f48000426e8ef400f600004267f
:1095a400e8ef400f6c000426d6ef400f04000426b9
:1095b400d6ef400f10000426d6ef400f1c000426ff
:1095c4001400bf8f1000b08f0800e0031800bd27ff
:020000040000fa
:020000041d03da
:1095d400300082900200423013004014000000006a
:1095e400e8ffbd271400bfaf1000b0af2580800096
:1095f400a881828f01004224a88182af42f0400feb
:109604001b0080a01c0002ae300002920100032463
:109614004408627c300002a21400bf8f1000b08f97
:109624000800e0031800bd270800e0030000000064
:020000040000fa
:020000041d03da
:10963400f8ffbd270400bfaf6082828f1200405044
:109644000400bf8f4082828f4400428c0e00401081
:109654000400bf8f4082838f4400628cffff42244a
:10966400440062ac4082828f4400428c0600401465
:109674000400bf8f00600240847a027c0060824054
:10968400c00000000400bf8f0800e0030800bd27ed
:020000040000fa
:020000041d03da
:10969400d8ffbd272400bfaf2000b0af2580a000b5
:1096a4000100062487f4400f1000a527090040108c
:1096b400251840000100042409006410251000004e
:1096c400009d043ce6fa400fec22842404000010c0
:1096d400ffff02241000a28f000002ae010002244a
:1096e4002400bf8f2000b08f0800e0032800bd27ae
:020000040000fa
:020000041d03da
:1096f4000e00801000a0063cbc2cc28c120040104e
:10970400f0ff8724f0ff838c0000458c2140830008
:10971400080048141000a5241000428c211865008c
:10972400000082acf0ff83acbc2cc7ac0800e003a3
:1097340000000000214045000300e81421186500e2
:109744000800e003000043acf7ff0010000082ac07
:020000040000fa
:020000041d03da
:10975400e0ffbd271800b1af1000918c1c00bfaf13
:109764002b10d1000b88c2000c0020121400b0afe3
:10977400258080001400848cf1fa400f25302002eb
:109784001400028e1000038e211051002318710062
:10979400140002ae100003ae000040a01c00bf8ff6
:1097a4001800b18f1400b08f0800e0032000bd271b
:020000040000fa
:020000041d03da
:1097b40014008010f5ff02240800838c00a0023cf2
:1097c400582942240c006250020085840800e003fa
:1097d400f5ff022405000224180082a41c0080a4c2
:1097e4001a0080a401000224020082a41e0082a4a4
:1097f4000800e0030100022402000324f5ffa31083
:0c980400f6ff02240800e0030000000052
:020000040000fa
:020000041d03da
:10981000e8ffbd271400bfaf1000b0af04f1400f48
:10982000258080000e0040101400bf8f2800048e99
:109830000800801025280000340002968000437c38
:10984000100042300100405404006334000083ac37
:109850002528000069ec400f252000021400bf8f6e
:0c9860001000b08f0800e0031800bd27c6
:020000040000fa
:020000041d03da
:10986c00e0ffbd271c00bfaf1800b1af1400b0afb4
:10987c00258080005400410f2588a0002518400049
:10988c0009006014251000000400201200000000e4
:10989c00f4f9400f25200002000022aefdff400f1e
:1098ac0025200002010002241c00bf8f1800b18f7c
:0c98bc001400b08f0800e0032000bd275e
:020000040000fa
:020000041d03da
:1098c80000a0033c802363241200641425100000c8
:1098d8001000a0100100022400a0023c6823488c5c
:1098e800682342240400478c0800468c0c00448cf2
:1098f8001000438c1400428c0000a8ac0400a7acf4
:109908000800a6ac0c00a4ac1000a3ac1400a2acd8
:0c991800010002240800e0030000000031
:020000040000fa
:020000041d03da
:109924000c00828c13004010251800000000828c6b
:10993400000045940100a5300800a0500800858c63
:10994400000045940400057c000045a42400858c97
:10995400ffffa524240085ac0800858c2110450058
:10996400010063240c00858c2b286500f1ffa054b2
:0c997400000045940800e0030000000023
:020000040000fa
:020000041d03da
:10998000e8ffbd271400bfaf6dfa400f1000b0af65
:10999000258040000d000012251000003000028ece
:1099a0000400401000000000360002960800401439
:1099b0001400bf8f15e5400f252000023000038ef4
:1099c0000200601025100000360002961400bf8fc0
:0c99d0001000b08f0800e0031800bd2755
:020000040000fa
:020000041d03da
:1099dc000000a2940100433012006010800042305d
:1099ec00e8ffbd271400bfaf1000b0af0400401457
:1099fc002580a00026008294ffff4224260082a42a
:109a0c002528000209f9400f0000848c270000a2d1
:109a1c00260000a21400bf8f1000b08f0800e003d6
:0c9a2c001800bd270800e0030000000047
:020000040000fa
:020000041d03da
:109a3800e8ffbd271400bfaf1000b0af39f7400fe3
:109a4800258080000e0040101400bf8f0400038e94
:109a58000a006010251000004200039608006330d9
:109a6800080060501000b08f1000038e03006014cf
:109a7800010002241400028e2b1002001400bf8f74
:0c9a88001000b08f0800e0031800bd279c
:020000040000fa
:020000041d03da
:109a9400760083900300022403006210080005246a
:109aa40010006514251000000800858c0c00828cc1
:109ab4002b18a20009006054231045000400838c75
:109ac4000000848c23186400ffff63242328a20071
:109ad400231065000800e003ffff4230ffff42242b
:0c9ae400ffff42300800e003000000001b
:020000040000fa
:020000041d03da
:109af000e8ffbd271400bfaf83fa400f1000b0afde
:109b0000258040000d000012251000007600049210
:109b10000b0003240a0083141400bf8f3287400f08
:109b200025200002251840000400600425100000d4
:109b300001000224760002a2010002241400bf8f5b
:0c9b40001000b08f0800e0031800bd27e3
:020000040000fa
:020000041d03da
:109b4c001400801025100000420083944000633004
:109b5c001000601000000000e8ffbd271400bfaf2c
:109b6c001000b0af6eff400f6481908f001902009f
:109b7c0021186200c01803002180030238000296ed
:109b8c00d8ff42241400bf8f1000b08f0800e003f0
:0c9b9c001800bd270800e00300000000d6
:020000040000fa
:020000041d03da
:109ba8001400801000000000e8ffbd271400bfafbc
:109bb8001000b0af6eff400fa081908f40180200d8
:109bc8002118620080180300211003020500439049
:109bd80004006010a481838fffff6324a48183aff6
:109be800040040a01400bf8f1000b08f0800e003ed
:0c9bf8001800bd270800e003000000007a
:020000040000fa
:020000041d03da
:109c04001300a010212885001c81023cc59d42340c
:109c1400003e0200c0190200c03002002130c20020
:109c2400403006002118660021186200001202006c
:109c3400211862002138e30001008424ffff829090
:109c4400f3ffa414261047000800e00300000000fe
:0c9c54001c81023c0800e003c59d423466
:020000040000fa
:020000041d03da
:109c6000e0ffbd271c00bfaf1800b1af1400b0afbc
:109c70000000b18c0c00201625100000f1f8400ff8
:109c80002580a000090040101c00bf8f42004394b3
:109c900000106330060060501800b18f2000038e62
:109ca000c005637c0a1023021c00bf8f1800b18f0f
:0c9cb0001400b08f0800e0032000bd2766
:020000040000fa
:020000041d03da
:109cbc001800828c1c00838c2b1043001100401068
:109ccc0000000000e8ffbd271400bfaf1000b0afcc
:109cdc00258080000000828c0000428c0000a58c46
:109cec0009f840000400848c1800028e0100422404
:109cfc00180002ae1400bf8f1000b08f0800e003f4
:0c9d0c001800bd270800e0030000000064
:020000040000fa
:020000041d03da
:109d1800e8ffbd271400bfaf1000b0af0e008014dd
:109d2800ffff102400a0043c57fc400fa42c8424ff
:109d38000900401000a0023ca42c428c1000428c68
:109d480009f84000000000002580400000a0043c05
:109d580099f9400fac2c8424251000021400bf8f01
:0c9d68001000b08f0800e0031800bd27b9
:020000040000fa
:020000041d03da
:109d7400e8ffbd271400bfaf1000b0af0e00801481
:109d8400ffff102400a0043c57fc400fa42c8424a3
:109d94000900401000a0023ca42c428c1400428c08
:109da40009f84000000000002580400000a0043ca9
:109db40099f9400fac2c8424251000021400bf8fa5
:0c9dc4001000b08f0800e0031800bd275d
:020000040000fa
:020000041d03da
:109dd000e8ffbd271400bfaf1000b0af0e00801425
:109de000ffff102400a0043c57fc400fa42c842447
:109df0000900401000a0023ca42c428c0800428cb8
:109e000009f84000000000002580400000a0043c4c
:109e100099f9400fac2c8424251000021400bf8f48
:0c9e20001000b08f0800e0031800bd2700
:020000040000fa
:020000041d03da
:109e2c00e8ffbd271400bfaf1000b0af0e008014c8
:109e3c00ffff102400a0043c57fc400fa42c8424ea
:109e4c000900401000a0023ca42c428c0400428c5f
:109e5c0009f84000000000002580400000a0043cf0
:109e6c0099f9400fac2c8424251000021400bf8fec
:0c9e7c001000b08f0800e0031800bd27a4
:020000040000fa
:020000041d03da
:109e8800e8ffbd271400bfaf0200022488bf033ccf
:109e9800341062ac88bf033c001c0424941064acea
:109ea80088bf033c00040424981064ac88bf033cba
:109eb800641062ac88bf033c681062acefe0400fee
:109ec800000000004082828f0000428cc141400f98
:0c9ed8003c8282af7bfc400f00000000c9
:020000040000fa
:020000041d03da
:109ee4000000a78cffff02240c00e2140800832466
:109ef4001000828c0400438c0400a3ac080065ac01
:109f04000800a2ac040045ac1000a4ac0000828c94
:109f1400010042240800e003000082ac2510600028
:109f24000400638c0000668c2b30e600fcffc050fc
:0c9f340025106000f0ff00100400438cba
:020000040000fa
:020000041d03da
:109f4000e8ffbd271000b0af00a0103c4c2c028ee3
:109f5000080040101400bfaf00a0033c2c2c638c01
:109f60001400bf8f1000b08f231062000800e003c0
:109f70001800bd279787400f0000000000a0033c99
:109f80004c2c028e2c2c638c1400bf8f1000b08fd1
:0c9f9000231062000800e0031800bd2749
:020000040000fa
:020000041d03da
:109f9c00e0ffbd271c00bfaf1800b2af1400b1af7b
:109fac001000b0af258080002590c0002588e0000f
:109fbc00f5ff400fff00a530ff004532f9ff400fc1
:109fcc0025200002252820020900410f252000022f
:109fdc001c00bf8f1800b28f1400b18f1000b08f0f
:089fec000800e0032000bd277e
:020000040000fa
:020000041d03da
:109ff400e8ffbd271400bfaf1000b0af0b00801006
:10a00400258000000800838c020002240c006214e6
:10a0140025808000040082940100423003004050f7
:10a024002580000075f9400fffff0534251000025c
:10a034001400bf8f1000b08f0800e0031800bd2784
:08a04400faff00102580000066
:020000040000fa
:020000041d03da
:10a04c00e0ffbd271c00bfaf1800b1af1400b0afcc
:10a05c002588a000c5d3400f01000524080040103e
:10a06c00ffff10240800438c03007114fdff102423
:10a07c00080040ac2580000081f9400f0400448c9e
:10a08c00251000021c00bf8f1800b18f1400b08f78
:08a09c000800e0032000bd27cd
:020000040000fa
:020000041d03da
:10a0a400e0ffbd271c00bfaf1800b1af1400b0af74
:10a0b4002588c0002580e000588084af42f0400f1e
:10a0c4004c8085af2528400052fb400f25202002fc
:10a0d400050000121c00bf8f42f0400f000000007a
:10a0e4006c8082af1c00bf8f1800b18f1400b08f3a
:08a0f4000800e0032000bd2775
:020000040000fa
:020000041d03da
:10a0fc00e8ffbd271400bfaf1000b0af2580800073
:10a10c00faef400f252000001800038e040003ae68
:10a11c001c00038e080003ae2000038e0c0003ae5f
:10a12c002528400003f2400f252000004200029633
:10a13c000463027c420002a61400bf8f1000b08f93
:08a14c000800e0031800bd2724
:020000040000fa
:020000041d03da
:10a1540013008010251000004200839440006330f7
:10a164000f006010000000000000a68cffff032415
:10a174000900c31001000224e8ffbd271400bfaf8b
:10a184002df4400f00000000010042301400bf8f86
:10a194000800e0031800bd270800e0030100423076
:08a1a4000800e00300000000c8
:020000040000fa
:020000041d03da
:10a1ac00e0ffbd271c00bfaf1800b1af1400b0af6b
:10a1bc00258880002520a0002580c00000dd400ff0
:10a1cc0025282002251840000600601025100000ec
:10a1dc000c00028e2528200209f8400025200002e0
:10a1ec00010002241c00bf8f1800b18f1400b08f27
:08a1fc000800e0032000bd276c
:020000040000fa
:020000041d03da
:10a204001300a0102510000000a0023c282b428c53
:10a214000f00401010000724d8ffbd272400bfaf53
:10a224001000a0af1400a5af1800a6af1c00a4af87
:10a234001000a6272528400000a0043c4dda400f5a
:10a24400402b84242400bf8f0800e0032800bd278e
:08a254000800e0030000000017
:020000040000fa
:020000041d03da
:10a25c001000838c0900632c11006014ffff022492
:10a26c001400838c02000224000062a00800828c7f
:10a27c00010040543c004224010065240300448842
:10a28c0000004498040064a8010064b804004390e2
:10a29c000400a3a0050042900500a2a0090002241e
:08a2ac000800e00300000000bf
:020000040000fa
:020000041d03da
:10a2b4001300a01025100000d0ffbd272c00bfaf55
:10a2c400c880828f0b004010140007241000a0af38
:10a2d4001400a5af1800a0af1c00a6af2000a4afc7
:10a2e4001000a6272528400000a0043c4dda400faa
:10a2f4007c2c84242c00bf8f0800e0033000bd2791
:08a304000800e0030000000066
:020000040000fa
:020000041d03da
:10a30c003081838f12006010faff0224100080103d
:10a31c00251000000400628c000082ac0800628ce6
:10a32c00040082ac1c00628c080082ac2600629493
:10a33c000c0082a40000628c2400428c0e0082a4cb
:10a34c000000628c0c00428c100082a425100000ce
:08a35c000800e003000000000e
:020000040000fa
:020000041d03da
:10a36400e0ffbd271c00bfaf1800b1af83fa400f58
:10a374001400b0af0a00401025880000258040007a
:10a38400a5f4400f2520400005004010258840001a
:10a394001c00028e200002ae68ce400f2520000271
:10a3a400251020021c00bf8f1800b18f1400b08f3d
:08a3b4000800e0032000bd27b2
:020000040000fa
:020000041d03da
:10a3bc001300801000000000e8ffbd271400bfafa1
:10a3cc001000b0af0400858c0500a0102580800023
:10a3dc006881848f0c00828c09f84000000000001a
:10a3ec006881848f0c00828c09f8400025280002bb
:10a3fc001400bf8f1000b08f0800e0031800bd27b9
:08a40c000800e003000000005d
:020000040000fa
:020000041d03da
:10a41400e8ffbd271400bfaf050080101000b0afe7
:10a4240042008294400042300300401425808000a2
:10a434000900a01025800000010006245aae400f38
:10a4440025200002040040102528400003000624b3
:10a4540091b5400f252000021400bf8f1000b08f6b
:08a464000800e0031800bd2709
:020000040000fa
:020000041d03da
:10a46c001300801400a0043ce8ffbd271400bfaf0c
:10a47c001000b0af2580a00014f2400fac2c842447
:10a48c00010003240600431400a0023c0000038ecc
:10a49c00a42c43aca42c422401000324040043aca0
:10a4ac001400bf8f1000b08f0800e0031800bd2708
:08a4bc000800e00300000000ad
:020000040000fa
:020000041d03da
:10a4c400e0ffbd271c00bfaf1800b2af1400b1af4e
:10a4d4001000b0af2588800000607241c000000009
:10a4e4004efc400f0000000025804000a2fb400ffe
:10a4f40025202002b6fb400f010044322510000243
:10a504001c00bf8f1800b28f1400b18f1000b08fe1
:08a514000800e0032000bd2750
:020000040000fa
:020000041d03da
:10a51c00e8ffbd271400bfaf1000b0af253080009e
:10a52c002528000092d5400f01000424090040109a
:10a53c0025804000080040ac000040ac0c0040ac52
:10a54c002538000025300000252800004c76400fef
:10a55c0025204000251000021400bf8f1000b08f82
:08a56c000800e0031800bd2700
:020000040000fa
:020000041d03da
:10a574001300801053ff02245c0085ac4567023c45
:10a58400012342244c0082accdef023c89ab42341f
:10a59400500082acba98023cfedc4234540082acd7
:10a5a4003210023c76544224580082ac000080ac45
:10a5b400040080ac080080ac600080ac2510000072
:08a5c4000800e00300000000a4
:020000040000fa
:020000041d03da
:10a5cc008200a22806004010830003248000a528e6
:10a5dc000600a0500000c28c0800e003251000000b
:10a5ec000b00a314251000000000c28c07004224ad
:10a5fc000410027c080043240000c3ac0400438c0c
:10a60c000000428c040083ac000082ac01000224e8
:08a61c000800e003000000004b
:020000040000fa
:020000041d03da
:10a62400049d063c2510000050fdc624401802007d
:10a6340021186600000067800300e0540000858c48
:10a644000800e00301006290010042240000a88099
:10a6540004000715ff0042300100a52401006290a8
:10a66400000085ac0b00432cf1ff6014401802007d
:08a674000800e00300000000f3
:020000040000fa
:020000041d03da
:10a67c00e8ffbd271400bfaf1000b0af25808000ed
:10a68c003800828c4000428c2538000078008624eb
:10a69c002528000009f840000c00848c07004104b8
:10a6ac000100022488f3400f252000021400bf8f04
:10a6bc001000b08f0800e0031800bd27fbff00104e
:04a6cc00840002ae56
:020000040000fa
:020000041d03da
:10a6d0001200801000a0023ce8ffbd271400bfafad
:10a6e0001000b0af0800838c582942240700621480
:10a6f000258080000c00828c1c00428c09f84000f0
:10a700001000848c000000a2020000a61400bf8f7d
:10a710001000b08f0800e0031800bd270800e00318
:04a720000000000035
:020000040000fa
:020000041d03da
:10a72400e0ffbd271c00bfaf1800b1af1400b0afed
:10a73400258080002588c000f5ff400fff00a5306c
:10a74400ff002532f9ff400f25200002fdff400fd6
:10a75400252000020100410f2520000204000224ec
:10a764001c00bf8f1800b18f1400b08f0800e003e5
:04a774002000bd27dd
:020000040000fa
:020000041d03da
:10a778002518000000a0023c8403422400a0063ce7
:10a78800ac03c624000047940a00e014000000004f
:10a798000a18430004004224fbff46540000479473
:10a7a8000600a0102510a0000000a3ac0800e003dc
:10a7b80025100000f8ffe454040042240800e003d8
:04a7c800000000008d
:020000040000fa
:020000041d03da
:10a7cc00e8ffbd271400bfaf7080828f0e004018c9
:10a7dc007c80838f1000858c0300a3140800032455
:10a7ec007c8080af588083af1800848c02000324d7
:10a7fc0005008314ffff422403004014708082afd5
:10a80c0073ed400f000000001400bf8f0800e00340
:04a81c001800bd273c
:020000040000fa
:020000041d03da
:10a82000e8ffbd271400bfaf1000b0af0b008010d1
:10a83000c08080af258080000400828c09f8400031
:10a840003800052405004010252840000c00028e29
:10a8500009f8400025200002c08090afc080828fa0
:10a860002b1002001400bf8f1000b08f0800e0030f
:04a870001800bd27e8
:020000040000fa
:020000041d03da
:10a87400e8ffbd271400bfaf8081828f0f004050d6
:10a884001400bf8f42008394000163300a006010fb
:10a89400ffff4224420083940442037c420083a4c9
:10a8a40005004014808182afe80306247081858fff
:10a8b400b8f2400f040004241400bf8f0800e00322
:04a8c4001800bd2794
:020000040000fa
:020000041d03da
:10a8c8001200a01025100000d8ffbd272400bfaf3c
:10a8d8006881828f0a004010100007241000a0af82
:10a8e8001400a5af1800a6af1c00a4af1000a6273f
:10a8f8002528400000a0043c4dda400f942b842406
:10a908002400bf8f0800e0032800bd270800e003eb
:04a91800000000003b
:020000040000fa
:020000041d03da
:10a91c0012008014ffff022400a0023c9414438c0c
:10a92c000e006010ffff022400a0023c9814438c20
:10a93c000a006010ffff0224e8ffbd271400bfaf20
:10a94c000c00628c00a0033c09f840009c14648c41
:10a95c001400bf8f0800e0031800bd270800e003b7
:04a96c0000000000e7
:020000040000fa
:020000041d03da
:10a9700012008014ffff022400a0023c9414438cb8
:10a980000e006010ffff022400a0023c9814438ccc
:10a990000a006010ffff0224e8ffbd271400bfafcc
:10a9a0001000628c00a0033c09f840009c14648ce9
:10a9b0001400bf8f0800e0031800bd270800e00363
:04a9c0000000000093
:020000040000fa
:020000041d03da
:10a9c40012008014ffff022400a0023c9414438c64
:10a9d4000e006010ffff022400a0023c9814438c78
:10a9e4000a006010ffff0224e8ffbd271400bfaf78
:10a9f4001800628c00a0033c09f840009c14648c8d
:10aa04001400bf8f0800e0031800bd270800e0030e
:04aa1400000000003e
:020000040000fa
:020000041d03da
:10aa1800f8ffbd270400bfafadde023cefbe4234f5
:10aa2800f8ff82ac3412023c78564224f4ff82ac20
:10aa380000680240f0ff82ac03000224ecff82ac05
:10aa4800e8ff85ac049d023cecf14224e4ff82acb3
:10aa5800a8ff86ac6cff82240400bf8f0800e003c7
:04aa68000800bd27fe
:020000040000fa
:020000041d03da
:10aa6c00e8ffbd271400bfaf8df6400f1000b0af4c
:10aa7c003a6f400f25804000050040100000000098
:10aa8c00006802400001423400688240c0000000af
:10aa9c0000609040c000000088bf023c10000324fe
:10aaac00341043ac1400bf8f1000b08f0800e003cb
:04aabc001800bd279a
:020000040000fa
:020000041d03da
:10aac000e8ffbd271400bfaf0a0080101000b0af30
:10aad0007dff400f2580800025280000d394400f83
:10aae000252000023078400f0000000006004014ce
:10aaf0001400bf8f006802400001423400688240a9
:10ab0000c00000001400bf8f1000b08f0800e003e9
:04ab10001800bd2745
:020000040000fa
:020000041d03da
:10ab14000000043ce8ffbd270000842403008010eb
:10ab24001400bfaf09f8800000000000000084306a
:10ab34000000a530049d083ce0f5082509f8000153
:10ab4400000000000000023c00004224030040100a
:10ab54000000000009f8400000000000f9ff0010a8
:04ab640000000000ed
:020000040000fa
:020000041d03da
:10ab6800e0ffbd271800b0af1c00bfaf34d3400fc3
:10ab780025808000060040504400028effff02241a
:10ab88001c00bf8f1800b08f0800e0032000bd270d
:10ab9800010006241000a52709f84000252000021e
:10aba80001000324f5ff43141000a293f5ff0010e1
:04abb8001c00bf8f2f
:020000040000fa
:020000041d03da
:10abbc00e8ffbd271400bfaf1000b0af2580a00088
:10abcc001c00a28c242082001800a2842120820068
:10abdc006400a28c401006240100052409f84000f2
:10abec000000848c0401028e01004224040102ae98
:10abfc001400bf8f1000b08f0800e0031800bd27b1
:020000040000fa
:020000041d03da
:10ac0c000019040000406330c211040004004230fb
:10ac1c002510430042190400080063302518620017
:10ac2c00801104004020423025104300c01804005d
:10ac3c00800363302518620080100400200042302d
:10ac4c00251043004008847c0800e0032510820096
:020000040000fa
:020000041d03da
:10ac5c00e8ffbd271400bfaf0000828c06004554ee
:10ac6c000400828c78f2400f000000001400bf8fab
:10ac7c000800e0031800bd27050045140000000083
:10ac8c0088f2400f00000000f9ff00101400bf8f85
:10ac9c0018fc400f00000000f5ff00101400bf8fdf
:020000040000fa
:020000041d03da
:10acac0000a0023c802343940f006010251000008c
:10acbc00bc80828f25280000420046944000c6309c
:10accc000600c0500100a5240400478c0000868caf
:10acdc000500e610000000000100a524f6ffa314f7
:10acec008c004224251000000800e0030000000046
:020000040000fa
:020000041d03da
:10acfc000000a58c0001033c7f0063240e00a31010
:10ad0c002510800000a0023c802343940a006010b0
:10ad1c0025100000bc80828f252000000400468c8a
:10ad2c000500a6100000000001008424fbff831422
:10ad3c008c004224251000000800e00300000000f5
:020000040000fa
:020000041d03da
:10ad4c00e0ffbd271c00bfaf1800b1af1400b0afbf
:10ad5c00258880002580a0005ce3400f2520200280
:10ad6c0006004014252840001c00bf8f1800b18f2e
:10ad7c001400b08f0800e0032000bd270c00028ee9
:10ad8c0009f8400025200002f3ff0010000000002d
:020000040000fa
:020000041d03da
:10ad9c000400a38c0300632c0f006014ffff02243b
:10adac000000a38c01006790010006240a00e61441
:10adbc0000000000020063900800a3ac0200052410
:10adcc0005006514030002246000839004006330c6
:10addc00ffff04240b1083000800e00300000000b8
:020000040000fa
:020000041d03da
:10adec000400a38c0600632c0f006014ffff0224e8
:10adfc000000a38c01006690040004240a00c41413
:10ae0c0000000000020062901300a2a003006290f8
:10ae1c001200a2a0040062901100a2a00500629092
:10ae2c001000a2a0060002240800e00300000000ad
:020000040000fa
:020000041d03da
:10ae3c000400a38c0600632c0f006014ffff022497
:10ae4c000000a38c01006690040004240a00c414c2
:10ae5c0000000000020062901700a2a003006290a4
:10ae6c001600a2a0040062901500a2a0050062903a
:10ae7c001400a2a0060002240800e0030000000059
:020000040000fa
:020000041d03da
:10ae8c000400a38c0600632c0f006014ffff022447
:10ae9c000000a38c01006690040004240a00c41472
:10aeac0000000000020062901b00a2a00300629050
:10aebc001a00a2a0040062901900a2a005006290e2
:10aecc001800a2a0060002240800e0030000000005
:020000040000fa
:020000041d03da
:10aedc00e0ffbd271c00bfaf1800b1af1400b0af2e
:10aeec00258880002580a000fcfa400f2520a000ba
:10aefc002528400001e7400f252000020c00238e7e
:10af0c001b004300f4016000101000001c00bf8ff8
:10af1c001800b18f1400b08f0800e0032000bd278b
:020000040000fa
:020000041d03da
:10af2c003c00828c000f427c080040500400828c54
:10af3c00010042380100422c010042387400839415
:10af4c00c47b437c0800e003740083a40000838c62
:10af5c00231043006a0083944028030021186500e5
:10af6c00431803002a104300f3ff0010010042387d
:020000040000fa
:020000041d03da
:10af7c00e8ffbd271400bfaf1000b0af25808000e4
:10af8c005ce3400f252000020700401425284000f8
:10af9c0043e3400f252000021400bf8f1000b08f38
:10afac000800e0031800bd276881848f0c00828c98
:10afbc0009f8400000000000f1ff00100000000044
:020000040000fa
:020000041d03da
:10afcc00e0ffbd271c00bfaf1800b1af1400b0af3d
:10afdc00258080000400a0102588c0002520a0003a
:10afec00f1fa400f1800058e1800028e2110510046
:10affc00180002ae1c0002ae251020021c00bf8ff0
:10b00c001800b18f1400b08f0800e0032000bd279a
:020000040000fa
:020000041d03da
:10b01c001100801000000000e8ffbd271400bfaf36
:10b02c001000b0af6800908c080000121400bf8fa5
:10b03c00252800026881848f0c00828c09f840005e
:10b04c000c00108efaff00161400bf8f1000b08f8a
:10b05c000800e0031800bd270800e0030000000012
:020000040000fa
:020000041d03da
:10b06c001400e38c1000601000a0043ce8ffbd2726
:10b07c001400bfafa01c84242320e4008320040010
:10b08c00e338023c398e4234022082700100842461
:10b09c001800e78c09f860002026047c1400bf8f90
:10b0ac000800e0031800bd270800e00300000000c2
:020000040000fa
:020000041d03da
:10b0bc00c8ffbd273400bfaffeff02242800a2af9b
:10b0cc002400a0af5000a28f2000a2af4c00a28f92
:10b0dc001c00a2af4800a28f1800a2af1400a7afab
:10b0ec001000a6af2538a0002530000095b0400f09
:10b0fc00252800003400bf8f0800e0033800bd276e
:020000040000fa
:020000041d03da
:10b10c0000a0023c700242240e0044140000000017
:10b11c0000a0023c84024290010042300900401021
:10b12c0000000000e8ffbd271400bfaf00a0043ce6
:10b13c008cac400f700284241400bf8f0800e00315
:0cb14c001800bd270800e0030000000010
:020000040000fa
:020000041d03da
:10b15800e0ffbd271c00bfaf1800b1af1400b0afaf
:10b16800258880002580a00067f5400f2520000273
:10b1780006004014252840001c00bf8f1800b18f1e
:10b188001400b08f0800e0032000bd2749f8400fe5
:0cb1980025202002f4ff00100000000041
:020000040000fa
:020000041d03da
:10b1a4001c0080a41a0080a4180080a402000224b9
:10b1b400020082a40b00a1041e0085a4e8ffbd27a1
:10b1c4001400bfaf2530a000009d053c6800a524f5
:10b1d400d8c8400f252000001400bf8f0800e003ea
:0cb1e4001800bd270800e0030000000078
:020000040000fa
:020000041d03da
:10b1f000e8ffbd271400bfaf1a0082940300432c60
:10b200000a00601080100200029d033c2c2a632477
:10b21000211043000000428c09f8400000000000ab
:10b220001400bf8f0800e0031800bd2769ec400f31
:0cb23000f7ff0524fbff00101400bf8f87
:020000040000fa
:020000041d03da
:10b23c00e8ffbd271400bfaf1000b0af04f1400f02
:10b24c00258080000900401004000524340002967b
:10b25c00220002a6dfe2400f25200002030040106e
:10b26c00070002241a0002a61c0000a61400bf8fbf
:0cb27c001000b08f0800e0031800bd2790
:020000040000fa
:020000041d03da
:10b28800e8ffbd271400bfaf1000b0af04f1400fb6
:10b29800258080000900401005000524340002962e
:10b2a800200002a6dfe2400f252000020300401024
:10b2b800060002241a0002a61c0000a61400bf8f74
:0cb2c8001000b08f0800e0031800bd2744
:020000040000fa
:020000041d03da
:10b2d400e8ffbd271400bfaf1000b0af04f1400f6a
:10b2e40025808000090040100600052434000296e1
:10b2f400260002a6dfe2400f2520000203004010d2
:10b30400050002241a0002a61c0000a61400bf8f28
:0cb314001000b08f0800e0031800bd27f7
:020000040000fa
:020000041d03da
:10b32000e8ffbd271400bfaf1000b0af04f1400f1d
:10b3300025808000090040100a0005243400029690
:10b34000240002a6dfe2400f252000020300401087
:10b35000040002241a0002a61c0000a61400bf8fdd
:0cb360001000b08f0800e0031800bd27ab
:020000040000fa
:020000041d03da
:10b36c00e8ffbd271400bfaf1a0082940300432ce2
:10b37c000a00601080100200029d033c382a6324ee
:10b38c00211043000000428c09f84000000000002e
:10b39c001400bf8f0800e0031800bd2769ec400fb4
:0cb3ac00f7ff0524fbff00101400bf8f0a
:020000040000fa
:020000041d03da
:10b3b800e8ffbd271400bfaf1a0082940800432c91
:10b3c8000a00601080100200029d033c442a632496
:10b3d800211043000000428c09f8400000000000e2
:10b3e8001400bf8f0800e0031800bd2769ec400f68
:0cb3f800f7ff0524fbff00101400bf8fbe
:020000040000fa
:020000041d03da
:10b40400e8ffbd271400bfaf1a0082940600432c46
:10b414000a00601080100200029d033c642a632429
:10b42400211043000000428c09f840000000000095
:10b434001400bf8f0800e0031800bd2769ec400f1b
:0cb44400f7ff0524fbff00101400bf8f71
:020000040000fa
:020000041d03da
:10b45000e8ffbd271400bfaf1a0082940300432cfd
:10b460000a00601080100200029d033c7c2a6324c5
:10b47000211043000000428c09f840000000000049
:10b480001400bf8f0800e0031800bd2769ec400fcf
:0cb49000f7ff0524fbff00101400bf8f25
:020000040000fa
:020000041d03da
:10b49c00e8ffbd271400bfaf1a0082940500432caf
:10b4ac00060060148010020069ec400ff7ff0524c1
:10b4bc001400bf8f0800e0031800bd27029d033c59
:10b4cc00882a6324211043000000428c09f84000b4
:0cb4dc0000000000f7ff00101400bf8ffc
:020000040000fa
:020000041d03da
:10b4e800e8ffbd271400bfaf1c0082940b00432c5b
:10b4f8000a00601080100200029d033c9c2963240e
:10b50800211043000000428c09f8400000000000b0
:10b518001400bf8f0800e0031800bd2769ec400f36
:0cb52800f7ff0524fbff00101400bf8f8c
:020000040000fa
:020000041d03da
:10b53400e0ffbd271c00bfaf1800b1af1400b0afcf
:10b54400258880002580a000c9f5400f2520000231
:10b5540006004014252840001c00bf8f1800b18f3e
:10b564001400b08f0800e0032000bd27b5f8400f99
:0cb5740025202002f4ff00100000000061
:020000040000fa
:020000041d03da
:10b58000e8ffbd271400bfaf1000b0af25808000da
:10b59000040080ac000080ac080080ac01000724ef
:10b5a0000100062425280000b3cb400f0c008424a2
:10b5b000010042380100422c100002a21400bf8f8b
:0cb5c0001000b08f0800e0031800bd2749
:020000040000fa
:020000041d03da
:10b5cc00e8ffbd271400bfaf10808487ffff022463
:10b5dc00060082507480848f1eee400f0000000025
:10b5ec00ffff0224108082a77480848f05008010d6
:10b5fc001400bf8ffdf8400f00000000748080af76
:0cb60c001400bf8f0800e0031800bd27e9
:020000040000fa
:020000041d03da
:10b61800e8ffbd271400bfaf8080828f0c00401860
:10b62800020002241800838c090062148480858f2c
:10b6380000a0043c4cfa400f682c84248080828f40
:10b64800ffff422402004014808082af848080afd4
:0cb658001400bf8f0800e0031800bd279d
:020000040000fa
:020000041d03da
:10b66400e8ffbd271400bfaf1000b0af0800801082
:10b674002580a0000000828c05004010000000001e
:10b684002beb400f00000000050040141400bf8f96
:10b694000200001225100000b880828f1400bf8fb2
:0cb6a4001000b08f0800e0031800bd2764
:020000040000fa
:020000041d03da
:10b6b00000a0023c802343940e006010251000007f
:10b6c000bc80868f252800004400c28c06004050b4
:10b6d0000100a524000047940300e4540100a524c0
:10b6e0000800e0030400428cf7ffa3148c00c6247a
:0cb6f000251000000800e003000000002e
:020000040000fa
:020000041d03da
:10b6fc00e8ffbd271400bfaf1000b0af258080005d
:10b70c000000848c0a0080101400bf8f49e6400fa3
:10b71c000000000085e4400f2c00042685e4400f57
:10b72c001800042685e4400f040004261400bf8f83
:0cb73c001000b08f0800e0031800bd27cb
:020000040000fa
:020000041d03da
:10b74800e0ffbd271c00bfaf1800b1af1400b0afb9
:10b758000288a67031a4400f252820020500401059
:10b76800258040002530200225280000d4fb400f0a
:10b7780025204000251000021c00bf8f1800b18f43
:0cb788001400b08f0800e0032000bd2773
:020000040000fa
:020000041d03da
:10b79400e8ffbd271400bfafec80828f0c00401877
:10b7a400020003241800848c09008314ffff422440
:10b7b40007004014ec8082aff480848f0500801071
:10b7c4001400bf8ffdf8400f00000000f48080af2c
:0cb7d4001400bf8f0800e0031800bd2720
:020000040000fa
:020000041d03da
:10b7e000e8ffbd271400bfaf0c818487ffff022450
:10b7f000060082500481848f1eee400f000000007e
:10b80000ffff02240c8182a70481848f0500801031
:10b810001400bf8ffdf8400f00000000048180afce
:0cb820001400bf8f0800e0031800bd27d3
:020000040000fa
:020000041d03da
:10b82c00e8ffbd271400bfaf0881828f0c004018c1
:10b83c00020003241800848c09008314ffff4224a7
:10b84c0007004014088182af0c818387ffff02241c
:10b85c00040062101400bf8ff8ed400f00000000d0
:0cb86c001400bf8f0800e0031800bd2787
:020000040000fa
:020000041d03da
:10b87800e8ffbd271400bfaf6dfa400f1000b0af4e
:10b88800258040000900001225100000ffff053444
:10b8980075f9400f1081842702df400f2520000230
:10b8a80081f9400f10818427010002241400bf8f02
:0cb8b8001000b08f0800e0031800bd274e
:020000040000fa
:020000041d03da
:10b8c400e8ffbd271400bfaf1000b0af6eff400ffc
:10b8d400a081908f40180200211862008018030094
:10b8e4002110030201000324040043a0050040a02a
:10b8f400a481828f01004224a48182af1400bf8fef
:0cb904001000b08f0800e0031800bd2701
:020000040000fa
:020000041d03da
:10b91000e0ffbd271c00bfaf1800b1af1400b0afef
:10b920002086047cffff0224070002122588a00065
:10b93000fcfa400f2520a000ffff463025282002fa
:10b940003f99400f252000021c00bf8f1800b18fc7
:0cb950001400b08f0800e0032000bd27a9
:020000040000fa
:020000041d03da
:10b95c0018ffbd27e400bfafe000b0af258080002a
:10b96c00f000a6aff400a7aff000a7271000a7af18
:10b97c002530a000c80005241fc5400f1400a427c3
:10b98c001400a52744ee400f25200002e400bf8fd1
:0cb99c00e000b08f0800e003e800bd27c9
:020000040000fa
:020000041d03da
:10b9a800f8ffbd270400bfaf00606241c00000007f
:10b9b80081bf023c30f240ac99aa033c556663242f
:10b9c80030f243ac6655033caa99633430f243ac79
:10b9d80081bf023c0100032418f643ac81bf023c3e
:0cb9e80010f6428cffff00100000000071
:020000040000fa
:020000041d03da
:10b9f400d0ffbd272c00bfaf019d023cec37422491
:10ba04001400a2af010002241800a2af019d023c61
:10ba1400603742241c00a2af110002242000a2af10
:10ba24002400a0af1000a52738bf400f2520000038
:0cba34002c00bf8f0800e0033000bd278d
:020000040000fa
:020000041d03da
:10ba40001000801025100000e8ffbd271400bfafd4
:10ba50001000b0af2b188500060060142580a000f0
:10ba60000200062492d5400f252800000100405412
:10ba7000380050ac1400bf8f1000b08f0800e003f6
:0cba80001800bd270800e00300000000d3
:020000040000fa
:020000041d03da
:10ba8c00e8ffbd271400bfaf1000b0af2580a000a9
:10ba9c00009d053c07fb400fd422a524251840002f
:10baac000600601425100000009d053ce022a52432
:10babc0007fb400f252000020100422c1400bf8f11
:0cbacc001000b08f0800e0031800bd2738
:020000040000fa
:020000041d03da
:10bad800401003240e008314ffff022400a0023c40
:10bae800840243900100643009008010ffff0224a3
:10baf80002006330060060140100042400a0023c28
:10bb080070024224140043904408837c140043a02c
:08bb18000800e003000000003a
:020000040000fa
:020000041d03da
:10bb200006008010f5ff02240800838c00a0023c70
:10bb30005829422407006210f5ff02240800e003a0
:10bb4000000000005a2942940000c2ac0800e00343
:10bb500025100000fbffc05400a0023c251000008f
:08bb60000800e00300000000f2
:020000040000fa
:020000041d03da
:10bb6800e0ffbd271c00bfaf1800b1af1400b0af95
:10bb7800258080002588c000f5ff400fff00a53014
:10bb8800ff002532f9ff400f252000029ffd400fde
:10bb9800252000021c00bf8f1800b18f1400b08f41
:08bba8000800e0032000bd27a6
:020000040000fa
:020000041d03da
:10bbb000e8ffbd271400bfafb080828f0100422490
:10bbc000b08082af00a0023ce820422408004394e9
:10bbd00002006334080043a425300000020005245d
:10bbe00000a0043c98f2400ff82084241400bf8f7a
:08bbf0000800e0031800bd2766
:020000040000fa
:020000041d03da
:10bbf800001003240e0083102510000000a0023c52
:10bc0800802343940a00601025100000bc80828fb6
:10bc180025280000020046940500c410000000001a
:10bc28000100a524fbffa3148c004224251000006a
:08bc38000800e0030000000019
:020000040000fa
:020000041d03da
:10bc40000f008010251000004200839440006330f4
:10bc50000b00601000000000e8ffbd271400bfaf1c
:10bc60004400828c3c00428c09f840007000848cb7
:10bc70000100422c1400bf8f0800e0031800bd270c
:08bc80000800e00300000000d1
:020000040000fa
:020000041d03da
:10bc88000f008010251000004200839440006330ac
:10bc98000b00601000000000e8ffbd271400bfafd4
:10bca8004400828c4400428c09f840007000848c67
:10bcb8000100422c1400bf8f0800e0031800bd27c4
:08bcc8000800e0030000000089
:020000040000fa
:020000041d03da
:10bcd000e8ffbd271400bfaf0f0005242eda400f88
:10bce0000c000424020043300600601401004230be
:10bcf00005004014252000001400bf8f0800e00359
:10bd00001800bd27010004240924400f0000000092
:08bd1000faff00101400bf8fc0
:020000040000fa
:020000041d03da
:10bd18002481858f0e00a018010002242881838fba
:10bd2800251000000000668c0500c0500100422468
:10bd38002a00c6940600c4502510000001004224c1
:10bd4800f8ff4514040063240800e00301000224fe
:08bd58000800e00300000000f8
:020000040000fa
:020000041d03da
:10bd6000e0ffbd271c00bfaf1800b1af1400b0af9b
:10bd70002580a0006dfa400f2588c00025204000d6
:10bd80000400801025100000253020023ed6400f10
:10bd9000252800021c00bf8f1800b18f1400b08f3f
:08bda0000800e0032000bd27ac
:020000040000fa
:020000041d03da
:10bda800e8ffbd271400bfaf1000b0af6dfa400f19
:10bdb8002580a0002518400007006010251000000d
:10bdc800280070a44000628c01000424448c827c0a
:10bdd800400062ac010002241400bf8f1000b08f35
:08bde8000800e0031800bd276c
:020000040000fa
:020000041d03da
:10bdf00076008590fdffa324ff0063300300632cd1
:10be000004006014030002240800a5380100032484
:10be10000b1065003e0083940002643001008054e2
:10be200004004234000463300100605408004234ce
:08be30000800e003000000001f
:020000040000fa
:020000041d03da
:10be38004c81838f0e006010010002245c81858f85
:10be4800251000000000a68c0500c0500100422407
:10be58006200c6940600c450251000000100422468
:10be6800f8ff43140400a5240800e003010002249d
:08be78000800e00300000000d7
:020000040000fa
:020000041d03da
:10be8000e8ffbd271400bfaf83fa400f0000000099
:10be90002518400009006010010002243e0064944f
:10bea0000002843005008010251000003e006294de
:10beb000444a027c3e0062a4010002241400bf8fa9
:08bec0000800e0031800bd2793
:020000040000fa
:020000041d03da
:10bec800e8ffbd271400bfaf83fa400f0000000051
:10bed80025184000090060102510000076006490c5
:10bee800fdff8324ff0063300300632c030060140c
:10bef80001000224080084380100822c1400bf8f3e
:08bf08000800e0031800bd274a
:020000040000fa
:020000041d03da
:10bf10000d008290c0004230800003240c004314c6
:10bf200000000000e8ffbd271400bfaf3cfc400f3d
:10bf3000010005240300401060000324000043ac0e
:10bf4000070040a01400bf8f0800e0031800bd27c1
:08bf50000800e00300000000fe
:020000040000fa
:020000041d03da
:10bf5800e8ffbd271400bfaf1000b0af25808000f8
:10bf680078f2400f252000020500401425284000e3
:10bf78001400bf8f1000b08f0800e0031800bd2721
:10bf88006881848f0c00828c09f840000000000052
:08bf9800f3ff0010000000009f
:020000040000fa
:020000041d03da
:10bfa000e8ffbd271400bfaf1000b0af25808000b0
:10bfb000c9f5400f25200002050040142528400047
:10bfc0001400bf8f1000b08f0800e0031800bd27d9
:10bfd0006881848f0c00828c09f84000000000000a
:08bfe000f3ff00100000000057
:020000040000fa
:020000041d03da
:10bfe800e8ffbd27080080101400bfaf010002243d
:10bff8000900821000000000251000001400bf8f07
:10c008000800e0031800bd277dff400f0000000076
:10c01800faff00102510000078f0400f0000000023
:08c02800f6ff001025100000d6
:020000040000fa
:020000041d03da
:10c03000e8ffbd271400bfaf88bf023c3010448c1e
:10c0400088bf023c01000324341043acec81828f92
:10c050000600401001008430ec8182270400458cea
:10c060000000428c09f84000000000001400bf8f5f
:08c070000800e0031800bd27e1
:020000040000fa
:020000041d03da
:10c078001800828c200083242b1862000c006010aa
:10c08800ffff4224e8ffbd271400bfaf0000838ce8
:10c09800180082ac0000628c0000a58c09f84000f2
:10c0a8000400848c1400bf8f0800e0031800bd272b
:08c0b8000800e0030000000095
:020000040000fa
:020000041d03da
:10c0c000e8ffbd271400bfaf1000b0af00a0103cc8
:10c0d000a827102631000592affa400f0800048e01
:10c0e00030000292050040141400bf8f00a0043cf1
:10c0f00099f9400fe02784241400bf8f1000b08fff
:08c100000800e0031800bd2750
:020000040000fa
:020000041d03da
:10c10800e8ffbd271400bfaf2082828f04004014cf
:10c118000000000009f8400f01000424208282afcb
:10c1280050dc400f000000002082868f2538000078
:10c1380025204000314f400f252860001400bf8f94
:08c148000800e0031800bd2708
:020000040000fa
:020000041d03da
:10c15000e8ffbd271400bfaf2082828f0400401487
:10c160000000000009f8400f01000424208282af83
:10c1700050dc400f000000002082868f2538000030
:10c1800025204000314f400f252860001400bf8f4c
:08c190000800e0031800bd27c0
:020000040000fa
:020000041d03da
:10c19800e8ffbd271400bfaf1000b0af7dff400f10
:10c1a80025808000e0ce400f252000023078400f27
:10c1b80025804000040000162510000272fc400f84
:10c1c80000000000251000021400bf8f1000b08f7f
:08c1d8000800e0031800bd2778
:020000040000fa
:020000041d03da
:10c1e000f8ffbd270400bfaf00600240847a027ce4
:10c1f000000c423400608240c00000006082828fe8
:10c20000070040100400bf8f4082838f4400628c7f
:10c2100001004224440062ac4082828f0400bf8f40
:08c220000800e0030800bd273f
:020000040000fa
:020000041d03da
:10c2280000a0033cc429632425100000080005244d
:10c238000000668c0800c454010042244018020023
:10c24800211862008018030000a0023cc42942247f
:10c258000800e00321104300f5ff45140c00632497
:08c268000800e00325100000ae
:020000040000fa
:020000041d03da
:10c270000000023c00004224070040100000023c85
:10c280000000422405004050049d023c3f00007025
:10c290000800e00300000000049d023c1cc9422489
:10c2a00003004014000000000800e003000000004c
:08c2b00009f840000000000045
:020000040000fa
:020000041d03da
:10c2b8000f00c01025100000ffffc624251800003d
:10c2c80021108300000042902138a300070040108d
:10c2d8000000e7900600e050231047000400c35018
:10c2e80023104700f6ff471001006324231047007e
:08c2f8000800e0030000000053
:020000040000fa
:020000041d03da
:10c300000e00a01000000000e8ffbd271400bfaf22
:10c310001000b0af2580a0002528000097f3400f43
:10c32000e000848c000002ae251000001400bf8fd6
:10c330001000b08f0800e0031800bd270800e003dc
:04c3400025100000c4
:020000040000fa
:020000041d03da
:10c344000e00a01000000000e8ffbd271400bfafde
:10c354001000b0af2580a0000100052497f3400f22
:10c36400e000848c000002ae251000001400bf8f92
:10c374001000b08f0800e0031800bd270800e00398
:04c384002510000080
:020000040000fa
:020000041d03da
:10c388000e00a01000000000e8ffbd271400bfaf9a
:10c398001000b0af2580a0002528000097f3400fbb
:10c3a800d800848c000002ae251000001400bf8f56
:10c3b8001000b08f0800e0031800bd270800e00354
:04c3c800251000003c
:020000040000fa
:020000041d03da
:10c3cc0006008010f5ff02240800838c00a0023cbc
:10c3dc005829422406006210f5ff02240800e003ed
:10c3ec00000000000000a2ac0800e00325100000d3
:10c3fc00fcffa0543c00828c251000000800e003d8
:04c40c00000000002c
:020000040000fa
:020000041d03da
:10c41000e8ffbd271400bfaf1000b0afd0bb400f86
:10c420002580800008004104f7ff052469ec400fd7
:10c4300025200002251000001400bf8f1000b08fcf
:10c440000800e0031800bd2702004238faff001080
:04c450002b100200ab
:020000040000fa
:020000041d03da
:10c45400e8ffbd271400bfaf2510a0000010a330d3
:10c4640007006010fbff0524000242300400401462
:10c47400f9ff05242000c630f8ff05240b28060028
:10c4840069ec400f000000001400bf8f0800e003b7
:04c494001800bd27a8
:020000040000fa
:020000041d03da
:10c498000e008010f5ff02240800838c00a0023ce7
:10c4a8005829422409006214f5ff0224e8ffbd2739
:10c4b8001400bfaf69ec400ff4ff052425100000fd
:10c4c8001400bf8f0800e0031800bd270800e00330
:04c4d8000000000060
:020000040000fa
:020000041d03da
:10c4dc000e00801025100000420083944000633051
:10c4ec000a006010000000000300a2880000a2985f
:10c4fc003f0082a83c0082b80400a290400082a0b9
:10c50c000500a290410082a0010002240800e00373
:04c51c00000000001b
:020000040000fa
:020000041d03da
:10c52000e8ffbd271400bfaf1000b0af258080002a
:10c53000ee67400f00008494000002a6ee67400ff3
:10c5400002000496020002a6ee67400f0600049661
:10c55000060002a61400bf8f1000b08f0800e00391
:04c560001800bd27db
:020000040000fa
:020000041d03da
:10c564000400a38c0300632c0c006014ffff02245e
:10c574000000a28c35000324000043a00100032422
:10c58400010043a00c00a38c0900042401006450a2
:10c5940003000324020043a0030002240800e00374
:04c5a4000000000093
:020000040000fa
:020000041d03da
:10c5a8000400a38c0500632c0c006014ffff022418
:10c5b8000000a28c37000324000043a003000324da
:10c5c800010043a001000424020044a0030043a08a
:10c5d80006000324040043a0050002240800e00329
:04c5e800000000004f
:020000040000fa
:020000041d03da
:10c5ec000e008010251080000000848c01000324b4
:10c5fc000800831400000000e8ffbd271400bfaf43
:10c60c00c984400f252040001400bf8f0800e003b0
:10c61c001800bd270800e003251000000800e00307
:04c62c00000000000a
:020000040000fa
:020000041d03da
:10c63000e8ffbd271400bfaf1000b0af2000858c0d
:10c640000600a010258080002081848f0c00828c41
:10c6500009f8400000000000200000aee1f1400faa
:10c66000252000021400bf8f1000b08f0800e003e7
:04c670001800bd27ca
:020000040000fa
:020000041d03da
:10c67400e8ffbd271400bfaf1000b0af4c009024fa
:10c68400c9f5400f25200002050040142520400074
:10c694001400bf8f1000b08f0800e0031800bd27fe
:10c6a40009000624dbe1400fefff0524f4ff00102e
:04c6b4000000000082
:020000040000fa
:020000041d03da
:10c6b800e8ffbd271400bfaf6dfa400f1000b0af00
:10c6c8000700401025800000252040003000428ce3
:10c6d800010040543600909415e5400f000000001a
:10c6e800251000021400bf8f1000b08f0800e0036f
:04c6f8001800bd2742
:020000040000fa
:020000041d03da
:10c6fc000800858c1000838c0c00a3102510000002
:10c70c00640083940900601001000624e8ffbd2733
:10c71c001400bfaf9f14400f100005240100422ce1
:10c72c001400bf8f0800e0031800bd270800e003c9
:04c73c0000000000f9
:020000040000fa
:020000041d03da
:10c74000e8ffbd271400bfaf83fa400f1000b0af61
:10c750002580400007000012251000007af7400fe6
:10c7600025200002040040101400bf8fbff1400fcd
:10c77000252000021400bf8f1000b08f0800e003d6
:04c780001800bd27b9
:020000040000fa
:020000041d03da
:10c784000e00801000000000e8ffbd271400bfafba
:10c794001000b0af07ec400f258080006881848fc3
:10c7a4000c00828c09f84000252800021400bf8f79
:10c7b4001000b08f0800e0031800bd270800e00354
:04c7c4000000000071
:020000040000fa
:020000041d03da
:10c7c8001000828c0800438c0e00648cf0008430ca
:10c7d8006000072409008714251000000300a0103a
:10c7e80000000000260062240000a2ac0300c01074
:10c7f80001000224160063240000c3ac0800e00313
:04c80800000000002c
:020000040000fa
:020000041d03da
:10c80c00e8ffbd27070080101400bfaf0100022411
:10c81c0008008210000000001400bf8f0800e00325
:10c82c001800bd273078400f00000000fbff0010ff
:10c83c001400bf8f8de5400f00000000f7ff0010c3
:04c84c001400bf8f86
:020000040000fa
:020000041d03da
:10c850000000838c0d00601425100000e8ffbd2748
:10c860001400bfaf1000b0af2580800047e9400f33
:10c8700001000424000002ae010002241400bf8f56
:10c880001000b08f0800e0031800bd270800e00387
:04c8900000000000a4
:020000040000fa
:020000041d03da
:10c89400e8ffbd271400bfaf2082828f040040143c
:10c8a4000000000009f8400f01000424208282af38
:10c8b4006600410f000000002082838f1b004300ac
:10c8c400f4016000121000001400bf8f0800e003a0
:04c8d4001800bd2764
:020000040000fa
:020000041d03da
:10c8d8000e00801000000000e8ffbd271400bfaf65
:10c8e8001000b0af7dff400f25808000bde5400ff0
:10c8f800252000023078400f000000001400bf8f90
:10c908001000b08f0800e0031800bd270800e003fe
:04c91800000000001b
:020000040000fa
:020000041d03da
:10c91c0000606041c000000099aa033c81bf023c4a
:10c92c005566632430f240ac30f243ac6655033ca0
:10c93c00aa99633430f243ac81bf023c010003245a
:10c94c0018f643ac81bf023c10f6428c49f2400b06
:04c95c0000000000d7
:020000040000fa
:020000041d03da
:10c960000000828c090040540000a2ac040085ac99
:10c97000000085ac0400a0ac0000a0ac0800828cd4
:10c98000010042240800e003080082ac0400a0accf
:10c990000000828c040045acf8ff0010000085ac5c
:020000040000fa
:020000041d03da
:10c9a0000000828c090040540000a0ac040085ac5b
:10c9b000000085ac0400a0ac0000a0ac0800828c94
:10c9c000010042240800e003080082ac0400828ccd
:10c9d0000400a2ac000045acf8ff0010040085acd8
:020000040000fa
:020000041d03da
:10c9e0000000828c09004010000000000400838ccd
:10c9f000080062540000438c040080ac000080ac4e
:10ca00000800838cffff6324080083ac0800e00368
:10ca100000000000000083acf9ff0010040060accf
:020000040000fa
:020000041d03da
:10ca20000400828c09004010000000000000838c8c
:10ca3000080062540400438c040080ac000080ac09
:10ca40000800838cffff6324080083ac0800e00328
:10ca500000000000040083acf9ff0010000060ac8f
:020000040000fa
:020000041d03da
:10ca60000400838c0c0060102538c000e8ffbd274f
:10ca70001400bfaf00a0023ce82042242310820033
:10ca80002530a00009f86000032902001400bf8fc0
:10ca90000800e0031800bd270800e00300000000c4
:020000040000fa
:020000041d03da
:10caa0000d00801025100000020002240500a214d1
:10cab0000100032442008294080042380800e00389
:10cac000c000427c0400a3142510000042008294a0
:10cad000100042380001427c0800e0030000000022
:020000040000fa
:020000041d03da
:10cae0000d00a010251000000000a38c0a006010ab
:10caf000000000000600c0500c00a6a4a480828f95
:10cb00002b18c200010060542036027c0c00a6a441
:10cb10000a00a6a4010002240800e00300000000af
:020000040000fa
:020000041d03da
:10cb200000a0023c802342240b00441400000000bb
:10cb3000e8ffbd271400bfafbc80828f0400401007
:10cb40001400bf8f9ca5400f000000001400bf8f91
:10cb50000800e0031800bd270800e0030000000003
:020000040000fa
:020000041d03da
:10cb60000d0080102510000000a0023c282b468cf0
:10cb70000900c01025100000e8ffbd271400bfaf5a
:10cb800000a0053c6be8400f402ba5241400bf8f8c
:10cb90000800e0031800bd270800e00300000000c3
:020000040000fa
:020000041d03da
:10cba0000400a38c0600632c0b006014ffff02241a
:10cbb0000000a38c01006690040004240600c41445
:10cbc0000000000005006288020062980f00a2a821
:10cbd0000c00a2b8060002240800e00300000000d8
:020000040000fa
:020000041d03da
:10cbe000e8ffbd271400bfaf6dfa400f1000b0afd3
:10cbf000060040102580400074dd400f25204000d5
:10cc000002004050258000000800108e2510000210
:10cc10001400bf8f1000b08f0800e0031800bd277c
:020000040000fa
:020000041d03da
:10cc20000d00801025108000e8ffbd271400bfaf65
:10cc3000acc8400f00000000050040101400bf8f7a
:10cc40000400428c01004054040042241400bf8fb1
:10cc50000800e0031800bd270800e0030000000002
:020000040000fa
:020000041d03da
:10cc60000d00801025100000e8ffbd271400bfafa5
:10cc7000cc81868f0500c010049d073c00f5e72499
:10cc800000a0053c0aca400fa82ba5241400bf8fa2
:10cc90000800e0031800bd270800e00300000000c2
:020000040000fa
:020000041d03da
:10cca000d400828c0c004010000000000400458c71
:10ccb000d000828c0800451000000000e8ffbd276e
:10ccc0001400bfafbea2400f000000001400bf8fd1
:10ccd0000800e0031800bd270800e0030000000082
:020000040000fa
:020000041d03da
:10cce000d400828c05004050cc00858c0000458c1f
:10ccf000cc00828c0800451000000000e8ffbd2732
:10cd00001400bfafbea2400f000000001400bf8f90
:10cd10000800e0031800bd270800e0030000000041
:020000040000fa
:020000041d03da
:10cd2000e8ffbd271400bfaf3082828f0600401499
:10cd3000ffff0534edc1400f000000003082828ffc
:10cd400004004010ffff053475f9400f2c82842742
:10cd50003082828f1400bf8f0800e0031800bd27c7
:020000040000fa
:020000041d03da
:10cd60001000838c0400858c0800828c0800a2ac23
:10cd70000400858c040045ac0400628c040044541b
:10cd8000100080ac0800828c040062ac100080ac03
:10cd90000000628cffff42240800e003000062ac48
:020000040000fa
:020000041d03da
:10cda000e8ffbd271400bfaf1000b0af00a0103cdb
:10cdb00082d6400f000000004c28028e0200422c58
:10cdc000fbff4014000000000068024000014234f4
:10cdd00000688240c0000000f5ff00100000000065
:020000040000fa
:020000041d03da
:10cde000840083242510800025284000010042246f
:10cdf0000000a0a0fdff4314252840002518800056
:10ce00008400842425100000000065900100632444
:10ce1000fdff8314251045000800e0032b100200dd
:020000040000fa
:020000041d03da
:10ce2000e8ffbd271400bfaf1000b0af2580800021
:10ce3000140082900421027c4429027c42f0400fbd
:10ce4000140082a0700002ae840000ae1400bf8ff8
:0cce50001000b08f0800e0031800bd27a0
:020000040000fa
:020000041d03da
:10ce5c000000838c08006014251000000800e0031b
:10ce6c00000000000400638cc001637c010065506d
:10ce7c0001004224251880000000648cf9ff801406
:0cce8c00000000000800e00300000000af
:020000040000fa
:020000041d03da
:10ce98000c0080142538c000e8ffbd271400bfaf80
:10cea8002530a000009d053cd8c8400f2800a524c7
:10ceb8003880828ffeff40141400bf8f0800e00303
:0ccec8001800bd270800e0030000000077
:020000040000fa
:020000041d03da
:10ced4000c0080142538c000e8ffbd271400bfaf44
:10cee4002530a000009d053cd8c8400f4800a5246b
:10cef4003c80828ffeff40141400bf8f0800e003c3
:0ccf04001800bd270800e003000000003a
:020000040000fa
:020000041d03da
:10cf1000e8ffbd271400bfaf1000b0af2580800030
:10cf2000dfe2400f01000524040040100400022449
:10cf30001a0002a6090002241c0002a61400bf8fda
:0ccf40001000b08f0800e0031800bd27af
:020000040000fa
:020000041d03da
:10cf4c00e8ffbd271400bfaf1000b0af25808000f4
:10cf5c00dfe2400f09000524040040100400022405
:10cf6c001a0002a6070002241c0002a61400bf8fa0
:0ccf7c001000b08f0800e0031800bd2773
:020000040000fa
:020000041d03da
:10cf8800e8ffbd271400bfaf1000b0af25808000b8
:10cf98000080063411e3400f2528000003004010ec
:10cfa800010002241a0002a61c0000a61400bf8f6c
:0ccfb8001000b08f0800e0031800bd2737
:020000040000fa
:020000041d03da
:10cfc400e8ffbd271400bfaf1000b0af04f1400f5d
:10cfd40025808000060040101400bf8f34000696a0
:10cfe4002200059615f1400f252000021400bf8f82
:0ccff4001000b08f0800e0031800bd27fb
:020000040000fa
:020000041d03da
:10d000000c0080142538c000e8ffbd271400bfaf16
:10d010002530a000009d053cd8c8400f8800a524fd
:10d020004480828ffeff40141400bf8f0800e0038d
:0cd030001800bd270800e003000000000d
:020000040000fa
:020000041d03da
:10d03c00e8ffbd271400bfaf1000b0afc5d3400f41
:10d04c00010005240500401025804000a678400f03
:10d05c002520400081f9400f0400048e1400bf8f7e
:0cd06c001000b08f0800e0031800bd2782
:020000040000fa
:020000041d03da
:10d078000c008010251000004200839440006330ab
:10d088000800601000000000e8ffbd271400bfafd3
:10d09800e0fc400f000000001400bf8f0800e00310
:0cd0a8001800bd270800e0030000000095
:020000040000fa
:020000041d03da
:10d0b4000c0080102510000042008394400063306f
:10d0c40008006010000000000800828c2710020095
:10d0d4000400838c251043000000a38c2610430019
:0cd0e4000100422c0800e00300000000e6
:020000040000fa
:020000041d03da
:10d0f0000c00801025100000420083944000633033
:10d100000800601000000000e8ffbd271400bfaf5a
:10d1100066fb400f000000001400bf8f0800e00312
:0cd120001800bd270800e003000000001c
:020000040000fa
:020000041d03da
:10d12c00e8ffbd271400bfaf0100063c0200c62477
:10d13c001c000524e0b4400f380004240400401007
:10d14c00049d033c3cd86324080043ac0c0040ac69
:0cd15c001400bf8f0800e0031800bd277e
:020000040000fa
:020000041d03da
:10d16800e8ffbd271400bfaf1000b0af25808000d6
:10d178002520a00001e7400f040005240c00038ec1
:10d188001b004300f4016000101000001400bf8f62
:0cd198001000b08f0800e0031800bd2755
:020000040000fa
:020000041d03da
:10d1a400240080ac0c00828c0a0040102510000082
:10d1b4000000838c000060a40800858c21186500a1
:10d1c400010042240c00858c2b284500faffa05452
:0cd1d400000060a40800e0030000000060
:020000040000fa
:020000041d03da
:10d1e0000c00801025100000e8ffbd271400bfaf21
:10d1f000c880868f0500c0101400bf8f00a0053cba
:10d200006be8400f7c2ca5241400bf8f0800e003be
:0cd210001800bd270800e003000000002b
:020000040000fa
:020000041d03da
:10d21c00e8ffbd27010003240700c3141400bfafaf
:10d22c0025300000ee7a400f010007241400bf8f58
:10d23c000800e0031800bd272510c0002530a00011
:0cd24c0002004238f7ff00100a28020020
:020000040000fa
:020000041d03da
:10d25800e8ffbd271400bfaf3881828f080040184f
:10d26800020003241800848c05008314ffff422465
:10d2780003004014388182af78fa400f00000000a4
:0cd288001400bf8f0800e0031800bd2751
:020000040000fa
:020000041d03da
:10d294001c00838c2000858c2b10650004004054f6
:10d2a4001800828c231865000800e003ffff623039
:10d2b400231045001400848c2318640021104300bb
:0cd2c400010042240800e003ffff42309c
:020000040000fa
:020000041d03da
:10d2d000e8ffbd271400bfaf480085ac77008390fe
:10d2e0000200022404006214000000004c00828c42
:10d2f00001004054300045ac60d6400f7700859067
:0cd300001400bf8f0800e0031800bd27d8
:020000040000fa
:020000041d03da
:10d30c00e8ffbd271400bfaf83fa400f00000000f8
:10d31c002520400006008010251000004c00838c56
:10d32c00040060101400bf8fa5e6400f0000000041
:0cd33c001400bf8f0800e0031800bd279c
:020000040000fa
:020000041d03da
:10d348000c00801025100000e8ffbd271400bfafb7
:10d358006881868f0500c0101400bf8f00a0053caf
:10d368006be8400f942ba5241400bf8f0800e0033e
:0cd378001800bd270800e00300000000c2
:020000040000fa
:020000041d03da
:10d38400e8ffbd271400bfafe081828f080040187a
:10d39400020003241800848c05008314ffff422438
:10d3a40003004014e08182af9fc3400f00000000df
:0cd3b4001400bf8f0800e0031800bd2724
:020000040000fa
:020000041d03da
:10d3c0000c00801025100000030082880000829865
:10d3d000fc818327000062ac04828227000040acfd
:10d3e000040040ac02008294020062a4f88180af85
:0cd3f000010002240800e003000000001f
:020000040000fa
:020000041d03da
:10d3fc00e0ffbd271c00bfaf48f3400f1000a0afeb
:10d40c00040040102520400004000624d1f6400ff3
:10d41c001000a52781f9400f2c8284271000a28fc1
:0cd42c001c00bf8f0800e0032000bd279b
:020000040000fa
:020000041d03da
:10d43800e0ffbd271800b1af1400b0af2588a000e9
:10d448001c00bfaffcfa400f258080001c00bf8f76
:10d4580025282002252000021800b18f1400b08f63
:0cd468000100462412fb400b2000bd27f1
:020000040000fa
:020000041d03da
:10d474000000848c03008104251000000800e003f0
:10d4840000000000e8ffbd271400bfafddcb400f54
:10d4940000000000ffff032401004350251000009a
:0cd4a4001400bf8f0800e0031800bd2733
:020000040000fa
:020000041d03da
:10d4b000e0ffbd271800b0af1000a6af25808000a8
:10d4c0001c00bfaf1830400f1000a6270400038ec9
:10d4d0001c00bf8f10006330ffff04241800b08fc2
:0cd4e0000b1083000800e0032000bd27b3
:020000040000fa
:020000041d03da
:10d4ec000800c010251080002000032423186600bb
:10d4fc000600601c0620c5000610c5002520000093
:10d50c00252880000800e0032518a0000610c200a2
:10d51c0004286500faff0010251045000800c01013
:10d52c002510800020000324231866000600601cd0
:10d53c000428c5000428c400252000002510800004
:10d54c000800e0032518a000061062000420c400a7
:08d55c00faff00102528a200cf
:020000040000fa
:020000041d03da
:10d5640000a0023c700242240900441400a0023cc2
:10d5740084024290010042300500401000a0023ca9
:10d5840070024224140043904408037c140043a016
:08d594000800e00300000000a4
:020000040000fa
:020000041d03da
:10d59c000000828c0a004010000000000400838c04
:10d5ac00030062540000438c040080ac251800007a
:10d5bc00000083ac0800838cffff6324080083ac5d
:08d5cc000800e003000000006c
:020000040000fa
:020000041d03da
:10d5d40000a0023c582942240900441400a0023c43
:10d5e4005829422402000324040043a40400a38c09
:10d5f4000c0043ac1000a38c140043ac240040a0e6
:08d604000800e0030000000033
:020000040000fa
:020000041d03da
:10d60c00e8ffbd271400bfaf1000b0af258080002d
:10d61c00dfe2400f0100052403004010010002244a
:10d62c001a0002a61c0000a61400bf8f1000b08fb9
:08d63c000800e0031800bd27ff
:020000040000fa
:020000041d03da
:10d64400e8ffbd271400bfaf1000b0af25808000f5
:10d65400dfe2400f01000524030040100100022412
:10d664001a0002a61c0000a61400bf8f1000b08f81
:08d674000800e0031800bd27c7
:020000040000fa
:020000041d03da
:10d67c00e8ffbd271400bfaf1000b0af25808000bd
:10d68c00dfe2400f252800000300401001000224b7
:10d69c001a0002a61c0000a61400bf8f1000b08f49
:08d6ac000800e0031800bd278f
:020000040000fa
:020000041d03da
:10d6b400e8ffbd271400bfaf1000b0af2580800085
:10d6c400dfe2400f010005240300401001000224a2
:10d6d4001a0002a61c0000a61400bf8f1000b08f11
:08d6e4000800e0031800bd2757
:020000040000fa
:020000041d03da
:10d6ec000000828c0a004010000000000400838cb3
:10d6fc00030062540000438c040080ac2518000029
:10d70c00000083ac0800838cffff6324080083ac0b
:08d71c000800e003000000001a
:020000040000fa
:020000041d03da
:10d724000000828c0a004010000000000400838c7a
:10d73400030062540000438c040080ac25180000f0
:10d74400000083ac0800838cffff6324080083acd3
:08d754000800e00300000000e2
:020000040000fa
:020000041d03da
:10d75c00100082900a004010ffff0534e8ffbd273f
:10d76c001400bfaf75f9400f0c008424010042383f
:10d77c000100422c1400bf8f0800e0031800bd27e5
:08d78c000800e00300000000aa
:020000040000fa
:020000041d03da
:10d79400100082900a00401000000000e8ffbd273e
:10d7a4001400bfaf81f9400f0c00842401004238fb
:10d7b4000100422c1400bf8f0800e0031800bd27ad
:08d7c4000800e0030000000072
:020000040000fa
:020000041d03da
:10d7cc00000000000000000001000000d800009dd7
:10d7dc0002000000e000009d03000000881b009d7b
:10d7ec00ff0000000a000000fff00000ac10000079
:08d7fc00ffff0000c0a80000bf
:020000040000fa
:020000041d03da
:10d8040000a0023c802343942b188300080060107e
:10d8140025100000c01804002118640080180300bb
:10d824002318640080180300bc80828f21104300f9
:08d834000800e0030000000001
:020000040000fa
:020000041d03da
:10d83c0000a0023c682b428c080044502000828cd3
:10d84c00e8ffbd271400bfaf29d7400f0000000030
:10d85c001400bf8f0800e0031800bd27c418027c19
:08d86c000800e003200082ac7b
:020000040000fa
:020000041d03da
:10d874001000838c0700632c09006014ffff02244e
:10d884001400828c05000324000043a00800838c4c
:10d894000400638c040043a8010043b80700022479
:08d8a4000800e0030000000091
:020000040000fa
:020000041d03da
:10d8ac00e8ffbd271400bfaf83fa400f0000000053
:10d8bc002520400005008010251000002394400f07
:10d8cc000100052427100200c21702001400bf8fac
:08d8dc000800e0031800bd275d
:020000040000fa
:020000041d03da
:10d8e40081bf023c00380324689043ac88bf023ceb
:10d8f400e06040ac88bf023c07000324c46043ac32
:10d9040088bf033c0900023c00804234e86162acf9
:08d914000800e0030000000020
:020000040000fa
:020000041d03da
:10d91c0000a0033ca02463240c00628c0800648cdf
:10d92c002b1882000300601400a0033c0800e003e5
:10d93c0023108200a02463241800638c2118640037
:08d94c000800e0032310620053
:020000040000fa
:020000041d03da
:10d9540000a0023ca02442242800448c2c00428cc9
:10d964002b1882000300601400a0033c0800e003ad
:10d9740023108200a02463243000638c21186400e7
:08d984000800e003231062001b
:020000040000fa
:020000041d03da
:10d98c00e8ffbd271400bfaf1c00a5a355d4400f62
:10d99c00fe81849702000324040043140100062432
:10d9ac001c00a52771ea400ffe8184971400bf8fdd
:08d9bc000800e0031800bd277c
:020000040000fa
:020000041d03da
:10d9c400e8ffbd271400bfaf1000b0af2580a00052
:10d9d400fcfa400f2520a000253040002528000235
:10d9e40071ea400ffe8184971400bf8f1000b08f3e
:08d9f4000800e0031800bd2744
:020000040000fa
:020000041d03da
:10d9fc00e0ffbd271c00bfaf1800b1af1400b0afe3
:10da0c0000a0103c502c1026029d023ca860518caa
:10da1c0009f820020c00048eb0ea400f0100042427
:08da2c00fbff001000000000e8
:020000040000fa
:020000041d03da
:10da3400f8ffbd270400bfaf00606241c0000000d2
:10da44000060024025184000847a037c010c633492
:10da540000608340c0000000010042340400bf8f16
:08da64000800e0030800bd27e3
:020000040000fa
:020000041d03da
:10da6c00e8ffbd271400bfaf1000b0af2580a000a9
:10da7c004082858fb9e7400f1800a52401000524ca
:10da8c00d394400f252000021400bf8f1000b08fdc
:08da9c000800e0031800bd279b
:020000040000fa
:020000041d03da
:10daa4000b00c01000000000000082900000a39052
:10dab40003004310231043000800e00300000000ab
:10dac400ffffc62401008424f5ff00100100a524f3
:08dad4000800e003251000002a
:020000040000fa
:020000041d03da
:10dadc000a00801053ff02240800a0100000000070
:10daec00e8ffbd271400bfaf7781400f0000000096
:10dafc001400bf8f0800e0031800bd270800e003e6
:04db0c000000000015
:020000040000fa
:020000041d03da
:10db10000a00801053ff02240800a010000000003b
:10db2000e8ffbd271400bfaf0a8e400f00000000c1
:10db30001400bf8f0800e0031800bd270800e003b1
:04db400000000000e1
:020000040000fa
:020000041d03da
:10db44000a00801053ff02240800a0100000000007
:10db5400e8ffbd271400bfafe381400f00000000c1
:10db64001400bf8f0800e0031800bd270800e0037d
:04db740000000000ad
:020000040000fa
:020000041d03da
:10db78000000a290200382a00100a290210382a0ad
:10db88000200a290100382a00300a290110382a0b9
:10db98000400a290000382a00500a2900800e00300
:04dba800010382a053
:020000040000fa
:020000041d03da
:10dbac00200382900000a2a0210382900100a2a079
:10dbbc00100382900200a2a0110382900300a2a085
:10dbcc00000382900400a2a0010382900800e003ed
:04dbdc000500a2a0fe
:020000040000fa
:020000041d03da
:10dbe00000a0033c7002632408006414ffff0224b9
:10dbf00000a0023c840243900100633003006010e7
:10dc0000ffff022400a0023c8002428c0800e003d7
:04dc10000000000010
:020000040000fa
:020000041d03da
:10dc14000800a28c09004010000000000400a38c3e
:10dc24008002637c030060100080033c0800e00372
:10dc34002510430000a0033c251043000800e00326
:04dc440000000000dc
:020000040000fa
:020000041d03da
:10dc48000a008010ffff02240800828c02000324cf
:10dc580006004354ffff022404008394010063304c
:10dc6800ffff04240800e0030a1083000800e00313
:04dc780000000000a8
:020000040000fa
:020000041d03da
:10dc7c00000102240900c21401000624e8ffbd279c
:10dc8c001400bfaf0100052457cf400f150004242a
:10dc9c001400bf8f0800e0031800bd270800e00344
:04dcac000000000074
:020000040000fa
:020000041d03da
:10dcb00042008294c420027c420082a40800a23068
:10dcc000060040100000000042008294010003247e
:10dcd000c418627c420082a4010002240800e00310
:04dce0000000000040
:020000040000fa
:020000041d03da
:10dce400e8ffbd271400bfaff1f8400f00000000ab
:10dcf40025184000040060102510000042006294c2
:10dd0400001042380003427c1400bf8f0800e00377
:04dd14001800bd270f
:020000040000fa
:020000041d03da
:10dd1800000102240900c21401000624e8ffbd27ff
:10dd28001400bfaf0100052457cf400f0e00042494
:10dd38001400bf8f0800e0031800bd270800e003a7
:04dd480000000000d7
:020000040000fa
:020000041d03da
:10dd4c00000102240900c21401000624e8ffbd27cb
:10dd5c001400bfaf0100052457cf400f0c00042462
:10dd6c001400bf8f0800e0031800bd270800e00373
:04dd7c0000000000a3
:020000040000fa
:020000041d03da
:10dd8000000102240900c21401000624e8ffbd2797
:10dd90001400bfaf0100052457cf400f1300042427
:10dda0001400bf8f0800e0031800bd270800e0033f
:04ddb000000000006f
:020000040000fa
:020000041d03da
:10ddb400000102240900c21401000624e8ffbd2763
:10ddc4001400bfaf0100052457cf400f0f000424f7
:10ddd4001400bf8f0800e0031800bd270800e0030b
:04dde400000000003b
:020000040000fa
:020000041d03da
:10dde80077008390010002240600621002000524d7
:10ddf80006006514251000004c00828c0800e00322
:10de08002b1002004c00828c2b1002000800e0034b
:04de18000000000006
:020000040000fa
:020000041d03da
:10de1c000a008010ffff0224e8ffbd271400bfafeb
:10de2c002538c0002530a000914a400f0100052480
:10de3c001400bf8f0800e0031800bd270800e003a2
:04de4c0000000000d2
:020000040000fa
:020000041d03da
:10de50000a008010251000004200839440006330c7
:10de6000060060108001033c4000828c24104300b7
:10de700080ff033c211043000100422c0800e00316
:04de8000000000009e
:020000040000fa
:020000041d03da
:10de8400e8ffbd271400bfaf1000b0af6eff400f16
:10de94006481908f0019020021106200c0100200fa
:10dea400211002021400bf8f1000b08f0800e0039d
:04deb4001800bd276e
:020000040000fa
:020000041d03da
:10deb800000202240900c21401000624e8ffbd275d
:10dec8001400bfaf0100052457cf400f1a000424e7
:10ded8001400bf8f0800e0031800bd270800e00306
:04dee8000000000036
:020000040000fa
:020000041d03da
:10deec002026047cffff032408008310251000006b
:10defc00e8ffbd271400bfaf6f8b400f0000000080
:10df0c001400bf8f0800e0031800bd270800e003d1
:04df1c000000000001
:020000040000fa
:020000041d03da
:10df2000f8ffbd270400bfaf006802400008033cb3
:10df30002510430000688240c000000088bf023cfa
:10df400001000324641043ac0400bf8f0800e00309
:04df50000800bd27e1
:020000040000fa
:020000041d03da
:10df540088bf023c00100324081043ac04000224d0
:10df640088bf033c981062ac88bf033cf81062acd5
:10df740088bf023c0f000324581143ac0800e0039f
:04df84000000000099
:020000040000fa
:020000041d03da
:10df8800e8ffbd271400bfaf1000b0af00a0023cef
:10df9800a02442243000508c55f6400fffff102675
:10dfa800231002021400bf8f1000b08f0800e00396
:04dfb8001800bd2769
:020000040000fa
:020000041d03da
:10dfbc00e8ffbd271400bfaf1000b0af00a0023cbb
:10dfcc00a02442241800508c47f6400fffff102667
:10dfdc00231002021400bf8f1000b08f0800e00362
:04dfec001800bd2735
:020000040000fa
:020000041d03da
:10dff000e8ffbd271400bfaf0000828c0000428cf8
:10e00000009d053cf41fa52409f840000400848c01
:10e010006aee400f000000001400bf8f0800e0030c
:04e020001800bd2700
:020000040000fa
:020000041d03da
:10e02400e8ffbd271400bfaf00a0023cb427428c18
:10e03400e8030624253800001900440012200000db
:10e04400314f400f102800001400bf8f0800e00378
:04e054001800bd27cc
:020000040000fa
:020000041d03da
:10e058007882828f0000428c04004014ffff022463
:10e068004c8282af0800e003000000007882828fb3
:10e078000c00428c0000428c4c8282af0800e00306
:04e088000000000094
:020000040000fa
:020000041d03da
:10e08c00e8ffbd271400bfaf1000b0af78f0400f11
:10e09c00258080003800108e8de5400f00000000b8
:10e0ac000100022e1400bf8f1000b08f0800e00397
:04e0bc001800bd2764
:020000040000fa
:020000041d03da
:10e0c000e8ffbd271000b0af1400bfafefc4400f92
:10e0d0002580a00000004390ff0010321400bf8f85
:10e0e000261870000b1003001000b08f0800e0032a
:04e0f0001800bd2730
:020000040000fa
:020000041d03da
:10e0f4000900801053ff0224e8ffbd271400bfafbe
:10e10400b1f9400f00000000251000001400bf8f7b
:10e114000800e0031800bd270800e0030000000029
:020000040000fa
:020000041d03da
:10e124000000a0ac0400828c07004054000045ac01
:10e13400040085ac000085ac0800828c01004224f8
:10e144000800e003080082acfbff0010040085ac6b
:020000040000fa
:020000041d03da
:10e1540009008010f5ff02240800838c00a0023c13
:10e1640058294224030062503c0085ac0800e003b7
:10e17400f5ff0224251000000800e0030000000061
:020000040000fa
:020000041d03da
:10e18400e8ffbd271400bfafd0bb400f0000000064
:10e194002518400003006004f7ff022402006338de
:10e1a4000100622c1400bf8f0800e0031800bd2793
:020000040000fa
:020000041d03da
:10e1b4000000a0ac0400828c07004054000045ac71
:10e1c400040085ac000085ac0800828c0100422468
:10e1d4000800e003080082acfbff0010040085acdb
:020000040000fa
:020000041d03da
:10e1e400d8ffbd272400bfaf010002241800a2af4e
:10e1f4003800a28f1400a2af1000a7af8e8c400f7e
:10e20400253800002400bf8f0800e0032800bd2744
:020000040000fa
:020000041d03da
:10e21400d8ffbd272400bfaf020002241800a2af1c
:10e224003c00a28f1400a2af3800a28f8e8c400f46
:10e234001000a2af2400bf8f0800e0032800bd2710
:020000040000fa
:020000041d03da
:10e24400d8ffbd272400bfaf030002241800a2afeb
:10e254003800a28f1400a2af1000a7af8e8c400f1d
:10e26400253800002400bf8f0800e0032800bd27e4
:020000040000fa
:020000041d03da
:10e27400d8ffbd272400bfaf040002241800a2afba
:10e284003800a28f1400a2af1000a7af8e8c400fed
:10e29400253800002400bf8f0800e0032800bd27b4
:020000040000fa
:020000041d03da
:10e2a400d8ffbd272400bfaf050002241800a2af89
:10e2b4003c00a28f1400a2af3800a28f8e8c400fb6
:10e2c4001000a2af2400bf8f0800e0032800bd2780
:020000040000fa
:020000041d03da
:10e2d4000000a0ac0400828c07004054000045ac50
:10e2e400040085ac000085ac0800828c0100422447
:10e2f4000800e003080082acfbff0010040085acba
:020000040000fa
:020000041d03da
:10e30400e8ffbd271400bfafdee9400f2528000059
:10e3140025184000030060102510000002006294dc
:10e32400010042301400bf8f0800e0031800bd272d
:020000040000fa
:020000041d03da
:10e33400e8ffbd271400bfafdee9400f2528000029
:10e3440025184000030060102510000002006294ac
:10e354004000427c1400bf8f0800e0031800bd2772
:020000040000fa
:020000041d03da
:10e3640009008010251000004200839440006330af
:10e3740005006010000000000800828c27100200d5
:10e384000400838c251043000800e0030000000013
:020000040000fa
:020000041d03da
:10e39400420082940410027c420082a40100a23054
:10e3a4000500401000000000420083940100052491
:10e3b4000400a37c420083a40800e00300000000e2
:020000040000fa
:020000041d03da
:10e3c40009008010251080004200839440006330cf
:10e3d4000500605025100000820083900100633026
:10e3e4000800e0030a1003000800e0030000000036
:020000040000fa
:020000041d03da
:10e3f4000900801000000000e8ffbd271400bfaf33
:10e4040010000624d4fb400f252800001400bf8f01
:10e414000800e0031800bd270800e0030000000026
:020000040000fa
:020000041d03da
:10e424000000a294010042300700401000000000e8
:10e434000000a2940400027c0000a2a42400828ca8
:10e44400ffff4224240082ac0800e0030000000027
:020000040000fa
:020000041d03da
:10e45400e8ffbd27040080101400bfaf420082947f
:10e46400400042300a20020025300000cb93400fc8
:10e47400252800001400bf8f0800e0031800bd2702
:020000040000fa
:020000041d03da
:10e48400e8ffbd27040080101400bfaf420082944f
:10e49400400042300a20020025300000cb93400f98
:10e4a400010005241400bf8f0800e0031800bd27f5
:020000040000fa
:020000041d03da
:10e4b400e8ffbd271400bfaf040080102530a00082
:10e4c40042008294400042300a200200cb93400f65
:10e4d400020005241400bf8f0800e0031800bd27c4
:020000040000fa
:020000041d03da
:10e4e400090080102510000042008294400043304f
:10e4f40003006054010042300800e00325100000ce
:10e50400e080838f0a1003000800e003000000008d
:020000040000fa
:020000041d03da
:10e51400e8ffbd271400bfaf83fa400f00000000de
:10e524002518400003006010251000003e0062948e
:10e534008002427c1400bf8f0800e0031800bd274e
:020000040000fa
:020000041d03da
:10e54400e8ffbd271400bfaf83fa400f00000000ae
:10e55400252040000300801025100000a5f4400f82
:10e56400000000001400bf8f0800e0031800bd275e
:020000040000fa
:020000041d03da
:10e57400e8ffbd271400bfaf2026047cffff022460
:10e58400040082101c00a5a3010006243f99400f3b
:10e594001c00a5271400bf8f0800e0031800bd2746
:020000040000fa
:020000041d03da
:10e5a400e8ffbd271400bfaf1000b0af2580800086
:10e5b400d3fe400f0000848c000000ae0100022452
:10e5c4001400bf8f1000b08f0800e0031800bd27af
:020000040000fa
:020000041d03da
:10e5d400e8ffbd271400bfafffffa338ffff0224ed
:10e5e4000a284300b06e400f0000848c01004238ba
:10e5f4000100422c1400bf8f0800e0031800bd275f
:020000040000fa
:020000041d03da
:10e60400e8ffbd271400bfaf253800002530000007
:10e61400252800004c76400f0000848c010042380d
:10e624000100422c1400bf8f0800e0031800bd272e
:020000040000fa
:020000041d03da
:10e63400e8ffbd271400bfafffffa338ffff02248c
:10e644000a284300b06e400f0000848c0100423859
:10e654000100422c1400bf8f0800e0031800bd27fe
:020000040000fa
:020000041d03da
:10e66400e8ffbd271400bfaf2538000025300000a7
:10e67400252800004c76400f0000848c01004238ad
:10e684000100422c1400bf8f0800e0031800bd27ce
:020000040000fa
:020000041d03da
:10e6940000000000030000006ca4039d5070039d63
:10e6a4002c9e039dd09d039dc870039d189d039dc2
:10e6b400749d039dd802049dc0fc039dd002049d5b
:020000040000fa
:020000041d03da
:10e6c4000900801053ff0224e8ffbd271400bfafe8
:10e6d400feff06245de9400f252800001400bf8fcb
:10e6e4000800e0031800bd270800e0030000000054
:020000040000fa
:020000041d03da
:10e6f4000800801053ff0224e8ffbd271400bfafb9
:10e70400dbfa400f000000001400bf8f0800e00394
:0ce714001800bd270800e0030000000012
:020000040000fa
:020000041d03da
:10e720000319050007006010ffff0224f007022410
:10e73000140082ac2510a0000418027cf007a5305c
:0ce74000180085ac0800e0030000000099
:020000040000fa
:020000041d03da
:10e74c00e8ffbd271400bfaf2510c0005400c38cd8
:10e75c002530a0002528800009f860005000448c6a
:0ce76c001400bf8f0800e0031800bd2758
:020000040000fa
:020000041d03da
:10e7780008008010f5ff02240800838c00a0023cea
:10e7880058294224030062501e0082840800e003d6
:0ce79800f5ff02240800e0030000000070
:020000040000fa
:020000041d03da
:10e7a40008008010ffff02240800838c00a0023cb4
:10e7b4005829422403006250020082840800e003c6
:0ce7c400ffff02240800e003000000003a
:020000040000fa
:020000041d03da
:10e7d000e8ffbd271400bfaf1000b0af0d00410f20
:10e7e000258080008800410f252000021400bf8f83
:0ce7f0001000b08f0800e0031800bd27e7
:020000040000fa
:020000041d03da
:10e7fc00e8ffbd271400bfafc5d3400f252800008c
:10e80c002518400002006010ffff02240c00628cef
:0ce81c001400bf8f0800e0031800bd27a7
:020000040000fa
:020000041d03da
:10e828000800801000000000e8ffbd271400bfaffb
:10e83800e1f1400f000000001400bf8f0800e00362
:0ce848001800bd270800e00300000000dd
:020000040000fa
:020000041d03da
:10e8540008008010251000004200839440006330bb
:10e8640004006010000000000000a28c0c0082acc8
:0ce87400010002240800e0030000000086
:020000040000fa
:020000041d03da
:10e8800006008010000000004200829440004230e8
:10e89000040040540000a28c252000000800e00382
:0ce8a0002b100400fdff0010100082ace3
:020000040000fa
:020000041d03da
:10e8ac000800801025100000420083944000633063
:10e8bc0004006010000000000000a28c140082ac68
:0ce8cc00010002240800e003000000002e
:020000040000fa
:020000041d03da
:10e8d800e8ffbd27040080101400bfaf42008294f7
:10e8e800400042300a200200d8fc400f000000001f
:0ce8f8001400bf8f0800e0031800bd27cb
:020000040000fa
:020000041d03da
:10e904004800839400016330060060102510000065
:10e914000400a0504c0082244a0082940000a2ac5f
:0ce924004c0082240800e003000000000a
:020000040000fa
:020000041d03da
:10e93000e8ffbd271400bfaf1000b0af53eb400f8e
:10e940002580800043e3400f252000021400bf8f84
:0ce950001000b08f0800e0031800bd2785
:020000040000fa
:020000041d03da
:10e95c0008008010251000001000838c050060104a
:10e96c00000000000c0064940000638cfdff601438
:0ce97c00211044000800e003ffff4230bf
:020000040000fa
:020000041d03da
:10e988009002049de8ed039d5ca2039d4463039df2
:10e998005c75039d74d8039d40b4029d40b4029dec
:0ce9a80040b4029d40b4029db400049de8
:020000040000fa
:020000041d03da
:10e9b40008008004251000002481838f2a18830016
:10e9c40004006010802004002881828f21104400fc
:0ce9d4000000428c0800e003000000007e
:020000040000fa
:020000041d03da
:10e9e000e8ffbd271400bfaf3481848f050080107d
:10e9f0001400bf8ffdf8400f00000000348180af8d
:0cea00001400bf8f0800e0031800bd27c1
:020000040000fa
:020000041d03da
:10ea0c0008008004251000004c81838f2b18830094
:10ea1c0004006010802004005c81828f211044006f
:0cea2c000000428c0800e0030000000025
:020000040000fa
:020000041d03da
:10ea3800e8ffbd271400bfaf1000b0af2580a000cd
:10ea48003cfc400f01000524070050a01400bf8fb4
:0cea58001000b08f0800e0031800bd277c
:020000040000fa
:020000041d03da
:10ea6400e8ffbd271400bfafb081848f050080107c
:10ea74001400bf8ffdf8400f00000000b08180af8c
:0cea84001400bf8f0800e0031800bd273d
:020000040000fa
:020000041d03da
:10ea9000f8ffbd270400bfaf006802400008033c38
:10eaa0002510430000688240c0000000ec8180af68
:0ceab0000400bf8f0800e0030800bd2731
:020000040000fa
:020000041d03da
:10eabc000800a01000000000e8ffbd271400bfaf45
:10eacc0098fb400f000000001400bf8f0800e0030b
:0ceadc001800bd270800e0030000000047
:020000040000fa
:020000041d03da
:10eae800e8ffbd271400bfaf248286af01000724ca
:10eaf80025308000049d043c8bca400f60f58424b7
:0ceb08001400bf8f0800e0031800bd27b8
:020000040000fa
:020000041d03da
:10eb1400e8ffbd271400bfaf1000b0af00a0103c49
:10eb2400502c10261c17400f0800048eb0ea400f2a
:0ceb340001000424fbff001000000000a2
:020000040000fa
:020000041d03da
:10eb4000e8ffbd271400bfaf1000b0af00a0103c1d
:10eb5000502c1026e29c400f1400048eb0ea400fa7
:0ceb600001000424fbff00100000000076
:020000040000fa
:020000041d03da
:10eb6c00e0ffbd271c00bfaffeff02241000a2afc8
:10eb7c0025380000253000008865400f252800004e
:0ceb8c001c00bf8f0800e0032000bd2724
:020000040000fa
:020000041d03da
:10eb9800e8ffbd271400bfaf7c82828f0000438c42
:10eba8000000638c2528800009f860000400448c6c
:0cebb8001400bf8f0800e0031800bd2708
:020000040000fa
:020000041d03da
:10ebc4000800c01025108000213086002518800020
:10ebd4000000a790010063240100a524fcffc314d6
:0cebe400ffff67a00800e0030000000035
:020000040000fa
:020000041d03da
:10ebf0000000828007004010000000002510800007
:10ec000001004380feff6014010042240800e0037d
:0cec1000231044000800e0032510000061
:020000040000fa
:020000041d03da
:10ec1c00000082800000a38003004314ff006330d7
:10ec2c000400405401008424ff0042300800e0033b
:0cec3c0023104300f6ff00100100a52487
:020000040000fa
:020000041d03da
:10ec4800ff00a5302130860004008654ffffc390e2
:10ec5800251000000800e00300000000fdff65101b
:0cec6800ffffc224f8ff00102530400020
:020000040000fa
:020000041d03da
:10ec7400e0ffbd270080023c251800001000a2af71
:10ec84001400a3af1c00bfaf30c9400f0000000048
:0cec94001c00bf8f0800e0032000bd271b
:020000040000fa
:020000041d03da
:10eca0004000838c3c00868c500085ac23106600ad
:10ecb0000400a010540082ac2a10a20001004054ad
:0cecc0002118c5000800e0034c0083ace4
:020000040000fa
:020000041d03da
:10eccc0000a0043c342c822401000324080043ac33
:10ecdc0000a0033cd02c6324342c83ac0100033cf7
:0cecec00d07e63240800e003040043ac69
:020000040000fa
:020000041d03da
:10ecf8000000828c0000a2ac000085ac0400828c6d
:10ed080001004050040085ac0800828c01004224b8
:08ed18000800e003080082acd2
:020000040000fa
:020000041d03da
:10ed20000000c28c0000a2ac0400a6ac0000c28ca3
:10ed3000040045ac0000c5ac0800828c01004224f0
:08ed40000800e003080082acaa
:020000040000fa
:020000041d03da
:10ed4800e8ffbd271400bfaf4880828f0400401041
:10ed58001400bf8f09f84000000000001400bf8fa6
:08ed68000800e0031800bd27bc
:020000040000fa
:020000041d03da
:10ed7000070080102510000042008394400063309b
:10ed80000300601000000000b88084af010002247e
:08ed90000800e0030000000090
:020000040000fa
:020000041d03da
:10ed98000700801025100000420083944000633073
:10eda80003006010000000008000828c0004427c98
:08edb8000800e0030000000068
:020000040000fa
:020000041d03da
:10edc00007008010251080004200839440006330cb
:10edd00003006050251000000800e0033c0082247e
:08ede0000800e0030000000040
:020000040000fa
:020000041d03da
:10ede8001000838c0300632c05006014ffff0224cd
:10edf8001400828c01000324000043a003000224b5
:08ee08000800e0030000000017
:020000040000fa
:020000041d03da
:10ee10000c00838c2b18a300050060102510000047
:10ee20000800828c0000838c0220a27021108300d5
:08ee30000800e00300000000ef
:020000040000fa
:020000041d03da
:10ee380007008010251000004200839440006330d2
:10ee480003006010000000007e008294ecff422462
:08ee58000800e00300000000c7
:020000040000fa
:020000041d03da
:10ee6000421904000019030088bf023c60104224cc
:10ee7000211043000100032404188300080043ac60
:08ee80000800e003000000009f
:020000040000fa
:020000041d03da
:10ee8800421904000019030088bf023c60104224a4
:10ee9800211043000100032404188300040043ac3c
:08eea8000800e0030000000077
:020000040000fa
:020000041d03da
:10eeb000421904000019030088bf023c30104224ac
:10eec000211043000100032404188300040043ac14
:08eed0000800e003000000004f
:020000040000fa
:020000041d03da
:10eed8000700801000000000f8ffbd270400bfaf46
:10eee800206062410400bf8f0800e0030800bd27ce
:08eef8000800e0030000000027
:020000040000fa
:020000041d03da
:10ef0000e0ffbd271c00bfaf010006241000a527ad
:10ef100047ea400ffe8184971000a2831c00bf8f38
:08ef20000800e0032000bd27fa
:020000040000fa
:020000041d03da
:10ef2800e8ffbd271400bfaf25300000049d053c55
:10ef3800f802a52491e2400f252000001400bf8f9d
:08ef48000800e0031800bd27da
:020000040000fa
:020000041d03da
:10ef50000700c01025108000202c057c2130860081
:10ef60002518800001006324feffc314ffff65a085
:08ef70000800e00300000000ae
:020000040000fa
:020000041d03da
:10ef7800e8ffbd271000b0af1400bfaf88fd400ff9
:10ef8800258080001400bf8f251000021000b08f6c
:08ef98000800e0031800bd278a
:020000040000fa
:020000041d03da
:10efa000e8ffbd271000b0af1400bfaf24e4400f4e
:10efb000258080001400bf8f251000021000b08f44
:08efc0000800e0031800bd2762
:020000040000fa
:020000041d03da
:10efc80000a0033cbc2c668c0500c0142510000072
:10efd800bc2c64ac100080ac000085ac010002249d
:08efe8000800e0030000000036
:020000040000fa
:020000041d03da
:10eff000e0ffbd272800a6af2800a6271c00bfaf52
:10f000002c00a7af8cff400f1000a6af1c00bf8fd5
:08f010000800e0032000bd2709
:020000040000fa
:020000041d03da
:10f0180088bf023c01000324e46043ac02000324df
:10f02800e46043ac04000324e46043ac0800e0035c
:04f0380000000000d4
:020000040000fa
:020000041d03da
:10f03c0000a0023c582942240400441400a0033cc4
:10f04c00040040a4582960a0140040ac0800e00360
:04f05c0000000000b0
:020000040000fa
:020000041d03da
:10f060000400a38c0000a28c000062ac0400a38cfe
:10f07000040043ac0800828cffff42240800e00338
:04f08000080082ac56
:020000040000fa
:020000041d03da
:10f08400285d039dc490029d48b7039d6ce4019dd7
:10f0940060fc039de874039dc0f3039d78fc039d0d
:04f0a40090fc039d3c
:020000040000fa
:020000041d03da
:10f0a8000400a38c05006010ffff02240000a28c5e
:10f0b800ffff0324000043a0010002240800e0032e
:04f0c8000000000044
:020000040000fa
:020000041d03da
:10f0cc00e8ffbd271400bfaf2510a0002528c00005
:10f0dc0007fb400f2000448c1400bf8f0800e00396
:04f0ec001800bd2724
:020000040000fa
:020000041d03da
:10f0f000e8ffbd271400bfafbcb9400f00000000ff
:10f10000010040540000428c1400bf8f0800e0034f
:04f110001800bd27ff
:020000040000fa
:020000041d03da
:10f114000300a2880000a298110082a80e0082b801
:10f124000400a290120082a00500a2900800e0034f
:04f13400130082a0a2
:020000040000fa
:020000041d03da
:10f13800421104000011020088bf033c60106324e0
:10f14800211862000000628c061082000800e003ab
:04f158000100423040
:020000040000fa
:020000041d03da
:10f15c00e8ffbd271400bfafffff05348df9400f4a
:10f16c00080084242b1002001400bf8f0800e00359
:04f17c001800bd2793
:020000040000fa
:020000041d03da
:10f180000400a28c148282af188282270800a39404
:10f19000040043a402000324000043ac0800e00381
:04f1a0002510000036
:020000040000fa
:020000041d03da
:10f1a400f8ffbd270400bfaf00600240847a027cf0
:10f1b400000c423400608240c0000000ffff0010d9
:04f1c4000000000047
:020000040000fa
:020000041d03da
:10f1c800f8ffbd270400bfaf00600240847a027ccc
:10f1d800000c423400608240c0000000ffff0010b5
:04f1e8000000000023
:020000040000fa
:020000041d03da
:10f1ec00f8ffbd270400bfaf00600240847a027ca8
:10f1fc00000c423400608240c0000000ffff001091
:04f20c0000000000fe
:020000040000fa
:020000041d03da
:10f21000200083349fff63241a00632c03006014d2
:10f2200001000224d0ff84240a00822c0800e0039d
:04f2300000000000da
:020000040000fa
:020000041d03da
:10f23400d0ff83240a00632c04006014010002241c
:10f24400200084349fff84240600822c0800e003fd
:04f2540000000000b6
:020000040000fa
:020000041d03da
:10f2580000a0043cc02c828c954c033c2d7f632479
:10f268000210437001004224c02c82ac0800e00365
:04f27800421402003a
:020000040000fa
:020000041d03da
:10f27c00e0ffbd272c00a7af2c00a7271c00bfafb9
:10f28c001fc5400f1000a7af1c00bf8f0800e00384
:04f29c002000bd276a
:020000040000fa
:020000041d03da
:10f2a00000a0023c582942240300445000a0023c24
:10f2b0000800e003ffff02240800e0035c29428409
:020000040000fa
:020000041d03da
:10f2c000e0ffbd271c00bfaf010002244fc2400f6a
:10f2d0001000a2af1c00bf8f0800e0032000bd2774
:020000040000fa
:020000041d03da
:10f2e000e8ffbd271400bfaf4655400f00000000e7
:10f2f0002b1002001400bf8f0800e0031800bd2788
:020000040000fa
:020000041d03da
:10f300000500801025100000420083944000633007
:10f31000010060540c00828c0800e0030000000033
:020000040000fa
:020000041d03da
:10f3200005008010251000004200839440006330e7
:10f33000010060541000828c0800e003000000000f
:020000040000fa
:020000041d03da
:10f3400005008010251000004200839440006330c7
:10f35000010060541400828c0800e00300000000eb
:020000040000fa
:020000041d03da
:10f3600005008010251000004200839440006330a7
:10f37000010060540400828c0800e00300000000db
:020000040000fa
:020000041d03da
:10f380000500801025100000420083944000633087
:10f39000010060540800828c0800e00300000000b7
:020000040000fa
:020000041d03da
:10f3a00000a0023c8c23438c030064142510000051
:10f3b00000a0023c8823428c0800e003000000000b
:020000040000fa
:020000041d03da
:10f3c00005008010251000002c00828c3000838cfa
:10f3d00023104300c01002000800e00300000000fa
:020000040000fa
:020000041d03da
:10f3e000e8ffbd271400bfaf0000828c09f8400081
:10f3f000000000001400bf8f0800e0031800bd27c4
:020000040000fa
:020000041d03da
:10f40000e8ffbd271400bfaf0400828c09f840005c
:10f41000000000001400bf8f0800e0031800bd27a3
:020000040000fa
:020000041d03da
:10f42000e8ffbd271400bfaf0800828c09f8400038
:10f43000000000001400bf8f0800e0031800bd2783
:020000040000fa
:020000041d03da
:10f44000e8ffbd271400bfaf0c00828c09f8400014
:10f45000000000001400bf8f0800e0031800bd2763
:020000040000fa
:020000041d03da
:10f46000e0ffbd271c00bfaf01000224767e400fe5
:10f470001000a2af1c00bf8f0800e0032000bd27d2
:020000040000fa
:020000041d03da
:10f48000e0ffbd271c00bfaf02000224767e400fc4
:10f490001000a2af1c00bf8f0800e0032000bd27b2
:020000040000fa
:020000041d03da
:10f4a000e8ffbd271400bfaf2530a000abcc400f54
:10f4b000010005241400bf8f0800e0031800bd27d9
:020000040000fa
:020000041d03da
:10f4c000e8ffbd271400bfaff3eb400f00000000c2
:10f4d000ff0042301400bf8f0800e0031800bd2772
:020000040000fa
:020000041d03da
:10f4e000e8ffbd271400bfaff3eb400f0100062477
:10f4f000ff0042301400bf8f0800e0031800bd2752
:020000040000fa
:020000041d03da
:10f50000080082900400401000000000b881828f43
:10f51000ffff4224b88182af0800e0030000000032
:020000040000fa
:020000041d03da
:10f52000e8ffbd271400bfaf25288000f356400f29
:10f53000010006241400bf8f0800e0031800bd2757
:020000040000fa
:020000041d03da
:10f54000f8ffbd270400bfaf00606241c0000000ab
:10f55000010042300400bf8f0800e0030800bd270f
:020000040000fa
:020000041d03da
:10f56000e8ffbd271400bfaf2482828f09f8400056
:10f57000252800001400bf8f0800e0031800bd27f5
:020000040000fa
:020000041d03da
:10f58000e8ffbd271400bfaffa25400f00000000c0
:10f59000b0ea400f0a000424fbff00100000000046
:020000040000fa
:020000041d03da
:10f5a00008008224040082acffff0324080083ac1f
:10f5b0000c0082ac100082ac0800e003000080acbc
:020000040000fa
:020000041d03da
:10f5c0004082828f04004010000000004c00438cf9
:10f5d000010063244c0043ac0800e003000000007d
:020000040000fa
:020000041d03da
:10f5e000e8ffbd271400bfafcc9e400f25200000d0
:10f5f000b3b6400f00000000fdff00100000000047
:020000040000fa
:020000041d03da
:10f60000e8ffbd271400bfaf00a0023cb5d5400ff6
:10f61000902c40ac1400bf8f0800e0031800bd27f9
:020000040000fa
:020000041d03da
:10f620000000a380251080000100a524010084248f
:10f63000fbff6014ffff83a00800e0030000000050
:020000040000fa
:020000041d03da
:10f6400000008c90ffffc624010084240000aca0c1
:10f65000fbffc0140100a5240800e0032510800072
:020000040000fa
:020000041d03da
:10f66000007f0224340282ac002a0500007fa5300e
:0cf67000380285ac0800e0030000000038
:020000040000fa
:020000041d03da
:10f67c0001000224980282ac00000000000000008f
:0cf68c00000000000800e0030000000087
:020000040000fa
:020000041d03da
:10f6980000a0033c700263240200641425100000db
:0cf6a8009000628c0800e00300000000ed
:020000040000fa
:020000041d03da
:10f6b400e8ffbd271400bfaf8400410f0000000025
:0cf6c4001400bf8f0800e0031800bd27f1
:020000040000fa
:020000041d03da
:10f6d000e8ffbd271400bfaf8200410f000000000b
:0cf6e0001400bf8f0800e0031800bd27d5
:020000040000fa
:020000041d03da
:10f6ec00e8ffbd271400bfaf8000410f00000000f1
:0cf6fc001400bf8f0800e0031800bd27b9
:020000040000fa
:020000041d03da
:10f70800e8ffbd271400bfaf7e00410f00000000d6
:0cf718001400bf8f0800e0031800bd279c
:020000040000fa
:020000041d03da
:10f72400e8ffbd271400bfaf7c00410f00000000bc
:0cf734001400bf8f0800e0031800bd2780
:020000040000fa
:020000041d03da
:10f74000e8ffbd271400bfaf6e00410f00000000ae
:0cf750001400bf8f0800e0031800bd2764
:020000040000fa
:020000041d03da
:10f75c00e8ffbd271400bfaf7a00410f0000000086
:0cf76c001400bf8f0800e0031800bd2748
:020000040000fa
:020000041d03da
:10f77800e8ffbd271400bfaf7800410f000000006c
:0cf788001400bf8f0800e0031800bd272c
:020000040000fa
:020000041d03da
:10f79400e8ffbd271400bfaf409b400f25200000a9
:0cf7a4001400bf8f0800e0031800bd2710
:020000040000fa
:020000041d03da
:10f7b000e0ffbd271c00bfaf4fc2400f1000a0af3d
:0cf7c0001c00bf8f0800e0032000bd27e4
:020000040000fa
:020000041d03da
:10f7cc00e8ffbd271400bfaf69ec400f25280000ef
:0cf7dc001400bf8f0800e0031800bd27d8
:020000040000fa
:020000041d03da
:10f7e800e8ffbd271400bfaf5100410f0000000023
:0cf7f8001400bf8f0800e0031800bd27bc
:020000040000fa
:020000041d03da
:10f80400e8ffbd271400bfaf0500410f0000000052
:0cf814001400bf8f0800e0031800bd279f
:020000040000fa
:020000041d03da
:10f8200002190400a000842c02008014300062241d
:0cf83000570062240800e0030000000004
:020000040000fa
:020000041d03da
:10f83c000f0084300a00832c0200601430008224f4
:0cf84c00570082240800e00300000000c8
:020000040000fa
:020000041d03da
:10f8580000a0033c8023632402006414ffff0224f9
:0cf868009880828f0800e0030000000080
:020000040000fa
:020000041d03da
:10f8740004008010251080004400828c0100405454
:0cf884000400428c0800e00300000000bb
:020000040000fa
:020000041d03da
:10f8900004008010000000004200829440004230ca
:0cf8a0000a2002000800e0032b10040006
:020000040000fa
:020000041d03da
:10f8ac0004008010251000004200829407004230b2
:0cf8bc000100422c0800e00300000000e6
:020000040000fa
:020000041d03da
:10f8c8004800839400016330020060102510000096
:0cf8d8005c0082240800e0030000000037
:020000040000fa
:020000041d03da
:10f8e400e8ffbd271400bfaf70fb400f000000000d
:0cf8f4001400bf8f0800e0031800bd27bf
:020000040000fa
:020000041d03da
:10f90000e8ffbd271400bfaf60ed400f000000000e
:0cf910001400bf8f0800e0031800bd27a2
:020000040000fa
:020000041d03da
:10f91c00e8ffbd271400bfafd47b400f01000724c4
:0cf92c001400bf8f0800e0031800bd2786
:020000040000fa
:020000041d03da
:10f93800e8ffbd271400bfafe1ca400f020007244b
:0cf948001400bf8f0800e0031800bd276a
:020000040000fa
:020000041d03da
:10f95400e8ffbd271400bfaf4377400f000000004d
:0cf964001400bf8f0800e0031800bd274e
:020000040000fa
:020000041d03da
:10f97000e8ffbd271400bfaf0086400f010006243a
:0cf980001400bf8f0800e0031800bd2732
:020000040000fa
:020000041d03da
:10f98c00e8ffbd271400bfaf4f82400f25300000a9
:0cf99c001400bf8f0800e0031800bd2716
:020000040000fa
:020000041d03da
:10f9a800e8ffbd271400bfaf29d7400f00000000b3
:0cf9b8001400bf8f0800e0031800bd27fa
:020000040000fa
:020000041d03da
:10f9c40028000224620082a40d0082900200032415
:0cf9d4008439627c0800e0030d0082a072
:020000040000fa
:020000041d03da
:10f9e0002800a524ffffa5300e00a5241400828c5a
:0cf9f000211045000800e003180082ac64
:020000040000fa
:020000041d03da
:10f9fc00e8ffbd271400bfaf3cfc400f09000524f5
:0cfa0c001400bf8f0800e0031800bd27a5
:020000040000fa
:020000041d03da
:10fa1800e8ffbd271400bfaf66f0400f00000000ec
:0cfa28001400bf8f0800e0031800bd2789
:020000040000fa
:020000041d03da
:10fa340081bf033c00f0628c4001427cfdff40101a
:0cfa4400000000000800e00300000000cb
:020000040000fa
:020000041d03da
:10fa5000f8ffbd270400bfaf00588440c00000007d
:0cfa60000400bf8f0800e0030800bd2771
:020000040000fa
:020000041d03da
:10fa6c00e8ffbd271400bfaf47f6400f00000000b1
:0cfa7c001400bf8f0800e0031800bd2735
:020000040000fa
:020000041d03da
:10fa8800e8ffbd271400bfaf5cea400ffe818497f2
:0cfa98001400bf8f0800e0031800bd2719
:020000040000fa
:020000041d03da
:10faa400e8ffbd271400bfaf50fd400f0000000069
:0cfab4001400bf8f0800e0031800bd27fd
:020000040000fa
:020000041d03da
:10fac000e8ffbd271400bfafb6fb400f00000000e9
:0cfad0001400bf8f0800e0031800bd27e1
:020000040000fa
:020000041d03da
:10fadc00e8ffbd271400bfaf50dc400f0000000052
:0cfaec001400bf8f0800e0031800bd27c5
:020000040000fa
:020000041d03da
:10faf800e8ffbd271400bfaf0cf0400f0000000066
:0cfb08001400bf8f0800e0031800bd27a8
:020000040000fa
:020000041d03da
:10fb1400e8ffbd271400bfafe6d1400f000000008e
:0cfb24001400bf8f0800e0031800bd278c
:020000040000fa
:020000041d03da
:10fb3000e8ffbd271400bfafe5fd400f0000000047
:0cfb40001400bf8f0800e0031800bd2770
:020000040000fa
:020000041d03da
:10fb4c00e8ffbd271400bfaf36f2400f00000000e5
:0cfb5c001400bf8f0800e0031800bd2754
:020000040000fa
:020000041d03da
:10fb6800bfff83241a00632c020060102510800058
:0cfb7800200082340800e00300000000c0
:020000040000fa
:020000041d03da
:10fb84009fff83241a00632c02006010251080005c
:0cfb94005f0082300800e0030000000069
:020000040000fa
:020000041d03da
:10fba0000000200201000003000000000b00000024
:08fbb00001000000000000004c
:020000040000fa
:020000041d03da
:10fbb8007f000224240282ac7f00a530280285ac95
:08fbc8000800e003000000004a
:020000040000fa
:020000041d03da
:10fbd0007f000224340282ac7f00a530380285ac5d
:08fbe0000800e0030000000032
:020000040000fa
:020000041d03da
:10fbe8006477029d586a029d5c01049d0000000034
:08fbf800000000000000000005
:020000040000fa
:020000041d03da
:10fc000003008010000000000000a28c0c0082acf9
:08fc10000800e0030000000001
:020000040000fa
:020000041d03da
:10fc180003008010000000000000a28c100082acdd
:08fc28000800e00300000000e9
:020000040000fa
:020000041d03da
:10fc300003008010000000000000a28c140082acc1
:08fc40000800e00300000000d1
:020000040000fa
:020000041d03da
:10fc48000300c3880000c3980800a28c2610430054
:08fc58000800e0032b1002007c
:020000040000fa
:020000041d03da
:10fc600003008010251000002c00828cc0100200c0
:08fc70000800e00300000000a1
:020000040000fa
:020000041d03da
:10fc780003008010251000003400828cc0100200a0
:08fc88000800e0030000000089
:020000040000fa
:020000041d03da
:10fc900003008010f7ff02243800828c380080ac0b
:08fca0000800e0030000000071
:020000040000fa
:020000041d03da
:10fca800f8ffbd270400bfaf004802400400bf8f23
:08fcb8000800e0030800bd276d
:020000040000fa
:020000041d03da
:10fcc000030080140300022400a0023ca82c428cf4
:08fcd0000800e0030000000041
:020000040000fa
:020000041d03da
:10fcd800f8ffbd270400bfaf006802400070024073
:08fce800ffff00100000000006
:020000040000fa
:020000041d03da
:10fcf000f8ffbd270400bfaf00680240007002405b
:08fd0000ffff001000000000ed
:020000040000fa
:020000041d03da
:10fd0800e8ffbd271400bfaf6034400f00000000bb
:08fd1800fdff001000000000d7
:020000040000fa
:020000041d03da
:10fd200000601a40bfff1b3cffff7b3724d05b0302
:10fd300000609a4018000042ffffc6240000a0a007
:10fd4000fdffc0140100a5240800e0032510800079
:020000040000fa
:020000041d03da
:10fd500068076c094c836a9074a07ac00080688838
:06fd600000846c820081aa
:020000040000fa
:020000041d03da
:10fd6800822805002000828c84f8a27c0800e00329
:04fd7800200082ac39
:020000040000fa
:020000041d03da
:10fd7c00822805003000828c84f8a27c0800e00305
:04fd8c00300082ac15
:020000040000fa
:020000041d03da
:10fd900002008010ffff0224780082940800e00334
:04fda000000000005f
:020000040000fa
:020000041d03da
:10fda40002008010251080002c0082240800e0034b
:04fdb400000000004b
:020000040000fa
:020000041d03da
:10fdb80002008010ffff0224780082940800e0030c
:04fdc8000000000037
:020000040000fa
:020000041d03da
:10fdcc0010b9039d5cb9039d74e5039decde039da6
:04fddc0048fb029d41
:020000040000fa
:020000041d03da
:10fde000ec818227000044ac040045ac0800e0032d
:04fdf000000000000f
:020000040000fa
:020000041d03da
:10fdf4004482828f01004224448282af0800e003df
:04fe040000000000fa
:020000040000fa
:020000041d03da
:10fe08005482828f000082ac6882828f0800e003ef
:04fe1800040082acb4
:020000040000fa
:020000041d03da
:10fe1c0038fd039d40f6039da86a039da86a039dc7
:04fe2c00a86a039d20
:020000040000fa
:020000041d03da
:10fe30002538c0002530a000ff7f053c1fc5400bc2
:04fe4000ffffa534e7
:020000040000fa
:020000041d03da
:10fe440001000224080082ac0800e0030000000066
:020000040000fa
:020000041d03da
:10fe540000800234080282ac0800e00300000000c5
:020000040000fa
:020000041d03da
:10fe640000800234040282ac0800e00300000000b9
:020000040000fa
:020000041d03da
:10fe740000800234040082ac0800e00300000000ab
:020000040000fa
:020000041d03da
:10fe840000800234080082ac0800e0030000000097
:020000040000fa
:020000041d03da
:10fe940000020224040082ac0800e0030000000019
:020000040000fa
:020000041d03da
:10fea40000020224080082ac0800e0030000000005
:020000040000fa
:020000041d03da
:10feb40000010224040082ac0800e00300000000fa
:020000040000fa
:020000041d03da
:10fec40000010224080082ac0800e00300000000e6
:020000040000fa
:020000041d03da
:10fed40040028294046aa27c0800e003400282a4e7
:020000040000fa
:020000041d03da
:10fee400400282940418a27c0800e003400282a429
:020000040000fa
:020000041d03da
:10fef40000080224680282ac0800e003000000004d
:020000040000fa
:020000041d03da
:10ff040060028294c45a027c0800e003600282a466
:020000040000fa
:020000041d03da
:10ff1400600282940442a27c0800e003600282a48e
:020000040000fa
:020000041d03da
:10ff2400ffc0a530a40085ac0800e0030000000079
:020000040000fa
:020000041d03da
:10ff3400ffc0a530a80085ac0800e0030000000065
:020000040000fa
:020000041d03da
:10ff4400002c0500080085ac0800e0030000000058
:020000040000fa
:020000041d03da
:10ff540008000224080282ac0800e003000000004c
:020000040000fa
:020000041d03da
:10ff640004000224080282ac0800e0030000000040
:020000040000fa
:020000041d03da
:10ff740080000224080082ac0800e00300000000b6
:020000040000fa
:020000041d03da
:10ff8400480086ac580087ac0800e003000000007d
:020000040000fa
:020000041d03da
:10ff940002000224880282ac0800e0030000000092
:020000040000fa
:020000041d03da
:10ffa40002000224840282ac0800e0030000000086
:020000040000fa
:020000041d03da
:10ffb40001000224880282ac0800e0030000000073
:020000040000fa
:020000041d03da
:10ffc40001000224840282ac0800e0030000000067
:020000040000fa
:020000041d03da
:10ffd400a00282940462a27c0800e003a00282a42e
:020000040000fa
:020000041d03da
:10ffe400a00282940420a27c0800e003a00282a460
:020000040000fa
:020000041d03da
:10fff40004000224d80282ac0800e00300000000e0
:020000040000fa
:020000041d04d9
:1000040002000224980282ac0800e0030000000011
:020000040000fa
:020000041d04d9
:1000140002000224940282ac0800e0030000000005
:020000040000fa
:020000041d04d9
:10002400b00285a4000000000800e0030000000006
:020000040000fa
:020000041d04d9
:1000340001000224940282ac0800e00300000000e6
:020000040000fa
:020000041d04d9
:1000440000800234880282ac0800e0030000000053
:020000040000fa
:020000041d04d9
:1000540000800234840282ac0800e0030000000047
:020000040000fa
:020000041d04d9
:10006400800282948428a27c0800e003800282a497
:020000040000fa
:020000041d04d9
:100074000400060008000a000e0014001c002800fa
:020000040000fa
:020000041d04d9
:10008400040080ac000080ac0800e003080080acf1
:020000040000fa
:020000041d04d9
:10009400040080ac000080ac0800e003080080ace1
:020000040000fa
:020000041d04d9
:1000a4000300c2880000c2980800e0030800a2ac64
:020000040000fa
:020000041d04d9
:1000b4002400828c2b1002000800e0034010020090
:020000040000fa
:020000041d04d9
:1000c40001000224588282af0800e003000000000f
:020000040000fa
:020000041d04d9
:1000d400ffff842400a0023c0800e003c02c44acd1
:020000040000fa
:020000041d04d9
:0c00e400e000828c0800e003c001427cb8
:020000040000fa
:020000041d04d9
:0c00f000e000828c0800e0038001427cec
:020000040000fa
:020000041d04d9
:0c00fc00e000828c0800e0034001427c20
:020000040000fa
:020000041d04d9
:0c010800d40085ac0800e00300000000fb
:020000040000fa
:020000041d04d9
:0c011400c80085ac0800e00300000000fb
:020000040000fa
:020000041d04d9
:0c012000c40085ac0800e00300000000f3
:020000040000fa
:020000041d04d9
:0c012c00d40085ac0800e00300000000d7
:020000040000fa
:020000041d04d9
:0c0138000000828c0800e003c003427c41
:020000040000fa
:020000041d04d9
:0c014400d00282900800e003010042306d
:020000040000fa
:020000041d04d9
:0c015000d00282900800e0038000427c96
:020000040000fa
:020000041d04d9
:0c015c002600023c0800e003a02542241d
:020000040000fa
:020000041d04d9
:0c01680000a0023c0800e0038023429449
:020000040000fa
:020000041d04d9
:0c017400420082940800e00307004230c3
:020000040000fa
:020000041d04d9
:0c0180001800828c0800e003180085ac19
:020000040000fa
:020000041d04d9
:0c018c006202023c0800e003005a42241a
:020000040000fa
:020000041d04d9
:0c01980000a0023c0800e003b427428ce9
:020000040000fa
:020000041d04d9
:0c01a400ac22009d4060039db422009d31
:020000040000fa
:020000041d04d9
:0801b0000800e003500285a4e1
:020000040000fa
:020000041d04d9
:0801b8000800e003e200829060
:020000040000fa
:020000041d04d9
:0801c0000800e0032000828c1e
:020000040000fa
:020000041d04d9
:0801c8000800e0033000828c06
:020000040000fa
:020000041d04d9
:0801d0000800e003b20085a065
:020000040000fa
:020000041d04d9
:0801d8000800e003b00085a05f
:020000040000fa
:020000041d04d9
:0801e0000800e0031001829405
:020000040000fa
:020000041d04d9
:0801e8000800e00340018294cd
:020000040000fa
:020000041d04d9
:0801f0000800e0030001829405
:020000040000fa
:020000041d04d9
:0801f8000800e00350018294ad
:020000040000fa
:020000041d04d9
:080200000800e0036001829494
:020000040000fa
:020000041d04d9
:080208000800e00320018294cc
:020000040000fa
:020000041d04d9
:080210000800e00330018294b4
:020000040000fa
:020000041d04d9
:080218000800e003d000828c15
:020000040000fa
:020000041d04d9
:080220000800e003c002829413
:020000040000fa
:020000041d04d9
:080228000800e00300000000e3
:020000040000fa
:020000041d04d9
:080230000800e00301000224b4
:020000040000fa
:020000041d04d9
:080238000800e00300000000d3
:020000040000fa
:020000041d04d9
:080240000800e00300000000cb
:020000040000fa
:020000041d04d9
:080248000800e00300000000c3
:020000040000fa
:020000041d04d9
:080250000800e00300000000bb
:020000040000fa
:020000041d04d9
:080258000800e003b880828f6a
:020000040000fa
:020000041d04d9
:080260000800e0032b1004006c
:020000040000fa
:020000041d04d9
:080268000800e0039080828f82
:020000040000fa
:020000041d04d9
:080270000800e0038c80828f7e
:020000040000fa
:020000041d04d9
:080278000800e003c08080af24
:020000040000fa
:020000041d04d9
:080280000800e003f8ff02246e
:020000040000fa
:020000041d04d9
:080288000800e0030800022455
:020000040000fa
:020000041d04d9
:080290000800e0032510000046
:020000040000fa
:020000041d04d9
:080298000800e003251000003e
:020000040000fa
:020000041d04d9
:0802a0000800e00325108000b6
:020000040000fa
:020000041d04d9
:0802a8000800e0034c00822471
:020000040000fa
:020000041d04d9
:0802b0000800e0033c00822479
:020000040000fa
:020000041d04d9
:0802b8000800e0031800828c2d
:020000040000fa
:020000041d04d9
:0802c0000800e003180085ac02
:020000040000fa
:020000041d04d9
:0802c8000800e003251000000e
:020000040000fa
:020000041d04d9
:0802d0000800e0030100022414
:020000040000fa
:020000041d04d9
:0802d8000800e0030000000033
:020000040000fa
:020000041d04d9
:0802e0000800e0031c82829774
:020000040000fa
:020000041d04d9
:0802e8000800e0031482828f7c
:020000040000fa
:020000041d04d9
:0802f0000800e003100080acdf
:020000040000fa
:020000041d04d9
:0802f8000800e003f1fe0224fe
:020000040000fa
:020000041d04d9
:080300000800e003feff0224e7
:020000040000fa
:020000041d04d9
:080308000800e0030000000002
:020000040000fa
:020000041d04d9
:080310000800e00300000000fa
:020000040000fa
:020000041d04d9
:080318000800e00300000000f2
:020000040000fa
:020000041d03da
:048aac00801c00a08a
:020000040000fa
:020000041d04d9
:0403200004000000d5
:00000001FF
