:020000040000fa
:020000041fc01b
:042ff000ffffff38a8
:020000040000fa
:020000041fc01b
:042ff400d979f8ff90
:020000040000fa
:020000041fc01b
:042ff800fb0d74ff5a
:020000040000fa
:020000041fc01b
:042ffc00ffffff7f55
:020000040000fa
:020000041fc01b
:100000000200f00f0000000000601a40c0045a7f98
:100010000500401300000000049d1a3c18fd5a27fb
:10002000080040030000000002a01d3cf8ffbd27af
:1000300000a01c3cf07f9c27026009402058200152
:10004000801e2a7d8449497d02608940c0000000ed
:1000500000e0dc4102608b40c0000000049d083cd1
:100060000803082509f8000100000000039d083c72
:10007000ac6a082509f80001000000000000093cf6
:100080000000292510002011000000000200093c9a
:100090000000292588bf0a3c10204a25000049adf0
:1000a0000200093c0000292588bf0a3c20204a257f
:1000b000000049ad0200093c0000292588bf0a3c28
:1000c00030204a25000049ad00488040ffff0a2447
:1000d00000588a404000083c00600a4025500a0150
:1000e00000608a40c09f093c00102925c000000024
:1000f000017889400000093c0100292500000a24fc
:1001000044492a7d01608a408000093c006889409a
:10011000008008408005097d404c090000600840cf
:100120005800013c2440010125402801006088401e
:10013000c0000000049d083c1003082509f80001d8
:100140000000000000600840bfff013cffff2134b9
:100150002440010100608840000084300000a53088
:10016000049d083c0cab08250800000100000000bd
:020000040000fa
:020000041fc01b
:10038000049d1a3ce8fc5a270800400300000000c6
:020000040000fa
:020000041fc01b
:10118000039d1a3c60e45a27080040030000000059
:020000040000fa
:020000041fc01b
:10120000029d1a3cbc005a27080040030000000061
:020000040000fa
:020000041fc01b
:08122000f241400b0000000048
:020000040000fa
:020000041fc01b
:081240009af0400b00000000d1
:020000040000fa
:020000041fc01b
:081260009af0400b00000000b1
:020000040000fa
:020000041fc01b
:081280005541400b0000000085
:020000040000fa
:020000041fc01b
:0812a0009af0400b0000000071
:020000040000fa
:020000041fc01b
:0812c0009af0400b0000000051
:020000040000fa
:020000041fc01b
:0812e0009af0400b0000000031
:020000040000fa
:020000041fc01b
:081300009af0400b0000000010
:020000040000fa
:020000041fc01b
:081320009af0400b00000000f0
:020000040000fa
:020000041fc01b
:081340009af0400b00000000d0
:020000040000fa
:020000041fc01b
:081360009af0400b00000000b0
:020000040000fa
:020000041fc01b
:081380009af0400b0000000090
:020000040000fa
:020000041fc01b
:0813a0009af0400b0000000070
:020000040000fa
:020000041fc01b
:0813c0009af0400b0000000050
:020000040000fa
:020000041fc01b
:0813e0009af0400b0000000030
:020000040000fa
:020000041fc01b
:081400009af0400b000000000f
:020000040000fa
:020000041fc01b
:081420009af0400b00000000ef
:020000040000fa
:020000041fc01b
:081440009af0400b00000000cf
:020000040000fa
:020000041fc01b
:081460009af0400b00000000af
:020000040000fa
:020000041fc01b
:081480009af0400b000000008f
:020000040000fa
:020000041fc01b
:0814a0009af0400b000000006f
:020000040000fa
:020000041fc01b
:0814c0009af0400b000000004f
:020000040000fa
:020000041fc01b
:0814e0009af0400b000000002f
:020000040000fa
:020000041fc01b
:10150000029d1a3c70025a270800400300000000a8
:020000040000fa
:020000041fc01b
:081520009af0400b00000000ee
:020000040000fa
:020000041fc01b
:081540009af0400b00000000ce
:020000040000fa
:020000041fc01b
:081560009af0400b00000000ae
:020000040000fa
:020000041fc01b
:081580009af0400b000000008e
:020000040000fa
:020000041fc01b
:0815a0009af0400b000000006e
:020000040000fa
:020000041fc01b
:0815c0009af0400b000000004e
:020000040000fa
:020000041fc01b
:0815e0009af0400b000000002e
:020000040000fa
:020000041fc01b
:081600009af0400b000000000d
:020000040000fa
:020000041fc01b
:081620009af0400b00000000ed
:020000040000fa
:020000041fc01b
:081640009af0400b00000000cd
:020000040000fa
:020000041fc01b
:081660009af0400b00000000ad
:020000040000fa
:020000041fc01b
:081680009af0400b000000008d
:020000040000fa
:020000041fc01b
:0816a0009af0400b000000006d
:020000040000fa
:020000041fc01b
:0816c0009af0400b000000004d
:020000040000fa
:020000041fc01b
:0816e0009af0400b000000002d
:020000040000fa
:020000041fc01b
:081700009af0400b000000000c
:020000040000fa
:020000041fc01b
:081720009af0400b00000000ec
:020000040000fa
:020000041fc01b
:081740009af0400b00000000cc
:020000040000fa
:020000041fc01b
:081760009af0400b00000000ac
:020000040000fa
:020000041fc01b
:081780009af0400b000000008c
:020000040000fa
:020000041fc01b
:0817a0009af0400b000000006c
:020000040000fa
:020000041fc01b
:0817c0009af0400b000000004c
:020000040000fa
:020000041fc01b
:0817e0009af0400b000000002c
:020000040000fa
:020000041fc01b
:10180000029d1a3c24045a270800400300000000ef
:020000040000fa
:020000041fc01b
:081820009af0400b00000000eb
:020000040000fa
:020000041fc01b
:081840009af0400b00000000cb
:020000040000fa
:020000041fc01b
:081860009af0400b00000000ab
:020000040000fa
:020000041fc01b
:1004800000f89b40c0000000049d1b3c14c97b2762
:10049000020060130000000000c09b4000f81b40f9
:0c04a000c00000001f000042000000002f
:020000040000fa
:020000041d00dd
:100000004452562050485920696e697420666169cf
:100010006c65643a2025640d0a00000050494333a2
:1000200032494e540000000050485920436f6e641e
:100030003a2025732c20696e206c696e653a202564
:10004000642c200d0a00000050485920417373654c
:1000500072743a2025732c20696e206c696e653aa3
:100060002025642c200d0a004452565f5048592028
:100070006f7065726174696f6e206572726f723a2b
:100080002025640d0a000000644d49494d2041734c
:10009000736572743a2025732c20696e206c696e2a
:1000a000653a2025642c200d0a00000025642e25c9
:1000b000642e25642e256400252e32783a252e32b2
:1000c000783a252e32783a252e32783a252e327813
:1000d0003a252e327800000066756c6c0000000036
:1000e0006c6f77005443502f495020537461636bf9
:1000f0003a202573204d414320696e697469616c13
:10010000697a6174696f6e206661696c65640d0a55
:10011000000000005443502f495020537461636b1a
:100120003a202573204d4143204f70656e20666153
:10013000696c65640d0a00005443502f49502053e8
:100140007461636b3a204d6f64756c65206e6f3a15
:1001500020256420496e697469616c697a617469eb
:100160006f6e206661696c65640d0a005443502f00
:10017000495020537461636b3a202573204d4143ed
:10018000206576656e74206e6f746966696361744c
:10019000696f6e2073657474696e67206661696c3f
:1001a00065640d0a000000005443502f495020534d
:1001b0007461636b3a20486561702044656c6574b6
:1001c00065206661696c21204e6f207472616365e1
:1001d000206578697374730d0a0000005443502f32
:1001e000495020537461636b3a2048656170206305
:1001f00072656174696f6e206661696c65642c203c
:10020000747970653a2025640d0a00005443502f1c
:10021000495020537461636b3a204e6574776f7256
:100220006b20636f6e66696775726174696f6e20ab
:10023000616c6c6f636174696f6e206661696c6577
:10024000643a20256c750d0a000000005443502fbd
:10025000495020537461636b3a205061636b65743d
:1002600020696e697469616c697a6174696f6e2066
:100270006661696c65643a20307825780d0a000063
:100280005443502f495020537461636b3a204465a6
:100290006661756c7420466c617368204e65747776
:1002a0006f726b20636f6e66696775726174696fd8
:1002b0006e206c6f6164206661696c6564202564e2
:1002c0000d0a00005443502f495020537461636b52
:1002d0003a204e6574776f726b20636f6e66696744
:1002e00075726174696f6e20696e697469616c6999
:1002f0007a6174696f6e206661696c65643a202565
:10030000640d0a005443502f495020537461636bad
:100310003a204e6574776f726b20636f6e66696703
:1003200075726174696f6e3a20416c6961736573af
:10033000206e6f7420737570706f727465643a20ec
:1003400025640d0a000000005443502f49502053eb
:100350007461636b3a204e6574776f726b20636fc4
:100360006e66696775726174696f6e3a20696e7640
:10037000616c696420495020616464726573733aea
:100380002030782538780d0a000000002573256498
:10039000000000005443502f495020537461636b98
:1003a0003a20506f776572204d6f646520696e69e1
:1003b0007469616c697a6174696f6e206661696cd9
:1003c0003a2025640d0a00005443502f4950205311
:1003d0007461636b3a2044796e616d6963206d6569
:1003e0006d6f7279206973206c6f773a20256c7578
:1003f0000d0a00005443502f495020537461636b21
:100400003a20496e697469616c697a6174696f6eca
:10041000206661696c6564202564202d2041626f2f
:100420007274696e6721200d0a0000005443502f3a
:10043000495020537461636b3a20496e6974696155
:100440006c697a6174696f6e20537461727465644b
:10045000200d0a005443502f495020537461636ba0
:100460003a204e6574776f726b20636f6e666967b2
:1004700075726174696f6e206c6f6164206661696a
:100480006c65643a2025640d0a0000005443502f27
:10049000495020537461636b3a205469636b207236
:1004a0006567697374726174696f6e206661696ce7
:1004b00065643a2025640d0a000000005443502f63
:1004c000495020537461636b3a20496e69746961c5
:1004d0006c697a6174696f6e2053595320544d5280
:1004e000206661696c65643a202564202d20416294
:1004f0006f7274696e6721200d0a00005443502ffb
:10050000495020537461636b3a20496e6974696184
:100510006c697a6174696f6e20456e646564202d24
:100520002073756363657373200d0a005443502f65
:10053000495020537461636b3a20496e746572664a
:1005400061636520496e697469616c697a61746977
:100550006f6e206661696c65643a2030782578207a
:100560002d2041626f7274696e6721200d0a0000b0
:10057000382e3130202d204833000000544350499c
:100580005020537461636b204173736572743a2019
:10059000696e2066696c653a2025732c2066756e3d
:1005a000633a2025732c206c696e653a2025642cf3
:1005b000200d0a002e2f7372632f636f6e666967ba
:1005c0002f70696333326d785f6574685f736b3267
:1005d0005f6672656572746f732f6c6962726172a7
:1005e000792f74637069702f7372632f74637069ed
:1005f000705f6d616e616765722e63005443504990
:100600005020537461636b20436f6e643a20696eaf
:100610002066696c653a2025732c2066756e633af6
:100620002025732c206c696e653a2025642c200de2
:100630000a000000756e6b0065746800776c616e6f
:10064000000000007070700067336164700000008b
:100650005061636b65742041636b3a206f72706800
:10066000616e207061636b657421200d0a000000cb
:10067000444843503a204661696c656420746f2099
:1006800072656769737465722049507634206669b3
:100690006c74657221200d0a000000002e2f737209
:1006a000632f636f6e6669672f70696333326d788d
:1006b0005f6574685f736b325f6672656572746fd5
:1006c000732f6c6962726172792f74637069702f15
:1006d0007372632f646863702e6300004c696d69e8
:1006e00074656400446972656374656400000000a9
:1006f00055736167653a20616e6e6f756e63652034
:10070000302f310d0a00000025732062636173747d
:10071000207375626d69747465643a2025640d0aee
:100720000000000055736167653a206d6163696e72
:10073000666f200d0a00000045783a206d616369fc
:100740006e666f200d0a0000496e74657266616303
:10075000653a20257320447269766572205374616e
:10076000746973746963730d0a0000000d0a2052e6
:100770006563656976652053746174697374696330
:10078000730d0a0009206e52784f6b5061636b65e0
:1007900074733a2025640d0a09206e527850656ef4
:1007a00064427566666572733a2025640d0a0920f5
:1007b0006e52785363686564427566666572733a13
:1007c0002025640d0a00000009206e5278457272df
:1007d0006f725061636b6574733a2025640d0a096a
:1007e000206e5278467261676d656e744572726fe5
:1007f00072733a2025640d0a09206e52784275669c
:10080000664e6f74417661696c61626c653a202551
:10081000640d0a000d0a205472616e736d697420b4
:10082000537461746973746963730d0a0000000086
:1008300009206e54784f6b5061636b6574733a2076
:1008400025640d0a09206e547850656e6442756601
:10085000666572733a2025640d0a09206e54784546
:1008600072726f725061636b6574733a2025640d08
:100870000a09206e5478517565756546756c6c3a39
:100880002025640d0a0d0a00096e6f7420737570bf
:10089000706f727465640d0a00000000496e746523
:1008a00072666163653a20257320486172647761de
:1008b0007265205265676973746572205374617440
:1008c00075730d0a00000000092025733a20307866
:1008d00025780d0a00000000656e61626c650000fd
:1008e000656e61626c65640064697361626c650069
:1008f00064697361626c6564000000006e6f6e6510
:100900000000000055736167653a20646e736320d0
:100910003c64656c2f696e666f2f6f6e2f6f666615
:100920002f6c6f6f6b75703e200d0a0055736167f9
:10093000653a202573203c6f6e2f6f66663e203c23
:10094000696e746572666163653e203c737472699a
:1009500063742f707265663e2f3c636c6561723ef6
:10096000200d0a0045783a202573206f6e206574ab
:1009700068300d0a00000000556e6b6e6f776e20b8
:10098000696e746572666163650d0a006f6e0000c2
:100990007374726963740000707265660000000011
:1009a0006f666600636c656172000000556e6b6e69
:1009b0006f776e206f7074696f6e0d0a0000000013
:1009c00025732025730d0a004661696c65642074e7
:1009d0006f2025732025730d0a0000005573616791
:1009e000653a20646e7363206c6f6f6b7570203c8a
:1009f000747970653e203c686f73744e616d653e1e
:100a0000200d0a0048656c703a203c686f73744e84
:100a1000616d653e2855524c29202d206c6f6f6bff
:100a200020757020666f7220686f73746e616d65db
:100a30000d0a000048656c703a203c747970653e80
:100a4000203a2061206f72204120666f7220495049
:100a500076342061646472657373206c6f6f6b759c
:100a6000700d0a0048656c703a203c747970653ee0
:100a7000203a2061616161206f7220414141412033
:100a8000666f7220495076362061646472657373b4
:100a9000206c6f6f6b75700d0a00000048656c70fc
:100aa0003a203c747970653e203a20616e79206668
:100ab0006f7220626f7468204950763420616e64d2
:100ac00020495076362061646472657373206c6fc0
:100ad0006f6b75700d0a0000646e7363206c6f6f2e
:100ae0006b75703a20636f6d6d616e6420696e2066
:100af00070726f67726573732e20526574727920fd
:100b00006c617465722e0d0a000000004100000047
:100b100061000000414141410000000061616161ec
:100b200000000000414e5900616e7900646e7363ed
:100b3000206c6f6f6b75703a205b25735d204c6f76
:100b40006f6b75702054797065206e6f74207375ab
:100b500070706f727465642e0d0a0000646e7363aa
:100b6000206c6f6f6b75703a20486f7374206e61e4
:100b70006d6520746f6f206c6f6e672e20526574e8
:100b800072792e0d0a000000646e7363206c6f6f23
:100b90006b75703a207265736f6c76696e6720684a
:100ba0006f73743a20257320666f722074797065b4
:100bb0003a2573200d0a000055736167653a206479
:100bc0006e73632064656c203c686f73744e616d56
:100bd000653e7c616c6c200d0a00000048656c70fd
:100be0003a203c686f73744e616d653e2855524cd7
:100bf00029202d2052656d6f76652074686520650b
:100c00006e74727920696620657869737473200d3b
:100c10000a00000048656c703a20616c6c202d2041
:100c200052656d6f766520616c6c2074686520720a
:100c300065736f6c76656420656e747279200d0a39
:100c400000000000616c6c005b25735d206e6f74aa
:100c50002070617274206f662074686520444e5362
:100c600020436163686520656e747279200d0a0007
:100c7000496e636f6d706c65746520636f6d6d6137
:100c80006e64200d0a00000055736167653a2064a8
:100c90006e736320696e666f200d0a0048656c7084
:100ca0003a20646973706c61792074686520444ee1
:100cb0005320636163686520656e74727920646592
:100cc0007461696c73200d0a00000000444e5320cb
:100cd000436c69656e7420697320646f776e210db3
:100ce0000a000000444e5320436c69656e7420492d
:100cf00046202d205374726963743a2025732c208a
:100d00005072656665727265643a2025730d0a003b
:100d1000444e5320436c69656e74202d2074696db8
:100d2000653a2025642c2070656e64696e673a20f0
:100d300025642c2063757272656e743a2025642ccc
:100d400020746f74616c3a2025640d0a0000000065
:100d5000486f73746e616d65203d202573200d0a08
:100d600054696d656f7574203d202564200d0a005f
:100d700049507634203d25730d0a000049507636df
:100d8000203d2025730d0a002d2d2d2d2d2d2d2dcf
:100d90002d2d2d2d2d2d2d2d2d2d2d2d2d2d2d2d83
:100da0002d2d2d2d2d2d2d2d2d2d2d2d2d2d2d2d73
:100db0002d2d2d2d2d2d2d2d2d2d2d2d0d0a000000
:100dc0004e6f20444e5320436c69656e742043611e
:100dd00063686520656e7472696573200d0a000092
:100de000496e76616c696420496e70757420436f3a
:100df0006d6d616e64203a5b202573205d200d0ac5
:100e00000000000064656c00696e666f0000000001
:100e10006c6f6f6b75700000556e6b6e6f776e2028
:100e20006865617020747970652e205573653a206d
:100e30005b312c2025645d0d0a0000004e6f206898
:100e400065617020696e666f2065786973747320c0
:100e5000666f7220747970653a202573210d0a003f
:100e60004865617020747970653a2025732e204999
:100e70006e697469616c2063726561746564206871
:100e80006561702073697a653a202564204279741f
:100e900065730d0a00000000416c6c6f6361626c49
:100ea0006520626c6f636b20686561702073697a7e
:100eb000653a2025642042797465730d0a000000ac
:100ec000416c6c20617661696c61626c652068655b
:100ed00061702073697a653a2025642042797465cf
:100ee000732c20686967682077617465726d617220
:100ef0006b3a2025640d0a004c61737420686561ab
:100f000070206572726f723a20307825780d0a0071
:100f10004e6f20547261636520696e666f2065783c
:100f2000697374732e0d0a00537461636b207570be
:100f3000206661696c65640d0a000000537461638a
:100f40006b207570207375636365656465640d0a55
:100f50000000000055736167653a20737461636b2c
:100f6000203c75702f646f776e3e203c7072657305
:100f7000657276653e0d0a0045783a2073746163a8
:100f80006b20646f776e2070726573657276650d85
:100f90000a000000537461636b20616c72656164c8
:100fa00079207570210d0a005475726e205374619a
:100fb000636b20646f776e20616e64207468656e69
:100fc000207570210d0a0000526573746172746996
:100fd0006e672074686520737461636b2077697431
:100fe0006820256420696e74657266616365287384
:100ff000290d0a00537461636b20646f776e3a2089
:1010000063616e6e6f742067657420612073746114
:10101000636b2068616e646c650d0a0053746163d4
:101020006b20646f776e20646f6e650d0a000000a0
:1010300055736167653a206966203c696e74657214
:10104000666163653e203c646f776e2f75703e204d
:101050000d0a000045783a20696620504943333232
:10106000494e5420646f776e200d0a00556e6b6eea
:101070006f776e20696e7465726661636520737048
:1010800065636966696564200d0a000054686973c8
:1010900020696e7465726661636520616c7265615a
:1010a00064792075700d0a004f7065726174696f04
:1010b0006e206661696c65642e204e6f20636f6ed2
:1010c00066696775726174696f6e0d0a00000000d1
:1010d0005468697320696e74657266616365206126
:1010e0006c726561647920646f776e0d0a00000090
:1010f00057726f6e6720706172616d6574657220e2
:10110000737065636966696564200d0a00000000fc
:101110004f7065726174696f6e2073756363657378
:101120007366756c210d0a004f7065726174696f8a
:101130006e206661696c6564210d0a0055736167f4
:10114000653a207365746d6163203c696e746572e5
:10115000666163653e203c783a783a783a783a7826
:101160003a783e200d0a000045783a207365746d88
:101170006163205049433332494e542061613a62e1
:10118000623a63633a64643a65653a6666200d0aba
:1011900000000000617267765b325d3a2025730db6
:1011a0000a000000496e76616c6964204d4143205d
:1011b0006164647265737320737472696e67200d65
:1011c0000a000000536574204d414320616464723d
:1011d000657373206661696c65640d0a0000000028
:1011e0005365742042494f53204e616d65204f4b2b
:1011f0000d0a00005365742042494f53204e616d23
:1012000065206661696c65640d0a0000557361674d
:10121000653a2073657462696f73203c696e74650a
:1012200072666163653e203c782e782e782e783e7b
:10123000200d0a0045783a2073657462696f732047
:101240005049433332494e54204d434850424f4158
:1012500052445f3239200d0a0000000053657420ab
:101260006761746577617920616464726573732066
:101270004f4b0d0a000000005365742067617465d0
:101280007761792061646472657373206661696c4b
:1012900065640d0a0000000055736167653a2073ac
:1012a00065746777203c696e746572666163653e3c
:1012b000203c697076342f362061646472657373e4
:1012c0003e203c76616c696454696d653e200d0a70
:1012d0000000000045783a20736574677720504914
:1012e000433332494e54203139322e3136382e3084
:1012f0002e31200d0a000000496e76616c69642071
:101300004950206164647265737320737472696eee
:1013100067200d0a00000000536574206970206189
:10132000646472657373204f4b0d0a00536574201b
:1013300069702061646472657373206661696c65ad
:10134000640d0a0055736167653a207365746970ae
:10135000203c696e746572666163653e203c69700d
:1013600076342f3620616464726573733e203c6965
:101370007076346d61736b2f69707636207072658c
:10138000666978206c656e3e0d0a000045783a204b
:101390007365746970205049433332494e5420318b
:1013a00039322e3136382e302e38203235352e3225
:1013b00035352e3235352e30200d0a004e6f207314
:1013c00075636820696e7465726661636520697310
:1013d0002075700d0a000000416e20616464726522
:1013e0007373207365727669636520697320616c1d
:1013f00072656164792072756e6e696e672e205316
:10140000746f7020444843502c205a434c4c2c207d
:101410006574632e2066697273740d0a0000000003
:10142000496e76616c6964204950206d61736b2050
:10143000737472696e67200d0a0000007375636330
:101440006573730055736167653a20736574646ee4
:101450007320312f32203c696e746572666163655a
:101460003e203c782e782e782e783e200d0a000003
:1014700045783a20736574646e7320312065746812
:1014800030203235352e3235352e3235352e30205e
:101490000d0a0000556e6b6e6f776e20444e532020
:1014a000696e6465780d0a0053657420444e5320bc
:1014b000256420616464726573732025730d0a00ce
:1014c0006e6f7420676976656e0000004e6f6e6502
:1014d000000000006661696c0000000055736167e0
:1014e000653a202573203c696e7465726661636598
:1014f0003e203c6f6e2f6f66662f72656e65772f8c
:10150000726571756573742f696e666f3e200d0a82
:101510000000000045783a202573205049433332bb
:10152000494e54206f6e200d0a00000072656e65f2
:10153000770000007265717565737400526571758e
:10154000657374206e6565647320616e2049502058
:10155000616464726573730d0a000000444843506f
:10156000207374617475733a2025642028202564e3
:10157000203d3d20426f756e64292c2074696d6595
:101580003a2025640d0a000044484350206c6561f0
:1015900073652073746172743a2025642c2064751d
:1015a000726174696f6e3a202564730d0a00000041
:1015b000444843502072656e65772074696d653ac2
:1015c0002025642c20726562696e642074696d65e3
:1015d0003a2025640d0a00004448435020616464a9
:1015e000726573733a2025730d0a00004448435016
:1015f000207365727665723a2025730d0a0000002b
:101600004448435020626f6f74206e616d653a20cc
:1016100025730d0a00000000444843502054696db2
:101620006520736572766572733a2025642c2025d7
:10163000730d0a0044484350204e54502073657285
:10164000766572733a2025642c2025730d0a0000fc
:10165000444843503a206661696c656420746f2089
:1016600067657420696e666f0d0a0000257320257a
:10167000732025730d0a00007375636365737366c9
:10168000756c00006661696c6564210073657400a7
:101690006765740044656661756c7420696e746575
:1016a0007266616365207365742025730d0a0000fe
:1016b00044656661756c7420696e746572666163f9
:1016c000652069733a2025730d0a00005573616720
:1016d000653a206465666e6574207365742f67656e
:1016e00074203c696e746572666163653e0d0a0024
:1016f00045783a206465666e65742073657420656c
:101700007468300d0a00000055500000444f574ed9
:10171000000000004e6f7420526561647900000083
:1017200055736167653a206e6574696e666f0d0a60
:101730000000000045783a206e6574696e666f0d92
:101740000a0000002d2d2d2d2d2d2d2d2d2d204964
:101750006e74657266616365203c25732f25733e48
:10176000202d2d2d2d2d2d2d2d2d2d200d0a000060
:10177000496e7465726661636520697320646f7772
:101780006e0d0a00486f7374204e616d653a202516
:1017900073202d204e424e5320656e61626c65644d
:1017a0000d0a0000495076342041646472657373f9
:1017b0003a2025730d0a00004d61736b3a202573a2
:1017c0000d0a0000476174657761793a2025730d31
:1017d0000a000000444e53313a2025730d0a0000e0
:1017e000444e53323a2025730d0a00004d414320e8
:1017f000416464726573733a2025730d0a0000001a
:101800004950763620556e69636173742061646453
:101810007265737365733a0d0a0000002020202062
:1018200025730d0a0000000020202020556e6b6eed
:101830006f776e0d0a00000049507636204d756caa
:101840007469636173742061646472657373657332
:101850003a0d0a00646863702069732025730d0acd
:10186000000000004c696e6b2069732025730d0a1f
:10187000000000005374617475733a2025730d0adb
:101880000000000064656661756c74204950206139
:1018900064647265737300002573206973204f4e72
:1018a0000d0a00006468637000000000444e53207d
:1018b0004c6f6f6b75703a20444e53206661696cb3
:1018c00075726520666f722025732c206572723ade
:1018d0002025640d0a000000444e53204c6f6f6bae
:1018e00075703a20726571756573742074696d65e1
:1018f0006f75742e0d0a00004c6f6f6b7570204170
:101900006e737765723a0d0a2d2d2d2d2d2d2d2def
:101910002d2d2d2d2d2d2d2d2d2d2d2d2d2d0d0a3a
:10192000000000004e6f204c6f6f6b757020656e6d
:1019300074727920666f72205b25735d0d0a00005a
:101940005b25735d204120495076342041646472e8
:10195000657373203a2025642e25642e25642e2578
:10196000640d0a005b25735d2041414141204950cf
:1019700076362041646472657373203a25730d0acc
:101980000000000055736167653a202573203c69ab
:101990006e746572666163653e203c6f6e2f6f6684
:1019a000663e200d0a000000556e6b6e6f776e204c
:1019b000736572766963652025730d0a0000000067
:1019c0003a20737461636b20636f6d6d616e647335
:1019d0000000000074637069700000004661696c6b
:1019e000656420746f206372656174652054435090
:1019f000495020436f6d6d616e64730d0a000000e5
:101a0000544350495020636f6d6d616e6473207450
:101a100061736b20726567697374726174696f6e4c
:101a2000206661696c65640d0a000000696e74656a
:101a3000726e616c00000000706f6f6c000000003f
:101a400065787465726e616c000000006e65746983
:101a50006e666f003a20476574206e6574776f720a
:101a60006b20696e666f726d6174696f6e00000045
:101a70006465666e657400003a205365742f47658f
:101a8000742064656661756c7420696e7465726635
:101a9000616365003a204448435020636c69656e79
:101aa0007420636f6d6d616e647300007a636c6c9b
:101ab000000000003a205475726e205a434c4c20ae
:101ac0006f6e2f6f66660000736574646e7300003e
:101ad0003a2053657420444e5320616464726573e8
:101ae0007300000073657469700000003a2053654c
:101af00074204950206164647265737320616e6460
:101b0000206d61736b0000007365746777000000df
:101b10003a20536574204761746577617920616468
:101b2000647265737300000073657462696f73009b
:101b30003a2053657420686f73742773204e657460
:101b400042494f53206e616d650000007365746dee
:101b5000616300003a20536574204d414320616465
:101b60006472657373000000696600003a20427277
:101b7000696e6720616e20696e7465726661636567
:101b80002075702f646f776e0000000073746163be
:101b90006b0000003a20537461636b207475726ea1
:101ba000206f6e2f6f66660068656170696e666f84
:101bb000000000003a20436865636b20686561702f
:101bc0002073746174757300646e736300000000a9
:101bd0003a20444e5320636c69656e7420636f6dc8
:101be0006d616e64730000006d6163696e666f0005
:101bf0003a20436865636b204d41432073746174e0
:101c00006973746963730000616e6e6f756e6365ee
:101c1000000000003a20416e6e6f756e6365000033
:101c2000554450204e554c4c2064796e616d69636b
:101c300020616c6c6f636174696f6e2068616e64a3
:101c40006c6500005544502044796e616d696320d5
:101c5000616c6c6f636174696f6e206661696c653d
:101c600064000000544350204e554c4c2064796e63
:101c7000616d696320616c6c6f636174696f6e2064
:101c800068616e646c652f696e697420646174614b
:101c900000000000205443502044796e616d696358
:101ca00020616c6c6f636174696f6e206661696c32
:101cb000656400002e2f7372632f636f6e66696711
:101cc0002f70696333326d785f6574685f736b3250
:101cd0005f6672656572746f732f6c696272617290
:101ce000792f74637069702f7372632f6970763601
:101cf0002e6300004950763420496e69743a2046bc
:101d000061696c656420746f20696e6974616c69c7
:101d10007a653a20256421200d0a00004950763466
:101d20003a204661696c656420746f20726567694a
:101d30007374657220415250206e6f7469666963d6
:101d40006174696f6e21200d0a00000049507634dd
:101d50003a2041525020656e747269657320706f2d
:101d60006f6c20656d707479210d0a001b5b324a1f
:101d70001b5b33316d1b5b316d4d6963726f636843
:101d800069702054656c6e65742053657276657257
:101d900020312e311b5b306d0d0a4c6f67696e3a36
:101da00020000000546f6f206d75636820646174bb
:101db000612e2041626f727465640d0a000000009c
:101dc0000d0a4163636573732064656e6965640d14
:101dd0000a0d0a000d0a000050617373776f726478
:101de0003a20fffd2d0000000d0a4c6f6767656407
:101df00020696e207375636365737366756c6c79a7
:101e00000d0a0d0a000000000d0a2d2d2d2054652d
:101e10006c6e657420436f6e736f6c65202d2d2d75
:101e20000d0a547970652068656c7020666f7220a9
:101e3000636f6d6d616e64730d0a3e004661696c7f
:101e4000656420746f20636f6e6e65637420746fb9
:101e50002074686520636f6d6d616e642070726fb1
:101e6000636573736f722e2041626f7274696e675f
:101e7000210d0a0074656c6e6574204e554c4c2023
:101e800064796e616d696320616c6c6f6361746904
:101e90006f6e2068616e646c652f696e6974206472
:101ea000617461002074656c6e65742044796e61a4
:101eb0006d696320616c6c6f636174696f6e20661d
:101ec00061696c65640000002074656c6e65743a2d
:101ed0002053657474696e67205458204275666695
:101ee0006572206661696c65643a2025640d0a009c
:101ef0002074656c6e65743a2053657474696e67fe
:101f000020525820427566666572206661696c656c
:101f1000643a2025640d0a000d0a2d2d2d2d2d2d3e
:101f20002d20537570706f7274656420636f6d6dd2
:101f3000616e642067726f757073202d2d2d2d2dad
:101f40002d0000000d0a202a2a2a2000202a2a2af1
:101f5000000000000d0a2d2d2d2d2d2d2d2d2d2da8
:101f6000204275696c7420696e20636f6d6d616ebf
:101f70006473202d2d2d2d2d2d2d2d2d2d000000a8
:101f80000d0a556e6b6e6f776e20636f6d6d616eaf
:101f9000642067726f75702e205472792068656caa
:101fa000700d0a0008200800080000001b5b256473
:101fb000430000001b5b2564440000000d0a202a3a
:101fc0002a2a205175697474696e672074686520c7
:101fd000436f6d6d616e642050726f636573736fd4
:101fe000722e20427965202a2a2a0d0a000000005c
:101ff0000d0a202a2a2a2053797374656d205265b0
:10200000626f6f74202a2a2a0d0a000020092c0012
:102010004661696c656420746f20637265617465e4
:102020002074686520436f6e736f6c652041504962
:102030000d0a0000202a2a2a20436f6d6d616e640c
:102040002050726f636573736f723a20506c6561d4
:102050007365207479706520696e206120636f6def
:102060006d616e642a2a2a0d0a0000000a0d2054b0
:102070006f6f206d616e7920617267756d656e742a
:10208000732e204d6178696d756d206172677320c4
:10209000737570706f727465643a202564210d0a3f
:1020a00000000000202a2a2a20436f6d6d616e64b3
:1020b0002050726f636573736f723a20756e6b6e2a
:1020c0006f776e20636f6d6d616e642e202a2a2af1
:1020d0000d0a00003e000000081b5b4b25731b5bd4
:1020e00025644400081b5b4b000000001b5b4b2574
:1020f000731b5b256444000025731b5b256444004f
:10210000202a2a2a20436f6d6d616e642050726f01
:10211000636573736f722062756666657220657899
:102120006365656465642e2052657472792e202a79
:102130002a2a0d0a00000000726573657400000011
:102140003a20526573657420686f73740000000054
:10215000710000003a207175697420636f6d6d61c4
:102160006e642070726f636573736f72000000009d
:1021700068656c70000000003a2068656c700000b3
:102180001b5b41001b5b42001b5b43001b5b44006d
:102190001b5b317e000000001b5b347e00000000f2
:1021a0005359535f434d445f5441534b5300000018
:1021b0004452565f4d49494d5f5461736b73000043
:1021c00054435049505f535441434b5f5461736bc8
:1021d000730000004e45545f505245535f54617385
:1021e0006b7300004150505f5461736b73000000cb
:1021f0004554484d414300004d434850424f4152e1
:10220000445f45003139322e3136382e3130302e90
:10221000313000003235352e3235352e3235352eff
:10222000300000003139322e3136382e3130302e28
:1022300031000000302e302e302e3000706f6f6c69
:102240002e6e74702e6f72670000000049444c457a
:102250000000000055736167653a206f70656e7508
:10226000726c203c75726c3e0d0a000045783a2075
:102270006f70656e75726c20687474703a2f2f776a
:1022800077772e676f6f676c652e636f6d2f0d0a02
:10229000000000003a2061707020636f6d6d616e08
:1022a00064730000617070006f70656e75726c0011
:1022b0003a20436f6e6e65637420746f20612075e1
:1022c000726c20616e6420646f2061204745540069
:1022d0004d6963726f636869700000004861726dd8
:1022e0006f6e79002f2f000054435049505f444ec9
:1022f000535f49735265736f6c76656420726574c1
:1023000075726e6564206661696c7572650d0a0090
:102310004661696c6564210053756363657373007e
:102320006e756c6c00000000204150503a20544300
:10233000502f495020737461636b20696e69746912
:10234000616c697a6174696f6e206661696c65643d
:10235000210d0a0020202020496e74657266616399
:1023600065202573206f6e20686f7374202573209d
:102370002d204e424e5320656e61626c65640d0add
:102380000000000054656c6e6574206175746865aa
:102390006e7469636174696f6e20726567697374c6
:1023a000726174696f6e3a2025730d0a0000000097
:1023b00020495020416464726573733a2000000024
:1023c00025642e25642e25642e2564200d0a000028
:1023d00057616974696e6720666f7220636f6d6df7
:1023e000616e6420747970653a206f70656e7572e5
:1023f0006c203c75726c3e0d0a000000436f756cda
:1024000064206e6f742070617273652055524c2089
:1024100000000000436f756c64206e6f742073744d
:1024200061727420636f6e6e656374696f6e0d0afe
:10243000000000005374617274696e6720636f6ef0
:102440006e656374696f6e0d0a0000004572726fed
:102450007220696e20444e532e2041626f7274695f
:102460006e670d0a00000000474554202f25732099
:10247000485454502f312e310d0a486f73743a204e
:1024800025730d0a436f6e6e656374696f6e3a2033
:10249000636c6f73650d0a0d0a0000000d0a436f2f
:1024a0006e6e656374696f6e20436c6f7365640d47
:1024b0000a000000286e696c290000002500000059
:1024c000494e4600696e66004e414e006e616e00d8
:020000040000fa
:020000041d00dd
:1024d00030ffbd27cc00bfafc800beafc400b7af50
:1024e000c000b6afbc00b5afb800b4afb400b3af76
:1024f000b000b2afac00b1afa800b0afe000b38f96
:10250000e400b197e800b797ec00a293a000a2af57
:10251000f000b69302000224350080103200a2a41d
:10252000258080002590a00025f0c0009ff7400f77
:1025300025a0e00025a840000300658a0000659af8
:102540000700648a0400649a0b00638a0800639a97
:102550000f00628a0c00629a1800a5af1c00a4af9d
:102560002000a3af2400a2af0300858a0000859a53
:102570000700848a0400849a0b00838a0800839ae7
:102580000f00828a0c00829a2800a5af2c00a4af0d
:102590003000a3af3400a2afed67400f252020022a
:1025a0003800a2af3c00a0a73e00a0a33a0002243e
:1025b0003f00a2a32530000028000524f567400f46
:1025c0001800a427a400a2af25300000252820026f
:1025d000f567400f1800448ea400a38f271803004e
:1025e000ffff63300e006210f6ff0224320042a6a5
:1025f000cc00bf8fc800be8fc400b78fc000b68f9d
:10260000bc00b58fb800b48fb400b38fb000b28fe8
:10261000ac00b18fa800b08f0800e003d000bd2748
:102620002528e00276fe400f252040024000a52725
:1026300036fd400f252040024000a2930500432ca8
:1026400055006010800043386b00401407000624da
:10265000ed67400f4200a4974200a2a74000a2935a
:10266000860003248d0043108700432cc8046010ab
:102670000200032493004310800042380200422ce1
:102680000b0040104000a293ed67400f4400a49758
:102690004400a2a7ed67400f4600a4974600a2a7fa
:1026a0004000a2938a00432cd2ff6010cc00bf8f61
:1026b000201c027cb904600404000324c4004310fd
:1026c0000500432ccaff601003000324b700431029
:1026d000010003247f00431002000324c4ff4314bd
:1026e0003000312ec3ff2016cc00bf8fac00410f4d
:1026f00025204002180045245e00410f252040029d
:10270000100006242800a5272efd400f252040029a
:102710002800a393ff000224770062144400a38fd3
:102720003a00a2962b1062000d00401000a0023c5f
:1027300040f0400f3a00a3a623f2400f2588400046
:1027400080180200211062000019020023186200a4
:10275000c0180300211071003400a2ae00a0023c9a
:10276000682c428ca2ff40100800052476fe400f22
:10277000252040024000a2271000a2af25386002a9
:10278000253080020200052401d1400f25200002df
:1027900098ff0010cc00bf8f0a00632cacff6010c4
:1027a00080ff4324800042380a00422ca8ff4010da
:1027b000ff00633080180300009d023cd0274224b4
:1027c000211043000000428c08004000000000007f
:1027d0000c28009d0c28009d5026009d5026009d31
:1027e0005026009d2428009d4428009d6428009dbb
:1027f0006428009d7c28009d4100a5272efd400fe8
:102800002520400292ff001000000000070006246f
:102810004100a5272efd400f252040028cff00100f
:10282000000000000500022471ffc2120700062408
:102830004100a5272efd400f2520400284ff0010f7
:10284000000000000500022469ffc2120f000624e8
:102850004100a5272efd400f252040027cff0010df
:1028600000000000170006244100a5272efd400fa0
:102870002520400276ff0010000000000500022421
:102880005bffc212270006244100a5272efd400f42
:10289000252040026eff001000000000ed67400f91
:1028a0004600a4974600a2a7ea67400f4c00a48ff9
:1028b0004c00a2afea67400f4800a48f78ff0010d9
:1028c0004800a2afea67400f4400a48f74ff0010d5
:1028d0004400a2af4000a2271000a2af253860023a
:1028e000253080020100052401d1400f252000027f
:1028f00040ff0010cc00bf8f020006242800a5274f
:1029000059ae400f252000021200401425884000d7
:102910004400a38f3800a2962b10620090ff401055
:1029200000a0023c40f0400f3800a3a623f2400f65
:102930002588400080180200211062000019020062
:1029400023186200c01803002110710083ff0010db
:102950003400a2ae3800a3964400a28f2b10620070
:10296000010040544400a3af4400a38f18002296f6
:102970002b1062007aff401000a0023c40f0400f94
:10298000180023a623f2400f25a84000801802005b
:10299000211062000019020023186200c018030011
:1029a000211875006dff0010140023ae4000a2270f
:1029b0001000a2af253860022530800203000524f4
:1029c00001d1400f252000020aff0010cc00bf8f6c
:1029d0004000a2271000a2af2538600225308002f7
:1029e0000400052401d1400f2520000201ff001042
:1029f000cc00bf8f0800222e03004010f2ff0224fb
:102a0000fbfe0010320042a64000a2271000a2af39
:102a100025386002253080028000052401d1400f56
:102a2000252000020800e526ffffa53076fe400fb6
:102a3000252040022528600272a2400f25200002b6
:102a4000ebfe401025a04000010002242300c21626
:102a50000800de274600a2971400a2af4400a29708
:102a60001000a2af81000724253060022528c00392
:102a7000c7cd400f25200002ddfe4010258040001c
:102a8000f8ff3126ffff333225286002fda6400ff4
:102a9000252040002a10510006004010eeff0224bd
:102aa000320042a6dff1400f25200002d1fe0010c7
:102ab000cc00bf8f25386002020006242528400282
:102ac000ad91400f25200002240014aeb6fc400f4b
:102ad00025200002c7fe0010cc00bf8ffdffd626c8
:102ae000ff00d6320200d62ec1fec01225300000f3
:102af000252860027a94400f25200002bcfe401079
:102b00004600a2971400a2af4400a2971000a2af03
:102b100081000724253060022528c003c7cd400f5f
:102b200025200002b2fe401025804000f8ff31262b
:102b3000ffff333225286002fda6400f252040000c
:102b40002a10510006004010eeff0224320042a677
:102b5000dff1400f25200002a6fe0010cc00bf8f41
:102b6000253860020200062425284002ad91400f5e
:102b700025200002240014aeb6fc400f25200002e0
:102b80009cfe0010cc00bf8f4000a2271000a2af17
:102b900025386002253080028100052401d1400fd4
:102ba000252000022528600203e9400f25200002ad
:102bb00090fe0010cc00bf8f2528600219d0400f76
:102bc000252000020f0042300200032488fe431437
:102bd000ff000224a000a38f85fe62144100a2938f
:102be00083fe40141100222e81fe40141000e226c4
:102bf0006800a0a37000a0a39000a0a3ffff423034
:102c0000a000a2af2528400076fe400f25204002fc
:102c1000f0ff3126ffff313225b0200202000624ea
:102c20009800a5272efd400f252040029900a29371
:102c3000c01802006efe4010a400a3af9800a2933b
:102c4000feff742405000324ce004310ffff9432de
:102c50000600432c05006010010003240a00431005
:102c600003000324b40043501e000224ac00410fb3
:102c700025204002212854005e00410f25204002fb
:102c80000a000010a400a28f0600022458fe82163b
:102c9000010002246800a2a3060006246a00a527fa
:102ca0002efd400f25204002a400a28f2310c20257
:102cb000ffff5630daffc01602000624e8e6400f98
:102cc000252000022528e00276fe400f2520400244
:102cd000253000002528600259ae400f2520000253
:102ce00025b040000200401025a040000400548c94
:102cf0004400a293010040547800a2a24800b78f7c
:102d00001300e0124c00a28f2800a28e0e00e212e7
:102d10004800a28f94fc400f00000000ff004230ea
:102d20008000422402105770021202006210033c1d
:102d3000d34d6324190043001010000082110200db
:102d40002c00a2ae4800a28f2800a2ae4c00a28f99
:102d5000010040543000a2ae4600a297ae004010e1
:102d6000000000001900c01601000624252860029a
:102d700059ae400f252000028f00401025a04000d2
:102d80006800a2930a004010060006246a00a527e6
:102d9000a7f6400f14008426050040100400072405
:102da0006a00a62725288002c2ab400f252000021a
:102db0004600a697252880028ada400f25200002c7
:102dc0000bfe401025b040004600a29740f0400f97
:102dd0000800c2ae0c00c2ae0400d48e980280126d
:102de0006800a29330008292010003240400627cf8
:102df000300082a26800a2939300401406000624cb
:102e00007000a29326004010a000a58f76fe400f10
:102e10002520400203001724020006249800a5275d
:102e20002efd400f252040029900b393c098130057
:102e3000feff76269800a2938e005714ffffd6322d
:102e40001e0006247200a5272efd400f25204002fb
:102e5000030002247000a2a30200d6267100b6a3cc
:102e6000ea67400f7400a48f7400a2afea67400fb6
:102e70007800a48f7800a2af7000a5276bbe400f2a
:102e8000252000027000a5273c90400f252000025d
:102e900023983302ffff7132e0ff20160200062460
:102ea0009000a293d2fd40109400a38f00fb6224f7
:102eb000dc00422ccffd4010cc00bf8f40f0400f13
:102ec0003800a3a623f2400f258040008020020096
:102ed000212082000019040023186400c018030098
:102ee000211070003400a2ae5400a28ec1fd40102b
:102ef000cc00bf8f9400a48fffff85301c00438c53
:102f0000090074540000428c180043942b1864008c
:102f1000050060540000428c180045a43400a38ec4
:102f2000140043ac0000428cf4ff4014cc00bf8f6f
:102f3000b1fd0010c800be8fadfd82160300142441
:102f40007000b4a37400a0af7800a0af1e000624e8
:102f50007200a5272efd400f252040027000b4a36b
:102f6000200002247100a2a3ea67400f7400a48f1e
:102f70007400a2afea67400f7800a48f4aff0010e8
:102f80007800a2af0600022499fd821605000224f3
:102f90009000a2a39400a0af060006249200a527eb
:102fa0002efd400f25204002ea67400f9400a48fb9
:102fb0003dff00109400a2af6800a2930d004010e6
:102fc000010002241400beaf1000a2af04000724c9
:102fd0006a00a627252860027a9e400f252000025d
:102fe00025a0400082fd80124600a69772ff0010c7
:102ff000252880021400beaf1000a2af01000724f4
:1030000025300000252860027a9e400f252000020e
:10301000f4ff001025a040000400c012253000007d
:103020002528c0029990400f252000026dff8016d0
:10303000010006242528600259ae400f2520000219
:1030400066ff001025a040006a00a527a7f6400fe4
:10305000140084266aff4010040007246a00a62793
:1030600025288002c2ab400f2520000265ff00101a
:103070007000a293ac00410f252040022128560089
:103080005e00410f2520400282ff0010239833028a
:103090004800a52719d0400f2520000230004230fb
:1030a0003000032452fd4310ff000224a000a38f30
:1030b0004ffd62144100a2934dfd40141800222ed2
:1030c0004bfd40141800e526ffffa53076fe400fab
:1030d00025204002e8ff3126ffff3132e3012012b4
:1030e0006800a0a3020006249800a5272efd400f2b
:1030f000252040029900b5933dfda012c0a81500ff
:10310000feffb6269800a393010002244a00621431
:10311000ffffd6320600022435fdc216010002244c
:103120006800a2a36900a2a3060006246a00a527de
:103130002efd400f2520400223a83502ffffb132ab
:10314000e8ff20161000062425286002029d043c9a
:10315000a7f6400f885f8424ff004230cb01401463
:103160006800a3930100022422fd6210cc00bf8fef
:1031700082e0400f252080021dfd4010050006243e
:103180004800a52738be400f25200002310040141a
:1031900025204000010006244800a52738be400f26
:1031a0002520000212fd4010010003241400a3afeb
:1031b0001000a0af4800a727029d063c785fc624f8
:1031c00008004524eda9400f2520000208fd40100d
:1031d00025884000020002246800a2a30100022406
:1031e0006900a2a33f00028a3c00029a6d00a2abd4
:1031f0006a00a2bb400002926e00a2a341000292ac
:103200006f00a2a308000524fda6400f2520200280
:103210002000401008000724030006246800a527aa
:10322000ad91400f25202002b6fc400f2520200242
:10323000f0fc0010cc00bf8fac00410f25204002f5
:10324000212856005e00410f25204002bbff0010e0
:1032500023a83502e7dd400f25280000e5fc00101b
:10326000cc00bf8f060006246a00a527a7f6400ff2
:1032700014002426a3014010040007246a00a62796
:1032800025282002c2ab400f252000029e0100101d
:1032900001001224dff1400f25202002d5fc001090
:1032a000cc00bf8fd2fc2012010012249701001025
:1032b0001400b2afdff1400f25206002cdfc0010fa
:1032c000cc00bf8f4800a52719d0400f2520000251
:1032d0003000423030000324c5fc4310ff000224bc
:1032e000a000a38fc2fc62144100a293c0fc401452
:1032f0001800222ebefc4014030002240d00c2164a
:103300004400a29340004230b9fc40141800e52666
:10331000ffffa53076fe400f25204002e8ff312652
:10332000ffff31320b0020166800a0a32800001018
:103330004400a2931800e526ffffa53076fe400f5b
:1033400025204002e8ff3126ffff31321b0020120a
:103350006800a0a3020006249800a5272efd400fb8
:10336000252040029900b393a1fc6012c09813007d
:10337000feff74269800a393020002242100621429
:10338000ffff94320600022499fc821602000224f8
:103390006800a2a3010002246900a2a3060006247b
:1033a0006a00a5272efd400f2520400223983302f6
:1033b000ffff7132e8ff201602000624fdffd6262b
:1033c000ff00d6320200d62e0400c0124400a293a1
:1033d0004000423087fc4014cc00bf8f050006241b
:1033e0004800a52738be400f252000020c004010e1
:1033f00025204000e7dd400f010005247dfc001082
:10340000cc00bf8fac00410f252040022128540082
:103410005e00410f25204002e5ff00102398330293
:10342000010006244800a52738be400f25200002d1
:103430006ffc4014010006244800a52759ae400f38
:10344000252000026afc4010258840001a00529096
:10345000ffff4226ff0042300200422c1d004010b8
:103460006800a3930200022461fc62144400a2934a
:10347000400042300c004010030007246a00a627d9
:1034800025282002c2ab400f252000024400a28361
:103490000c00410401000324300022920400627ced
:1034a00053fc0010300022a2040007246a00a62763
:1034b00025282002c2ab400f25200002f4ff001097
:1034c0004400a283300022920400027c48fc0010d9
:1034d000300022a2020002240f006214060006241b
:1034e0006a00a527a7f6400f140024264400a393e2
:1034f0002000643022008010ffff42302900401479
:103500006d00a28b4000633030006014030006247d
:10351000060000104400a38f4400a29340004230f4
:103520002a004014030006244400a38fc001637cda
:103530003000228e010042302efc4310cc00bf8fa1
:10354000300022920400627c300022a2010042304e
:1035500027fc4014253000004800a52759ae400f35
:103560002520000222fc40102528400025300000c4
:103570009990400f252000021efc0010cc00bf8f48
:10358000e0ff40100300022419fc42160400062448
:103590002528200290b5400f2520000215fc0010c0
:1035a000cc00bf8f6a00a29b170022aa140022ba87
:1035b0006e00a293180022a26f00a2934000633015
:1035c00007006010190022a203000624252820020b
:1035d00090b5400f25200002d4ff00104400a38fb7
:1035e000040006242528200290b5400f2520000263
:1035f000ceff00104400a38f2528600219d0400f91
:10360000252000020f00423002000324f8fb43147f
:10361000ff000224a000a38ff5fb62144100a293d7
:10362000f3fb40142800222ef1fb40145800a39312
:10363000ff000224eefb6210100006245800a527ac
:10364000a7f6400f4800a427070040104800a52710
:1036500019d0400f25200002300042301000032412
:10366000e4fb4314cc00bf8f5800a52772a2400f83
:1036700025200002defb4010100006240400452433
:10368000a7f6400f25206002d9fb40142800e5264c
:10369000ffffa53076fe400f25204002d8ff3126df
:1036a000ffff31321b0020126800a0a30200062495
:1036b0009800a5272efd400f252040029900a293d7
:1036c000cbfb4010c0980200feff74269800a39325
:1036d0000200022434006214ffff94320600022428
:1036e000c3fb8216020002246800a2a30100022488
:1036f0006900a2a3060006246a00a5272efd400f3c
:103700002520400223103302ffff5130e8ff20162e
:1037100002000624100006245800a527a7f6400f33
:103720004800a42725904000010006244800a52752
:1037300059ae400f252000022b0040142588400080
:103740006800a393020002241e0062142b90120052
:103750001400beaf1000b2af040007246a00a62711
:103760004800a5277a9e400f2520000225884000aa
:10377000a0fb2012cc00bf8f020006245800a52712
:1037800059ae400f252000022b004014253820029e
:103790003800a6965800a527ccb1400f252000027e
:1037a00094fb0010cc00bf8fac00410f25204002dd
:1037b000212854005e00410f25204002d2ff001056
:1037c000231033021400beaf1000b2af0100072473
:1037d000253000004800a5277a9e400f25200002d2
:1037e000e3ff00102588400004004012010003247c
:1037f000300042900400627c300022a26800a39353
:1038000002000224dcff6214060006246a00a527d9
:10381000a7f6400f14002426d7ff40100400072409
:103820006a00a62725282002c2ab400f25200002ef
:10383000d2ff0010020006246dfb00101c0051acea
:103840006ffd4010010002241400beaf1000a2afb3
:10385000040007246a00a627252860027a9e400fec
:103860002520000266fd001025a04000100006245f
:1038700025286002029d043ca7f6400f885f84243f
:10388000ff0042303afe4010000000000500062410
:103890004800a52738be400f2520000254fb4014e5
:1038a000010006244800a52738be400f252000024d
:1038b0004ffb401025a0400001000624252860028f
:1038c00059ae400f25200002258840006800a393d0
:1038d0000100022473fe62140000000061fe201645
:1038e000040007241400beaf1000a0af6a00a62792
:1038f000252860027a9e400f252000023cfb4010e4
:1039000025884000010012241400b2af1000b2afad
:103910004800a7270400262608008526eda9400fa9
:103920002520000225984000020002246800a2a37e
:103930006900b2a33f00038a3c00039a6d00a3ab69
:103940006a00a3bb400002926e00a2a34100029253
:103950006f00a2a308000524fda6400f25206002e9
:1039600054fe401008000724030006246800a52721
:10397000ad91400f25206002240071aeb6fc400fcf
:10398000252060021bfb0010cc00bf8f4000a293db
:103990008a00432c17fb6050cc00bf8f80ff43246c
:1039a000800042380a00422c11fb4010ff006330b7
:1039b00080180300009d023ccc39422421104300b2
:1039c0000000428c0800400000000000f429009d27
:1039d000882b009df025009df025009df025009d81
:1039e000f025009db82b009d9030009dc432009db5
:0439f000f835009d09
:020000040000fa
:020000041d00dd
:1039f400a8ffbd275400bfaf5000beaf4c00b7af07
:103a04004800b6af4400b5af4000b4af3c00b3af1c
:103a14003800b2af3400b1af3000b0af25808000c1
:103a240025b0a0006400a7af6800b78f0d00b29066
:103a34000800b58c0400a28c2400a2af3e0082943e
:103a440000404330100060102588c000020042305e
:103a54000d004014790080a040f0400f00000000e9
:103a6400700003963c81848f021864706210043cd9
:103a7400d34d842419006400101800008219030037
:103a840021186200240003ae740002960442027cf2
:103a9400740002a67600029229004010010003245b
:103aa4005a004310010042322c00a2af040040101f
:103ab4002000b1af01002226ffff42302000a2af58
:103ac40002004232040040102000a28f0100422470
:103ad400ffff42302000a2af1c00028e2000148e93
:103ae4002b1854009200605423a082021800038e05
:103af4001400048e23186400231054002310620061
:103b0400ffff54305800138e2400a28f23985300d3
:103b14002800b3af2000a38fa40060502800a28f18
:103b2400a900805204005232840060062b107402f3
:103b34008d0040142000a28f850000102a18740202
:103b4400040042320f004010252800001d5a400f87
:103b5400252000025400bf8f5000be8f4c00b78f49
:103b64004800b68f4400b58f4000b48f3c00b38f3b
:103b74003800b28f3400b18f3000b08f0800e003fa
:103b84005800bd27100042320a00401025300000c2
:103b9400540015ae040005249e14400f2520000295
:103ba400252800001d5a400f25200002eaff0010be
:103bb4005400bf8f020052320f0040122400a28f23
:103bc40001004224580002ae7fab400f2520c00202
:103bd4006a0002a6c9eb400f25200002010006245a
:103be400120005249e14400f252000020200022426
:103bf400d8ff0010760002a2252800001d5a400fad
:103c040025200002d4ff00105400bf8f040042326c
:103c1400d0ff4014100051320b0020527700039261
:103c24005400138e0700751201000624540015aecb
:103c3400040005249e14400f25200002c5ff001037
:103c4400540013ae77000392020002240800625469
:103c5400020052324800138ea800410f4c00048e1b
:103c64002528400003e9400f25206002020052325b
:103c7400b8ff40122400a28f01004224580002ae73
:103c84000e00c2966e0002a6640002a67fab400f2f
:103c94002520c0026a0002a6c9eb400f25200002bd
:103ca4001d00201201000624100005249e14400f5c
:103cb4002520000203000224760002a20000e28e06
:103cc400000142340000e2ae3e0002960040423061
:103cd4000e0040503e00029640f0400f00000000ed
:103ce400700003963c81848f021864706210043c57
:103cf400d34d8424190064001018000082190300b5
:103d040021186200240003ae3e0002964408027c9f
:103d140090ff00103e0002a6120005249e14400fde
:103d240025200002020002248aff0010760002a26d
:103d3400ffff942673ff0010ffff943225106000ec
:103d44002118730006006058251000002a18740218
:103d540005006014231082022a1053000100423827
:103d64001900405004005232060042321d00401037
:103d740010004232040052320700401201000324b2
:103d84000000e28e000842340000e2ae3e000296db
:103d9400444a627c3e0002a6252800001d5a400fba
:103da400252000026cff00105400bf8fefff40502d
:103db40006004232030040042a107402ebff401450
:103dc400060042320400523262ff4016010006240b
:103dd400100005249e14400f252000025eff0010f1
:103de4005400bf8f5bff401002000224770003924f
:103df400080062547600029248001e8ea800410f0b
:103e04004c00048e2528400003e9400f2520c00300
:103e14007600029209000324210143100a00432c76
:103e24002701601008000324070043100200032444
:103e34001f004310fdff4224ff0042300400422cc7
:103e440020014050200052321000038e0800028ee0
:103e540023104300060043045400048e0400048e1f
:103e64000000058e23208500211044005400048e98
:103e74002328a4022310a2002100401804000624d1
:103e84007400058e0402a5300300a6140100052465
:103e9400160045500100842425300000100005243c
:103ea4009e14400f252000022bff00105400bf8fea
:103eb40054001e8e0700d51304000524540015aecb
:103ec400010006249e14400f2520000221ff00104b
:103ed40054001eae03000224760002a20000e28e0b
:103ee40000014234d8ff00100000e2ae540004aeda
:103ef4007400029601000424444a827c740002a6e1
:103f04005400028e0c00048e2b3064003600c01066
:103f1400232864000400038e0000048e2318640028
:103f24002310a2022110450021f062002402c05f88
:103f34000400028e3800028e5f0040500c00038e95
:103f440040f0400f000000003800038e23104300af
:103f54005800400401fa03343400028e4010020079
:103f64002b18430000fa04340a10830040f0400f79
:103f7400340002ae3400038e3c81848f02186470d6
:103f84006210043cd34d842419006400101800000e
:103f94008219030021186200380003ae1000038e5a
:103fa4000c00048e232864005400028e2310450064
:103fb4002b18640006006010540002ae0400038e47
:103fc4000000058e2318650023104300540002ae40
:103fd400100004ae3e00029601000324c439627c42
:103fe400340000103e0002a62310a20221f0450076
:103ff4009300c01b000000000400028e0000058e28
:10400400231045002b105e008d004014dc050224b3
:1040140040f0400f340002ae3400038e3c81848fa4
:10402400021864706210043cd34d842419006400a7
:10403400101800008219030021186200380003ae32
:104044003e0002964429027c3e0002a60c00048e27
:1040540021109e000c0002ae1000038e2b20640081
:104064005b0080142b20620064008010231843003e
:104074005400048e21188300540003ae100002aed5
:104084000400038e2b204300610080500000048e46
:104094007600029203000324030043100800032463
:1040a400050043540c00038e0000e28e04004234e9
:1040b4000000e2ae0c00038e0800028e170062546a
:1040c4000e00c3963e000296000143306000601467
:1040d400004042300e0040503e00029640f0400f37
:1040e40000000000700003963c81848f0218647005
:1040f4006210043cd34d842419006400101800009d
:104104008219030021186200240003ae3e000296c7
:104114004408027c3e0002a60e00c3966e0002967e
:104124002b104300010040546e0003a65400038e7c
:104134002310a3020e00c4962110440064000496c8
:1041440006008014ffff42300400401001000524e3
:104154003e0004968431a47c3e0004a6640002a6ba
:10416400760002920400042445004454060004240a
:104174001300751420005232740002960400423079
:104184000f0040100000000040f0400f000000004d
:104194003c81838f88130424021864706210043ce9
:1041a400d34d842419006400101800008219030000
:1041b40021186200300003ae05000224760002a23a
:1041c40065fe40165400bf8f480000100000000038
:1041d4000400048e0000058e23208500211864004d
:1041e4002b20620005008010231843005400048e25
:1041f40021188300540003ae100002ae0400038ea5
:104204002b204300060080541000028e0000048e10
:1042140023206400231044000c0002ae1000028e20
:104224002b2043009bff8054760002920000048ef2
:10423400231864002310430095ff0010100002ae01
:104244009dff64500c00038e3bff00103800028e6b
:104254005400028eb1ff55540e00c39674000296aa
:1042640004004230adff40500e00c3963e0002965b
:104274004408027c0442027ca7ff00103e0002a610
:10428400100044142000523232fe75142528000018
:104294001d5a400f252000022ffe00105400bf8f2e
:1042a4005400028e010042242afe551425280000e1
:1042b4001d5a400f2520000227fe00105400bf8f16
:1042c4002000523224fe40165400bf8f7600039221
:1042d400f8ff6224ff0042300200422c1efe40140c
:1042e400060002241dfe62105000be8f45002012fd
:1042f4002800a28f9400401c211033020c00c28eaf
:104304000019427c80100200231053002110c202c5
:104314001800a2af2110330225884000ffff42306d
:104324002b1082020100405425888002ffff3132a5
:104334001c00058e1800028e2118b1002b184300b2
:10434400640060100100122423104500010054246d
:10435400ffff93321000b2af253860021800a62781
:1043640053a5400f6400a48f25b0400023383302c6
:104374001000b2afffffe7301800a6271400058e27
:1043840053a5400f6400a48f2110c202ffff4230e6
:1043940023a034021400038e21a074001a002216f4
:1043a4002000a28f5800028e21105100580002ae46
:1043b4001c0014ae76000292fdff4224ff0042303e
:1043c4000300422c050040505c00028e0000e28e87
:1043d400000242340000e2ae5c00028effff0324c0
:1043e40008004310231051005c0002ae68000396dd
:1043f400211862004000610400000000ffff022455
:104404005c0002ae2000a28f110040102c00a28f8d
:1044140076000292fdff4224ff0042300300422c4a
:10442400040040543e0002961c00028e200002ae9e
:104434003e00029610004230a20040100100062403
:10444400100005249e14400f252000022c00a28f8a
:10445400c0fd40102000a38f5800028e01004224aa
:104464002400a48f21186400bafd4314010003241e
:10447400580002ae0000e28e000442340000e2aeb6
:104484003e0002968452627c3e0002a676000292ae
:1044940005000324c10043100600432c07006010ec
:1044a40004000324af004310020003249e004310c1
:1044b40003000324a400431008000224010006247e
:1044c400100005249e14400f25200002a2fd0010b8
:1044d4005400bf8f010002241000a2af253820022f
:1044e4001800a62753a5400f6400a48f1c00148e47
:1044f400aaff001021a09102c3ff401c2000a28f3c
:104504005800028e21104300580002ae1c00028e97
:10451400211043001c0002ae1800038e2b20620001
:1045240007008050ffff02241400048e2318640047
:1045340027180300211043001c0002aeffff0224d1
:10454400b0ff00105c0002ae2a108202030040108b
:104554000c00c28e23889302ffff31320019427c83
:10456400801002002110c2021800a2af1c00058ea8
:104574001800038e211033022110a2002b106200b8
:104584002d00401001000224231065000100422484
:10459400231053001b004004ffff54300100122479
:1045a4001000b2af253880021800a6272128b300d6
:1045b40053a5400f6400a48f25b040002338340273
:1045c4001000b2afffffe7301800a6271400058ed5
:1045d40053a5400f6400a48f2110c202ffff423094
:1045e40089ff22162000a28f5c00028effff0324a5
:1045f400190043542b1862025c0013ae81ff0010b3
:10460400680011a6ffff62261400048e23186400bc
:1046140023104300010003241000a3af2538200217
:104624001800a6272128a20053a5400f6400a48fd8
:10463400ebff0010000000001000a2af253820029c
:104644001800a6272128b30053a5400f6400a48fa7
:10465400e3ff0010000000000f006010212033026f
:1046640068000396212862002b28a4000800a054a7
:10467400680011a62b20820005008054680011a652
:104684002118620023187300ffff7130680011a61f
:104694005cff00105c0013ae6800039621186200f2
:1046a4002b20640058ff80502000a28f2b18730029
:1046b40054ff6014231062022110220251ff0010e3
:1046c400680002a63e000296010003240421627cd5
:1046d4003e0002a6080042305dff40142c00a28f69
:1046e4003e000296c418627c40f0400f3e0002a6d1
:1046f4003c81848f4018040021186400c018030012
:1047040021186400801803006210043cd34d8424f3
:1047140019006400101800008219030021186200b7
:104724004aff00102c0003ae09000224760002a206
:1047340001000624110005249e14400f25200002c8
:1047440005fd00105400bf8f760002a2740002968b
:1047540000014230fffc40140100062459ff001000
:10476400100005245400028e090055142530000061
:10477400100005249e14400f252000022528000067
:104784001d5a400f25200002f3fc00105400bf8f77
:104794000600022449ff0010760002a22530000022
:1047a400100005249e14400f252000022528000037
:1047b4001d5a400f25200002e7fc00105400bf8f53
:1047c4000000038e231043002b105e0010fe4050a7
:0c47d400dc050224d8fd00103800028e25
:020000040000fa
:020000041d00dd
:1047e000d0ffbd272c00beaf2800b7af2400b6af66
:1047f0002000b5af1c00b4af1800b3af1400b2afc7
:104800001000b1af0c00b0af5000888c5400968cf3
:104810000000b58c5800828c2630c2022430c800bb
:104820002630c2006ad7023c78a442344c00838c04
:1048300021106200211055002130c20042362600ae
:10484000213006010400b88c2648160124482601b0
:1048500026483601c7e8023c56b742345800838cdc
:10486000211062002110580021482201024d290028
:104870002148c9000800aa8c26100601241049000e
:10488000261048002024033cdb7063242118c30257
:1048900021186a0021104300c213220021102201b6
:1048a0000c00b08c2618c900241862002618660077
:1048b000bdc1073ceecee734213807012138f000b6
:1048c00021186700821a2300211843001000ac8cc5
:1048d000263822012438e3002638e9007cf50b3c19
:1048e000af0f6b2521588b01213066012138e6007e
:1048f000423e2700213867001400b28c2630430066
:104900002430c7002630c20087470b3c2ac66b35cf
:1049100021584b02214869012130c9000235260087
:104920002130e6001800ae8c265867002458660136
:104930002658630130a8093c134629252148c9019e
:104940002110220121586201c25b2b002158cb00ab
:104950001c00b48c2610e60024104b0026104700e3
:1049600046fd093c0195293521488902211823017a
:104970002110430082122200211062012000af8c1e
:104980002618cb0024186200261866008069093cae
:10499000d89829352148e9012138270121186700d5
:1049a000421e2300211843002400a98c26386201ee
:1049b0002438e3002638eb00448b0d3caff7ad35cf
:1049c00021682d012130a6012138e600023d270093
:1049d000213867002800b98c263043002430c700f6
:1049e0002630c200ffff0d3cb15bad2521682d03d1
:1049f0002158ab012130cb00c23326002130e60024
:104a00002c00ab8c26f0670024f0c60326f0c3030d
:104a10005c890d3cbed7ad3521686d012110a20126
:104a200021f0c20382f23e0021f0de003000b18ca2
:104a30002610e60024105e0026104700906b0d3c07
:104a40002211ad2521682d022118a3012110430058
:104a5000421622002110c2033400ad8c2618de005d
:104a6000241862002618660098fd133c9371732683
:104a70002198b3012198670221187300021d2300b9
:104a8000211843003800b38c2638c2032438e300d1
:104a90002638fe0079a6173c8e43f72621b8770208
:104aa00021b8e6022138f700c23b27002138670011
:104ab0003c00b78c263043002430c7002630c200ab
:104ac000b449053c2108a5242128e5022128be007f
:104ad0002130c500823226002130e6002628e6007b
:104ae0002428a3002628a7001ef61e3c6225de27e8
:104af00021f01e0321f0c2032128be00c22e250092
:104b00002128c5002610c5002410470026104600a5
:104b100040c01e3c40b3de3721f0de0121f0c3036c
:104b200021105e00c21522002110a2002618a2004a
:104b300024186600261865005e261e3c515ade27a2
:104b400021f07e0121f0c70321187e00821c230082
:104b500021184300263843002438e5002638e200b7
:104b6000b6e91e3caac7de3721f0be0221f0c6031b
:104b70002138fe00023b27002138670026306700fd
:104b80002430c2002630c3002fd61e3c5d10de2725
:104b900021f05e0221f0c5032130de00c23626007e
:104ba0002130e6002628e6002428a3002628a700b6
:104bb00044021e3c5314de2721f03e0321f0c203c1
:104bc0002128be00c22d25002128c5002610c500c1
:104bd0002410470026104600a1d81e3c81e6de378f
:104be00021f0fe0221f0c30321105e008214220096
:104bf0002110a2002618a2002418660026186500bd
:104c0000d3e71e3cc8fbde3721f09e0121f0c7032d
:104c100021187e00021b2300211843002638430080
:104c20002438e5002638e200e1211e3ce6cdde37df
:104c300021f03e0121f0c6032138fe00c23e2700cc
:104c400021386700263067002430c2002630c300b8
:104c500037c31e3cd607de2721f07e0221f0c503b4
:104c60002130de00c23526002130e6002628e6008d
:104c70002428a3002628a700d5f41e3c870dde2794
:104c800021f01e0221f0c2032128be00822c250043
:104c90002128c5002610c500241047002610460014
:104ca0005a451e3ced14de2721f0fe0121f0c3031e
:104cb00021105e00021322002110a2002618a2007b
:104cc0002418660026186500e3a91e3c05e9de37b6
:104cd00021f0be0121f0c70321187e00c21e23006f
:104ce00021184300263843002438e5002638e20026
:104cf000effc1e3cf8a3de3721f05e0121f0c60375
:104d00002130fe00c23526002130660026386600bc
:104d10002438e2002638e3006f671e3cd902de2704
:104d200021f09e0221f0c5032128fe00822c2500df
:104d30002128c50026f0c5002438c3032638e60024
:104d40000000a7af2a8d073c8a4ce72421382702b0
:104d50002138e2000000a28f21384700023b2700e3
:104d60002138a700faff023c4239422421104202b6
:104d70002110430026f0c70321105e000217220015
:104d80002110e2002618a7002618620071871e3c39
:104d900081f6de3721f0fe0121f0c60321307e00ce
:104da00042352600213046002618e200261866000b
:104db0009d6d1e3c2261de2721f07e0121f0c5039e
:104dc00021287e00022c25002128c5002618460037
:104dd00026186500e5fd1e3c0c38de2721f07e021a
:104de00021f0c70321187e00421a23002118a300d6
:104df0002638c5002638e300bea41e3c44eade3750
:104e000021f01e0321f0c2032110fe000217220030
:104e1000211062002638a3002638e200de4b1e3c3b
:104e2000a9cfde3721f09e0121f0c6032138fe0014
:104e3000423d270021384700263062002630c70057
:104e4000bbf61e3c604bde2721f09e0221f0c5031d
:104e50002130de00023426002130e60026284700fb
:104e60002628a600bfbe1e3c70bcde3721f03e03e4
:104e700021f0c3032128be00422a25002128c500b5
:104e800026f0e60026f0c5039b28033cc67e63247b
:104e90002118a3012118620021f0c30302f73e008c
:104ea00021f0be002618c50026187e00a1ea023cab
:104eb000fa2742242110a202211047002118620083
:104ec000421d23002118c3032610be0026104300f4
:104ed000efd4073c8530e724213807022138e6006b
:104ee0002110470002142200211062002638c3035b
:104ef0002638e2008804063c051dc6242130c60180
:104f00002130c5002138e600423a27002138470009
:104f1000263062002630c700d4d9053c39d0a534ec
:104f2000212825012128be002130c5000237260096
:104f30002130e600262847002628a600dbe61e3c96
:104f4000e599de3721f03e0221f0c3032128be009f
:104f5000422d25002128c50026f0e60026f0c503d5
:104f6000a21f033cf87c63242118e302211862008d
:104f700021f0c30302f43e0021f0be002618c50054
:104f800026187e00acc4023c655642242110420122
:104f90002110470021186200421a23002118c30380
:104fa000271005002510430026105e0029f4073c59
:104fb0004422e72421a8a70221a8a6022110550017
:104fc000821622002110620027301e002530c20008
:104fd0002630c3002a43073c97ffe73421a087020d
:104fe00021a0850221a0d40082a5340021a0540074
:104ff000272803002528b4002628a20094ab063ced
:10500000a723c6242198660221987e022198b30026
:10501000429c330021989302272802002528b300e0
:105020002628b40093fc063c39a0c63421904602e1
:10503000219043022128b200c22a250021286502be
:10504000273814002538e5002638f3005b65033c5b
:10505000c359632421882302218822022138f100c8
:10506000823e27002138a700273013002530c700d3
:105070002630c5000c8f023c92cc423421800202c3
:10508000218014022130d000823526002130e60034
:10509000271805002518660026186700efff023c58
:1050a0007df4423421c8220321c83303211879003a
:1050b000421c23002118c3002710070025104300bd
:1050c000261046008485193cd15d392721c019037b
:1050d00021c0050321105800c212220021106200d5
:1050e000272806002528a2002628a300a86f183c20
:1050f0004f7e18272178f8012178e7012128af0099
:10510000822e250021284500273803002538e50098
:105110002638e2002cfe0f3ce0e6ef3521b8ef0226
:1051200021b8e6022138f700823d27002138a70088
:10513000273002002530c7002630c50001a30f3cf0
:105140001443ef252170cf012170c3012130ce001f
:10515000423426002130e600271805002518660095
:1051600026186700084e0e3ca111ce252168ae011d
:105170002168a20121186d00c21a23002118c30062
:1051800027100700251043002610460053f70d3c5a
:10519000827ead2521608d012160850121104c00aa
:1051a0008216220021106200272806002528a2006e
:1051b0002628a3003abd0c3c35f28c3521586c01f1
:1051c000215867012128ab00822d25002138450098
:1051d000272803002528a7002628a200d72a0b3c51
:1051e000bbd26b3521504b01215046012128aa002a
:1051f000422c25002128e5004c00868c2130c2007d
:105200004c0086ac271002002510450026104700f0
:1052100086eb063c91d3c634214826012148230160
:1052200021104900c21222002140050121404800fe
:10523000500088ac21b0c502540096ac5800828c56
:1052400021104700580082ac251000002c00be8fb2
:105250002800b78f2400b68f2000b58f1c00b48fb4
:105260001800b38f1400b28f1000b18f0c00b08ff4
:085270000800e0033000bd2737
:020000040000fa
:020000041d00dd
:10527800a8ffbd275400bfaf5000b7af4c00b6af72
:105288004800b5af4400b4af4000b3af3c00b2af84
:105298003800b1af3400b0af2580800025a0a00051
:1052a80077008290010003241900431025a8c0004c
:1052b8000200032411014314feff1224f8ef400feb
:1052c800252000004c00128ed801401225284000ed
:1052d8000d00429220004230d40140140100032402
:1052e8000d0042924429627c0d0042a24c00118eae
:1052f80001f2400f252000004d022012000000009e
:10530800f2cf400f25202002d20100100100823286
:10531800f8ef400f252000004c00038ebf016010fd
:10532800252840002000628c08004430bb0180140e
:1053380008004234200062ac01f2400f4c00118e8c
:105348001c0020162000073c0600e7240400062461
:10535800140005244ce0400f780004243f0240105c
:1053680025884000029d023c90fb4224080022aea2
:105378000c0030ae01000224700022a6580022a6bc
:105388002000228e08004234200022aef8ef400fa1
:1053980025200000252840004c00028e01004050c6
:1053a8004c0011ae01f2400f25200000a9010010a9
:1053b80001008232560020a6540020a6480020aee4
:1053c8006e0020a66c0020a6600020ae1000228e81
:1053d800000040ac1000228e9d0100100c0040a47b
:1053e8000800038e1000028e0b0262106a001796e6
:1053f8006400029635004010259000007700029264
:10540800010003248101431402000324b000410f6a
:105418000000000077000492020003240a00835071
:105428000800128e080040540800128e6c00029684
:10543800ffff43302b18e302010060542510e002ff
:10544800ffff57300800128e1000068e2b10d20076
:10545800b60040500400078e64000296239046026e
:105468002b1842020a9043002b10f202050040104c
:10547800010003243e000296c439627c3e0002a665
:105488002590e0021400a0af1000a0afffff473244
:105498002528200259c1400f252000021000028e45
:1054a80021105200100002ae3e0002960001423068
:1054b800060040100000000064000296030052102d
:1054c800000000000100f25601009436c0014012ad
:1054d800ffff56326400029623105600ffff423049
:1054e800080094360100b5320e00a012640002a62e
:1054f800780000a23c81838f4011030023104300f1
:105508008010020021104300c01002006210033c0a
:10551800d34d6324190043001010000082110200cb
:10552800500002ae40f0400f000000005000038e13
:1055380021186200240003ae3e00029601000324f5
:105548004408627c3e0002a662000296000062a641
:1055580060000296020062a65400028e040062ae49
:105568005800028e080062ae0c0062920418027c99
:105578000c0062a20d0074a2120060a6100060a6c2
:105588005400028e21105200540002ae02008232f2
:105598000e00401025a800001000823202004010c2
:1055a800251800000800638e080063ae7400029698
:1055b800080042309f0040505400028e0400628e62
:1055c800ffff4224040062ae040015240100823269
:1055d8000400401001000324740002968410627cc9
:1055e800740002a610008232040040100100032457
:1055f800740002960442627c740002a61c00038eaa
:105608002000028e2b206200920080542310430059
:105618001800048e1400058e2320850023186200cc
:1056280023108300ffff42300e0062a6660002a628
:1056380090dd400f252060020c00628e0019427c2c
:10564800050042240c0063920439437c0c0063a2d9
:105658007700039202000224030062140600052466
:10566800c2ef400f25202002770002920100032498
:105678007b00431002000324630143140000000070
:105688004555400f2520200227900200c29712009e
:105698001100c052ffff52263800028e0d00401440
:1056a800dc05022440f0400f340002ae3400038ec3
:1056b8003c81848f021864706210043cd34d8424aa
:1056c80019006400101800008219030021186200f4
:1056d800380003aeffff5226b60040120400943291
:1056e800770003920100022405006214251040028d
:1056f8002000228ec418027c200022ae2510400211
:105708005400bf8f5000b78f4c00b68f4800b58f3c
:105718004400b48f4000b38f3c00b28f3800b18f83
:105728003400b08f0800e0035800bd272338e60096
:105738000000038e219047022390430264000296e2
:105748002b2052000b9044002b10f2020500401051
:10575800010004243e000296c439827c3e0002a661
:105768002590e0022b10f2000a384202140047127a
:1057780023104702ffff42301400a2af1000a3af6e
:10578800ffffe7302528200259c1400f25200002dd
:105798001000028e21105200100002ae0400038e89
:1057a8002b20430041ff80543e0002960000048ee7
:1057b80023186400231043003bff0010100002aec2
:1057c8001400a0af1000a0afffffe730252820028b
:1057d80059c1400f25200002eeff00101000028e74
:1057e800fe00001025b000000200423056ff4010b5
:1057f800259000000100b5320800a0160000000046
:105808007800029205004010ffff4224780002a2af
:105818005000028e42100200500002ae40f0400fcd
:10582800259000005000038e2118620046ff0010ea
:10583800240003ae01004224540002ae7400029614
:1058480001000324c418627c740002a65fff0010e4
:1058580004001524ffff422473ff0010ffff4230ad
:105868004000028e8aff40102590000039df400f6b
:105878002520000286ff4010259040001400b52620
:105888004400028e380022ae4000028e3c0022ae58
:105898004800028e400022ae1000238e0c00629455
:1058a8002110a2020c0062a41c00338e100060a616
:1058b8004800028e8000429001004230250040548a
:1058c800850002923800228e1c00a2af3c00228e76
:1058d8002000a2af2400a0a3060002242500a2a352
:1058e8002120b602ed67400fffff84302600a2a7f3
:1058f800253000000c000524f567400f1c00a42784
:1059080027300200ffffc6302528a002f567400fa8
:1059180025206002273802001d00c012ffffe73073
:105928001000238e1000629408004234100062a414
:105938002530c0025000258e0aa0400f25202002e5
:1059480027380200ffffe73027380700100067a656
:10595800850002922900a2a3860002922800a2a331
:105968002a00a0a32130b6022800a727ffffc630cf
:1059780006000524f86b400f25202002000020ae09
:1059880046fd400f2520200241ff001025904000d1
:105998001000238e10006294c418027ceaff0010e5
:1059a800100062a44eff0010feff12244cff0010ee
:1059b800fdff122452ff801225104002f8ef400f1d
:1059c800252000007c00138e8000148e7a0011962a
:1059d8002528400001f2400f2520000047ff6012f3
:1059e8000800313245ff20122538800208000624bd
:1059f8004800058e09f860023c00048640ff00104c
:105a080025104002b7fe0010259000008efe43507e
:105a18000800128e86fe00106c00029601f2400ffc
:105a28002520000048fe00102000073c01f2400f2e
:105a38002520000005d5400f2520000287004010d2
:105a4800258840007f0040564c00058e4c0011ae62
:105a58000100823205004010010003243e00029636
:105a68000442627c3e0002a6fe0094323e0002968a
:105a78008410027cc418027c0421027c8431027cdc
:105a8800c439027c4429027c3e0002a677000392b6
:105a98000200022406006254259800007dfe400f93
:105aa80025202002bfff4010259840007700039270
:105ab80001000224010062501c00338e0c00629227
:105ac8000439027c0c0062a20600823244fe4010b7
:105ad8000200823242ff4010020002241800a2a3f2
:105ae800040002241900a2a37700049202000324f0
:105af8000600831425100000d1e6400f4800048eec
:105b0800ecff4224ffff4230770004920100032497
:105b18000d008314a018027c4800028e0500401472
:105b28000000000039df400f25200002ecfe401085
:105b3800fcff12248cfb400f4800048eecff42242b
:105b4800ffff4230a018027c1a00a3a76c0002a62f
:105b58000c00628e0019427c010042240c00639202
:105b68000439437c0c0063a27700039202000224ec
:105b78000c00621404000524fda6400f2520200215
:105b88000400422cd6fe4014fdff12240400072412
:105b9800030006241800a527ad91400f25202002f8
:105ba8007700039201000224030062141800a28ff8
:105bb800170062aa140062ba5400028e040040144e
:105bc80025b000005774400f25200002540002ae93
:105bd800030082328bff4054640002960200a23216
:105be80001ff40503e0002967900029201004224d3
:105bf800790002a25400028effff4224540002ae34
:105c080051fe001001001224b5fec012ffff12243d
:105c1800a1fe0010259000003e0016960001d63225
:105c2800ebffc0122590000024fe001064000296cd
:105c380005d5400f252000020800401025884000a7
:105c48004c00058e5573400f2520200281ff40141b
:105c580001008232dff1400f25202002a7fe00104c
:045c6800fdff122406
:020000040000fa
:020000041d00dd
:105c6c0000a0023c80234224510244140000000096
:105c7c00b0ffbd274c00bfaf4800b6af4400b5af76
:105c8c004000b4af3c00b3af3800b2af3400b1af9a
:105c9c003000b0af9880838fffff62240200422c4b
:105cac000d004010bc80828f170040149480828fae
:105cbc0009f840001000a4270800401c4c00bf8fbe
:105ccc000f0040141000a48f03008050988080af08
:105cdc00922e400f000000004c00bf8f4800b68f82
:105cec004400b58f4000b48f3c00b38f3800b28fa6
:105cfc003400b18f3000b08f0800e0035000bd2796
:105d0c00f5ff0010988080af010002243600621469
:105d1c001480838fffff022433006214049d063c21
:105d2c00a8bbc62425280000b8fa400f050004249f
:105d3c00ffff032403024310148082af23f2400fb1
:105d4c00020014248020020021208200e703842416
:105d5c006210033cd34d6324190083001020000013
:105d6c0082210400401904002318640080180300e9
:105d7c0021186400c01803001b006200f4014000ed
:105d8c001288000025902002a48091af00a0103c46
:105d9c000821102600a0133c682373260000028ef5
:105dac0009004050100010260a0006860500c0109d
:105dbc0025280002b6f2400f25208002dc0140109d
:105dcc004c01222610001026f4ff13160100942615
:105ddc004c0122261b005200f4014002121000005c
:105dec0002105170a08082af00a0023c802342942c
:105dfc00f3004010bc80908f2588000000a0123c5e
:105e0c00802353266c00048e18008050010031262c
:105e1c004400028e1800428c09f84000000000007b
:105e2c0042000296004042301000405001003126e2
:105e3c004400028e1400428c09f840006c00048e61
:105e4c003a0041040300072404000624252800021c
:105e5c0037bc400f2520600242000296010003244b
:105e6c00c47b627c420002a601003126802344964a
:105e7c002a102402e3ff40148c0010269880838f94
:105e8c0001000224d800621400000000d000801829
:105e9c00bc80918f25282002258000002510000051
:105eac0000040724010006244200a394000c68306f
:105ebc00460007152046037c87ff01054000633030
:105ecc0002006010041846002580030201004224e1
:105edc00f5ff82148c00a52401000224041082001a
:105eec00ffff4224ba00501000a0023c80234294d1
:105efc0039004014ffff0224b800410f988082af94
:105f0c0076ff40504c00bf8fb600410f00000000e0
:105f1c0025300002009d053c2c05a524d7c8400f58
:105f2c00252040006dff00104c00bf8f02000324a1
:105f3c00cdff4314dc0502241000a0af1400a0af69
:105f4c001800a0af1c00a0af2400a0af2800a0af89
:105f5c002c00a0af2000a2af4400028e4000428c67
:105f6c001000a52709f840007000048e1000a28fc5
:105f7c003f0002aa3c0002ba1400a293400002a205
:105f8c001500a293410002a21800a38f2b18030046
:105f9c0042000296446b627c420002a62000a38f52
:105fac007e0003a62800a38f800003a22400a38fe9
:105fbc00810003a2010003248431627c8473027c7f
:105fcc00c47b627ca8ff0010420002a604184600a5
:105fdc00beff001025800302259000004040153cb8
:105fec0000a0133c802374264000228e2410550000
:105ffc000500401003000724040006242528200275
:10600c0037bc400f25208002010052268023629667
:10601c002a104202f4ff40148c003126b6ff001007
:10602c00ffff02244d014224a08082af00a0023c5d
:10603c00802342945d004010bc80908f2588000026
:10604c000100132400a0123c420002964000423092
:10605c000e004050010031264400028e2400428c78
:10606c0009f840007000048e820003920100633036
:10607c000600431001003126820003924408637e1f
:10608c008410437c0400437c820003a2802342964c
:10609c002a102202ecff40148c0010267c00001009
:1060ac00010012242800b0ac253000007dcf400f39
:1060bc00010004244400028e3400428c2530000080
:1060cc002528000009f840007000048ef5ff4014ec
:1060dc0025284000a880828f01004224a88082af2e
:1060ec0095000010420002961400028eed67400fde
:1060fc000c00449425980000039d113c2cbe3126c5
:10610c00040003240000249618008214253000009b
:10611c002000028e04ac027c200002ae0400238e10
:10612c0025106200200002ae252800027dcf400f12
:10613c000200249610004010010002240410620298
:10614c00241856008d0060142530000025b0c202c2
:10615c000200249600210400010005248ce1400f6c
:10616c00212084028500001000000000010073262d
:10617c00e4ff63160800312601000624f3ff052412
:10618c00dae1400f252000027c0000100000000026
:10619c000c0002a625300000020005248ce1400f03
:1061ac0025200002bb00001010001026b480828f46
:1061bc00a50040100100122438000010000000005f
:1061cc009880838f010002240700621400000000f5
:1061dc0002000224988082af009d053cfc04a5249b
:1061ec0071df400f2520000031e0400f252000001a
:1061fc00b080828f0600401400000000b480828fb3
:10620c009c80838f25104300b4fe40104c00bf8f40
:10621c00b080828f1e00401025900000b08080afaf
:10622c006400410f000000004fdc400f258040004f
:10623c00258860002590400025300002253800009c
:10624c0025204000304f400f25286000908082af01
:10625c006210023cd34d422419000202103000009f
:10626c00823106002538000025204002304f400fb7
:10627c00252820028c8082afa080828fa480838fff
:10628c002310430067ff401801001224a08082af46
:10629c00b480828f4800401000a0023cb48080afd4
:1062ac0000a0023c802342942f00401025a0000047
:1062bc00bc80908f00a0153c4200029640004230fa
:1062cc0025004050010094267a0011964400028e5d
:1062dc005400428c09f840007000048e258822027c
:1062ec00f8ef400f01000424ffff3332271813008e
:1062fc007a000496241864007a0003a6252840002e
:10630c0001f2400f010004247c00029625986202e1
:10631c007c0013a64400028e5000428c25282002db
:10632c0009f840007000048e1600313262ff2056ce
:10633c004400028e4200029600204230060040507b
:10634c00010094264400028e3800428c09f840006b
:10635c007000048e010094268023a2962a108202db
:10636c00d5ff40148c00102625b0000000a0153c71
:10637c006420b52600a0143ce8209426c7f5400ff5
:10638c002520a00258ff401425804000f8ef400f54
:10639c000100042400a0033ce8206324180064944a
:1063ac000400047c180064a42528400001f2400f6e
:1063bc000100042400a0023c8023429420004010e1
:1063cc00bc80908f2588000000a0133c42000296f0
:1063dc004000423016004050010031267c000396ec
:1063ec00860662300500405082000292ac80828f9b
:1063fc0001004224ac8082af820002920200443041
:10640c000900801004004230020040100010653476
:10641c0000086534820002924408027c820002a2c9
:10642c00c1b2400f252000027c0000a601003126dd
:10643c00802362962a102202e4ff40148c0010265e
:10644c002100401200a0103c00a0103c0821102696
:10645c0000a0113c682331260000028e0d00405034
:10646c00100010260a0004860a0080501000102626
:10647c000c000296a480838f23104300ffff43304f
:10648c002016027c42ff4058211064000c0002a62a
:10649c0010001026f1ff11560000028ef8ef400f8d
:1064ac000100042400a0033ce82063240800649449
:1064bc004408047c080064a42528400001f2400f25
:1064cc000100042400a0103c0821102600a0113c5f
:1064dc0068233126f8ef400f252000000000128eb3
:1064ec00080013962528400001f2400f25200000db
:1064fc00050040121000102603006012000000007e
:10650c0009f8400200000000f2ff11169c80828ff7
:10651c00f1fd4010253000000001052400a0043cd2
:10652c0096f2400ff8208424ecfd00104c00bf8f35
:10653c001b005200f40140021210000002105170b6
:10654c00a08082afb800410f00000000080040108e
:10655c0000000000b600410f0000000005000624fa
:10656c00009d053c8c04a524d7c8400f2520400075
:10657c009ba5400f00000000ffff0224b800410f54
:10658c00988082afd5fd40504c00bf8fb600410fb4
:10659c0000000000ffff0624009d053cbc04a52460
:1065ac00d7c8400f25204000ccfd00104c00bf8ff9
:0865bc000800e00300000000ec
:020000040000fa
:020000041d00dd
:1065c400b0ffbd274c00bfaf4800beaf4400b7af1b
:1065d4004000b6af3c00b5af3800b4af3400b3af41
:1065e4003000b2af2c00b1af2800b0af8c81828fe5
:1065f4009500401825900000030014240100132482
:10660400fff5400f25204002258840009ff7400fea
:10661400252040001c00508c160000520100522618
:106624009558400f25200002070054100400432809
:10663400330060500300028a2a004050ac81828fec
:106644002f0053540300028aac81828fffff42243f
:10665400ac8182af07000624252800029990400fe0
:106664002520200225804000edff001600000000d8
:10667400010052268c81828f2a184202e0ff6014a6
:10668400000000007000401825a0000025900000c4
:10669400029d153c029d133c685f7326fff5400f75
:1066a4002520400225804000a081918f218834025a
:1066b4000400229201000324140043100200032466
:1066c400a400431000000000010052268c81828f38
:1066d4002a104202f1ff40140c0094265a000010c4
:1066e40000000000ffff4224ac8182af2528000295
:1066f4006ed5400f25202002dbff001025804000ce
:106704000000029ad8ff001025804000480002963d
:10671400004042300500405025b0600206f3400faf
:1067240025200002e8ff401025b040000800258e17
:106734000500a010020003242600a2900f0042309e
:1067440063004310010002249ff7400f252000023c
:106754000400458c080025ae1800a0140200032490
:106764002530c002885fa5260cd4400f25200002e6
:10677400b6fc400f2520400005002292010042246f
:1067840040f0400f050022a223f2400f2580400074
:106794008018020021107000000022ae02000224c2
:1067a400c9ff0010040022a20300a2880000a298de
:1067b40025284000eaff4010080022ae2600a290df
:1067c4000f004230f8ff4314010002241000a2a37a
:1067d4001100a2a33f00028a3c00029a1500a2ab5a
:1067e4001200a2bb400002921600a2a34100029232
:1067f4001700a2a32530c0020800a5240cd4400f22
:1068040025200002100040102580400008000524c7
:10681400fda6400f252000020900401008000724af
:10682400030006241000a527ad91400f2520000287
:10683400b6fc400f25200002d0ff00100500229274
:10684400dff1400f2520000240f0400f000000005f
:1068540025904000a88180af8c81828f88004018e9
:1068640025980000009d153cfff5400f252060028f
:10687400258840009ff7400f252040003c00508ca5
:106884007a00001225a04000b868b6261a000292c9
:106894000700422c58004010251000021a000292f2
:1068a400801002002110c2020000428c0800400047
:1068b40000000000d869009d906e009de86c009d6a
:1068c400386a009d9869009d5c6b009d846b009df7
:1068d4001000a2a31100a2a33f00028a3c00029a66
:1068e4001500a2ab1200a2bb400002921600a2a3a4
:1068f400410002921700a2a32530c0020800a5247b
:106904000cd4400f25200002cfff4010258040000a
:1069140008000524fda6400f252040000900401072
:1069240008000724030006241000a527ad91400f9a
:1069340025200002b6fc400f252000028fff001026
:1069440005002292dff1400f25200002beff001057
:106954000000000040f0400f000000000000238e03
:106964002310430058ff401803000224050023921b
:106974000600621401000224040020a2a481828f74
:10698400ffff422450ff0010a48182af4eff00108d
:10699400040022a22800028e590040142000172669
:1069a4002c00028e2e004010231042022d0040586d
:1069b4000000108e30000292010042302800401482
:1069c40025280002d5ad400f252020020a00001022
:1069d40000000000300002924408027c300002a251
:1069e400200017262800028e0700401425280002e4
:1069f400d5ad400f252020021a0050500000108e03
:106a04001800001025804000c7f5400f2520e00243
:106a1400252040001400428cf3ff40502800028ed1
:106a24001c00868c09f8400025280000eeff0010a9
:106a34002800028e300002920400423029004014e3
:106a4400200017261c00028e231042022a00401840
:106a5400040006242528000290b5400f25202002ba
:106a64000000108e8aff00561a000292010073265d
:106a74008c81828f2a1062027bff40140000000088
:106a84004c00bf8f4800be8f4400b78f4000b68fc4
:106a94003c00b58f3800b48f3400b38f3000b28f10
:106aa4002c00b18f2800b08f0800e0035000bd27f0
:106ab4004e71400f2000048eeaff40500000108efb
:106ac400c7f5400f2520e002252040001400428c29
:106ad400050040502800028e1c00868c09f84000f6
:106ae400010005242800028ef1ff4014000000007c
:106af400dcff00100000108efaff001020001726a3
:106b04004e71400f2000048ea6ff40502c00028ed0
:106b1400c7f5400f2520e002252040001400428cd8
:106b240005004010050006241c00868c09f840006e
:106b340001000524050006242528000290b5400f15
:106b4400252020022800028eedff401400000000e2
:106b540094ff00102c00028ea881828f0100422431
:106b6400a88182af1c00028e23104202bcff401891
:106b7400060006242528000290b5400f2520200297
:106b8400a881828f0100422440f0400fa88182af87
:106b94001c00038e23104300b2ff40580000108ee7
:106ba4001b0002920300422c4a00401025280002d8
:106bb4003400028e060040103c0006260400052620
:106bc4007a94400f252020020b0040140100032476
:106bd40025300000040005267a94400f2520200269
:106be400050040140100032440f0400f00000000a1
:106bf4009bff00101c0002ae2000a3a32100a3a34e
:106c04003f00238a3c00239a2500a3ab2200a3bba8
:106c1400400023922600a3a3410023922700a3a3ac
:106c2400040006262538c00008004524c6c0400fcd
:106c3400252020020500401425b8400040f0400ff4
:106c44000000000086ff00101c0002ae08000524ae
:106c5400fda6400f252040001a004010080007241c
:106c6400030006242000a527ad91400f2520e00253
:106c74002400f0aeb6fc400f2520e0021b00029277
:106c84000100422440f0400f1b0002a225f0400006
:106c94009ff7400f2520200223f2400f3000578c2d
:106ca40002b8e2726210023cd34d42241900e2029f
:106cb40010b8000082b9170021b8fe0268ff001066
:106cc4001c0017aedff1400f2520e00265ff001025
:106cd4000000108ed5ad400f2520200246ff001085
:106ce400000000001c00028e231042025cff4018ca
:106cf400030002241b0003920500621425280002ed
:106d0400d5ad400f252020023bff001000000000fd
:106d1400ffff02241000a2a3020003241100a3a376
:106d24001200a0a31300a0a31400a0a31500a0a305
:106d34001600a0a31700a0a31800a0a31900a0a3e5
:106d44001a00a0a3010003241b00a3a31c00a2a3f8
:106d5400110002921d00a2a3120002921e00a2a31f
:106d6400130002921f00a2a33400028e06004010fa
:106d74003c000626040005267a94400f25202002b4
:106d84000d004054340002ae2530000004000526f6
:106d94007a94400f2520200206004014253000007c
:106da4002528000290b5400f252020022dff001059
:106db4000000108e340002ae010003242000a3a3bf
:106dc4002100a3a33f00238a3c00239a2500a3ab00
:106dd4002200a3bb400023922600a3a341002392d8
:106de4002700a3a3040007261000a62708004524b3
:106df400c6c0400f252020020500401425b84000dd
:106e040040f0400f0000000015ff00101c0002ae0f
:106e140008000524fda6400f25204000170040105f
:106e240008000724030006242000a527ad91400f85
:106e34002520e002b6fc400f2520e0021b00029250
:106e44000100422440f0400f1b0002a225f0400044
:106e540023f2400f3000978e02b8e2726210023cb7
:106e6400d34d42241900e20210b8000082b9170081
:106e740021b8fe02fafe00101c0017aedff1400f2d
:106e84002520e002f7fe00100000108edafe00104c
:046e940025100002c3
:020000040000fa
:020000041d00dd
:106e9800b8febd274401bfaf4001beaf3c01b7af4c
:106ea8003801b6af3401b5af3001b4af2c01b3af80
:106eb8002801b2af2401b1af2001b0af2580800016
:106ec8002598a0002590c0000400918c039d023ce9
:106ed80068d442241800a327200044240000488cca
:106ee8000400478c0800468c0c00458c000068acf8
:106ef800040067ac080066ac0c0065ac10004224c6
:106f0800f6ff4414100063240000448c0400428cf3
:106f1800000064ac040062ac0200622a1200401057
:106f2800009d053c0000028e0000428c0409a52447
:106f380009f84000252020024401bf8f4001be8f80
:106f48003c01b78f3801b68f3401b58f3001b48f4b
:106f58002c01b38f2801b28f2401b18f2001b08f8b
:106f68000800e0034801bd270400558e1800b62725
:106f780025a00000050017240000c58e05fb400f62
:106f88002520a0021d00401404000324c0a0140002
:106f980021a0b4031c00828e8f0043100500432cef
:106fa800190060100300032420004310010003248b
:106fb8000d014310020003241300431402000224ad
:106fc8004a016212009d053c0000028e0000428cbe
:106fd800880ca52409f84000252020020000028e14
:106fe8000000428c009d053c9c0ca52409f840003b
:106ff80025202002d1ff00104401bf8f01009426f4
:10700800ddff97160800d6260000028e0400428c89
:107018002530a002009d053ce00da52409f840009c
:1070280025202002c5ff00104401bf8f0300622afb
:1070380010004010009d053c0000028e0400428ca8
:107048000000468e2c09a52409f8400025202002be
:107058000000028e0400428c0000468e009d053c14
:107068006409a52409f8400025202002b3ff001078
:107078004401bf8f07d7400f0800448e0900401411
:1070880025a040000000028e0000428c009d053cb7
:107098007809a52409f8400025202002a7ff001040
:1070a8004401bf8f0400558e02000624009d053c54
:1070b8008c09a524a7f6400f2520a0022100401422
:1070c800020006240400732a0e006016252800001a
:1070d8000c00538e009d053c9009a52405fb400f2c
:1070e800252060020700401001000524009d053c92
:1070f8009809a52405fb400f252060020100452cb6
:107108004028050026fd400f25208002009d063cf2
:10711800d808c624009d073ce008e7242500401055
:10712800009d053c0000028e0400428c0000468e43
:10713800c009a52409f84000252020027fff00107f
:107148004401bf8f009d053ca009a524a7f6400f68
:107158002520a0020f0040140400732a06006016c0
:1071680025280000009d053ca409a52405fb400f27
:107178000c00448e0100452c28c1400f25208002b8
:10718800009d063ce808c624009d073ce3ff00106c
:10719800f008e7240000028e0000428c009d053ca8
:1071a800ac09a52409f840002520200263ff00103f
:1071b8004401bf8f0000028e0400428c0000478efd
:1071c800009d053cc809a52409f840002520200297
:1071d8005aff00104401bf8f0400022420006212ed
:1071e800009d053c0000028e0000428cdc09a524ad
:1071f80009f84000252020020000028e0000428c81
:10720800009d053c040aa52409f840002520200219
:107218000000028e0000428c009d053c340aa52423
:1072280009f84000252020020000028e0000428c50
:10723800009d053c640aa52409f840002520200289
:107248000000028e0000428c009d053c9c0aa5248b
:1072580009f840002520200238ff00104401bf8fa4
:10726800f080828f08004010009d053c0000028ecf
:107278000000428cd80aa52409f8400025202002e5
:107288002eff00104401bf8f0800538e009d053c5f
:107298000c0ba52405fb400f25206002220040109e
:1072a800009d053c100ba52405fb400f252060021e
:1072b8002c004010009d053c140ba52405fb400f35
:1072c8002520600229004010009d053c1c0ba524c8
:1072d80005fb400f2520600226004010009d053c5c
:1072e800240ba52405fb400f252060022300401035
:1072f800009d053c280ba52405fb400f25206002b6
:1073080020004010253060020000028e0400428cec
:10731800009d053c2c0ba52409f8400025202002df
:1073280006ff00104401bf8f01000224208082afb5
:107338000c00538efafa400f252060024100422cbf
:1073480012004014009d053c0000028e0000428c93
:107358005c0ba52409f8400025202002f7fe001048
:107368004401bf8ff1ff001001000224efff00105d
:107378001c000224edff00101c000224ebff00108b
:10738800ff000224e9ff0010ff0002242528600204
:1073980000a0113cdcfb400f242a24260400028ea6
:1073a800e88082af0000028e0400428c0800478efd
:1073b800242a2626009d053c880ba52409f84000b0
:1073c8002520000208000224f08082aff88090afe8
:1073d800c8000624f480858fb6f2400f20000424ec
:1073e800d6fe00104401bf8f03000224140062126d
:1073f800009d053c0000028e0000428cb80ba524bd
:1074080009f84000252020020000028e0000428c6e
:10741800009d053cdc0ba52409f84000252020022e
:107428000000028e0000428c009d053c140ca5242f
:1074380009f8400025202002c0fe00104401bf8f3b
:107448000800528e08004016009d053c0000028e80
:107458000000428cac09a52409f840002520200230
:10746800b6fe00104401bf8f009d053c440ca524c6
:1074780005fb400f252040020500401400000000d5
:107488009fd2400f00000000acfe00104401bf8fe7
:1074980043e5400f25204002faff03240b00431068
:1074a800ffff0324a4fe4314253040020000028e8f
:1074b8000400428c009d053c480ca52409f84000b6
:1074c800252020029dfe00104401bf8f0000028e7f
:1074d8000000428c009d053c700ca52409f8400072
:1074e8002520200295fe00104401bf8f4000a227ee
:1074f8008400a2af410002248800a2afe000a227c6
:107508008c00a2af050002249000a2af0801a227b8
:107518009400a2af010002249800a2afc1e8400f76
:10752800f400a42709004010259840000000028eae
:107538000000428c009d053ccc0ca52409f84000b5
:10754800252020027dfe00104401bf8f1bfe400f46
:10755800f400a48f0300401425904000009d123cc5
:10756800fc0852261bfe400ff800a48f03004014ad
:1075780025384000009d073cfc08e7240000028ee7
:107588000400428c25304002009d053ce40ca524f3
:1075980009f84000252020020000028e0401a3976c
:1075a8001400a3af0201a3971000a3af0400428cfc
:1075b8000001a797fc00a68f009d053c100da5248f
:1075c80009f840002520200225a00000009d173c56
:1075d800009d163c009d023c7c0d42241801a2af80
:1075e800009d153c25286002cb70400f8400a4271d
:1075f8003c004014259040000000028e0400428c9c
:10760800a000a78f4000a627500de52609f84000e6
:1076180025202002ac00a28f140040189800a28fe9
:1076280025a04002700dbe26801014002c000624f0
:10763800b400a5278c00a48fe8d3400f2120820036
:107648000000028e0400428cb400a6272528c0033f
:1076580009f840002520200201009426ac00a28fe2
:107668002a108202f0ff40149800a28f14004018dc
:10767800b000a28f130040580000028e00111200c3
:107688002c000624b400a5279400a48f3c98400f32
:10769800212082000000028e0400428cb400a6273c
:1076a8001801a58f09f84000252020020100522664
:1076b800b000a28f2a104202f1ff401400111200fc
:1076c8000000028e0400428c25300000880dc5267b
:1076d80009f840002520200201001424c1ff0010f1
:1076e800010073260200422cfcff4014fcff022418
:1076f800bcff4212010073260ffe8016009d053c58
:107708000000028e0000428cc00da52409f840003c
:0c7718002520200209fe00104401bf8f54
:020000040000fa
:020000041d00dd
:1077240080ffbd278c00a7af0000a28c6c00b5af12
:107734002400a2af0800a28c0400d58c2800a2afbc
:107744001000a28c6000b2af4800a2af0000c28c4f
:107754005c00b1af1c00a2af1c00a38f0400b28c6c
:107764000c00b18c8000a4af8400a5af25300000cc
:1077740025380000252060002528a0027c00bfaf2a
:107784007800beaf7400b7af7000b6af6800b4af96
:107794006400b3af3296400f5800b0af0f004004fe
:1077a4000080023c2400a28f040042300d004014eb
:1077b4002b0002242400a28f080042302000a2af34
:1077c4002800a28f1800a2af2000a28f0c00401046
:1077d4001c00a38f030000102000022426a85500db
:1077e4002d000224000022a22800a28fffff4224c1
:1077f4001800a2af010002242000a2af1c00a38f36
:107804002600601400f0a27ef07f033c24004314a1
:10781400f07f043c2000a28f212022028c00a28f42
:10782400bfff42241a00422c1a004010009d053c60
:10783400009d053cc024a524dcfb400f0000000093
:10784400fafa400f252020022400a38f2800a78fd6
:107854008000a48f1000a3af25282002d3b0400fce
:10786400253040007c00bf8f7800be8f7400b78f36
:107874007000b68f6c00b58f6800b48f6400b38f4e
:107884006000b28f5c00b18f5800b08f0800e00335
:107894008000bd27e8ff0010c424a524f07f043c29
:1078a400010083242b184300050060502000a28fa0
:1078b4000e0044141c00a28f0c0040102000a28f64
:1078c400212022028c00a28fbfff42241a00422ce6
:1078d40004004050009d053c009d053cd6ff00106f
:1078e400c824a524d4ff0010cc24a5241c00a38ff5
:1078f400253000002520600025380000da95400f6f
:107904002528a002049d173c049d033ca88af38efd
:10791400ac8af68e2c00a3affc0040142580000036
:10792400d8fe400f8c00a48f20f4027c97014006ff
:10793400670002240b00c21725a0c00301004052b7
:1079440001001224fcff022a1000401465001424d4
:107954002a1012020e0040101c00ab8f0c0001060e
:1079640066001424660002240800821601005226d0
:107974000400010667000224a88af38eac8af68efe
:10798400258000000100c257219050021c00ab8fdb
:107994002548600225b8c0023000b5af255000006c
:1079a4003000ad8f25206001253020012538e0020c
:1079b4002528a0015400aaaf3800abafac35400f66
:1079c4004c00a9af2520400043a7400f25286000a4
:1079d4003000ad8f4c00a98f3800ac8f4000a2afaf
:1079e4000080083c4400a3af26100d014000a48f82
:1079f4004400a58f253020012538e0021000acafeb
:107a04001400a2afd527400f5000a9af0080083c56
:107a14003800a2af4c00a2af261003013000a2af81
:107a24002c00a28f5000a98fd08a468cd48a478c10
:107a340025202001ac35400f2528e0025400aa8ff0
:107a44004c00ab8f01004a2525484000d4ff4a165c
:107a540025b86000049d023cd88a468cdc8a478c99
:107a6400252020016c54400f25286000254040004b
:107a74003800a48f3000a28f2530800025384000c4
:107a8400252000012528600025b86000da95400f04
:107a94004c00a8afc800401c3000a28f4c00a88f37
:107aa4003800a48f25384000253080002528e002c6
:107ab40025200001da95400f3000a8af08004014db
:107ac4003000a88f4000a48f8ed0400f4400a58fb3
:107ad40001004230b9004010254000003000a88f5a
:107ae4001c00a38f253000012538e0022528a002c0
:107af400e23c400f252060001c00a2af3800a2af7a
:107b04002c00a28f25206002d08a468cd48a478c10
:107b14002528c00225b860006c54400f3000a3af84
:107b24003800ab8f2538e002253060012520400065
:107b34002528600025a840003296400f3000a3afee
:107b4400a000401c660002243000a98f9f0082160a
:107b54000100102601005226255000022310520174
:107b64002000b38f3000a2af25b0000025900000a4
:107b74003000a28f07004211255860028400a28fb2
:107b84001000428cfbff42242b106202930040142d
:107b94001c00a38f070040162400a28f100042305f
:107ba4000400401021582b022e00022401007326e9
:107bb400000062a121203302650002242300821602
:107bc400000080a003000106252800002380100087
:107bd400010005244800a28f02001224ffff422462
:107be40021182202000060a00a000624d500001615
:107bf40000000000d300401e2b0003242d000624a7
:107c04000b18c50021282202ffffa3a08c00a38f1c
:107c140045000524bfff6324feff42241a00632ca1
:107c24000ba0a3002a9862022128220203006012fa
:107c34000000b4a0dcfb400f000000001800a28f7d
:107c440021104202fcff42241800a2af2400a28f9c
:107c54000200032403004230f9fe43141800a28feb
:107c6400f7fe401800000000fafa400f2520200219
:107c74002000a38f2a184300bc0060101800a68fb0
:107c84002000a28f30000524d2fb400f21202202c5
:107c9400ebfe00102800a0af010010262598c003b9
:107ca40025b080023000a68f3400a78f2520600203
:107cb4006c54400f2528c0021c00a88f25304000ba
:107cc40025386000252000012528a00225f0400069
:107cd4003296400f25a06000efff4104049d023c52
:107ce400bc8a438cb88a428c3400a3af3000a2af64
:107cf4002c00a28f25f00000d48a438cd08a428cb9
:107d04003c00a3af220000103800a2af049d023c47
:107d1400d48a438cd08a428c3400a3afe1ff001094
:107d24003000a2af130040103800a68f1100c01716
:107d34001c00a38f3000a68f3400a78f2528a00233
:107d44006c54400f252060003000a68f3400a78fac
:107d5400252060022528c0021c00a2af6c54400fed
:107d640025a8600025b060002598400001001e246d
:107d74003800a68f3c00a78f25206002ac35400f49
:107d84002528c00225b0600025984000ffff10267a
:107d94001c00a38f253060022538c0022520600016
:107da4003296400f2528a002deff4204d4fe022aa8
:107db400dbfe0010000000002540000048ff00101a
:107dc40025b8000025a860022548c0026500823a53
:107dd4002550000261ff00100a50020025382001de
:107de4002530a002252060002528e0025000abaf1a
:107df4004c00aaafac35400f4400a9af2520400089
:107e040043a7400f25286000252040002528600056
:107e14003800a3af8ed0400f4000a2af0a00442820
:107e2400090003240b1844002400a28f3800a78ff4
:107e340010004230251043004000ad8f4400a98f4c
:107e44004c00aa8f210040145000ab8f670002241d
:107e54001e00c217000000001c00410500000000c5
:107e64000100d6261c00a38f00800b3c261077014e
:107e74002530a0012520a002252820011000a3af51
:107e84001400a2af4000aaafd527400f3800a9af15
:107e94001c00a2af2c00a28f3800a98fd08a468c78
:107ea400d48a478c00800b3c2520a0022528200181
:107eb400ac35400f26b863014000aa8f2548600006
:107ec40025a840002aff0010ffff4a250b0040169a
:107ed400212036020900410521582b021800a28fe7
:107ee400ffff42241800a2af2e00022401007326d3
:107ef400000062a101001224212036022110330265
:107f040021209300020000103000052401004224c7
:107f1400feff4454000045a01800a28f2120d30284
:107f240023b05600ffffc2260100932430006324cf
:107f340021202402000083a01800a2afc9ff001072
:107f440025b000001a000602f401c000ffff42241d
:107f540021382202ffff5226101800001280000070
:107f64003000632421ff00100000e3a02118220246
:107f7400000064801800a38f2118620021182302d6
:107f8400000064a03aff0010ffff42246dfec213fc
:0c7f94000600122473fe001025a0c0039c
:020000040000fa
:020000041d00dd
:107fa00080ffbd277c00bfaf7800beaf7400b7afc5
:107fb0007000b6af6c00b5af6800b4af6400b3af8b
:107fc0006000b2af5c00b1af5800b0af0f00052445
:107fd0002dda400f0a0004242590400001004230b1
:107fe0000800405002005232f2ff1324f6ff14241e
:107ff0008ce3400f0a000424520040142580400006
:1080000002005232440040127c00bf8f4c81828fac
:10801000410040102590000025100000019d143cf7
:108020006210133cd34d7326801002005c81838f55
:10803000211062000000508c3100005201005226d5
:10804000760003920b0002242c006210c000033c57
:108050003c00028e241043001601401025880000c9
:108060003c00168ec005d67e100011243e000296fc
:1080700004004230090040503e00029640f0400f9c
:10808000000000002800038e231043000000422857
:10809000100003240a8862003e0002960800423065
:1080a000070040507600039240f0400f00000000af
:1080b0002c00038e23104300c30141047600039279
:1080c00005000224fd0062140000000040f0400f93
:1080d000000000003000038e23104300f70040042e
:1080e00001000624140005249e14400f25200002e0
:1080f000252800001d5a400f2520000201005226ad
:108100002096127c4c81838f2b184302c6ff60148b
:10811000251040027c00bf8f7800be8f7400b78f9f
:108120007000b68f6c00b58f6800b48f6400b38f99
:108130006000b28f5c00b18f5800b08f0800e00380
:108140008000bd272c0015961400a22e5600401466
:10815000252860021c00168e0c00c28e0019427c7d
:108160000500432c50006014801002002a10a20267
:108170004e0040140a0006242000028e4004437c76
:1081800053006014000242304800a0af1b004014ae
:108190001800118e0c00228e2000a2af1000228e3b
:1081a0002400a2af2800a0a3060002242900a2a355
:1081b000ed67400f2520a0022a00a2a7253000006d
:1081c0000c000524f567400f2000a427273002008b
:1081d0002000028e0400423038004010ffffc630fd
:1081e0002538c0002530a0022528c0020aa0400f73
:1081f000252000022c0040142528800290dd400f2d
:108200002520c0020c00d78e0019f77e010007243c
:10821000100026260c0025260063400f25200002b2
:108220002588400020004010f1ff052480b8170089
:108230001000038e0c006294231057000c0062a4ff
:108240002330b7024800a2271000a2af2538000251
:10825000ffffc6302528c0027d0e400f25202002da
:10826000f8ef400f252000007c00358e8000368e10
:108270007a0037962528400001f2400f25200000a3
:108280004800a28f2430e2020700c010020005243b
:108290000500a0122538c0022800058e09f8a002aa
:1082a0003c002486020005240a000624dae1400f7f
:1082b000252000024eff0010000000002528a0022b
:1082c000f567400f2520c002caff00100000000023
:1082d0004800a0af4c00a6275000a527f0f1400fa2
:1082e00025200002f0ff4010252860022c00119686
:1082f0001c00168e2000028e000242302d00401419
:108300002800158e4c00a38f030066880000669835
:1083100007006588040065980b006488080064986d
:108320000f0062880c0062982000a6af2400a5af61
:108330002800a4af2c00a2af5000a38f03006688d2
:108340000000669807006588040065980b00648843
:10835000080064980f0062880c0062983000a6af95
:108360003400a5af3800a4af3c00a2afed67400fca
:10837000252020024000a2af4400a0a74600a0a3f1
:10838000060002244700a2a325300000280005248f
:10839000f567400f2000a42727300200ffffc630fa
:1083a00025282002f567400f2520c002beff40149b
:1083b0002528800290dd400f2520c0020c00de8eb3
:1083c0000019de7f020007245000a68f4c00a58f05
:1083d0000063400f252000021200401425b8400021
:1083e0002800048e32000296211022022800422426
:1083f000ffff42301c00a2af1800a0af0100022412
:108400001400a2af040002241000a2af4c00a78ffa
:108410005000a68f58a0400f25280002a2ff001090
:10842000f1ff05241000048e80101e00ecff422492
:10843000fc0042300c008394ecff6324231862009c
:108440000c0083a4ecff26262330c2004800a2279c
:108450001000a2af25380002ffffc6302528c00259
:108460007d0e400f2520e002f8ef400f2520000090
:108470007c00f18e8000f68e7a00fe962528400062
:1084800001f2400f252000004800a28f2430c203d3
:1084900085ffc0100200052483ff20122538c0028a
:1084a0002528a00209f820023c00e4867eff001087
:1084b00002000524edfe001025b000000600205249
:1084c0003e0002960100c63a100005249e14400f9b
:1084d000252000023e000296020043303400601462
:1084e0000040423006ff40500100522676000392c1
:1084f0000300022402ff62540100522640f0400fa4
:10850000000000002400038e23104300fcfe420400
:108510000100522679000392840002921500621431
:10852000010005243c00118e0004317e2294400f8e
:10853000252000023e000296010003240400627c14
:108540003e0002a600100624252800008ac1400f24
:1085500025200002eafe2056010052263e00029627
:108560000400027c3e0002a60a000224e3fe001082
:10857000760002a202000624100005249e14400f7b
:108580002520000240f0400f0100522670000396a3
:108590003c81848f02186470190073001018000069
:1085a0008219030021186200d5fe0010240003aeda
:1085b00040f0400f000000002400038e2310430011
:1085c000cffe420401005226760002920a00432c9c
:1085d0004c00601080200200ec8583262118640086
:1085e0000000638c08006000000000000487009d0c
:1085f0001486009d6086009d8c86009db086009d3f
:108600000487009dcc86009d0487009d0487009d03
:10861000e886009d780002920400422c0e0040146f
:108620000200112404000224780002a23c81838ffe
:10863000401103002310430080100200211043006a
:10864000c010020019005300101000008211020037
:1086500000110200500002ae2e00001025a80000fc
:10866000780003920300632c51006014140004246a
:108670003e00039601006330010015240aa80300a0
:108680000b10830021000010258840007800029222
:108690000500422cf0ff4054100011240400022475
:1086a000760002a211000224f6ff001025a80000a7
:1086b000780002920500422ce7ff4054110011247b
:1086c00014000224efff001001001524780002922c
:1086d0000500422ce0ff4054100011241400022435
:1086e000e8ff001001001524780002920500422cda
:1086f000d9ff40541100112414000224e1ff00109e
:10870000010015247dfe201225a800002300c012c0
:10871000010006247800029201004224780002a29f
:108720005000028e40100200500002ae1000038e76
:108730000c00048e231064002b18640006006010e7
:10874000ffff42300400038e0000058e23186500f1
:1087500021104300ffff42305400038e23186200b3
:10876000540003ae6400039621104300640002a687
:10877000100004ae25300000252820029e14400f72
:10878000252000025dfea012252800001d5a400f82
:10879000252000025afe0010010052262528200242
:1087a0009e14400f25200002f6ff0010000000007c
:1087b000a9ff001012001124a7ff001011001124be
:1087c000a5ff001011001124050002243dff6214d2
:1087d0001000112440f0400f000000003000038e14
:1087e0002310430037ff4004010006243efe001022
:0487f0001400052448
:020000040000fa
:020000041d00dd
:1087f4000000a28c78ffbd272000a2af0400a28c49
:108804008000beaf2800a2af0800a28c0400de8c5a
:108814007000b4af0000d48c2400a2af1000a28c6e
:108824006400b1af6000b0af8800a4af0c00b08c9e
:108834002588e0002530000025380000252080022e
:108844002528c0038400bfaf7c00b7af7800b6af63
:108854007400b5af6c00b3af6800b2af3296400f8e
:108864004000a2af0e0040042000a28f040042305a
:108874000e0040142b0002242000a28f0800423076
:108884001800a2af2400a28f3800a2af1800a28f54
:108894000c0040102000022405000010000002a279
:1088a4000080023c26f05e002d000224000002a29b
:1088b4002400a28fffff42243800a2af010002244b
:1088c4001800a2afbfff232600f0c27f2500801648
:1088d4002c00a3aff07f033c230043141800a38fa4
:1088e4001800a28f009d113c212002022c00a28faf
:1088f4001a00422c03004010c4242526009d053c88
:10890400c024a524dcfb400f00000000c42424265e
:10891400fafa400f000000002000a38f2400a78f64
:108924008800a48f1000a3af25280002d3b0400f05
:10893400253040008400bf8f8000be8f7c00b78f3d
:108944007800b68f7400b58f7000b48f6c00b38f4d
:108954006800b28f6400b18f6000b08f0800e0033c
:108964008800bd271800a38ff07f053c2c00a48f3e
:1089740021b003020100a3242b184300050060105a
:108984001a00842c0c004514300002240b008012c1
:1089940078000324009d113c03008010cc2425267c
:1089a400009d053cc824a524dcfb400f2520c00203
:1089b400d7ff0010cc242426780003240000c2a290
:1089c400580002240a1064002530000025380000f5
:1089d400252080022528c003da95400f25a84000f1
:1089e400049d033ca88a778cac8a718c03014014e3
:1089f4001c00a0af2800a28f2800a48f00004228ea
:108a0400180003240a188200010062240100d5a280
:108a14003c00a3af5400a2af25b0e00225a8200279
:108a24004400b4af4800beaf259800004400a88fae
:108a34004800b28f252000012530c0022538a0024d
:108a440025284002ac35400f3000a8af2520400057
:108a540043a7400f25286000252040002530c00290
:108a64002538a002252860004c00a2af6c54400faa
:108a74005000a3af3000a88f252840022520000114
:108a840025304000e03c400f253860004400a2af90
:108a940025904000049d023cc08a468cc48a478cc1
:108aa4002520c0022528a0023000a3af4800a3afb0
:108ab4006c54400f5800a2af25b040002800a28f8c
:108ac40025a8600009004104010073263000a28f2c
:108ad400253000002538000025204002da95400f9b
:108ae4002528400006004010049d023c5400a28f3b
:108af400ceff62163c00a28f01005324049d023c69
:108b0400c88a468ccc8a478c2520c0026c54400ffe
:108b14002528a00225b04000253040003000a28f57
:108b24002538600025204002252840003296400f59
:108b340025a86000f00040043000a28f2530c00258
:108b44002538a00225204002da95400f2528400050
:108b5400060040144c00a48f8ed0400f5000a58f07
:108b640001004230e500405025b000001800a28ffb
:108b740025208002020042242530c0022538a002ac
:108b84002528c003e23c400f1800a2af25a06000d6
:108b94003000a2af0400401400f0637cf07f023c7c
:108ba40050ff62101800a28f3800a28f1800a38f04
:108bb400feff56244000a28ffbff42243c00a2afdc
:108bc4002b1062000c014010231013004800a2afc8
:108bd400259860002560600025f000003800a0aff3
:108be400259000003000a38f2530e00225382002b4
:108bf4002520600025288002ac35400f4c00acaf26
:108c04002520400043a7400f252860002520400070
:108c14002528600025a860008ed0400f4400a2af34
:108c2400b80040144c00ac8fb70040123800a38f3a
:108c34000100de274400a48f2530e00225382002fd
:108c44006c54400f2528a002253860003000a38f03
:108c54002528800225304000e03c400f252060009c
:108c64003000a2af5800a28f2520e002c08a468cb3
:108c7400c48a478c252820026c54400f25a060002c
:108c840025b840004800a28fffff522625886000c7
:108c940005004212256060023c00a28f2b10620284
:108ca400d1ff40143000a38f3800a28f1500401468
:108cb4001c00a28fd100c01b2800a28fcf00401837
:108cc4002000a28f01004230cc0040142e00032467
:108cd40021101302000043a02118d303211803021a
:108ce40030000424010044a001004224fdff62146a
:108cf40021407e0227481e000100132521b03601c1
:108d04001c00a28f21201302000080a00400410453
:108d140025280000231002001c00a2af0100052436
:108d24004000a28f01001124ffff422421180202f7
:108d3400000060a0010007240a0006241c00a38f81
:108d44009c006054ffff4224980027122b00032448
:108d54002d0006240b18c50021280202ffffa3a042
:108d64002c00a38f500005241a00662cfeff422419
:108d7400700003240b18a600212802022a106202a4
:108d8400030040100000a3a0dcfb400f0000000023
:108d94002000a28f02000324030042301000431479
:108da400ffffca2621885101feff3226d8fe401a51
:108db40025200002fafa400f252000021800a38f94
:108dc4002a18430085006010253040021800a28f45
:108dd40030000524d2fb400f212002022400a0af62
:108de400cbfe0010252000021c00a28f25b86002d3
:108df400010042241c00a2af258840022530e00275
:108e0400253820022520e002e23c400f25282002dc
:108e14002530400025386000252080022528c00325
:108e2400259060003296400f25984000eeff4104e3
:108e3400049d023cb08a528cb48a538c049d023c3b
:108e4400bc8a438cb88a428c3400a3af3000a2aff2
:108e54002530e00225382002252080023296400f7a
:108e64002528c003e3fe4104253040022538600272
:108e74002520e0026c54400f2528200225204000c4
:108e84002530000025380000da95400f25286000c1
:108e94000e0040143000a68f3400a78f2520e00276
:108ea4006c54400f252820023000a68f3400a78f71
:108eb400252080022528c003258860006c54400fbb
:108ec40025b8400025a0400025f060002520e002e0
:108ed40025282002253040026c54400f25386002ba
:108ee40025b840001c00a28f25886000ffff4224a3
:108ef400d7ff00101c00a2af25b000001bff00101c
:108f040025a800003800a38f0a00601421201e0247
:108f14000800401221600c022e000324000083a1eb
:108f24000100032401007326ffffd6263800a3aff7
:108f340021201e0221181302212093000200001098
:108f44003000052401006324feff6454000065a082
:108f54000a004328020060105700442430004424cf
:108f64002c00a28f1a00422c0800401020008234ea
:108f74009fff42241a00422c0500401021107e025b
:108f8400dffe400f000000002520400021107e027b
:108f94002348de020100532421100202000044a0f1
:108fa400ffff362523ff001025f000001c00a38fcf
:108fb400ffff42241a006600f401c00021480202a7
:108fc400ffff31261018000030006324000023a1a5
:108fd4001218000059ff00101c00a3af2118020250
:108fe400000064802118220221180302feff64a0fd
:108ff40072ff0010ffff42241800b38f2000a28fdd
:10900400100042303eff4010211013022e000324b2
:0c901400000043a03aff0010010073268a
:020000040000fa
:020000041d00dd
:1090200020febd27dc01bfafd801b4afd401b3af80
:10903000d001b2afcc01b1afc801b0afd48092873c
:109040005ee6400f252040024e0040104801a52753
:109050006c01a0af9001a0af5c62400f25204002e0
:109060009001b38fe080918f6cff400f252060024c
:109070004080020021800202c08010002180020294
:1090800080801000218030026c01a28f280002ae87
:10909000d48091879c01a0a32c0006249c01a527c5
:1090a000ff85400f252020029c01a393020002248b
:1090b00025006214c000062425280000ff85400f0b
:1090c00025202002c00003241f0043143801062479
:1090d0001000a527ff85400f25202002258840008d
:1090e0000400422c1800401404000624039d053c93
:1090f000340ca524a7f6400f1000a427120040143a
:10910000fcff31260300312e0f0020161500a3931b
:10911000010002240c0062141600a293060003242e
:1091200011004310060005240700432c06006010c0
:10913000020003240c004310020005240500032450
:10914000090043100400052432080724039d063c4f
:10915000800bc624009d053c9c06a524e2d4400f4c
:10916000252000000b0005242800078e7c01a68f17
:109170005372400f25206002252800006bda400f53
:10918000252040025800410f000000005c004018fc
:109190002598400025900000019d143c7c92942667
:1091a000fff5400f25204002520040102588400066
:1091b00042004294400042304e004010e080908fc8
:1091c0006cff400f25202002401802002118620089
:1091d000c0180300211062008010020021800202ea
:1091e00060000392010062304300405001005226ab
:1091f0005e000296feff4224ffff42300700422c31
:109200001400401020006330130060505e0002968e
:109210002000028e100040505e0002969800410f20
:10922000000000002000038e231043005800039626
:109230002b10430007004014010006240100052400
:10924000b0d8400f25202002600002924429027c01
:10925000600002a25e0002960e00422c26004050e2
:10926000010052265e000296801002002110820248
:109270000000428c0800400000000000f492009db5
:10928000b492009d2893009d8c93009d1094009da6
:109290007094009dd094009d2c95009d5c95009d40
:1092a0007095009d9495009d2096009d8896009d48
:1092b0001497009d64fb400f252020020d004010f4
:1092c000020004245c0003960400641004000224dd
:1092d000030063380a0002240b1083005e0002a61c
:1092e0005000048e0400805001005226a2c7400f97
:1092f0000100052401005226a9ff7216000000009b
:10930000acf1400fd4808487dc01bf8fd801b48fcb
:10931000d401b38fd001b28fcc01b18fc801b08f0f
:109320000800e003e001bd2725280000b6aa400f91
:1093300025200002610000a2600002924408027c25
:109340008410027c600002a2300000ae03000724fb
:1093500001000624252820021c56400f252000026b
:10936000e4ff4010253800002530000001000524ee
:109370005372400f252020020ee2400f25200002ec
:1093800003000224dbff00105e0002a62528200255
:10939000939b400f252000020a000324130043146e
:1093a0000000000040f0400f000000000400038ea9
:1093b000231043000000038e2b104300cdff401408
:1093c000010006240200052473d1400f252000026d
:1093d0002538000025300000070005245372400f97
:1093e00025202002c4ff001001005226c1ff4010ba
:1093f0000100042460000392c418837c600003a26f
:1094000002000324bbff4314040002245e0002a6f2
:109410005c00029602004238030003240100072486
:109420000b38620003000624252820021c56400f3a
:1094300025200002b0ff4010010052269800410f85
:1094400000000000080002ae2538000025300000b2
:10945000030005245372400f252020020ee2400f26
:109460002520000205000224a3ff00105e0002a6d2
:1094700025282002939b400f252000020a00032488
:109480009dff43540100522640f0400f00000000b1
:109490000400038e231043000000038e2b104300b2
:1094a00094ff4014010006240200052473d1400fec
:1094b0002520000225380000253000000700052483
:1094c0005372400f252020028bff0010010052260e
:1094d0003400028e1000a2af253000001000a52736
:1094e00073aa400f25202002ac0040141000a527cd
:1094f0009a00410f000000000400038e2310430077
:109500005a0003962b1043007aff401425282002ae
:109510005291400f252000021000a5274ec5400f94
:109520002520200274ff0010010052269800410ff0
:10953000000000000400038e231043000a00422ca8
:109540006cff4014253000000200052473d1400f49
:109550002520000268ff0010010052262528200265
:109560005291400f2520000263ff00100100522697
:109570009800410f000000000800038e23104300f4
:109580001000038e2b1043005aff40140a000224df
:109590005e0002a6253800000900062425282002c6
:1095a0001c56400f2520000253ff40100100522698
:1095b0009800410f000000000c0002ae25380000aa
:1095c00025300000090005245372400f2520200299
:1095d000600002928410027c600002a21400028edd
:1095e0000800038e211043001000038e2310430057
:1095f0000c00038e23104300421802007800422c16
:109600003c0004240b1882009800410f1c0003ae9c
:10961000040002ae0b00022437ff00105e0002a619
:1096200025282002939b400f252000020a000324d6
:1096300031ff4354010052269800410f0000000002
:109640000800038e231043001400038e2b104300e8
:10965000030040140c00022426ff00105e0002a646
:109660009800410f000000000400038e2310430007
:109670001c00038e2b1043001eff40140a0002241e
:109680001cff00105e0002a601000724090006244a
:10969000252820021c56400f2520000216ff4010ee
:1096a000010052269800410f000000000c0002ae9d
:1096b00025380000253000000a0005245372400fb1
:1096c00025202002600002928410027c600002a229
:1096d0001800038e0800028e211862001400028e0a
:1096e000231862000c00028e23186200421003004f
:1096f0007800632c3c0004240b1083009800410f79
:109700001c0002ae040002ae0d000224fafe00109e
:109710005e0002a625282002939b400f2520000210
:109720000a000324f4fe4354010052269800410f1e
:10973000000000000800038e231043001800038e71
:109740002b1043000b0040142530000002000524bc
:1097500073d1400f2520000225380000253000007d
:10976000070005245372400f25202002e2fe00105e
:10977000010052269800410f000000000400038ef3
:10978000231043001c00038e2b104300d9fe40140d
:109790000c000224d7fe00105e0002a64ec5400f4a
:1097a0002520200203000724040006242528200287
:1097b0001c56400f25200002070002249800410f8c
:1097c0005e0002a6040002ae25380000253000002d
:1097d000050005245372400f25202002c6fe00100c
:0497e000010052260c
:020000040000fa
:020000041d00dd
:1097e400a8febd275401bfaf5001beaf4c01b7afb7
:1097f4004801b6af4401b5af4001b4af3c01b3afcb
:109804003801b2af3401b1af3001b0aff881828f0b
:10981400740040140482828fcb014014fd8186932e
:10982400fd818527039d043cf1b9400fe46684243f
:1098340010004014f48182930f0040140482908f2e
:10984400b800410f000000000200422c0800401440
:1098540001000224b600410f00000000009d053cf9
:109864001020a524d7c8400f252040000100022461
:10987400f48182a30482908f5b0000120100022411
:10988400009d023cf400a2af009d023ce400a2afa4
:10989400009d023cf800a2af039d023cfc00a2af75
:1098a400039d023c0001a2af00a0023c0401a2af50
:1098b40000a0023c0801a2af009d023ce800a2af58
:1098c400009d023c0c01a2af009d023c1001a2af1e
:1098d400009d023c1401a2af009d023c1801a2affe
:1098e400009d023c1c01a2af009d023c2001a2afde
:1098f400009d023c2401a2af039d023c2801a2afbb
:10990400039d023c40675e242c01beaf0000128e12
:109914000400118e0c00428e09f84000252020021c
:109924002e0040500800108e1000428e09f84000ae
:10993400252020021000038637006010259840007f
:1099440021100302120053a001007124208e117c07
:109954000300022410002216100011a6150000a214
:109964002801a28ff866522412001326030006244d
:109974000000458eacf0400f2520600270014010bd
:109984002c01a28f0c005226f9ff42160300062474
:1099940011000010100000a60300222a0f004054fa
:1099a4000800108e0c00128e0800428e0b00225606
:1099b4000800108e0000458e05fb400f120004269f
:1099c40004004014252840020400428e09f8400097
:1099d40025200002100000a60800108eccff0056bf
:1099e4000000128e010002245401bf8f5001be8f6b
:1099f4004c01b78f4801b68f4401b58f4001b48f35
:109a04003c01b38f3801b28f3401b18f3001b08f74
:109a14000800e0035801bd270d0002240300621270
:109a24000a000224b90062160800022420001e263f
:109a34001c00028e07005e141001a38f0000428eea
:109a4400381e652409f8400025202002e3ff001099
:109a54000800108e0000428ef400a38fd41d6524ec
:109a640009f84000252020021c00028e000040a0be
:109a740018001eae1c001eaec000a0afc400a0aff4
:109a8400c800a0afcc00a0afd000a0afd400a0af5e
:109a9400d800a0afdc00a0af0400148ee000b4af87
:109aa400510006242528c003e6fb400f6c00a427c0
:109ab40008000624c000a52758a8400f6c00a4275e
:109ac4000e004014259840000000028e0000428cd5
:109ad4000c01a38f3420652409f84000252080025e
:109ae4000000428ee400a38fd420652409f84000ce
:109af40025202002b9ff00100800108e7c00405879
:109b04000000028ecc00038ed000148e2300745407
:109b14000400828ecc0000aed00000ae51000624ba
:109b24002528c003e6fb400f08008426cc00028ee3
:109b340020004054000082aecc0014aed00014ae1d
:109b4400000094ae040094aed40000aec000b68f02
:109b5400fc00a28fc06657240001a28fe46654243f
:109b64000000e58e05fb400f2520c0021f004014b5
:109b74000900622a16004014080006240000028e20
:109b84000400428ce800a38f6c20652409f840008f
:109b9400e000a48fd3ff00100000428ed00002ae7c
:109ba400000043accc00028ed000038edbff00101b
:109bb400040043acd000028e040082ae000054ac1a
:109bc400cc00028e040054acdfff0010cc0014aeb5
:109bd4000400e28ec000a6272528600209f8400090
:109be40025200002bfff00100000428e0c00f72663
:109bf400dbfff4160401a28fd40354240801a28fbe
:109c040094044224f000a2af0400968e3400c052a3
:109c1400180094261000958e1100a01251000624fd
:109c24002528c003e6fb400f1800a4271400828ee9
:109c34001000a2af510007241800a627252800020f
:109c440009f8a0022520c002a5ff4014080006243c
:109c5400c000a52758a8400f1800a4272598400045
:109c64000900622a09004014080006240000028e3c
:109c74000400428ce800a38f6c20652409f840009e
:109c8400e000a48f97ff00100000428e0000968e23
:109c94001200c0120400958ec000a28fec00a2af87
:109ca40025b800000000a58e05fb400fec00a48f32
:109cb40007004014c000a6270400a28e25286002d5
:109cc40009f840002520000286ff00100000428ea3
:109cd4000100f726f3fff6160c00b52618009426ab
:109ce400f000a28fc9ff82560400968e0000028ef7
:109cf4000000428cf800a38fa420652409f84000da
:109d0400e000a48f77ff00100000428e2e00621640
:109d1400200002261800038e2b1043002fff405012
:109d24000800108e1c00078e2b1067001a004010cc
:109d34002510600000004490ffff44a0010042246d
:109d4400fdffe254000044901800028effff4224fd
:109d5400180002ae1c00028effff44241c0004ae57
:109d6400ffff40a0710013262338e3001800068e7d
:109d74002401a28fd8204524fafb400f252060023d
:109d84000000428e2528600209f8400025202002a8
:109d940012ff00100800108e0000428e2001a38fd5
:109da400e420652409f84000252020021800028ed2
:109db400ffff4224180002ae1c00028effff422463
:109dc40005ff00101c0002ae7f0002241f00621673
:109dd4001b0002241c00038e1800028e2b2043005b
:109de400fefe80500800108e010044240700641019
:109df400233864002118470001004490000044a067
:109e040001004224fdff4354010044901c00028ed3
:109e1400ffff43241c0003aeffff40a07100132684
:109e24001800068e1c01a28fec204524fafb400f7b
:109e3400252060020000428e2528600209f84000b7
:109e440025202002e5fe00100800108e0500625651
:109e54001c00028e120002a201000224defe001089
:109e6400100002a620001426231854005000632872
:109e7400260060500000428e1800038e210043101b
:109e84002338430023184700ffff4490000044a0f8
:109e9400ffff4224fdff6254ffff44901c00028e2a
:109ea400010043241c0003ae010040a01800068eec
:109eb4000100c6241801a28ff8204524fafb400fa4
:109ec40072000426710013a20000428e7100052660
:109ed40009f84000252020021800028e000053a03b
:109ee4001800028e01004224180002ae1c00038eea
:109ef4002b186200b8fe60541c0002aeb7fe0010be
:109f04000800108eefff0010720000a21401a38f4e
:109f14000021652409f8400025202002180014ae11
:109f24001c0014ae0000428ee400a38fd4206524ec
:109f340009f8400025202002a8fe00100800108e19
:109f440098fe00100c0012ae4dfe00100482908f9b
:020000040000fa
:020000041d00dd
:109f540070ffbd27a000a28f4800a4af4000a2afad
:109f6400a400a28f5000a6af5400a7af25308000f4
:109f74002538a0003000a4274400a2af8c00bfaf56
:109f84004c00a5af7400b3af6c00b1af8800beaf96
:109f94008400b7af8000b6af7c00b5af7800b4af33
:109fa4007000b2af07cf400f6800b0af5000a68f6b
:109fb4005400a78f2000a42707cf400f3800b38f89
:109fc4004000a68f4400a78f1000a42707cf400f9e
:109fd4002800b18fcb03622a03004010cb03222a4e
:109fe4000e0040141800aa8f5000a68f5400a78fab
:109ff4004800a48f6c54400f4c00a58f4000a48fe0
:10a004004400a58f25304000e23c400f2538600015
:10a014004000a2af060000104400a3afcb034229c6
:10a0240011004014cb030224f0ff42155000a68f08
:10a034008c00bf8f4000a28f4400a38f8800be8f86
:10a044008400b78f8000b68f7c00b58f7800b48f02
:10a054007400b38f7000b28f6c00b18f6800b08f42
:10a064000800e0039000bd273000a28f2000a48fd9
:10a074002400a68f190044003400a78f1068000044
:10a0840012600000190046002188330212100000fb
:10a09400101800001900e400239851011220000058
:10a0a400102800001900e600217844002bf0e2019a
:10a0b400122000002110650021f0c2032180ed016f
:10a0c40021f09e00102800002b380d022b10c40331
:10a0d4002138c703211045002bf0fe001000b78f74
:10a0e4001400b48f257080012590e0007700601a79
:10a0f40021f0c2034000622a490040102520e002fa
:10a10400252880022530600248f5400f6400acaf7a
:10a11400400006242520e002252880022330d300b5
:10a124006000a2af39f5400f5800a3af5800b88fb4
:10a134006000aa8f6400ae8f25b8400025a060009f
:10a144002c00a28f3c00b38f269862021c00a28fc1
:10a15400810053142178100321704e012b58ca0139
:10a1640021b06f012b10d80225a8c00106004014ad
:10a1740001001924030016172b50ca0103004015cf
:10a184002168f20225c800002168f2022b48b701b9
:10a1940021189e0221682d03214823012bc8b901ef
:10a1a40021c829032520a001252820034400adafa0
:10a1b40009e1400f4000b9afffff522440000624dc
:10a1c4002330d2002520a00239f5400f2528c002f3
:10a1d4004400ad8f4000b98f2520a001252820031d
:10a1e400253040022580400048f5400f25a060003e
:10a1f400253040022520a0022528c0022580020225
:10a2040048f5400f25a08302251843002b180300ae
:10a2140040003126258003028800001025b080020a
:10a22400c0ff7326c0ff512525c00000c4ff601283
:10a23400255000004000622a3a00401040000b24e0
:10a2440023b0730125208001252800022530c00297
:10a254006400b8af6000aaaf5c00adaf48f5400f32
:10a264005800acaf5800ac8f257043002520800106
:10a27400252800022530600239f5400f2ba80e0076
:10a28400252040022528c0032530c0022580600017
:10a2940048f5400f25a8a2022570a20225204002fd
:10a2a4002528c003253060025800aeaf39f5400fb1
:10a2b4002580030225f060005800ae8f25904000f1
:10a2c400255000009eff001025c000001a002a122d
:10a2d40023a82a024000a22a1c00401040000624a1
:10a2e4002520e002252880022330d50048f5400fc0
:10a2f4005800acaf251043002520e0022528800239
:10a304002530a00239f5400f2b98020025c06000cb
:10a314005800ae8f2550620225b8000088ff001057
:10a3240025a0000001000e242580000025900000d7
:10a3340083ff001025f000002550e00225c08002b4
:10a3440025b800007eff001025a0000001000a24ab
:10a35400fbff001025c000002360ca012b18cc01ac
:10a364002358180223b063012b28160225a8800164
:10a37400010004240600a014251000000400d05697
:10a384002520000003006014231857022520000034
:10a39400231857022b28430223c8d40323c82503b8
:10a3a400236864002b186d0023c8220323c82303e9
:10a3b4001300210723704e012b504e0123c01003bc
:10a3c4002338f20223b00a032b48e70223189e0223
:10a3d4002568d6012120e400231869002b680d00ac
:10a3e4002b3887002118620023688d002138e30090
:10a3f4002b208d0025a8c00123c8e4000100732e82
:10a404002510b90167ff40142510b602f6fe40106e
:10a414002520a00209e1400f2528c002ffff522495
:10a4240033004106c01716004280150025805000f5
:10a434000100ac3225800c0242b016002520000237
:10a44400050060122528c0022b10100023281600d6
:10a45400232010002328a2005275400f23883202c3
:10a4640025b84000c4fb222a6700401025906000f4
:10a47400c3fb0224730022168025100023006016fb
:10a48400049d023ce08a548ce48a558c2530e00219
:10a494002538400225208002da95400f2528a002a5
:10a4a4001e004014049d023cf08a468cf48a478cba
:10a4b4002520e0026c54400f252840022528600026
:10a4c4009ca8400f2520400087c9400f252040004c
:10a4d400049d043cf88a868cfc8a878c25286000bd
:10a4e4006c54400f25204000cafe00104000a2af6b
:10a4f400253040022520a00248f5400f2528c0023f
:10a5040025a0600044ff001025804000049d023c0b
:10a51400e88a548cddff0010ec8a558c401510003d
:10a5240039004010c01716004220100025204400b6
:10a5340042b01600010010320040053c2520900076
:10a54400050060122528b6002b10040023280500fe
:10a554002328a200232004005275400f00000000ad
:10a56400253040002538600025204000e23c400fa3
:10a574002528600025204000253080022538a002cf
:10a58400e03c400f2528600025904000049d023cdb
:10a59400f88a468cfc8a478c2520400225286000d6
:10a5a4006c54400f25806000253040002538600041
:10a5b400252040006c54400f2528600025304002bf
:10a5c4002538000225204002252800022598600035
:10a5d400e03c400f25a040002530400025386000b5
:10a5e400252080026c54400f25286002252040005d
:10a5f4002530400225380002e23c400f2528600047
:10a604002590600025b840008c00bf8f8800be8f65
:10a614008000b68f7c00b58f7800b48f7400b38f40
:10a624006800b08f253020022520e0026c00b18f35
:10a634008400b78f252840027000b28f68b4400ba5
:10a644009000bd27801516008282100025805000de
:10a654002b2004002528c002252090000448057cf6
:10a66400828510002528050205006012802204005e
:10a674002b100400232805002328a2002320040013
:10a684005275400f00000000deff001025906000ae
:020000040000fa
:020000041d00dd
:10a69400b8ffbd272500a22c2c00b3af2800b2af11
:10a6a4005c00b38f5800b28f4400bfaf4000beaf10
:10a6b4003c00b7af3800b6af3400b5af3000b4af2c
:10a6c4002400b1af060040102000b0af0100022406
:10a6d40025f0800025a8a0000500a21425a0c00034
:10a6e40000a0023c1600032441000010c42c43ac1b
:10a6f4003c00c28f4c00c38f2b1843004c006010e9
:10a70400010043243c00c3af000050902000022409
:10a71400f7ff0212f7ff02260500422cf4ff401453
:10a72400d5ff02264408027c0c0040141000a0afa0
:10a734002d00103a0100102e231010004c00c38f7e
:10a744001000a2af3c00c28f2b1843003c006010e5
:10a75400010043243c00c3af00005090039d113c12
:10a764004c00c28f8501a0128da331261000032452
:10a774008601a31630000324850103162118300234
:10a784003c00c38f2b106200310040100100622492
:10a794003c00c2af00007090200002367800042410
:10a7a4003a0044144c00c38f3c00c28f2b18430062
:10a7b4002b00601000000000010043243c00c3afe4
:10a7c4000000509021103002000042901000422cf2
:10a7d400b70040144c00c38f5b0160100000000000
:10a7e400230080123c00c28ffeff42243c00c2af13
:10a7f40025400000254800004400bf8f4000be8f64
:10a804003c00b78f3800b68f3400b58f3000b48f5a
:10a814002c00b38f2800b28f2400b18f2000b08f9a
:10a8240025100001251820010800e0034800bd2779
:10a834005bc9400f2520c003b4ff001025804000f1
:10a844005bc9400f2520c003c4ff001025804000d1
:10a854005bc9400f2520c003cfff001025804000b6
:10a864005bc9400f2520c003d6ff0010258040009f
:10a87400ffff42243c00c2af2528000026fb400f06
:10a884002520c003dbff0010254000000200a016b5
:10a894001000152408001524ffffa82624a0150184
:10a8a400e7008016170002240210a272039d033ce5
:10a8b4004011427c80a36324211043000000578090
:10a8c40021103002000056902b10d50204004010d5
:10a8d4000008023c2b108202770040543c00c28fd7
:10a8e400254800002530e002ffff0424ffff052473
:10a8f4001c00b4af39f5400f1800a9af1c00a88f95
:10a9040025a060001400a2af2548000021103002e9
:10a91400000056902b10d502a80040102b1089027d
:10a92400a700401421103002040034151400a28f33
:10a934002b104800a2004014211030023c00c28faa
:10a944004c00c38f2b18430068006010010043249f
:10a954003c00c3af000050902520000125282001b1
:10a9640048f5400f2530e00225486000e7ff00105d
:10a974002540c202c8ffa2169919163c25a0000062
:10a984000d0000109999d6364c00c38f2b18430044
:10a994003b00601000000000010043243c00c3aff2
:10a9a400000042900a000324022083722140900098
:10a9b400d0ff142525804000d0ff02260a00422c37
:10a9c400030040102b109602efff40543c00c28f4e
:10a9d4009919033c25408002254800009a99633464
:10a9e400d0ff14260a00822e790040102b10230178
:10a9f400720040104c00c48fffff62240600221531
:10aa04000a0002249999023c9a9942342b100201bb
:10aa14006a0040100a00022419004800c33f1400d1
:10aa240010b8000012b000000228497021b8b70025
:10aa3400272807002b30b7006000c014271014002b
:10aa44000300e5162b1056005d004014211030025f
:10aa54003c00c28f2b2044000d00801001004424d0
:10aa64003c00c4af0000509021a096022b489602ef
:10aa74002110e70225408002d9ff0010214822015d
:10aa84005bc9400f2520c003c7ff00100a00032440
:10aa94002520c0035bc9400f1400a7af25804000e8
:10aaa4009919023c1400a78fefff00109a994334c0
:10aab40079ff0010100015244c00c38f2b1843009d
:10aac40006006010010043243c00c3af0000509016
:10aad4000440f4027aff001025a016015bc9400f60
:10aae4002520c003faff0010258040002520c00364
:10aaf4001c00a9af5bc9400f1800a8af2580400017
:10ab04001c00a98f94ff00101800a88f4c00c38f5d
:10ab14002b18430046006010010043243c00c3afdf
:10ab2400000050900210b47221a05600211030028f
:10ab3400000056902b10d502050040101c07023c63
:10ab4400c77142242b108202f0ff40543c00c28f94
:10ab54002540800225480000211030020000549056
:10ab64002b109502150040101900a80212200000b5
:10ab740009002011102800001900a9021260000029
:10ab8400106800002110ac002b104c0021104d0067
:10ab94000b0040542110300202103571ffff0324d2
:10aba40021b8450025b080002700e31627101400c3
:10abb4002b104400250040503c00c28f211030026d
:10abc400000042902b105500370040542180300281
:10abd4004c00c28f050040102b1033013c00c28f83
:10abe400ffff42243c00c2af2b1033014e0040143f
:10abf4001000a38f030069162b1012014b004014a0
:10ac0400ffff022401004232390040141000a28fd9
:10ac14005100401400a0023c220003240100492eec
:10ac2400c42c43acffff4826f3fe001023486902fe
:10ac34005bc9400f2520c003baff001025804000e7
:10ac4400baff001025a000003c00c28f4c00c38f47
:10ac54002b18430008006010010043243c00c3afdc
:10ac64000000509021a096022bb09602254080024d
:10ac7400b9ff00102148d7025bc9400f2520c0034b
:10ac8400f8ff0010258040003c00c28f2b184300c1
:10ac94001300601000000000010043243c00c3af17
:10aca4000000509021803002000002922b105500c9
:10acb400f5ff40144c00c38f00a0023c2200032483
:10acc400c42c43ac1000a38f010042320b180200c5
:10acd4002540400225486002bdff00101000a3afcc
:10ace4005bc9400f2520c003eeff00102580400003
:10acf4002b1069020600401400a0023c0900331521
:10ad04002b104802080040101000a38f00a0023c42
:10ad140022000324c42c43ac25404002b6fe00109c
:10ad2400254860021000a38fffff0224b3fe6214c3
:10ad34004400bf8f2b100800234809002348220138
:10ad4400adfe001023400800a9fe8016252800004f
:10ad5400cafe0010000000002b106902ecff401432
:10ad640000a0023cf3ff33152b104802e7ff401408
:10ad74002b100800f1ff00102348090030000324c1
:10ad840080fe03523c00c38f0a00152421183002b0
:10ad9400000063902b187500f6fe60540a0002242c
:10ada40004004010252800003c00c28fffff42240d
:10adb4003c00c2af26fb400f2520c00349fe001013
:04adc40000a0023cad
:020000040000fa
:020000041d00dd
:10adc80090ffbd276c00bfaf6800b6af6400b5af99
:10add8006000b4af5c00b3af5800b2af5400b1af7d
:10ade8005000b0af4800a0a74200829480004230d3
:10adf8000f0040142580a00004000624feff05244f
:10ae0800dae1400f252000026c00bf8f6800b68f82
:10ae18006400b58f6000b48f5c00b38f5800b28fa8
:10ae28005400b18f5000b08f0800e0037000bd27b8
:10ae38002000a28c040042300700401025988000b2
:10ae480004000624f0ff0524dae1400f2520000263
:10ae5800eeff00106c00bf8f4a00a2271400a2afbb
:10ae68004c00a2271000a2af4b00a7273800a62746
:10ae78002800a52793ad400f2520000206004014a6
:10ae880004000624f2ff0524dae1400f2520000221
:10ae9800deff00106c00bf8f02000224320002a601
:10aea8002800a393ff000224700062140100062406
:10aeb80082e0400f2800a427180040100100062453
:10aec8002800a52738c6400f252060026d004014d1
:10aed80025884000050006242800a52738c6400f0d
:10aee80025206002690040142588400005000624da
:10aef8002800a52738be400f2520600265004014b1
:10af08002588400004000624f1ff0524dae1400ffb
:10af180025200002bdff00106c00bf8f030006242f
:10af28002800a52738be400f25206002258840004c
:10af380003001524eeff2012050006244b00a293ff
:10af48003b000324fe0043102800142405000324ba
:10af580025900000019d163c3d00442ce100801026
:10af68008010020080afc426211082000000428cad
:10af78000800400000000000b0b2009decb2009d47
:10af8800ecb2009decb2009decb2009decb2009dcd
:10af9800c4b1009decb2009decb2009decb2009de6
:10afa800ecb2009decb2009decb2009decb2009dad
:10afb800ecb2009decb2009decb2009d2cb2009d5d
:10afc800ecb2009decb2009decb2009decb2009d8d
:10afd800ecb2009decb2009decb2009decb2009d7d
:10afe800ecb2009decb2009decb2009decb2009d6d
:10aff800ecb2009decb2009decb2009decb2009d5d
:10b00800ecb2009decb2009decb2009decb2009d4c
:10b01800ecb2009decb2009decb2009decb2009d3c
:10b02800ecb2009da4b0009d54b1009decb2009d0f
:10b03800ecb2009decb2009decb2009decb2009d1c
:10b0480060b3009d60b3009decb2009decb2009d22
:10b05800ecb2009decb2009decb2009decb2009dfc
:10b0680070b2009decb2009d90b1009d2800a5270c
:10b0780038be400f2520600225884000adff001033
:10b0880001001524adff001004001524abff0010cb
:10b0980005001524a9ff0010050015244800a7275e
:10b0a8004b00a627252800026ec3400f252060020a
:10b0b800251840004800a2974c00a497232082003e
:10b0c8004c00a4a721105200ffff52304800a2975d
:10b0d80021108202ffff543004000224b3006210e2
:10b0e8000500622c49004010030002249c006210f5
:10b0f800010002249200621002000224440062143b
:10b108004b00a293ea67400f252080024c00a397ca
:10b118002800632421184302ffff63301c00a3affb
:10b128001800a2af040002241400a2af1000a0afc0
:10b138003800a7272800a6272528000258a0400f76
:10b14800252060027f000010040006244800a29712
:10b158001c00a2af1800b0af28004226ffff423003
:10b168001400a2af4c00a2971000a2af4b00a72773
:10b178002800a6273800a527724c400f252060021a
:10b18800d2ff0010251840004800a7274b00a6272b
:10b1980025280002b761400f2520600225184000cd
:10b1a8004800a2974c00a497232082004c00a4a733
:10b1b80021105200c5ff0010ffff52300500022485
:10b1c8005f00a2124c00a2971000038e0c0062a42c
:10b1d8002c0002a6320012a601000624252800022f
:10b1e8007dcf400f0a00042407ff40143b000224cf
:10b1f8004b00a2a3f1ff0224320002a64800a29746
:10b2080021108202ffff5430251800004b00a29342
:10b218003b00042450ff4414040006244a00001094
:10b2280032000596050002244500a2124c00a297a0
:10b238001000038e0c0062a42c0002a6320012a695
:10b2480001000624252800027dcf400f09000424b0
:10b25800edfe40143b0002244b00a2a3f1ff0224a0
:10b26800e6ff0010320002a62000b5af4a00a29304
:10b278001c00a2af1800b2af4c00a2971400a2aff6
:10b288003800a2271000a2af2800a72725302002e7
:10b29800252800023409400f252060023b000224c3
:10b2a800d6ff00104b00a2a3050002241000621470
:10b2b8004800a7274b00a627252800026c5e400ff0
:10b2c80025206002251840004800a2974c00a4974a
:10b2d800232082004c00a4a7211052007bff0010fd
:10b2e800ffff523005000224040062100600042407
:10b2f8004800a49723208402ffff8430ea67400fa8
:10b30800000000004c00a397280063242118430282
:10b31800ffff63301c00a3af1800a2af0400022493
:10b328001400a2af010002241000a2af3800a72722
:10b338002800a6272528000258a0400f25206002d3
:10b348000400062432000596dae1400f25200002a9
:10b35800aefe00106c00bf8f5cff001001000324dc
:10b36800ea67400f252080024c00a3972800632439
:10b3780021184302ffff63301c00a3af1800a2afdf
:10b38800040002241400a2af020002241000a2af9d
:10b398003800a7272800a6272528000258a0400f14
:10b3a80025206002e7ff0010040006242800a3936c
:10b3b800ff000224e3ff625004000624ea67400ffe
:10b3c800252080024c00a397280063242190430283
:10b3d800ffff52321c00b2af1800a2af04000224d3
:10b3e8001400a2af020002241000a2af3800a72761
:10b3f8002800a6272528000258a0400f2520600213
:08b40800d0ff0010040006242f
:020000040000fa
:020000041d00dd
:10b41000a8ffbd275400bfaf5000b4af4c00b3af7e
:10b420004800b2af4400b1af4000b0af0f000524f8
:10b430002dda400f15000424250040105880908f0d
:10b440000800022e2200401080181000019d023cce
:10b4500064b44224211043000000428c08004000e4
:10b460000000000084b4009df0b4009de4b5009d90
:10b4700034b6009ddcb6009db4b7009dbcb9009dfc
:10b48000e4b9009d23f2400f000000006880838f24
:10b490000218627023f2400f688083af6480838f4c
:10b4a0000218627023f2400f648083af6080838f44
:10b4b0000218627023f2400f608083af5c80838f3c
:10b4c000021862705c8083af01000224588082af52
:10b4d0005400bf8f5000b48f4c00b38f4800b28f20
:10b4e0004400b18f4000b08f0800e0035800bd2732
:10b4f00054808293f6ff401400a0023c002b42804f
:10b50000f4ff40105400bf8fc9de400f252000001b
:10b51000efff4010252040004200429400104230ce
:10b52000ecff40145400bf8fd6fc400f0000000019
:10b53000e7ff40105080828f020003243301431440
:10b5400000a0053cf02aa52400a0043ced36400fe5
:10b55000002b84240300401003000224dcff0010b1
:10b56000588082af5080838f010002240b00621448
:10b570005080828f00a0053cf02aa52400a0043c46
:10b58000cf75400f002b84240300401003000224d9
:10b59000cfff0010588082af5080828f0200423867
:10b5a0001c0003240a8062002528000200a0043c3d
:10b5b00061fe400f002b8424070041040100072492
:10b5c000ffff0624f5ff052427e8400f06000424aa
:10b5d000c0ff00105400bf8f02000224bcff001007
:10b5e000588082af5080868f00a0053cf02aa524a9
:10b5f00000a0043c85f4400f002b842401000324a8
:10b60000b4ff43105400bf8f07004104010007241a
:10b61000ffff0624f5ff052427e8400f0600042459
:10b62000acff00105400bf8f03000224a8ff0010dd
:10b63000588082af7880848f64fb400f7c8084af19
:10b64000050040147c80828fc9de400f0100042475
:10b650007c8082af7c80828f0700401425380000f8
:10b66000feff0624f4ff052427e8400f060004240b
:10b6700098ff00105400bf8f0100052416b0400f42
:10b680001080848700a0073cf02ae7247b00062472
:10b690005080858f0e8b400f10808487e000401013
:10b6a0007c80858fcdbf400f10808487258040002f
:10b6b00025300000020005247843400f1080848765
:10b6c00040f0400f00000000d80000126c8082aff4
:10b6d000040002247eff0010588082af3000052451
:10b6e00053fe400f108084870f0040541000a0af1d
:10b6f00040f0400f000000006c80838f23f2400f69
:10b70000238043002b80500071ff00122538000079
:10b71000fdff0624fcff052427e8400f0300042456
:10b720006cff00105400bf8f1400a0af1800a0af32
:10b730001c00a0af2000a0af2400a0af2800a0af45
:10b740002c00a0af3000a0af3400a0af3800a0aff5
:10b750003c00a0af20000224030003240410627cfc
:10b760001000a2a3aa83043cea67400f807e8424d1
:10b770002800a2af02000624070005247843400fea
:10b7800010808487300006241000a52734ca400f9b
:10b79000108084879c48400f1080848740f0400fc1
:10b7a000000000006c8082af0500022448ff0010fa
:10b7b000588082af58cc400f108084870800401416
:10b7c0002580400025380000fdff0624f3ff0524f6
:10b7d00027e8400f060004243eff00105400bf8fee
:10b7e0005ee6400f108084870900401406000224a2
:10b7f00040f0400f000000006c80838f231843004e
:10b800006880828f2b18430031ff601006000224ed
:10b81000588082af25a00000f9ff112420001324d6
:10b82000c00012245ee6400f108084870a00401496
:10b830003000062456008016faff022440f0400f24
:10b840004c8082af2528400050fb400ffcff0424b1
:10b8500050000010253000001000a527ff85400f84
:10b860001080848730000324040043141000a29346
:10b8700038004330080073103800a48f40f0400fa8
:10b880004c8091af2528400050fb400ffbff042463
:10b89000e4ff001025a000023c00a38f25188300c0
:10b8a000090060141100a393f8ff022440f0400f38
:10b8b0004c8082af2528400050fb400ffaff042443
:10b8c000d8ff001025a00002090060140f00632caf
:10b8d000f6ff022440f0400f4c8082af2528400044
:10b8e00050fb400f25202002ceff001025a00002b3
:10b8f00003006010c0004230090052140000000034
:10b90000f7ff022440f0400f4c8082af2528400012
:10b9100050fb400ff8ff0424c2ff001025a00002d6
:10b92000ea67400f00a0113cd02a3026040002ae86
:10b93000ea67400f3c00a48f52f0400fd02a22ae9d
:10b94000080002ae0c0003ae0400028e557c033cde
:10b950008081633421104300100002aed02a238e70
:10b96000e80302241900620010180000140003ae5e
:10b970001800028e01004224180002ae25280002a1
:10b9800050fb400f0100042407000224588082afbe
:10b9900025300000070005247843400f108084877d
:10b9a0000100052416b0400f1080848740f0400f3e
:10b9b00000000000c6fe00106c8082af40f0400f17
:10b9c000000000006c80838f231043005c80838f15
:10b9d0002b106200befe401001000224bcfe0010cd
:10b9e000588082af40f0400f000000006c80838fd1
:10b9f000231043006080838f2b106200b4fe401040
:10ba000001000224b2fe0010588082af010003241e
:10ba1000d8fe431025280002e5fe001000a0043cdb
:10ba200040f0400f000000006c8082af253800001d
:10ba3000fdff0624fcff052427e8400f0600042430
:08ba4000a4fe00105400bf8faa
:020000040000fa
:020000041d00dd
:10ba480090ffbd276c00bfaf6800beaf6400b7af02
:10ba58006000b6af5c00b5af5800b4af5400b3afe8
:10ba68005000b2af4c00b1af4800b0af0800908ca6
:10ba780048010012259000000400958c4601a01290
:10ba8800251040022800a28e430140502510400294
:10ba98000c008a8c3f0140113400aaaf1000968c2c
:10baa8003c01c01200a0023c0000898c1400838c69
:10bab800682349ac68234224040055ac080050ac04
:10bac8000c004aac100056ac140043ac2518c00258
:10bad80025104001010004240000458c5b01a410de
:10bae800ffff6324fcff601408004224259800002f
:10baf8002528000079f1400f2520600225a040008c
:10bb080000a0023c1e008016882354acb800410fe8
:10bb1800010012240b00401000000000b600410f85
:10bb280000000000252040000200601225300000bf
:10bb38000000668e009d053cd7c8400fdc01a52497
:10bb480001001224b800410f000000000800401056
:10bb580000000000b600410f000000002530400240
:10bb6800009d053cf403a524d7c8400f25204000bc
:10bb78009ba5400f259000000701001025104002ea
:10bb88000000638e00a0023c8c2343ac3000b0afb1
:10bb98000800828e8c0006242528000209f840003f
:10bba8002520800212004014bc8082afb800410feb
:10bbb80002001224e3ff401000000000b600410f0d
:10bbc80000000000c03010002130d0008030060096
:10bbd8002330d00080300600009d053c0c02a524cf
:10bbe800d7c8400f25204000d6ff001000000000f5
:10bbf800253000022528a00206ea400f25208002f1
:10bc08000e00401425904000b800410f0300122494
:10bc1800ccff401000000000b600410f00000000fb
:10bc280025308002009d053c4c02a524d7c8400f52
:10bc380025204000c3ff00100000000000a0023cc7
:10bc4800802350a480234224040056aced00001a3f
:10bc5800bc809e8f25b8a0022588000025300000f2
:10bc68002528c0035367400f2520e00219004054df
:10bc780001003126b800410f000000000800401004
:10bc880000000000b600410f00000000253020022f
:10bc9800009d053c8002a524d7c8400f2520400000
:10bca800b800410f04001224a6ff40100000000055
:10bcb800b600410f0400122425300002009d053c07
:10bcc800c402a524d7c8400f252040009dff0010be
:10bcd800000000008c00de27e0ff11163800f72670
:10bce800bc80918f00a0033c822363942528200206
:10bcf800254000000c000010252000008c00a52421
:10bd08002538a000253080004400ea8c040049153d
:10bd18000100c62401006324ffff63302540400072
:10bd2800f9ff06168c00e72401008424f3ff0416ab
:10bd38004400a98c0200001100a0023c822343a405
:10bd480000a0023c82234294b20040148c002326b7
:10bd5800010002248cff668c0900c01025286000b1
:10bd68002a3850000a00e010252040001800b78c3f
:10bd78009700d71001008424fcff04168c00a5242a
:10bd8800010044243000a58f6100a2148c006324b4
:10bd9800b88080af1800a0af1c00a0af2000a0aff3
:10bda8002400a0af2800a0af00a0023c802342944a
:10bdb800230040108400312625b80000039d023c72
:10bdc8004cbe42243800a2af009d023c8c034224a2
:10bdd8004000a2af00a0023c3c00a2aff4ff37a68f
:10bde800ffff2292801002001800a327211862008a
:10bdf8003000a3af00007e8c3800a48f21104400cf
:10be08001000beaf0000478c4000a68f0700052435
:10be18009dfc400f25202002060020a20100de27fd
:10be28003000a38f00007eac0100f7263c00a28ff3
:10be3800802342942a10e202e8ff40148c00312645
:10be4800800206242528000000a0043cd2fb400ff5
:10be5800e82084249c8080af00a0023c0000678e0c
:10be68000400668e0800658e0c00648e1000638ed8
:10be7800442047ac44204224040046ac080045acaa
:10be88000c0044ac100043ac00a0113c58203126f3
:10be9800900033261f00410f252020020c00312678
:10bea800fcff331600a0023c982340ac2600001a81
:10beb800bc80978f2598000000a01e3c50d8400fea
:10bec8002000a48e25884000251840004408037ce3
:10bed80001000224100062108023c427b800410f1b
:10bee8000700122417ff401000000000b600410fa1
:10bef8000000000025302002009d053c9403a52485
:10bf0800d7c8400f252040000eff00100000000099
:10bf180090ff0010251080001c0091ac100097ac19
:10bf2800140093ac2538c0023400a68f9253400ffa
:10bf38002528a00224004010010073268c00f72653
:10bf4800deff13163800b5261800828e09f8400067
:10bf580025208002258040000008422c0e00401059
:10bf680025104002b800410f000000000200422cda
:10bf78000900401425104002b600410f00000000df
:10bf880025300002009d053cc803a524d7c8400ff2
:10bf980025204000251040026c00bf8f6800be8f2e
:10bfa8006400b78f6000b68f5c00b58f5800b48fff
:10bfb8005400b38f5000b28f4c00b18f4800b08f3f
:10bfc8000800e0037000bd27defe00100800122400
:10bfd800b800410f00000000dafe405006001224ad
:10bfe800b600410f000000002530e002009d053c2e
:10bff8004803a524d7c8400f25204000d1fe0010d3
:10c008000600122400a0023c8223429460ff4010e4
:10c01800bc80918fb800410f05001224c9fe401062
:10c0280000000000b600410f0000000000a0033c23
:10c0380082236694009d053c0403a524d7c8400fbd
:10c0480025204000bffe001000000000a8fe0010e0
:04c058000400538c01
:020000040000fa
:020000041d00dd
:10c05c0018ffbd27dc00b5afd800b4afd400b3af28
:10c06c00d000b2afe400bfafe000b6afcc00b1afd0
:10c07c00c800b0af259880002590c000b800a5afcf
:10c08c0025a00000009d153cb800a58f0000a280e3
:10c09c00c9004010ffff02249c00a2af1800a22789
:10c0ac00a400a2af800002249800a0afa000a0af13
:10c0bc00a800a2af25800000250003242188b00031
:10c0cc00000022820300401000000000fbff4354dc
:10c0dc00010010260400001225300002d3e5400fa9
:10c0ec0025206002b800b1afb800a58f250002244e
:10c0fc000000a380a90062140100b624b800b6affa
:10c10c000200a52425180000300007242d00082467
:10c11c002b0009242c000a2420000b2423000624c5
:10c12c00ffffa2802a0047509800a38f31004c28b3
:10c13c003d018011ffffa424200048509800a38fdc
:10c14c002e004c28380180110000000022004950bc
:10c15c009800a38f34014a100000000020004b50bf
:10c16c009800a38f200046509800a38f01006054c4
:10c17c00b800a4af2a0003241d0043500000428ed7
:10c18c00c8da400f00000000b800a38fa000a2afd7
:10c19c00252800002520600000008280d0ff42246a
:10c1ac000a00422c5f004014010063241c00a054c0
:10c1bc00b800a4af1b0000109800a28f01006334dc
:10c1cc009800a3af0100a524d5ff001001000324a3
:10c1dc00fbff001002006334f9ff0010040063340d
:10c1ec00f7ff001008006334f5ff001010006334f3
:10c1fc0001008424040043240000428c000043ae60
:10c20c00b800a4af9800a38f05004104a000a2af12
:10c21c0001006338231002009800a3afa000a2af66
:10c22c009800a28f01004330020060104408027c89
:10c23c009800a2afb800a28f2e0003240000448007
:10c24c000d008314010051249c00a0af0100448018
:10c25c002a00032435008314b800b1af0200422435
:10c26c00b800a2af0000428e040043240000428cb0
:10c27c00000043ae9c00a2af87e9400fb800a42792
:10c28c00b800b18fc000a2afd8fe400f00002482ce
:10c29c0025000324cf004310c000a58f9fff42242c
:10c2ac001800432cd6006010019d033c8010020046
:10c2bc00d0c26324211062000000428c08004000b0
:10c2cc000000000078c3009d0cc6009d78c5009d41
:10c2dc00f0c3009d44c5009d44c5009d44c5009d10
:10c2ec000cc6009df0c3009d0cc6009d0cc6009da5
:10c2fc000cc6009d0cc6009d28c5009d58c4009d11
:10c30c00c4c4009d0cc6009d0cc6009db8c5009d04
:10c31c000cc6009d24c4009d0cc6009d0cc6009d3f
:10c32c008cc4009d9bff001001000524c8da400f4f
:10c33c00252020029c00a2af2520000025182002f9
:10c34c0000006280d0ff42240a00422c05004014f9
:10c35c0001003126c8ff8054b800a3afc6ff0010ff
:10c36c0000000000f5ff00100100042425304002fd
:10c37c0071e9400fb000a4276c0040100100222688
:10c38c0000002782b000a6279800a5272520600270
:10c39c00fd21400fb800a2af218002022180900243
:10c3ac002aa014029e00801200a0023c4f0003241d
:10c3bc00c42c43acffff1424e400bf8f2510800273
:10c3cc00e000b68fdc00b58fd800b48fd400b38feb
:10c3dc00d000b28fcc00b18fc800b08f0800e00342
:10c3ec00e800bd272538400201000624ea89400fe9
:10c3fc00b000a4274d004010b000a6270100312644
:10c40c009800a52725206002ea99400fb800b1af2b
:10c41c00e2ff001021800202253840022530000086
:10c42c00ea89400fb000a42740004010b000a627b6
:10c43c00010031269800a52725206002dbc5400f9e
:10c44c00b800b1afd5ff00102180020225384002a0
:10c45c0025300000ea89400fb000a42733004010bb
:10c46c00b000a627010031269800a52725206002e0
:10c47c003bb3400fb800b1afc8ff001021800202df
:10c48c002538400225300000ea89400fb000a4276f
:10c49c00260040100100222600002782b800a2af1f
:10c4ac00b000a6279800a527d673400f2520600260
:10c4bc00baff00102180020225384002253000000e
:10c4cc00f0000524ea89400fb000a42717004010a3
:10c4dc00b000a28fb400a38f0100312625104300b9
:10c4ec000c004014b800b1affafa400fb424a426e3
:10c4fc009800a38fa000a78f1000a3af2530400099
:10c50c00b424a526d3b0400f25206002a3ff001051
:10c51c0021800202e2ff0010780007242538400237
:10c52c002130900208a3400fb000a427010031264f
:10c53c009aff0010b800b1af2530400271e9400fee
:10c54c00b000a427f9ff401001002226000027822a
:10c55c00b000a6279800a52725206002c91d400f12
:10c56c00b800a2af8dff00102180020280000224cf
:10c57c00eeffa214010007240000428e01003126b8
:10c58c00040043240000428cb800b1af000043ae5d
:10c59c00b000a2a3b000a6279800a5274ecd400f4f
:10c5ac00252060027dff0010218002028000022401
:10c5bc00deffa214253800000000428e0100312657
:10c5cc0004004324000043ae0000468cf2ff001030
:10c5dc00b800b1af80000224d4ffa2149800a28f3f
:10c5ec0001003126a000a78fb800b1af1000a2af98
:10c5fc00009d053c01000624c2ff0010bc24a524ac
:10c60c00ffff0224b800b6af9800a0afa000a0af07
:10c61c009c00a2af1000a0aff5ff00102538000061
:10c62c0099fe001025a00002d5fe6054b800a4affe
:08c63c00d3fe00100000000015
:020000040000fa
:020000041d00dd
:10c6440040fdbd27bc02bfafb802beafb402b7af56
:10c65400b002b6afac02b5afa802b4afa402b3af98
:10c66400a002b2af9c02b1af9802b0af25a0800087
:10c67400000206242800a527ff85400f2400848497
:10c684002800a3272000a3af1c00a3af2110620041
:10c694009002a2af2400a2af1000a0af1400a0af7c
:10c6a4001800a0af0c0006241000a52730d9400fb5
:10c6b4001c00a4272c0040108802a2afed67400f95
:10c6c4001000a4971000a2a7ed67400f1200a497d2
:10c6d4001200a2a7ed67400f1a00a4971a00a2a7a0
:10c6e400ed67400f1600a4971600a2a7ed67400f50
:10c6f4001800a4971800a2a7ed67400f1400a49790
:10c704001400a2a71200a2930300423012004014a6
:10c714002580000025a80000030002244800a2127e
:10c72400020002241d00a2121800b7970700a012ed
:10c73400010002241900a2121600b7970600a012e5
:10c744000100b52609010010040002241400b79763
:10c754001500e0568c02a0af8802a28f0100423877
:10c76400ff0042308802a2af8802a28fbc02bf8fb2
:10c77400b802be8fb402b78fb002b68fac02b58fc9
:10c78400a802b48fa402b38fa002b28f9c02b18f0f
:10c794009802b08f0800e003c002bd27f200e05207
:10c7a4000100b5268c02a0af2802a0a31c00be275e
:10c7b4002802b12725b000008602a0a301000624a8
:10c7c4008602a52730d9400f2520c003e2ff401080
:10c7d4008602b293bc004012c0004232c00003245f
:10c7e40019004314010006247c02a0a37c02a5279f
:10c7f40030d9400f2520c003d7ff4010003212006b
:10c80400003fc6307c02a2932130c2002800a22738
:10c814007002a2af6c02a2af9002a28f7402a2af08
:10c82400ffffc6302528000030d9400f6c02a42732
:10c83400c9ff40106c02be27e0ff00108602a0a3cf
:10c84400d6ff00101a00b7970800201225980000a0
:10c854006802b327239871022a1072020b00405019
:10c86400259840020a0060162390530225304002a6
:10c874002528000030d9400f2520c003b6ff401002
:10c8840021905302ccff001021b0d2022590000069
:10c89400253060022528200230d9400f2520c0030e
:10c8a400adff4010218833026802a2272b10220218
:10c8b400040040102e000224000022a20100d6260b
:10c8c40001003126eaff4016253040022190530230
:10c8d400b9ff001021b0d202840000102802b12751
:10c8e4007c02a0af8002a0af8402a0a70a000624a5
:10c8f4007c02a52730d9400f1c00a42797ff4010c5
:10c904008802a28fed67400f7e02a497259840000d
:10c914007e02a2a7ed67400f8402a49725904000f1
:10c924008402a2a7ea67400f8002a48f25884000f2
:10c934008002a2afed67400f7c02a4973800001676
:10c944007c02a2a7253040022528000030d9400fe0
:10c954001c00a42780ff40108c02a28f7f000010cf
:10c9640001004224f7ff431410000224f6ff42168c
:10c97400253040022a00029202004230f3ff4010a8
:10c984002528000027001392220082962b106202b1
:10c99400ecff4010100006246c02a0af7002a0afa0
:10c9a4007402a0af7802a0af6c02a52730d9400f63
:10c9b4001c00a42768ff4010009913001400028e85
:10c9c400219853006c02a58f7002a48f7402a38f68
:10c9d4007802a28f030065aa000065ba070064aa62
:10c9e400040064ba0b0063aa080063ba0f0062aac9
:10c9f4000c0062ba1800028e2b1822020400605444
:10ca0400180011ae0300405427000292180011ae22
:10ca140027000292010042244e000010270002a2c7
:10ca240001000324c8ff631625304002cdff4354a0
:10ca34001c00032404000224c4ff4216252800001d
:10ca440026001392200082962b106202bdff401034
:10ca5400040006246c02a0af6c02a52730d9400f55
:10ca64001c00a4273cff4010809813001000028e85
:10ca7400211053006c02a38f000043ac1800028ef7
:10ca84002b18220204006054180011ae0300405415
:10ca940026000292180011ae2600029201004224e0
:10caa4002c000010260002a2230000120000000047
:10cab400000002968000423028ff40148802a28fb2
:10cac4001d00001000000000090020122802a22707
:10cad40081ff22122e000224ffff238204006254ed
:10cae400000020a2ffff3126ffffd626000020a26f
:10caf40019ffc01a1000b1972802a5275cb7400f90
:10cb04000000848ee8ff40100000000024004394dd
:10cb1400e5ff7114000000000000439480006330be
:10cb24000eff60548802a28f03000052258040004b
:10cb340009ff02162580400069ffa01604000624a0
:10cb44002528000030d9400f1c00a42703ff401003
:10cb54008802a28f8c02a28f0100422412ffe216e7
:10cb64008c02a2af0100b52604000224ebfea2163b
:10cb740003000224f8fe00120100033c2400028e8c
:10cb84002b104300f5fe40148802a28f0000029689
:10cb94000442027c80004234000002a62600029275
:10cba4002b1002002a0002a2270003920200601048
:10cbb400020042342a0002a21800028e020040142d
:10cbc400b0040224180002ae1c00828e080002aedb
:10cbd4000c0002ae26008296ffff4224260082a6a5
:08cbe400ddfe00108802a0af85
:020000040000fa
:020000041d00dd
:10cbec0008ffbd27f400bfaff000beafec00b7af3d
:10cbfc00e800b6afe400b5afe000b4afdc00b3af13
:10cc0c00d800b2afd400b1afd000b0af2580800057
:10cc1c000300a5280f00a0100400918c0081828fc6
:10cc2c001a00401cf400bf8ff000be8fec00b78fd1
:10cc3c00e800b68fe400b58fe000b48fdc00b38f52
:10cc4c00d800b28fd400b18fd000b08f0800e003b1
:10cc5c00f800bd270000828c0000428c009d053c32
:10cc6c002017a52409f84000252020020000028e80
:10cc7c000000428c009d053c3417a52409f84000a7
:10cc8c0025202002e8ff0010f400bf8f25a800002b
:10cc9c00009d023c441742247800a2af009d023c48
:10ccac007c00a2af009d023c8000a2af009d023c24
:10ccbc008400a2af009d023c8800a2af009d023c04
:10cccc008c00a2af009d023c9000a2af009d023ce4
:10ccdc009400a2af009d023c9800a2af009d143cb2
:10ccec001c189426009d023c9c00a2af009d023ca7
:10ccfc00a000a2af009d1e3c009d023ca400a2af70
:10cd0c00009d023ca800a2af009d023cac00a2af6b
:10cd1c00009d023cb000a2af009d023cb400a2af4b
:10cd2c00009d023cb800a2af009d023cbc00a2af2b
:10cd3c00009d023cc000a2af009d023cc400a2af0b
:10cd4c00009d023cc800a2af009d173c009d023c18
:10cd5c00cc00a2affff5400f2520a002259040008b
:10cd6c002c0006243c00a527bfd4400f25204000f2
:10cd7c000000028e0400538c1bfe400f2520400245
:10cd8c00253840003c00a6277800a58f09f86002e2
:10cd9c002520200222fe400f252040020d004014c9
:10cdac00cc00a38f0000028e0000428c701765240b
:10cdbc0009f84000252020020100b5260081828f51
:10cdcc002a10a202e3ff4014f400bf8f97ff00105b
:10cddc00f000be8f67ff400f252040020000038e3d
:10cdec000400638c253040007c00a28f84174524fe
:10cdfc0009f860002520200234fa400f252040025b
:10ce0c003800a2af2c0006243c00a527e8d3400f25
:10ce1c003800a4270000028e0400428c3c00a62798
:10ce2c008000a38fa417652409f840002520200258
:10ce3c001cf4400f252040023800a2af2c00062421
:10ce4c003c00a527e8d3400f3800a4270000028e31
:10ce5c000400428c3c00a6278400a38fb8176524dd
:10ce6c0009f8400025202002befc400f252040027e
:10ce7c003800a2af2c0006243c00a527e8d3400fb5
:10ce8c003800a4270000028e0400428c3c00a62728
:10ce9c008800a38fc417652409f8400025202002c0
:10ceac00c6fc400f252040023800a2af2c000624ff
:10cebc003c00a527e8d3400f3800a4270000028ec1
:10cecc000400428c3c00a6278c00a38fd417652449
:10cedc0009f8400025202002cefc400f25204002fe
:10ceec003800a2af2c0006243c00a527e8d3400f45
:10cefc003800a4270000028e0400428c3c00a627b8
:10cf0c009000a38fe017652409f84000252020022b
:10cf1c0037fe400f252040022c0006243c00a5279c
:10cf2c0075de400f252040000000028e0400428c6c
:10cf3c003c00a6279400a38fec17652409f8400049
:10cf4c00252020020000028e0000428c9800a38f46
:10cf5c000018652409f840002520200225b00000a7
:10cf6c002538c0021000a627010005244f5c400f95
:10cf7c002520400215004010259840001800a28f73
:10cf8c006800a2af1c00a28f6c00a2af2000a28f81
:10cf9c007000a2af2400a28f7400a2af2c00062454
:10cfac003c00a5273c98400f6800a4270000028e87
:10cfbc000400428c3c00a6272528800209f840007a
:10cfcc0025202002e6ff001025b060020500c016e7
:10cfdc002818e5260000028e0000428c09f840005b
:10cfec00252020020000028e0000428c9c00a38fa2
:10cffc003818652409f840002520200225386002e5
:10d00c001000a627030005244f5c400f252040028a
:10d01c001500401025b040001800a28f6800a2af88
:10d02c001c00a28f6c00a2af2000a28f7000a2afd8
:10d03c002400a28f7400a2af2c0006243c00a5276c
:10d04c003c98400f6800a4270000028e0400428c1c
:10d05c003c00a6272528800209f840002520200244
:10d06c00e6ff00102598c002050060162818e5267a
:10d07c000000028e0000428c09f84000252020029e
:10d08c0037f9400f2520400230004014a400a38f34
:10d09c000000028e0400428c841866249818c52760
:10d0ac0009f84000252020020000028e0400538c59
:10d0bc0041db400f25204002b000a38f030040103d
:10d0cc00f0086624a800a28fe0084624ac00a28fca
:10d0dc005418452409f86002252020020000028e15
:10d0ec000400538c3af4400f25204002c400a38f57
:10d0fc00030040100c176624c800a28f08174624a2
:10d10c00b400a28f6418452409f86002252020027f
:10d11c000000028e0400538c37f7400f252040028c
:10d12c00bc00a38f0300401014176624c000a28f0c
:10d13c0018174624b800a28f7418452409f8600209
:10d14c00252020021dff00100100b5260000028ed4
:10d15c000400428ca000a38fa41866249818c5273d
:10d16c0009f8400025202002ddff00100000028e8f
:020000040000fa
:020000041d00dd
:10d17c0000a0033c902c628c0600422c470140100e
:10d18c0000000000c0febd273c01bfaf3801beafa0
:10d19c003401b7af3001b6af2c01b5af2801b4af35
:10d1ac002401b3af2001b2af1c01b1af1801b0af75
:10d1bc00902c638c80180300019d023cdcd142242e
:10d1cc00211043000000428c0800400000000000c9
:10d1dc00f4d1009d04d3009dd0d3009d04d5009db7
:10d1ec009cd5009d10d6009d00a0023c14fe400f63
:10d1fc00582c448c13004104009d053c2823a52485
:10d20c0071df400f2520000000a0023c0700032422
:10d21c00902c43ac3c01bf8f3801be8f3401b78fcb
:10d22c003001b68f2c01b58f2801b48f2401b38f38
:10d23c002001b28f1c01b18f1801b08f0800e003e0
:10d24c004001bd2702000324f3ff43143c01bf8fb0
:10d25c005800410f000000001400401825884000c1
:10d26c0025800000009d133c54237326fff5400fce
:10d27c0025200002259040001bfe400f2520400079
:10d28c0025a0400067ff400f2520400225384000b4
:10d29c002530800225286002d7c8400f25200000c9
:10d2ac0001001026f1ff30160000000000a0023c27
:10d2bc0001000324902c43ac25280000049d043c61
:10d2cc00d7e3400f84ba842409004014009d063c27
:10d2dc00009d063c1023c624009d053c8423a524f8
:10d2ec00d7c8400f25200000cbff00103c01bf8f9a
:10d2fc00f9ff00101823c6245800410f000000004d
:10d30c00c4ff401825a040002c80932725900000d6
:10d31c0000a01e3c009d173c009d163c009d153c3a
:10d32c00fff5400f252040022588400037f7400fbd
:10d33c00252040001f0040500100522634fa400fb7
:10d34c0025202002258040000000628e170002126a
:10d35c0002000224000070ae1bfe400f25202002ac
:10d36c002528400071df400f25200000b023e52662
:10d37c0071df400f25200000021610001400a2af30
:10d38c00003c027e1000a2af003a077eff0006327e
:10d39c00c023c526d7c8400f25200000d023a526c2
:10d3ac0071df400f2520000002000224902cc2af38
:10d3bc0001005226daff92160400732696ff001025
:10d3cc003c01bf8f00a0023cec254280460040107f
:10d3dc0000a0073ca02ce72400a0063c9c2cc624f3
:10d3ec0000a0053c982ca52400a0043c27ba400fb3
:10d3fc00ec2584240c004010009d043ce4fa400f02
:10d40c00fc23842400a0043ce4fa400fec25842483
:10d41c00009d043ce4fa400fd41d842400a0023c7f
:10d42c007cff0010ec2540a00100052400a0023c6c
:10d43c0061fe400f982c448c020003241e00431400
:10d44c0000a0103c902c10261800a527cf75400f7b
:10d45c000800048e1800a6275000052485f7400ffd
:10d46c0001000424ffff032408004314040002a657
:10d47c00009d043ce4fa400f1424842400a0023cd8
:10d48c0002000324e5ff0010902c43ac009d043ceb
:10d49c00e4fa400f3424842400a0023c040003244a
:10d4ac00902c43ac902c42249eef400f04004484fb
:10d4bc00dbff001000a0023c0800410400a0023c6d
:10d4cc00009d043ce4fa400f4c24842400a0023c50
:10d4dc0002000324d1ff0010902c43ac0300032462
:10d4ec00ceff0010902c43ac00a0023c01000324a2
:10d4fc0048ff0010902c43ac1800a52700a0023c5c
:10d50c00a3e5400f982c448cffff03241c00431010
:10d51c00010003243fff431400a0103c902c102664
:10d52c001800a6271000059685f7400f010004246b
:10d53c00ffff032407004314040002a6009d043cd3
:10d54c00e4fa400f1424842400a0023c02000324bb
:10d55c00902c43ac009d043ce4fa400f342484240a
:10d56c0000a0023c04000324902c43ac902c4224d9
:10d57c009eef400f0400448427ff00103c01bf8f36
:10d58c0000a0023c0200032422ff0010902c43acac
:10d59c0000a0023cb0ef400f942c44841dff4010bf
:10d5ac0000a0023cc1f4400f942c448419ff40109d
:10d5bc0000a0023c9c2c468c0300c01400a0103c24
:10d5cc00009d063c2023c624902c11260800278e93
:10d5dc00009d053c6824a524fafb400f1800a427e5
:10d5ec00fafa400f1800a427ffff46301800a527b1
:10d5fc00a463400f040024860500022405ff0010dc
:10d60c00902c02ae5000062425280000d2fb400fbf
:10d61c001800a42700a0103c902c10264ff9400fa6
:10d62c00040004861500401400a0023cb0ef400f2b
:10d63c00942c44840500401000a0023c43f9400f98
:10d64c00942c4484f4fe40103c01bf8f009d043c9c
:10d65c00e4fa400f9c24842400a0103c902c11264a
:10d66c00addd400f04002486ffff0224040022a637
:10d67c0002000224e7fe0010902c02ae4f0006249c
:10d68c001800a5274b8d400f04000486e4fa400fc8
:10d69c001800a427e1ff0010000000000800e003c0
:04d6ac00000000007a
:020000040000fa
:020000041d00dd
:10d6b0004050050042550a00c04a0500427d040062
:10d6c00025482f01c042040000800e3c25482e0151
:10d6d00040680700426d0d00c0620700427d0600f1
:10d6e00025608f01c05a060025608e012628a700fc
:10d6f0002428ae00ffff4f25fe07e12dd6002010a5
:10d7000000000000ffffaf25fe07e12d0301201000
:10d710000000000023504d01ff034a25424008004d
:10d72000c07f090025400f0142480900023c0c005f
:10d73000f401e0001b0027011270000010480000f7
:10d74000ffff86311900ce0012200000004c0900b6
:10d75000027c080025482f012b782401234824014e
:10d760000600e01100000000ffffce2521482c013b
:10d770002b082c01fcff201000000000f401e00049
:10d780001b00270112380000104800001900c700d4
:10d7900012200000004c0900ffff0f3125482f0127
:10d7a0002b782401234824010600e011000000002a
:10d7b000ffffe72421482c012b082c01fcff20103f
:10d7c0000000000000740e002170c7011900cb0199
:10d7d0001238000010200000000008242b780701f8
:10d7e000234007012b102f0123482f012b78240100
:10d7f0002578e201234824010b00e011000000001d
:10d80000ffffce2521400b012b780b0121482c0175
:10d8100021482f0102002c11000000002b782c0160
:10d82000f7ffe0110000000007002c1500000000c9
:10d8300025200b002548080000000d2425380d0088
:10d840002c00001000000000023c0c00f401e0007d
:10d850001b0027011268000010480000ffff8631fe
:10d860001900cd0012200000004c0900027c0800c5
:10d8700025482f012b782401234824010600e011bc
:10d8800000000000ffffad2521482c012b082c01d2
:10d89000fcff201000000000f401e0001b00270145
:10d8a00012380000104800001900c70012200000c4
:10d8b000004c0900ffff0f3125482f012b78240170
:10d8c000234824010600e01100000000ffffe724c8
:10d8d00021482c012b082c01fcff20100000000027
:10d8e000006c0d002168a7011900ab01123800007f
:10d8f00010200000000008242b78070123400701b6
:10d900002b102f0123482f012b7824012578e201c9
:10d91000234824010b00e01100000000ffffad25ab
:10d9200021400b012b780b0121482c0121482f01ac
:10d9300002002c11000000002b782c01f7ffe011f1
:10d94000000000000600c005000000002a78a001c9
:10d950002168ad012170ce012170cf01ffff4a2562
:10d96000257828010200e011000000000100ad351b
:10d9700025480e0025400d00ffff4f25fe07e12d35
:10d9800015002010000000000004082500040f2de1
:10d9900021482f012b782f0121504f01c27a080016
:10d9a0000100ef3123400f01c2220800407d090031
:10d9b00025208f0040780900027b0f002528af004a
:10d9c000007d0a002528af00251004002518050059
:10d9d0000800e003000000004b00401d00000000b4
:10d9e00001000e242370ca012000c12d090020145b
:10d9f00000000000e0ffce212b200800254024017c
:10da00000f0009100000000000000934f6ff0010ac
:10da1000000000000a00c0110000000022300e00cb
:10da20000420c8000430c9000640c8010648c901e6
:10da30002540c800020080100000000002000835e8
:10da40000004082500040f2d21482f01c2570900aa
:10da5000d2ff0010000000002a78000121400801d8
:10da60002148290121482f0119004015000000001c
:10da7000257828011600e01100000000090020159b
:10da800000000000040000150000000000000a244f
:10da90001cff0010000000002548000100000824c1
:10daa000e0ff4a2520702e7116ffc0110000000013
:10dab00023504e0122300e000630c8000440c80139
:10dac0000448c901254826010eff0010000000008f
:10dad00005004d150000000040780c002578eb0192
:10dae0002f00e01100000000ff0701240b00a1112e
:10daf00000000000b4ff401100000000257828015c
:10db00002700e01500000000f07f013c2528a1005f
:10db100000000424acff0010000000002a7860011f
:10db200021586b0121608c0121608f011900a01523
:10db30000000000025788b01f3ffe01100000000d9
:10db400009008015000000000400601500000000be
:10db500000000d24effe00100000000025606001b1
:10db600000000b24e0ffad2520708e71e9fec0118e
:10db7000000000002368ae0122300e000630cb000a
:10db80000458cb010460cc0125608601e1fe001041
:10db90000000000025788b010200e0110000000069
:10dba000f8ff053c0000042487ff0010000000007f
:04dbb0000000000071
:020000040000fa
:020000041d00dd
:10dbb40068ffbd279400bfaf9000beaf8c00b7af25
:10dbc4008800b6af8400b5af8000b4af7c00b3afbb
:10dbd4007800b2af7400b1af7000b0af2588800098
:10dbe4000500a0102580a0001000062425280000b0
:10dbf400d2fb400f25200002030120120100032460
:10dc0400fafa400f25202002ff00401001000324ef
:10dc14001c00a0af2000a0af2400a0af2800a0af3c
:10dc240025282002200004240000a3804e00641054
:10dc3400f7ff63240500632c4b00601420000324c9
:10dc440021882202238825022110b100ffff42808f
:10dc540047004310f7ff42240500422c44004014bf
:10dc64004100222ee8004010251800002530200233
:10dc7400e6fb400f2c00a4272110b1032c0040a088
:10dc84002c00a3835b0002243b0062142130b10307
:10dc94002b00c5805d000424db00a41425180000bb
:10dca4002b00c0a0feff31262d00a227259840009e
:10dcb400200004240000638231006410f7ff632411
:10dcc4000500632cfbff60540100732621105100f2
:10dcd400200004241800a2afffff43802a00641030
:10dce400f7ff63240500632cfaff6054ffff42240e
:10dcf400000040a0000063823a000224060062147f
:10dd0400ff00152401006482bf008214251800005e
:10dd14000200732625a80000000076928bfc400fb9
:10dd24002520c002b8004010251800000100732609
:10dd340001001424100017243a001e24ffff91262a
:10dd44000e00c22e62004010ff0031320126122460
:10dd54000690d202010052320e0040520004033ced
:10dd64006700001025a02002afff00100100a524c9
:10dd7400b5ff0010ffff3126ccff00102c00a227b6
:10dd8400ccff001001007326d2ff0010ffff4224d5
:10dd94000004033c01c06334012605241000001074
:10dda40004000424e0ffc226ff0042301b00462c7e
:10ddb4000400c0100610430001004230300040143b
:10ddc400ff0042329d0044121000a227211052008d
:10ddd400000056a001007326ffff76920100522630
:10dde4000e00c22eefff40100610c50201004230a3
:10ddf400f4ff4010ff0042322110a203100040a0a3
:10de04002530e0021800a5271bfb400f1000a427b3
:10de1400ffff44309b00801400000000ff005232da
:10de24001000a227219052001800a28f76005214ed
:10de340025180000ed67400f2520000040881100e0
:10de44002188b1032e00c0121c0022a60800de5651
:10de5400000076920000628204005e14ff00022437
:10de64007a00a2160100732625a88002000076928b
:10de740001009426ff009432b0ff001001007326c5
:10de84002110a203100040a02e0002247100c2122f
:10de94000a000624daffde160a0002246900e212f0
:10dea4002530e0021800a5271bfb400f1000a42713
:10deb400ffff4430daff8050ff005232ed67400f1d
:10dec400408811002188b103e2ff00101c0022a643
:10ded400e0ffc226ff0042301b00432cacff601061
:10dee400259000000004123c01c0523606905200f6
:10def40001005232a7ff40520004033c25a0200237
:10df04000900822e40004010251800000800822ecf
:10df14002c004010ff0002243c00a21225106000d7
:10df2400ffff8226ff004330202c157c2014027c46
:10df34002a1045001400405423a0b402080004240d
:10df440023209400401003001000a6272110c200d3
:10df54000c00469421106400ff004230401002007f
:10df64001000a7272110e2000c0046a4ffff622442
:10df7400ff0043302014027c2a104500f2ff405079
:10df84004010030023a0b402070094262a18950227
:10df94000e0060142510a002401002001000a327f8
:10dfa400211062000c0040a40100b526ff00b53228
:10dfb4002a189502f8ff60102510a0020400001032
:10dfc40001000324d7ffa216ffff822601000324c9
:10dfd4000d0000121c00a58f2000a48f2400a38f25
:10dfe4002800a28f030005aa000005ba070004aaae
:10dff400040004ba0b0003aa080003ba0f0002aa23
:10e004000c0002ba01000324251060009400bf8fa5
:10e014009000be8f8c00b78f8800b68f8400b58fb8
:10e024008000b48f7c00b38f7800b28f7400b18ffe
:10e034007000b08f0800e0039800bd27f2ff0010c5
:10e0440025180000f0ff001025180000eeff001056
:10e05400251800001800a5271bfb400f1000a4275b
:10e06400ffff44306dff80500a001724ed67400f16
:10e07400408811002188b1031c0022a67bff0010f8
:10e084000a001724ed67400f408811002188b1036e
:10e094009bffc0121c0022a675ff001000007692a0
:020000040000fa
:020000041d00dd
:10e0a400700200a0140100000100000044a5029dbc
:10e0b400000000000000000000000000000000005c
:10e0c400000000000000000000000000000000004c
:10e0d400000000000000000000000000000000003c
:10e0e400000000000000000000000000000000002c
:10e0f400000000000000000000000000000000001c
:10e10400000000000000000000000000000000000b
:10e1140000000000000000000000000000000000fb
:10e1240000000000000000000000000000000000eb
:10e1340000000000000000000000000000000000db
:10e1440000000000000000000000000000000000cb
:10e1540000000000000000000000000000000000bb
:10e1640000000000000000000000000000000000ab
:10e17400000000000000000000000000000000009b
:10e18400000000000000000000000000000000008b
:10e19400000000000000000000000000000000007b
:10e1a400000000000000000000000000000000006b
:10e1b400000000000000000000000000000000005b
:10e1c400240000a00400000000000000582900a062
:10e1d4006c00000000000000280000a008000000ff
:10e1e40000000000b02800a0a8000000000000000b
:10e1f400300000a00800000000000000840300a01c
:10e204002800000001000000bb010300d10101004f
:10e214004b020100330203007c020300dd03030010
:10e22400de030300e0030300e1030100b322010065
:10e23400d02a00a04f00000000000000380000a019
:10e244003800000000000000000000a002000000f0
:10e2540001000000ffff0000682c00a01400000073
:10e2640000000000700000a0080000000000000092
:10e27400442000a05c03000000000000780000a01f
:10e284003800000000000000040000a004000000aa
:10e2940001000000ffffffffb00000a00400000029
:10e2a40000000000202b00a04c0000000000000033
:10e2b400080000a00600000001000000ffffffffaf
:10e2c400ffff0000dc2b00a028000000000000007d
:10e2d400b40000a004000000000000007c2c00a09a
:10e2e4001400000000000000b80000a01c000000a2
:10e2f40000000000242a00a05c00000000000000d0
:10e30400d40000a02000000000000000100000a0c5
:10e31400040000000100000001000000f40000a05f
:10e324000a00000000000000000100a01c00000022
:10e3340000000000042c00a02800000000000000e1
:10e344001c0100a034000000000000006c2b00a0a1
:10e354003c00000000000000500100a02400000068
:10e3640000000000802a00a050000000000000000f
:10e37400740100a03000000000000000a82b00a0e1
:10e384003400000000000000a40100a01e000000f2
:10e3940000000000b02c00a00a00000000000000f3
:10e3a400c40100a01800000000000000a01c00a090
:10e3b400a403000000000000dc0100a0080000002d
:10e3c40000000000a02300a04401000000000000a1
:10e3d400d40300a0c008000000000000e40100a075
:10e3e4001800000000000000940c00a00c080000bd
:10e3f40000000000fc0100a0050000000000000077
:10e40400a42c00a00c00000000000000040200a0e6
:10e414000c00000000000000f02600a0f80000003e
:10e4240000000000140000a0020000000100000031
:10e4340001000000100200a008000000000000001d
:10e44400e42400a00801000000000000180200a05d
:10e454001400000000000000ac0300a02400000031
:10e4640001000000f4010000d007000001000000da
:10e474000100000001000000000000007c3b039d3f
:10e48400ec96039d00000100502c00a01800000031
:10e4940000000000a01400a000080000000000001c
:10e4a4002c0200a00400000000000000180000a0de
:10e4b400040000000100000001000000e82700a0a3
:10e4c400c800000000000000300200a03c00000072
:10e4d40000000000c42900a060000000000000004b
:10e4e400ec2500a0ff000000000000006c0200a06a
:10e4f4000400000000000000902c00a014000000a4
:10e50400000000001c0000a0080000000100000042
:10e51400ffffffffffffffffec2600a00400000049
:10e5240000000000bc2c00a004000000000000005b
:10e53400d00300a00400000001000000010000005e
:10e54400c02c00a004000000000000002c2c00a03f
:10e554002400000000000000c42c00a004000000ff
:10e564000000000000000000666666666666666677
:020000040000fa
:020000041d00dd
:10e57400c0ffbd273c00bfaf3800beaf3400b7af0b
:10e584003000b6af2c00b5af2800b4af2400b3af51
:10e594002000b2af1c00b1af1800b0af2598a000a6
:10e5a4003000e530300003245100a3102510000092
:10e5b4002590c00081fa400f2588e00025804000a6
:10e5c4004b0000122510000025a840020001522e25
:10e5d4000100405600011524ffffb5320400028eed
:10e5e4000000038e23104300ffff4224ffff42304c
:10e5f4001800038e1400048e2318640010002432c3
:10e604004f008014ffff723025a060020001732eba
:10e614000100605600011424200024324a008014b2
:10e62400ffff9432ffff633021186200212095021e
:10e634002a1883000e006010231844022118430096
:10e6440003002532090004240620a40001008430bc
:10e6540033008010ffff633001006324421803007d
:10e6640021a07400ffff943221187500ffff75305c
:10e674002b18a20236006054231055002310a20266
:10e68400ffff42302000422c330040145081848f1d
:10e694000400828c09f840000100a52625b0400042
:10e6a4001300c012251000002b1092022c004054bd
:10e6b4002390540223909202ffff52322000522ee4
:10e6c400290040165081848f0400828c09f8400090
:10e6d400010085262500401425b840005081848f10
:10e6e4000c00828c09f840002528c0022510000087
:10e6f4003c00bf8f3800be8f3400b78f3000b68f18
:10e704002c00b58f2800b48f2400b38f2000b28f63
:10e714001c00b18f1800b08f0800e0034000bd2733
:10e72400020004240400a454211874002118750064
:10e73400cfff0010ffff7530cdff0010ffff7430d6
:10e74400cbff001025a04002ccff001025a84000fc
:10e75400ccff0010ffff4230d3ff001025b00000b3
:10e76400d6ff0010ffff523225b80000a100c012ee
:10e7740008002232a60040501000a0af0800128efc
:10e784000c00058e2b1045024c0040102b10b200db
:10e7940004001e8e23f0c503ffffde330000138e3a
:10e7a40023905302ffff52322110d2039f004010e6
:10e7b4002a10a202860040145081848f0300c013e3
:10e7c4002530c003effa400f2520c0020400401298
:10e7d4002530400225286002effa400f2120de0296
:10e7e4001000028e0c00038e23204300ffff8430b0
:10e7f4002b104300070040101000a4af0400028e49
:10e804000000038e2310430021108200ffff4230da
:10e814001000a2af3100e016259800002588000002
:10e824005081848f0c00828c09f840000000058e12
:10e83400000016ae0100b52621a8d502040015aecd
:10e844000c0016ae2190d2032190d202080012ae21
:10e854001000a28f21b0c202100016aec9eb400f07
:10e86400252000020b00e0125081848f0c00828c62
:10e8740009f840001400058e140017ae21a0f4021c
:10e88400180014ae200017ae219871022198f302eb
:10e894001c0013ae760004920300032494ff831437
:10e8a4000100022401000624100005249e14400fd8
:10e8b400252000028eff00100100022457004010a2
:10e8c4002598a00023904502ffff5232b6ff0010a6
:10e8d40025f000001000a0af25f000000400313244
:10e8e40036002012ffff02245c00038e0c0062102d
:10e8f4001c00118e68000296211043002188220218
:10e904001800028e2b185100060060502000058e5e
:10e914001400038e231043002710020021882202d2
:10e924002000058e2b10b10018004010259800001f
:10e9340023882502ffff31321400a5af2110710294
:10e944000c0040102a108202210040145081848f50
:10e954000300601225306002effa400f2520e00228
:10e9640004002012253020021400a58feffa400f76
:10e974002120f302abffc0565081848f5cffe0126c
:10e9840001000224b9ff00105081848f2b1025024e
:10e994000d004050258800001800138e01007326d6
:10e9a40023986502ffff73321400028e1400a2af95
:10e9b40023882202e1ff0010ffff31322588000086
:10e9c400ecff001025980000eaff001025980000d5
:10e9d4000c00828c09f840002528e0025081848fc5
:10e9e4000c00828c09f840002528c00240ff00106a
:10e9f40025100000b7ffe016259000001000a0af1e
:10ea040025f0000025880000daff0010259800009a
:10ea1400259000007fff001025f000001000a0af3b
:10ea2400259000007bff001025f0000079ff001006
:04ea34001000a0af7f
:020000040000fa
:020000041d00dd
:10ea3800a8ffbd275400bfaf5000beaf4c00b7af12
:10ea48004800b6af4400b5af4000b4af3c00b3af28
:10ea58003800b2af3400b1af3000b0af25888000c5
:10ea68005c00a5af2800969464fb400f3000848cae
:10ea7800eb0040101400a2af050005243afc400f3b
:10ea8800252020021900401425f000009de0400fc9
:10ea980008000424060140102580400008000224d4
:10eaa800060002a60500062425282002c06f400f94
:10eab8002520000210001e26110000a2120000a24c
:10eac800130000a2ea67400f7c81848f170002aa16
:10ead800140002ba7c81828f010042247c8182afbb
:10eae8000600229608004224060022a60400229668
:10eaf800060023962110430028004224080023968c
:10eb080021104300ffff43302400a3af5c00a28f15
:10eb18000005422c05004010dc05622cdc050324ae
:10eb28005c00a48f0b2062005c00a4af5c0022266e
:10eb38002800a2af2598400025a80000090062928d
:10eb48000600422c070040501000a0af0600629655
:10eb58002110a2020c00738ef8ff6016ffff5530db
:10eb68001000a0af049d023c2c00a2af1900601257
:10eb78002580a002060062961000a38f2540600041
:10eb8800232043005c00a38f2128a4022a286500c3
:10eb98005700a0142538a0022580a0020700001005
:10eba800252860020600a294232048002130040290
:10ebb8002a3066004e00c01425380002211050008b
:10ebc8001000a48f231044000c00a58cf5ffa0149e
:10ebd800ffff5030b800c0132400a28f2000a2af5e
:10ebe8002118d002261862002b1803000200c293d5
:10ebf8000400627cf800c33207004230251043004d
:10ec08000200c2a3022216000300c4a300220400cb
:10ec1800ed67400f252082000200c2a3007a427ce3
:10ec28000300c2a3d8ff0426ed67400fffff84301e
:10ec3800380022a60200063c0200c624252800024d
:10ec4800dfb4400f38000424a200401025a0400083
:10ec58001800228e030040141c00238e2c00a28f63
:10ec6800a0f94224080082ae0c0083aedd8606348b
:10ec780025288002e9d2400f252020021800978e0f
:10ec88003400a0122590a0021800b5af2800a28f6a
:10ec98001c00a2af259000001c00a38f06006694fc
:10eca8001800a28f2b10c200220040501800a68f17
:10ecb8000000658ceffa400f2520e0021c00a38fae
:10ecc8000600629421905200ffff523221b8e202fe
:10ecd8001800a48f23108200ffff42301d0040104f
:10ece8001800a2af0c00628cebff00101c00a2af52
:10ecf8002318670009006328030060145c00a28fd2
:10ed0800b4ff0010f8ff503007000332b1ff601065
:10ed18000000000008000224231043002a104400c9
:10ed2800acff4010f8ff103208001026a9ff0010b1
:10ed3800ffff10321c00a38f0000658ceffa400f14
:10ed48002520e0021800a28f21905200ffff5232c6
:10ed580021b8e20223801502ffff0232580040105a
:10ed68001c00a2af258040001800a0af09006292e5
:10ed78000a0042381800a38f1400a48f0a188200d2
:10ed88001800a3af060066962b10d0003100401083
:10ed98001000a28f0000658e2128a200effa400f14
:10eda8002520e0020600629621905200ffff5232b1
:10edb80021b8e20223100202ffff50300c00738ecc
:10edc800eaff00161000a0af1000b0af1000838e4d
:10edd8000c006294211042020c0062a41800a28f59
:10ede800060040503000248e1000838e100062947c
:10edf80008004234100062a43000248e280084ae3b
:10ee0800a5e3400f252880021f0041041c00a28fa3
:10ee180028d7400f25208002280036a61400a0af6e
:10ee28001400a28f5400bf8f5000be8f4c00b78fc4
:10ee38004800b68f4400b58f4000b48f3c00b38fb4
:10ee48003800b28f3400b18f3000b08f0800e00373
:10ee58005800bd270000658e253000022128a20039
:10ee6800effa400f2520e00221901202ffff5232f4
:10ee780006006296d5ff50141000b0af0c00738ed8
:10ee8800d2ff00101000a0af21b0c202ffffd6329f
:10ee98002110d5022000a38f34ff62140000000067
:10eea8000d0022924429027cddff00100d0022a2f1
:10eeb800dbff00101400a0afd9ff00101400a0afb2
:10eec8001000828e0c00439421904302caff001068
:10eed8000c0052a4280036a6d1ff00101400a0afe1
:020000040000fa
:020000041d00dd
:10eee800a0ffbd275c00bfaf5800b3af5400b2af5e
:10eef8005000b1af4c00b0afa300023c0004422464
:10ef08002000a2af2400a0a72800a0af2c00a0a733
:10ef18004010022408008214ffff112400a0023cc4
:10ef280084024290010043300b006010020042301e
:10ef380000a0113c70023126251020025c00bf8f12
:10ef48005800b38f5400b28f5000b18f4c00b08f6f
:10ef58000800e0036000bd27f7ff4014ffff1124fd
:10ef68000400b08c0c00028ef4ff40102510200223
:10ef78000800b28cf2ff40125c00bf8f1800428e6e
:10ef8800efff4010251020021c00428eeaff4010bf
:10ef9800100106242528000000a0043cd2fb400fe5
:10efa8007402842400a0023c70024224ffff032460
:10efb8000c0043ac080043ac3c000324880043ac7d
:10efc8000c00038e500043ac0400038e540043ac85
:10efd8000800038e580043ac30000396180043a481
:10efe800320003961a0043a41000038e5c0043ac61
:10eff8001400038e600043ac1800038e640043ac19
:10f008001c00038e680043ac36000496010085306e
:10f01800ffff0324fcff02240b18450000a0023c5c
:10f02800700242241c0043ac160044a40000438e26
:10f0380004004a8e0800498e0c00488e1000478e46
:10f048001400468e1800458e1c00448e200043ace8
:10f0580024004aac280049ac2c0048ac300047ac2e
:10f06800340046ac380045acffff63300400632c25
:10f07800040060103c0044ac00a0023c04000324df
:10f08800900243a400a0023c920242948000442cc7
:10f0980003008014800003240f004224f0ff433053
:10f0a80000a0113c70023126220023a688bf123c22
:10f0b80000905236400032ae2fe9400f3c00042445
:10f0c80012b1400f25202002aafb400f8800248e91
:10f0d800000605246a00410f252040023800328ec0
:10f0e8000000428e3c00258e09f8400025200000d3
:10f0f800ffff03249b00431000a0033c780262ac8e
:10f108001400428e0300052409f840002520000061
:10f1180025204000ffff02249200821000a0063c38
:10f128000c0024ae3c00238e080065943000a5af87
:10f138003000228e3400a2af0c00628c3800a2afdf
:10f148000f0002243c00a2af1400628c4000a2af62
:10f158002c00428edc02c62409f840003000a527a6
:10f168008100420400a0043cffc0053488bf043c71
:10f17800c7ff400f00908434039d023ca4a442249e
:10f18800252800002518000001000724080006248f
:10f1980004206700570084300300801001006324b6
:10f1a8000000448c2528a400f9ff661404004224ba
:10f1b80088bf113ccbff400f009024363000052457
:10f1c800cfff400f00902436020005247200410f43
:10f1d80000902436252800007400410f0090243642
:10f1e800d3ff400f00902436d7ff400f00902436fd
:10f1f800dbff400f009024363b00028a3800029a59
:10f208001800a2af3c0002921c00a2a33d0002928b
:10f218001d00a2a3060006242000a527a7f6400f7c
:10f228001800a42709004010060006242800a52776
:10f23800a7f6400f1800a427040040101800a527bf
:10f2480088bf043cdcf6400f0090843400a0113cd9
:10f25800700231261000b1af049d073c44e7e72453
:10f2680002000624200025960ba5400f2520200229
:10f27800200023963b004314049d073c00a0113c4a
:10f28800700231261000b1af44e7e72401000624dc
:10f29800240025960ba5400f252020022400239644
:10f2a8003000431400a0023c96025194070020123b
:10f2b800030006242528200200a0043c688e400f85
:10f2c800700284242800225600a0043c00a0023cbe
:10f2d80098025294080040120100262e4030060081
:10f2e8002528400200a0043c688e400f7002842448
:10f2f8001d00425600a0043c00a0113c70023126bb
:10f308003480828f1000225200a0023c2000138e0d
:10f31800140040142400128e2fe9400f8800248e18
:10f32800aafb400f8800248e900020ae8c0020aeef
:10f33800980020ae940020ae9c0033aea00032ae00
:10f34800348091af00a0023c700242241400449023
:10f35800010003240400647c140044a0f6fe00109d
:10f36800100043ac00a0043c8bac400f7002842416
:08f37800f1fe0010ffff11245b
:020000040000fa
:020000041d00dd
:10f380000080013c2638e10040580500425d0b003a
:10f39000c0520500427d040025504f01c04a0400c0
:10f3a0000080083c255048014070070042750e005f
:10f3b000c06a0700427d06002568af01c0620600f2
:10f3c0002568a801ffff6f25fe07e12d970020109b
:10f3d00000000000ffffcf25fe07e12dc90020102f
:10f3e000000000000080013c2428a10023406e01a1
:10f3f0003300001100000000190000190000000097
:10f400002000012d0900201400000000e0ff082169
:10f410002b300c002560a60129000d100000000013
:10f4200000000d34f6ff0010000000002400001161
:10f43000000000002220080004308c0004208d0011
:10f4400006600c0106680d0125608c001c00c010d0
:10f450000000000002008c351900001000000000c0
:10f4600025580e00234008002000012d090020141b
:10f4700000000000e0ff08212b300900254846016c
:10f480000f000a100000000000000a34f6ff001010
:10f49000000000000a000011000000002220080007
:10f4a0000430890004208a000648090106500a0138
:10f4b000254889000200c010000000000200293524
:10f4c0002678a7001d00e0050000000021482c015f
:10f4d0002b782c0121504d0121504f0102004d117c
:10f4e000000000002b784d013a00e0110000000000
:10f4f00001002f310200e011000000000200293558
:10f5000042480900c07f0a0025482f0142500a00e6
:10f510000080013c2550410101006b25ff070124bb
:10f520002c00611500000000f07f013c2528a1009f
:10f530000000042439000010000000002b782c018a
:10f5400023482c012b104f0123504f012b784d01e4
:10f550002578e20123504d010700e0110000000072
:10f560000080013c2628a1002b78090023480900cf
:10f5700023500a0023504f010900401500000000ed
:10f58000040020150000000000000b240d000010f6
:10f59000000000002550200100000924e0ff6b2539
:10f5a0002040487107000011000000002358680146
:10f5b00022200800062089000448090104500a019d
:10f5c00025504401257849010200e01500000000a3
:10f5d00000000524700060190000000000042925c7
:10f5e00000042f2d21504f012b784f0121586f011e
:10f5f000c27a09000100ef3123482f01c22209001d
:10f60000407d0a0025208f0040780a00027b0f0011
:10f610002528af00007d0b002528af002510040031
:10f62000251805000800e003000000002a782001ea
:10f630002148290121504a0121504f01260060151f
:10f6400000000000257849011600e01100000000cc
:10f650000900401500000000040020150000000013
:10f6600000000b245bff001000000000255020016b
:10f6700000000924e0ff6b252040487155ff001170
:10f68000000000002358680122200800062089009d
:10f690000448090104500a01255044014dff00109f
:10f6a00000000000ff0701241600c1110000000047
:10f6b0002140e700257806010300e0150000000066
:10f6c000d6ffe00400000000251006002518070002
:10f6d000d4ff001000000000257849012a00e01541
:10f6e00000000000ff070124ccffc115000000004e
:10f6f0002678a7002400e00500000000f2ff0010bb
:10f70000000000002a78800121608c012168ad0191
:10f710002168af011900c015000000002578ac0178
:10f72000beffe011000000000900a015000000006d
:10f73000040080150000000000000e2429ff0010c6
:10f74000000000002568800100000c24e0ffce25a9
:10f750002040a87123ff0011000000002370c801a1
:10f760002220080006208c0004600c0104680d01b2
:10f770002568a4011bff0010000000002578ac01e3
:10f78000d1ffe01100000000f8ff053c0000042458
:10f79000a2ff0010000000000100082423400b011c
:10f7a0002000012d0900201400000000e0ff0821c6
:10f7b0002b300900254846010f000a100000000008
:10f7c00000000a34f6ff0010000000000a000011db
:10f7d00000000000222008000430890004208a0074
:10f7e0000648090106500a01254889000200c01098
:10f7f000000000000200293500000b2477ff0010f4
:08f80000000000000000000000
:020000040000fa
:020000041d00dd
:10f80800d8febd27256880002001bdaf2000ae27a7
:10f818002401bdaf0000828c2401a38f000062acdc
:10f828000400842404006224faff4e142401a2afc9
:10f838002000ac276000a327251080010000a48cbd
:10f84800000044ac04004224fcff43140400a52437
:10f85800c0008625251880013800648c0400658c5a
:10f8680042142400c23c24002610470082220400cf
:10f87800261044002400648c0000678c2120870037
:10f8880021104400c2212500823c25002620870043
:10f89800c22805002620850021104400400062ace3
:10f8a80004006324ecff66141c00a58f1000a78fca
:10f8b8001800a48f1400a38f0000a28f0400a88f43
:10f8c8000800a98f0c00aa8f039d0b3c68bb6b2511
:10f8d80000016f2582312700c2c227002630d800d8
:10f8e80042c627002630d8000000788d0000998d88
:10f8f80021c019032130d80026c0830024c0070383
:10f9080026c004032130d8002130c500215046010b
:10f91800422b220082c022002628b80082c522007d
:10f928002628b8002128a600253048002430c90020
:10f9380024c048002530d8002128a6000400668d80
:10f948000400988d2130d8002130c4002620e3001f
:10f9580024208a00262083002130c40082212a0026
:10f96800c2c22a002620980042c62a0026209800f3
:10f978002130c400214826018220250042c32500e9
:10f988002620980082c52500262098002120860080
:10f998002530a2002430c80024c0a2002530d80099
:10f9a800212086000800668d0800988d2130d80037
:10f9b8002130c3002618ea002418690026186700b9
:10f9c8002130c30082192900c2c2290026187800f4
:10f9d80042c62900261878002130c30021400601bc
:10f9e8008218240042c324002618780082c5240007
:10f9f80026187800211866002530a4002430c2009b
:10fa080024c0a4002530d800211866000c00668d9b
:10fa18000c00988d2130d8002130c70026384901c4
:10fa28002438e8002638ea002130c7008239280047
:10fa3800c2c228002638f80042c628002638f80036
:10fa48002130c700211046008238230042c323001a
:10fa58002638f80082c523002638f8002138e60049
:10fa6800253083002430c50024c083002530d80009
:10fa78002138e6001000668d1000988d2130d800de
:10fa88002130ca002650280124504201265049013d
:10fa98002130ca0082512200c2c2220026505801d9
:10faa80042c62200265058012130ca002128a6004b
:10fab8008250270042c327002650580182c52700dc
:10fac8002650580121504601253067002430c400d3
:10fad80024c067002530d800215046011400668de7
:10fae8001400988d2130d8002130c9002648020121
:10faf80024482501264828012130c90082492500cb
:10fb0800c2c225002648380142c6250026483801c9
:10fb18002130c9002120860082482a0042c32a00d9
:10fb28002648380182c52a0026483801214826017e
:10fb38002530ea002430c30024c0ea002530d8006c
:10fb4800214826011800668d1800988d2130d800ac
:10fb58002130c80026404500244004012640020107
:10fb68002130c80082412400c2c224002640180166
:10fb780042c62400264018012130c800211866001a
:10fb88008240290042c329002640180182c5290065
:10fb98002640180121400601253049012430c700bc
:10fba80024c049012530d800214006011c00668d7b
:10fbb8001c00988d2130d8002130c2002610a400e6
:10fbc80024104300261045002130c2008211230072
:10fbd800c2c223002610580042c62300261058002f
:10fbe8002130c2002138e6008210280042c32800d4
:10fbf8002610580082c528002610580021104600fb
:10fc0800253028012430ca0024c028012530d80016
:10fc18002110460020006b252eff6f1520008c2533
:10fc28001c00a5af0c00aaaf1800a4af0800a9af2c
:10fc38001400a3af0400a8af1000a7af0000a2af44
:10fc48000000a28d2001a38f0000638c21104300c7
:10fc58000000a2ad0400ad252001a28f04004224bb
:10fc6800f7ff4e142001a2af251000000800e003a2
:04fc78002801bd277b
:020000040000fa
:020000041d00dd
:10fc7c0010ffbd27ec00bfafe800beafe400b7af8c
:10fc8c00e000b6afdc00b5afd800b4afd400b3af72
:10fc9c00d000b2afcc00b1afc800b0af0f0005249c
:10fcac002dda400f1a0004246600401000a0023c1c
:10fcbc00b02c429463004010e481938f0c007326a7
:10fccc0025a80000009d143cd41d9426009d1e3ccc
:10fcdc00009d173c009d163c009d023cb400a2af59
:10fcec00009d023cb800a2af049d023cbc00a2af38
:10fcfc00009d023cc000a2af009d023cc400a2af1c
:10fd0c0000a0023cb000a2af25806002f4ff728616
:10fd1c00f8ff718efec3400f2520400205004014f1
:10fd2c00000000002ec4400f252040021900401096
:10fd3c00030002242383400f25204002fcff048e85
:10fd4c00050080102530000040d0400f000000005e
:10fd5c00fcff00ae2530000050000524446a400f23
:10fd6c00252040025000422c2f0040142588000012
:10fd7c0035000624b400a28f6c1d45243e99400f1b
:10fd8c00252040028ec4400f252040020a0000109e
:10fd9c00f4ff1286990022120400222e2200401039
:10fdac000200022449002252f4ff7286eaff20125c
:10fdbc0025300000f4ff1286253000005000052489
:10fdcc00446a400f252040025000422c160040147b
:10fddc00010011241000a2276400a2afa800a727dd
:10fdec00530006246400a52705ac400f25204002d3
:10fdfc000d004010020003241e00431418000624ba
:10fe0c00a41de5263e99400f252040021300062430
:10fe1c00c01dc5263e99400f252040022383400f6c
:10fe2c002520400225880000f8ff11ae0100b52600
:10fe3c00b000a28fb02c42942a10a202b2ff401440
:10fe4c001c007326ec00bf8fe800be8fe400b78f58
:10fe5c00e000b68fdc00b58fd800b48fd400b38f20
:10fe6c00d000b28fcc00b18fc800b08f0800e00377
:10fe7c00f000bd2725288002b7ce400f6400a48f68
:10fe8c00252840000f0040106400a2af0f0006248c
:10fe9c00e6fb400f252000020f0000a2a800a69749
:10feac00252800008168400f252040020d00062403
:10febc00d81dc5273e99400f25204002daff0010bf
:10fecc0002001124f5ff0010000000a225300000f4
:10fedc0050000524446a400f252040025000422c5b
:10feec00d1ff40141000a227a800a2afac00a72796
:10fefc0053000624a800a52705ac400f252040027e
:10ff0c00c9ff4010020003245a0043102528800228
:10ff1c00b7ce400fa800a48f258840005f0040108a
:10ff2c00a800a2afd881828f62004010f4ff622635
:10ff3c00e481838f2310430083100200dbb6033c63
:10ff4c00b76d6324021043706400a2a70200022460
:10ff5c006600a2a76800b2a7f0e3400f252040027c
:10ff6c00252040006a00a2a75ec4400f6c00a527a4
:10ff7c00d481878f6400a62725282002d881828f00
:10ff8c0009f8400025206002258840005300062413
:10ff9c0025280000d2fb400f1000a42710000624d7
:10ffac0025280000d2fb400f2520600208002016f7
:10ffbc0013000624c01dc5263e99400f2520400283
:10ffcc002383400f2520400297ff00102588000056
:10ffdc00ac00a697252800008168400f2520400220
:10ffec001c000624c400a28fe81d45243e99400f36
:10fffc00252040028cff0010030011242530000046
:020000041d01dc
:10000c0050000524446a400f252040025000422c29
:10001c0085ff401433000624b800a28f081e452427
:10002c003e99400f252040028ec4400f25204002ef
:10003c002530000025284002bc00a28ff1b9400fea
:10004c00c4fd4424fcff62ae77ff4014040011246d
:10005c0037000624c000a28f3c1e45243e99400f59
:10006c00252040022383400f252040026eff001004
:10007c00258800001000062425280000d2fb400f24
:10008c002520600218000624a41de5263e99400f89
:10009c0025204002c7ff0010130006241000062480
:1000ac0025280000d2fb400f25206002c1ff001064
:1000bc00130006245300062425280000d2fb400f11
:1000cc001000a4271000062425280000d2fb400fa6
:0c00dc0025206002b7ff0010130006246e
:020000040000fa
:020000041d01dc
:1000e800180180100100022478febd278401bfafeb
:1000f8008001b6af7c01b5af7801b4af7401b3af7e
:100108007001b2af6c01b1af6801b0af259080004b
:100118002580a0000000938c0f00033c404263241c
:100128008700631202000224030002248c00a2a3a9
:100138009000b3af010014240ba0c6001f00953235
:100148002ba815004211140021a8a202080082243d
:100158001001a32738008824030047880000479827
:1001680007004688040046980b0045880800459813
:100178000f0044880c004498000067ac040066ac8b
:10018800080065ac0c0064ac10004224f2ff48146f
:10019800100063240300448800004498000064ac05
:1001a80004004490040064a005004490050064a085
:1001b800060042907700a01a060062a025b0000051
:1001c8007c00468e7800458e04bf400f9400a4271b
:1001d800d600401425884000370006241001a527c2
:1001e800a3d6400f9400a427d000401425884000cf
:1001f8004801a527537f400f9400a4272588400075
:10020800c000410f9400a4273c0020161001a2272b
:100218000000428e0200422c530040144801a38f74
:100228000400428e500043140100022480004392cf
:10023800c2006210ffffa226010056500100b52639
:1002480001000224800042a2280000520100d626a4
:10025800250080122000822e480040144801a98ff2
:100268004c01a88f5001a78f5401a68f5801a58f64
:100278005c01a48f6001a38f6401a28f030009aa07
:10028800000009ba070008aa040008ba0b0007aa68
:10029800080007ba0f0006aa0c0006ba130005aa40
:1002a800100005ba170004aa140004ba1b0003aa18
:1002b800180003ba1f0002aa1c0002bae0ff942625
:1002c800200010264601a3271001a42700006290f1
:1002d80001004224ff00423003004014000062a0e5
:1002e80024006414ffff62240100d6262a10d502d8
:1002f800b4ff40547c00468e1001a2274701a32773
:100308002520400001004224000080a0fdff431486
:1003180025204000210020527c00468e2b881100a9
:100328009400a227b400a3272520400001004224fe
:10033800000080a0fdff4314252040002b10110071
:100348008401bf8f8001b68f7c01b58f7801b48f8f
:100358007401b38f7001b28f6c01b18f6801b08fd7
:100368000800e0038801bd27800040a2b6ff001006
:10037800040043aed5ff0010251840002530800248
:100388004801a527effa400f25200002d6ff0010ec
:1003980025a00000d8ff0010010011247800458e28
:1003a80004bf400f1000a4275c00401425884000bb
:1003b800010006248c00a527a3d6400f1000a4270f
:1003c80056004014258840003700062408004526ba
:1003d800a3d6400f1000a4275000401425884000e1
:1003e8009400a527537f400f1000a42725884000bc
:1003f800c000410f1000a427440020163e004326e9
:10040800b300a5279400a727252060002510000029
:10041800000086900000a8902130c80021104600f6
:10042800ffff4230000082a002120200ffff842476
:100438002530a000f6ffe614ffffa5241e00442681
:10044800070045260000869021104600ffff423035
:10045800000082a0ffff8424faff85140212020024
:100468002520600025100000000086903700879046
:100478002130c70021104600ffff4230000082a053
:10048800ffff8424f8ffa4140212020002121300d2
:10049800ff00043cff00842424104400009a130049
:1004a80000ff043c00ff84342498640225105300a4
:1004b800021422009000a2af9000a4278c00a72766
:1004c8002510000000006690030088902130c800c5
:1004d80021104600ffff4230000062a00212020015
:1004e800ffff8424f7ff8714ffff63243a004326a5
:1004f8000000649021104400ffff4230000062a019
:10050800ffff6324faffa314021202000000428ec8
:100518000100422482ff0010000042aec000410fdb
:100528001000a427faff00100000428ec000410fff
:100538009400a42771ff00101001a22778ff001073
:0c054800030011240800e0030000000084
:020000040000fa
:020000041d01dc
:1005540000681a407cffbd2700601b402c00b6af2a
:100564002800b5af8000bbaf82d21a00847a5b7fcb
:1005740044201b7c20a81d0000a01a3c18005a2708
:100584000000568f0400c01600000000049d1d3cae
:100594001803bd270000bd8f0100d626000056af0a
:1005a4000070164000609b407800bfae7400beae81
:1005b4007000b9ae6c00b8ae6800afae6400aeae09
:1005c4006000adae5c00acae5800abae5400aaae59
:1005d4005000a9ae4c00a8ae4800a7ae4400a6ae99
:1005e4004000a5ae3c00a4ae3800a3ae3400a2aed9
:1005f4007c00b6ae1000a1ae10b000000c00b6ae88
:1006040012b000000800b6ae00a0163c1800d626b2
:100614000000d68effffd6260400c016000000009e
:1006240000a0163c2c02d6260000d5ae99ea400f55
:100634000000000000a0163c1800d6260000d68e4c
:10064400ffffd6260400c0160000000000a0163ce0
:100654002c02d6260000d58e0800b68e1300c002e8
:100664000c00b68e1100c0021000a18e2c00b68eb4
:100674003400a28e3800a38e3c00a48e4000a58ec8
:100684004400a68e4800a78e4c00a88e5000a98e68
:100694005400aa8e5800ab8e5c00ac8e6000ad8e08
:1006a4006400ae8e6800af8e6c00b88e7000b98e98
:1006b4007400be8e7800bf8e00606041c0000000f0
:1006c40000a01a3c18005a2700005b8fffff7b270d
:1006d40000005baf8000ba8e7c00bb8e20e8150062
:1006e4002800b58f8400bd2700609a4000709b40ad
:1006f400c0000000180000420000000000a0163cea
:100704001800d6260000d68effffd6260400c01699
:100714000000000000a0163c2c02d6260000d58e56
:100724000800b68e1300c0020c00b68e1100c00281
:100734001000a18e2c00b68e3400a28e3800a38e39
:100744003c00a48e4000a58e4400a68e4800a78ecf
:100754004c00a88e5000a98e5400aa8e5800ab8e6f
:100764005c00ac8e6000ad8e6400ae8e6800af8e0f
:100774006c00b88e7000b98e7400be8e7800bf8e87
:1007840000606041c000000000a01a3c18005a2715
:1007940000005b8fffff7b2700005baf8000ba8ef9
:1007a4007c00bb8e20e815002800b58f8400bd278f
:1007b40000609a4000709b40c00000001800004296
:1007c400000000007cffbd2700601b402c00b6af7a
:1007d4002800b5af8000bbaf847a1b7c000c7b374c
:1007e40044201b7c20a81d00049d1d3c1803bd272c
:1007f4000000bd8f00a01a3c18005a2701001624df
:10080400000056af0070164000609b407800bfaef9
:100814007400beae7000b9ae6c00b8ae6800afae86
:100824006400aeae6000adae5c00acae5800abaee2
:100834005400aaae5000a9ae4c00a8ae4800a7ae22
:100844004400a6ae4000a5ae3c00a4ae3800a3ae62
:100854003400a2ae3000b7ae7c00b6ae2400b4ae15
:100864002000b3ae1c00b2ae1800b1ae1400b0ae9e
:100874001000a1ae10b800000c00b7ae12b8000012
:100884000800b7ae00a0173c3002f7260000f78e30
:100894000000f5ae00606041c00000000060174039
:1008a400847a177c010cf63600609640c000000084
:1008b400006816400442167c00689640c0000000a0
:1008c40088bf163c3410d626020014240000d4ae8f
:1008d400e3a5400f0000000000609740c000000046
:1008e40000a0103c300210260000108e0000158e6f
:1008f4000800b08e130000020c00b08e110000023c
:100904001000a18e1400b08e1800b18e1c00b28e9f
:100914002000b38e2400b48e2c00b68e3000b78e27
:100924003400a28e3800a38e3c00a48e4000a58e15
:100934004400a68e4800a78e4c00a88e5000a98eb5
:100944005400aa8e5800ab8e5c00ac8e6000ad8e55
:100954006400ae8e6800af8e6c00b88e7000b98ee5
:100964007400be8e7800bf8e00606041c00000003d
:1009740000a01a3c18005a27000040af20e81500d8
:100984002800b58f8000bb8f7c00ba8f8400bd2700
:1009940000609b4000709a40c000000018000042b4
:0409a400000000004f
:020000040000fa
:020000041d01dc
:1009a80000a0023c081e439009016014ffff0224c6
:1009b800e8ffbd271400bfaf1000b0af0001a010c2
:1009c8002580a0000000a3900200632cfc006010aa
:1009d8003c0206242528000000a0043cd2fb400f5e
:1009e800081e842400a0043c12f2400f0c1e84242c
:1009f8002520400001000324f1008314ffff022496
:100a0800680106242528000000a0043cd2fb400f02
:100a1800a01c842400a0023c01000324081e43a05b
:100a280000000392081e4224e3006010080043a05f
:100a380000a0043c1020842400a0033c1c1f632455
:100a48002540000025484000402908000400028e87
:100a5800211045000000478c1800e0102510e00028
:100a6800f8fe66245000e72403004d8800004d98e6
:100a780007004c8804004c980b004b8808004b98e2
:100a88000f004a880c004a980000cdac0400ccac9a
:100a98000800cbac0c00caac10004224f2ff47148b
:100aa8001000c62403004a8800004a9807004788b7
:100ab800040047980000caac0400c7ac0400028eca
:100ac800211045000400478c1800e0102510e000b4
:100ad80050ff66245000e72403004d8800004d981d
:100ae80007004c8804004c980b004b8808004b9872
:100af8000f004a880c004a980000cdac0400ccac2a
:100b08000800cbac0c00caac10004224f2ff47141a
:100b18001000c62403004a8800004a980700478846
:100b2800040047980000caac0400c7ac0400028e59
:100b3800211045000800478c1800e0102510e0003f
:100b4800a8ff66245000e72403004d8800004d9854
:100b580007004c8804004c980b004b8808004b9801
:100b68000f004a880c004a980000cdac0400ccacb9
:100b78000800cbac0c00caac10004224f2ff4714aa
:100b88001000c62403004a8800004a9807004788d6
:100b9800040047980000caac0400c7ac0400028ee9
:100ba800211045000c00478c1800e0102510e000cb
:100bb800253060005000e72403004d8800004d9860
:100bc80007004c8804004c980b004b8808004b9891
:100bd8000f004a880c004a980000cdac0400ccac49
:100be8000800cbac0c00caac10004224f2ff47143a
:100bf8001000c62403004a8800004a980700478866
:100c0800040047980000caac0400c7ac0400028e78
:100c1800211045001000478c1500e0102510e00059
:100c280064ff86243000e72403004d8800004d98b7
:100c380007004c8804004c980b004b8808004b9820
:100c48000f004a880c004a980000cdac0400ccacd8
:100c58000800cbac0c00caac10004224f2ff4714c9
:100c68001000c62403004788000047980000c7ac5e
:100c78000400028e211045001400478c1500e01076
:100c88002510e00098ff86243000e72403004d88f3
:100c980000004d9807004c8804004c980b004b88c6
:100ca80008004b980f004a880c004a980000cdac09
:100cb8000400ccac0800cbac0c00caac1000422439
:100cc800f2ff47141000c624030047880000479825
:100cd8000000c7ac0400028e211045001800478ca4
:100ce8001500e0102510e000ccff86243000e72432
:100cf80003004d8800004d9807004c8804004c986c
:100d08000b004b8808004b980f004a880c004a9843
:100d18000000cdac0400ccac0800cbac0c00caacd5
:100d280010004224f2ff47141000c624030047882d
:100d3800000047980000c7ac0400028e211045004f
:100d48001c00468c1500c0102510c0002528800006
:100d58003000c62403004c8800004c9807004b88dc
:100d680004004b980b004a8808004a980f004788ef
:100d78000c0047980000acac0400abac0800aaac6f
:100d88000c00a7ac10004224f2ff46141000a52462
:100d980003004688000046980000a6ac010008251c
:100da8003400842408002291ff0005312b10a20092
:100db80025ff40145800632400a0023c081e42246a
:100dc8001400bf8f1000b08f0800e0031800bd2783
:080dd8000800e0030000000028
:020000040000fa
:020000041d01dc
:100de000e0ffbd271c00bfaf1800b2af1400b1afc9
:100df0001000b0af2590a0006bfa400f2588c0000e
:100e0000258040002c000012251000000080423296
:100e1000e3004014004044328003437e847b127c14
:100e20001000452e2400a0104018030080901200ee
:100e3000019d023c480e4224211052000000428cc9
:100e40000800400000000000880e019dd40e019da6
:100e50000c0f019d400f019d8c0f019dd80f019d2e
:100e6000ec0f019df80f019d0410019d1c10019dc8
:100e70002810019d1c11019d3011019d4811019dfb
:100e80005811019d7011019d0100312e4000028e0c
:100e90008410227e400002ae070080100100022470
:100ea000010063380100632c3f0002920400627c61
:100eb0003f0002a2010002241c00bf8f1800b28f65
:100ec0001400b18f1000b08f0800e0032000bd2790
:100ed000010003240100312e4000028ec418227e3e
:100ee000400002aef4ff60100100022401006338ec
:100ef0000100632c3f0002924408627c3f0002a282
:100f0000edff001001000224010003240100312e36
:100f10004000028e0421227e400002aee6ff6010f7
:100f200001000224010063380100632c3f0002929b
:100f30008410627c3f0002a2dfff00100100022447
:100f4000030031324000028e0408227e0900201284
:100f5000400002aeffff0224140002ae4000028ee9
:100f6000010003240442627c400002aed2ff001064
:100f700001000224140000ae4000028e0442027cf4
:100f8000400002aeccff0010010002243c0004929d
:100f900002000324c8ff8310251000004000038ec8
:100fa00000026330c4ff60142b8811004000038ee0
:100fb0008002637cc0ff7110010002241bc7400f38
:100fc000252000024000028e8452227e400002aea4
:100fd000b9ff0010010002241bc7400f25200002aa
:100fe000100011a6b4ff0010010002243d0011a260
:100ff000b1ff001001000224620011a2aeff001038
:10100000010002242b8811004000028e0484227efd
:10101000400002aea8ff001001000224630011a2ec
:10102000a5ff001001000224a3ff201225100000dc
:101030000000228e010042300c0040500000228e41
:101040000400238e4000028ec418627c400002ae71
:101050000400238e0421627c400002ae0400238e33
:101060008410627c400002ae0000228e02004230fa
:10107000050040500000228e0400228e4000427c79
:10108000440002ae0000228e0400423007004050af
:101090000000228e0400228e8000427c48000396cd
:1010a0000400437c480003a60000228e0800423062
:1010b000070040500000228e0400228ec000427cb7
:1010c000480003964408437c480003a60000228e93
:1010d00010004230070040500000238e0400228e92
:1010e0000001427c4000038e8494437c400003aea8
:1010f0000000238e200063306fff60100100022487
:101100000400228e4001427c4000038ec49c437c3c
:10111000400003ae68ff0010010002244800029660
:10112000c440227e480002a663ff00100100022492
:101130002b88110048000296444a227e480002a6ed
:101140005dff0010010002242b881100440011ae45
:1011500059ff0010010002242b881100480002965c
:101160000400227e480002a653ff00100100022462
:101170000100312e480002968452227e480002a6c9
:101180004dff0010010002240100312e4000028eac
:101190008410227e400002ae41ff001001000324b3
:1011a000847b127c1000432e43ff6010251000004a
:1011b00080901200019d023ccc114224211052006b
:1011c0000000428c08004000000000008811019dd2
:1011d000d00e019d080f019d400f019d8c0f019db8
:1011e000d80f019dec0f019df80f019d0410019d8a
:1011f0001c10019d2810019d1c11019d3011019da5
:0c1200004811019d5811019d7011019dc5
:020000040000fa
:020000041d01dc
:10120c0078ffbd278400bfaf8000b5af7c00b4afc2
:10121c007800b3af7400b2af7000b1af6c00b0af78
:10122c00258080002590c0000300a22818004010e3
:10123c000400918c0000828c0400428c0000c68c4f
:10124c00009d053cdc14a52409f840002520200253
:10125c000000028e0400428c0000468e009d053c6e
:10126c001415a52409f84000252020028400bf8f06
:10127c008000b58f7c00b48f7800b38f7400b28f70
:10128c007000b18f6c00b08f0800e0038800bd27a0
:10129c0025a0a0001800a0af07d7400f0400c48cf5
:1012ac0009004014259840000000028e0000428c7a
:1012bc00009d053c7809a52409f840002520200252
:1012cc00ebff00108400bf8f0800558e009d053c7d
:1012dc008c09a52405fb400f2520a002a700401077
:1012ec00009d053ca009a52405fb400f2520a0026c
:1012fc00bc004010009d053c2c15a52405fb400f9f
:10130c002520a002b3004010009d053c3415a524f7
:10131c0005fb400f2520a002160040140400942a5f
:10132c0008008012009d053c0000028e0000428cdb
:10133c003c15a52409f8400025202002ccff001004
:10134c008400bf8f1800a527cf75400f0c00448e6a
:10135c009b004014009d053c0000028e0000428c56
:10136c00f812a52409f8400025202002c0ff001027
:10137c008400bf8f009d053c080ea52405fb400f83
:10138c002520a00275004014259040001c00a527c4
:10139c0071a6400f25206002680040102000a38f2a
:1013ac000000028e1000a3af0400428c0900072439
:1013bc001c00a68f009d053c5c15a52409f8400077
:1013cc00252020021c00a28f0900422ca7ff4014ec
:1013dc002800a78f0000028e0400428c2400a68fe8
:1013ec00009d053c8815a52409f840002520200205
:1013fc000000028e0400428c3000a78f2c00a68fb8
:10140c00009d053cb015a52409f8400025202002bc
:10141c00140006245000a527e8d3400f3400a4275d
:10142c000000028e0400428c5000a627009d053c53
:10143c00d815a52409f84000252020021400062404
:10144c005000a527e8d3400f3c00a4270000028ed3
:10145c000400428c5000a627009d053cec15a524e9
:10146c0009f84000252020024000a68f3100c05012
:10147c00009d063c0000c280040040540000028e17
:10148c00009d063cc014c6240000028e0400428c51
:10149c00009d053c0016a52409f8400025202002db
:1014ac004400a2935a0040105000a52714000624b3
:1014bc00e8d3400f4800a48f0000028e0400428c39
:1014cc004400a6930300c0145000a727009d073cbe
:1014dc00cc14e724009d053c1816a52409f84000ff
:1014ec00252020024500a29344004010140006243d
:1014fc005000a527e8d3400f4c00a48f0000028eab
:10150c000400428c4500b293030040165000a727fc
:10151c00009d073ccc14e72425304002009d053c7f
:10152c003416a52409f840002520200250ff001095
:10153c008400bf8fd4ff0010c014c6240000028e9c
:10154c000000428c009d053c5016a52409f8400073
:10155c002520200246ff00108400bf8f0000028e61
:10156c000000428c009d053cac09a52409f8400004
:10157c00252020023eff00108400bf8f13f9400f7e
:10158c00252060021b004010009d023c009d023c87
:10159c003c1442240000038e1000a2af0400628ca5
:1015ac000800478e0000468e009d053c6c16a52455
:1015bc0009f84000252020022dff00108400bf8f69
:1015cc001800a58f2bf9400f25206002edff0010ad
:1015dc00000000001ff9400f25206002e9ff0010f9
:1015ec0000000000f7c0400f25206002e5ff00104e
:1015fc0000000000e7ff0010d41442240000028e0b
:10160c000400428c009d073cc3ff0010cc14e7245f
:10161c000000028e0400428c25304002009d073ce5
:08162c00acff0010cc14e72410
:020000040000fa
:020000041d01dc
:1016340090ffbd276c00bfaf6800b5af6400b4afc6
:101644006000b3af5c00b2af5800b1af5400b0afac
:101654000f0005242dda400f090004240100423054
:1016640062004014f2ff13246c00bf8f6800b58f32
:101674006400b48f6000b38f5c00b28f5800b18fe8
:101684005400b08f0800e0037000bd272c000296c0
:101694000800422cc0004014252860022000028e5d
:1016a4004004427c5c0040144800a6271c00118eb4
:1016b400ed67400f04002496259040002c0002960c
:1016c400b500521425286002060022961d00401021
:1016d4001800148e2000028e0004423019004014b9
:1016e400253000000c00828e2000a2af1000828ef4
:1016f4002400a2af2800a0a3110002242900a2a361
:10170400040022962a00a2a70c000524f567400fc6
:101714002000a427273002002000028e040042305b
:1017240038004010ffffc6302538c0002530400285
:10173400252820020aa0400f25200002960040140c
:10174400f6ff0524ed67400f00002496000022a652
:10175400ed67400f02002496020022a6f8ff5226ed
:10176400040032a60100062425282002975b400fbe
:1017740025200002aa004010258840004800429419
:101784000200423005004010e00003241000829261
:10179400f000423080004314f1ff0524f8ef400fbd
:1017a400252000002590400025280002b3f8400fb2
:1017b4004c00242660002296000142309a0040101a
:1017c400252840025800348e5c00358e01f2400f0b
:1017d40025200000050080122538a00200010624ff
:1017e4002800058e09f88002120024868ce3400f3d
:1017f40009000424a5ff4014258040009bff00102d
:101804006c00bf8f25284002f567400f2520200279
:10181400caff0010000000004c00a527f0f1400fa3
:10182400252000025c004010252860021c00128e56
:10183400ed67400f04004496258840002c00029672
:1018440055005114252860020600429634004010c9
:10185400000000002000028e0004423030004014da
:101864004800a38f03006688000066980700658817
:10187400040065980b006488080064980f0062886f
:101884000c0062982000a6af2400a5af2800a4afe6
:101894002c00a2af4c00a38f03006688000066985a
:1018a40007006588040065980b0064880800649844
:1018b4000f0062880c0062983000a6af3400a5af18
:1018c4003800a4af3c00a2af040042964000a2af8f
:1018d4004400a0a74600a0a3110002244700a2a32d
:1018e4002530000028000524f567400f2000a427b8
:1018f400273002002000028e040042302b004010ea
:10190400ffffc6302538c0002530200225284002bc
:101914000aa0400f252000021f004014f6ff0524f2
:10192400ed67400f00004496000042a6ed67400fab
:1019340002004496020042a6f8ff2226040042a6b2
:101944000200062425284002975b400f2520000250
:101954001b004014259040002800048e320002969b
:101964002800422421882202ffff31321c00b1af3b
:101974001800a0af010002241400a2af0400022446
:101984001000a2af4800a78f4c00a68f58a0400fac
:1019940025280002f1ff052409000624dae1400f9e
:1019a4002520000291ff00100000000025282002dd
:1019b400f567400f25204002d7ff0010000000000b
:1019c400f8ef400f2520000025884000252800025c
:1019d400b3f8400f4c0044266000429600014230a8
:1019e40015004010252820025800548e5c00558ea6
:1019f40001f2400f252000007cff80122538a00250
:101a0400000106242800058e09f88002120044868d
:101a140076ff001000000000dfff001025286002a0
:101a2400ddff0010f1ff052401f2400f2520000026
:101a34006eff00100000000001f2400f252000009e
:101a44006aff001000000000d3ff00102528600288
:020000040000fa
:020000041d01dc
:101a5400b8ffbd274400bfaf4000beaf3c00b7afe6
:101a64003800b6af3400b5af3000b4af2c00b3af1c
:101a74002800b2af2400b1af2000b0af0f0005249e
:101a84002dda400f02000424259840000100423062
:101a940009004050020073320100162400a0153cd6
:101aa400202bb5268ce3400f02000424710040145f
:101ab40025a04000020073326200601200a0033cc3
:101ac400202b63241800628cd0074224180062acd7
:101ad4006210043cd34d842419004400101000000b
:101ae400821102005800410f140062ac55004018e6
:101af40025a8400000a0023c242b538c1800732618
:101b040025a0000000a0163cfff5400f2520800210
:101b1400259040001400708e150000122588600284
:101b2400202bd7261400e28e0800038e23104300d6
:101b34003800e38e2b104300a1004014fcff05265f
:101b440007f9400fe8ff248e5ae3400f140064267f
:101b5400ffff07242530000004000526eec6400fd1
:101b6400252040021400308eefff00561400e28e50
:101b74000000308e16000052e8ff228e202bd7265c
:101b84001400e28e0800038e231043003400e38e19
:101b94002b1043000d004014fcff052607f9400fed
:101ba400e8ff248e5ae3400f25202002fdff07247e
:101bb4002530000004000526eec6400f2520400213
:101bc4000000308eefff00561400e28ee8ff228ef4
:101bd4002400428c2800238e2b104300170040540d
:101be400010094262c00228e1400405001009426fb
:101bf40025b800005ae3400f252020020e004010b3
:101c040025804000fcff452407f9400fe8ff248e9f
:101c1400fcff07242530000004000526eec6400f13
:101c2400252040020100f7262c00228e2b10e20210
:101c3400f0ff40140000000001009426b2ffb41627
:101c4400480073264400bf8f4000be8f3c00b78f0e
:101c54003800b68f3400b58f3000b48f2c00b38faa
:101c64002800b28f2400b18f2000b08f0800e00359
:101c74004800bd271800908e46f1400f2520000231
:101c84000000029644005614f2ff05240400039653
:101c94000604022441006214020006241b00178a71
:101ca4001800179a2800918e0400b28e6cff400f22
:101cb400252020021100038a0e00039a1800a3af06
:101cc400c018020021186200c018030021904302ca
:101cd4001800a5275cb7400f0000448e0500401093
:101ce40025904000080006262528400069bf400fc3
:101cf400252020020400228e2700e216020005247b
:101d040042002296001042302400401402000624af
:101d140015004056060002960400b78e6cff400f73
:101d240025202002c090020021904202c09012009f
:101d34002190f2021800a5276cbd400f0000448ecc
:101d44000800401025204000000042940200423068
:101d54001600401008000626180047261cdd400f18
:101d640080000524060002960b0056140200052488
:101d74001100078a0e00079a0400268e3c002226d2
:101d84001400a2af080010261000b0afec8c400f76
:101d9400252020020200052402000624dae1400f77
:101da400252080023fff001000000000252880004d
:101db40069bf400f25202002ebff001006000296a9
:101dc40042005e960010de33202bd726fcff0396dc
:101dd40000026230020040504400e2964600e2965f
:101de400120004962b108200190040500000108e3f
:101df4001400e28e0800058e231045003c00e58e99
:101e0400022085702b104400110040540000108ef5
:101e14000300c013000163300d0060500000108ef9
:101e24000400078e0400468e1400a0af1880822799
:101e34001000a2af01000524ec8c400f25204002c5
:101e44001200029601004224120002a60000108e25
:101e5400dfff0056fcff039646ff00100000308ea3
:020000040000fa
:020000041d01dc
:101e6400c8ffbd273400bfaf3000beaf2c00b7aff2
:101e74002800b6af2400b5af2000b4af1c00b3af48
:101e84001800b2af1400b1af1000b0af00a0033c13
:101e9400101e63902b188300120060144c00b28f44
:101ea40004004012ffff0224fdff0224000042aea2
:101eb400ffff02243400bf8f3000be8f2c00b78f89
:101ec4002800b68f2400b58f2000b48f1c00b38f78
:101ed4001800b28f1400b18f1000b08f0800e00317
:101ee4003800bd272510800025a0a00025b8c0001b
:101ef4000500a330050004241700641425b0e00095
:101f040040180200218062008080100023800202b9
:101f1400c08010006400102600a0113c081e312669
:101f24002180300221186200801803002110620011
:101f340080100200a0014224218822020000028ea7
:101f44004400405430008232daff4012ffff022482
:101f5400d8ff0010000042ae0600a330060004249f
:101f64001000641440180200218062008080100078
:101f740023800202c08010000c00102600a0113c37
:101f8400081e3126218030022118620080180300c7
:101f940021106200801002006c014224e7ff00104f
:101fa400218822020900a3300900042410006414cb
:101fb4004018020021806200808010002380020209
:101fc400c08010001401102600a0113c081e312608
:101fd4002180300221186200801803002110620061
:101fe4008010020008024224d4ff0010218822023b
:101ff4000a00a3300a0004241000641440180200ec
:10200400218062008080100023800202c0801000c2
:10201400bc00102600a0113c081e3126218030028d
:102024002118620080180300211062008010020051
:10203400d4014224c1ff0010218822029dff4012d6
:10204400ffff0224fdff0224000042ae99ff0010ae
:10205400ffff022410004014200082325400028e3c
:102064000f00401025f0000009f840002520c002b0
:102074000b00401025f00000200094360800228e4a
:102084000700401401001e248aff4012ffff0224af
:1020940088ff0010000042aef8ff401425f0000055
:1020a400ffff053400a0043c8bf9400f0c1e842470
:1020b400010003240700435000a0023c7dff4012ae
:1020c400ffff0224fcff0224000042ae79ff00104f
:1020d400ffff0224a01c4224259800000a000324c8
:1020e400000044901000805025a86002010073266f
:1020f400fbff63162400422400a0043c97f9400f20
:102104000c1e84240100032452004310000000002c
:1021140068ff4012ffff0224fcff0224000042aecd
:1021240064ff0010ffff0224c010130021105300ad
:102134008010020000a0033ca01c63242110430073
:1021440001000324000043a000a0043c97f9400fc1
:102154000c1e8424010003240d004310c01013003e
:10216400211053008010020000a0033ca01c632433
:1021740021104300000040a04eff4012ffff022444
:10218400fcff0224000042ae4aff0010ffff0224bd
:102194000000028e4800a68f2528c00209f84000de
:1021a4002520e00200a0033cc0201300212093005e
:1021b40080200400a01c632421186400060062a48b
:1021c400ffff03240b004314c018130021187300ed
:1021d4008018030000a0043ca01c8424211864007f
:1021e40034ff4012000060a0fcff032431ff001004
:1021f400000043aec01013002110530080100200f1
:1022040000a0033ca01c632421104300080050ac30
:102214000c0051ac040054a402004012030040a07e
:10222400000040ae0800c013c018150000a0023c16
:102234002118750080180300a01c422421104300bb
:1022440001000324020043a00100732619ff0010bb
:10225400ff00623217ff4012ffff0224feff022438
:0c226400000042ae13ff0010ffff022438
:020000040000fa
:020000041d01dc
:10227000c0ffbd273c00bfaf3800b5af3400b4afde
:102280003000b3af2c00b2af2800b1af6bfa400ff3
:102290002400b0af43004010258800002580400096
:1022a00073dd400f252040003f0040102510200224
:1022b0004000078e0002e230440040540c00028ec1
:1022c0000800118e0000028e23882202ffff3132a7
:1022d00034002012010003243c0002923d00431010
:1022e000020003242f004314258800000c00028ef6
:1022f0003000528c2c0040122510200292f7400f23
:10230000252040022800401025102002240012ae93
:102310000000058e0800118e23882502ffff313250
:10232000253020028bd7400f0c00048ecb004010cc
:1023300011000524c2ef400f0c00048e7dfe400ffb
:102340000c00048e25904000ed67400f2a00049693
:10235000000042a6ed67400f28000496020042a646
:1023600008002426ed67400fffff8430040042a6da
:102370004555400f0c00048e0c00048e0d00829019
:10238000200042300800401425102002f2cf400ff8
:1023900000000000060040a6040040a60000028ed7
:1023a000080002ae251020023c00bf8f3800b58f18
:1023b0003400b48f3000b38f2c00b28f2800b18f5f
:1023c0002400b08f0800e0034000bd27c0ff0010cc
:1023d000540051941400028ef2ff40102588000032
:1023e0008000e230040040108001e77c2400028e6f
:1023f0000e0040544000028e1800062614000526e8
:1024000088cb400f2400048e240002aee5ff40106c
:10241000258800004000028e800042340100032421
:102420008431627c400002ae4000028e03004230e4
:1024300002000324050043540c00128ed7f8400f0d
:102440002400048e140002ae0c00128e1800028ebe
:10245000380042ae1400028e3c0042ae2400028ed0
:10246000400042ae4000028e000242305e0040500a
:102470000800118e48005526540051960800022489
:102480001c00538e1000438e0c00649421104400f5
:102490000c0062a408003426ffff9432ed67400f61
:1024a0002a000496000062a6ed67400f28000496fb
:1024b000020062a6ed67400f25208002040062a69c
:1024c000060060a62400028e800042900200423086
:1024d0001e004014253000003800428e1000a2afcc
:1024e0003c00428e1400a2af1800a0a311000224e9
:1024f0001900a2a3040062961a00a2a70c000524ea
:10250000f567400f1000a427273002004000028e1c
:10251000000242303b004010ffffc6300800052497
:10252000f567400f2520600227300200ffffc6300c
:1025300025282002f567400f0800a48e271002000e
:10254000ffff423027100200060062a63c004292c4
:10255000f0004230e0000324300043146300029294
:10256000ff00433001006050010002241d00a2a3bf
:102570004800028ec028437c1c00a3a34002427c7a
:102580001e00a2a31c00a7272530800211000524ed
:10259000f86b400f25204002000040ae4000028e44
:1025a0008004427c340042a646fd400f25204002b4
:1025b0007dff4014251020021000428e0c0040a424
:1025c0004000028e00024230220040500000028e85
:1025d000540040a62000428ec418027c200042ae67
:1025e00070ff0010258800000000028e2388220260
:1025f000ffff313208002226ffff4230a0ff00100b
:1026000025a8000025288002f567400f25206002dc
:1026100027100200cbff0010ffff42301d00a2a3d5
:102620004800028ec028437c1c00a3a34002427cc9
:102630001e00a2a31c00a72725308002110005243c
:10264000f86b400f25204002000040aed5ff00107f
:1026500025100000dfff0010080002ae51ff00103f
:042660002588400089
:020000040000fa
:020000041d01dc
:102664002540c000251080009400e0142518a00027
:102674002b30a6003200c010203006710600c010b6
:1026840023200600062082000418c5000440c80068
:10269400251883000410c200022c08001b006500ea
:1026a400f401a000ffff0731024c020012200000d9
:1026b4001018000002208770001c03002518690010
:1026c4002b48640008002051231864002118680076
:1026d4002b486800030020152b4864000100205596
:1026e40021186800231864001b006500f401a00091
:1026f400ffff4230122000001018000002208770f3
:10270400001c0300251062002b18440009006050cf
:1027140023104400211048002b1848000500605481
:10272400231044002b184400010060542110480079
:10273400231044000610c2000800e003251800001e
:1027440004000015010003241b006800f4010001cb
:1027540012400000203006712900c0142000032418
:102764002328a800022408001b00a400f401800010
:10277400ffff0731024c020012180000102800006d
:1027840002186770002c05002528a9002b48a30017
:10279400080020512328a3002128a8002b48a800c2
:1027a400030020152b48a300010020552128a80070
:1027b4002328a3001b00a400f4018000ffff423083
:1027c400121800001028000002186770002c050081
:1027d4002510a2002b204300d6ff80502310430075
:1027e400211048002b204800030080142b204300b4
:1027f4000100805421104800ceff00102310430034
:10280400231866000438c5000440c800061064009c
:102814000628650025104700023c08001b00a7009d
:10282400f401e000ffff0931025402001218000015
:102834001028000002186970002c05002528aa0041
:102844002b50a300080040512328a3002128a800ee
:102854002b50a800030040152b50a3000100405545
:102864002128a8002328a3001b00a700f401e000ee
:10287400ffff42301218000010280000021869708f
:10288400002c05002528a2002b10a30009004010ed
:102894000410c4002128a8002b10a800050040142f
:1028a4000410c4002b10a300010040542128a800e8
:1028b4000410c400abff00102328a3002b40a70082
:1028c4005c0000152040e8700b0000552000022435
:1028d4002b40e500030000152b4086005500001531
:1028e40000000000231086002338a7002b18820064
:1028f4000800e0032318e3002310480006184600ec
:10290400043807012538670002640700041805012c
:10291400062845001b00ac00f4018001ffffea30eb
:102924000658440025586301021c0b001270000075
:102934001028000002684e71002c05002518a30021
:102944002b286d000a00a0102548c001211867003b
:102954002b2867000600a014ffffc9252b286d0053
:102964000400a05023186d00feffc925211867003c
:1029740023186d001b006c00f4018001ffff6b3114
:10298400122800001018000002504571001c0300ba
:1029940025186b002b606a000a0080112558a000de
:1029a400211867002b60670006008015ffffab2429
:1029b4002b606a0004008051004c0900feffab2428
:1029c40021186700004c090025482b010428060142
:1029d4001900250123186a00105800001250000045
:1029e4002b606b000420040125486001050080155c
:1029f4002530400107006b142b608a00060080110b
:102a04002330860023304501233867012b504601cb
:102a14002348ea00233086002b208600231869000f
:102a240023186400041043000630060125104600f4
:0c2a3400061803010800e0030000000089
:020000040000fa
:020000041d01dc
:102a4000c8ffbd273400bfaf3000beaf2c00b7af0a
:102a50002800b6af2400b5af2000b4af1c00b3af60
:102a60001800b2af1400b1af1000b0af25908000d5
:102a700025a8a0002598c000010002240300a21090
:102a800025a0e0000600c01425b0000070d9400f5a
:102a9000ffff11241700401025b060022598400068
:102aa000ffff053473f9400f408184274c81838fe9
:102ab0000d0060105c81848f2588000025f00000e7
:102ac00080101e00211082000000428caa0040509d
:102ad0005081848f01003126208e117c2b1023021f
:102ae000f7ff401425f020027ff9400f4081842732
:102af000ffff1124251020023400bf8f3000be8f4d
:102b00002c00b78f2800b68f2400b58f2000b48f1b
:102b10001c00b38f1800b28f1400b18f1000b08f5b
:102b20000800e0033800bd27448183973c0011a6cc
:102b3000000017ae010042242110e202040002aea0
:102b4000140005ae2128a300180005ae18020224c7
:102b50006a0002a680f01e005c81828f21f05e0078
:102b60000000d0af7ff9400f4081842762000296b9
:102b7000720002a60000028e080002ae0c0002ae37
:102b8000100002ae1400028e1c0002ae200002ae45
:102b90003e0003964408037c8410037cc418037c25
:102ba0000421037c4429037c8431037cc439037ce5
:102bb0000442037c01000424444a837c8452037c45
:102bc0003e0003a6740002968410027c444a027cf4
:102bd000c418027c740002a6380000ae340000aeb7
:102be000540000aeffff03245c0003ae640004a6a3
:102bf000010003246e0003a6600000a6400000aea2
:102c0000ffff43300020423002004014790000a250
:102c1000480000ae0040623001004050440000ae69
:102c2000870000a20100022414004212770012a2c1
:102c300002000224210042564c0000ae05d5400f90
:102c4000252000021d0040104c0002ae74000296c8
:102c50000408427e2000a016740002a6620013a69b
:102c60003e000296010003240400627c3e0002a69e
:102c7000760000a29fff0010720013a62000073c00
:102c80000600e72404000624140005244ce0400f4d
:102c900078000424090040504c0002ae029d033c21
:102ca00090fb6324080043ac0c0050ac01000324eb
:102cb000700043a4e3ff0010580043a47700029281
:102cc000e3ff40507400029650d9400f25200002c7
:102cd00088ff0010ffff1124620013a640f0400f90
:102ce000600016a6240002ae3e00039601000224f6
:102cf0004408437c0c0042123e0003a6020002245a
:102d000010004212000000003187400f2520000211
:102d1000000042280b000324010004240a1882004a
:102d200074ff0010760003a2f7ff8012000000007d
:102d30000000828ef4ff4054400002aef2ff00100b
:102d4000000000006ffe400f4c00048e252880021a
:102d5000b8e0400f4c00048e9400410f00000000ca
:102d60002530000025284000b2f4400f2520000245
:102d7000e5ff0010000000000800828c8800062497
:102d800009f8400001000524258040005081848f0f
:102d9000468185970400828c09f840000100a52433
:102da00025b840005081848f448185970400828c2f
:102db00009f840000100a524050000122528400064
:102dc0000400e0125081848f57ffa05446818297ff
:102dd0005081848f0c00828c09f84000ffff112481
:102de0005081848f0c00828c09f840002528e00275
:102df0005081848f0c00828c09f840002528000245
:102e00007ff9400f408184273bff001025102002ee
:020000040000fa
:020000041d01dc
:102e100060ffbd279c00bfaf9800beaf9400b7af66
:102e20009000b6af8c00b5af8800b4af8400b3afec
:102e30008000b2af7c00b1af7800b0af0f000524c6
:102e40002dda400f0e000424258840000200423095
:102e50000a00401000a0023cdc2b508444001224e5
:102e60005ee6400f252000029700401400a0023cbf
:102e7000e02b4294a4004054259000000001313220
:102e8000860020129c00bf8f000105242dda400f20
:102e90000e00042400a0023cdc2b42241400448ccd
:102ea0000400838c09f86000020045947a00401009
:102eb0002598400000a0023cdc2b5784dc2b4224e8
:102ec0000800468c030005247843400f2520e002cb
:102ed00025a8000000a01e3cdc2bd027049d023c4e
:102ee0006c00a2af049d023c7000a2af06000496e5
:102ef00001000224041082000c00038e2410430001
:102f00005400405006000296fff5400fdc2bd1879d
:102f10002590400064fb400f2520400056004010e3
:102f2000253000004277400f252020020200039642
:102f30002b1043004f00401425b000001000b3af29
:102f40001800b2af1c00a0af2000a3af2400b3afa5
:102f50001c00028e3400a2af6c00a28f80e95424c2
:102f60007000a28face942246800a2af1400b6af93
:102f70002800a0af2c00a0af3000a0af0000828ed0
:102f800009f840001000a427800040041c00a38f13
:102f9000211862001c00a3af2000a38f2318620039
:102fa0002000a3af2400a38f211862000600401068
:102fb0002400a3af0d000224feff62a02400a28f14
:102fc0000a000324ffff43a0040094266800a28f98
:102fd000e6ff82160100d6261c00a28ffdff4224c8
:102fe0001c00a2af25284002cdbf400f25202002a3
:102ff0000400428e6400a2af6400a62701000524ed
:1030000056ef400f252020021c00a69703006526de
:1030100034ca400f252020021c00028e03004010fd
:103020002528200209f84000252040029c48400f36
:1030300025202002060003960100022404106200ed
:10304000271002000c00038e241043000c0002ae77
:103050000600029601004224ffff4230040003965e
:1030600001004350251000000100b5269fffa31664
:10307000060002a625300000010005247843400f19
:103080002520e00200a0023cf02b448c0c00828c36
:1030900009f84000252860029c00bf8f9800be8f71
:1030a0009400b78f9000b68f8c00b58f8800b48fd6
:1030b0008400b38f8000b28f7c00b18f7800b08f16
:1030c0000800e003a000bd276400a5275afe400fba
:1030d000252000026400a293070052141000a527c7
:1030e0005c62400f2520000202000624080005242f
:1030f00023db400f5800a48facf1400f25200002c5
:1031000057ff00100000000000a0103cdc2b102630
:1031100001001424fff5400f2520400225984000af
:1031200037f7400f252040000c00401404105402d3
:10313000271002001000038e24104300100002ae7e
:1031400001005226040002962a104202f1ff4014a8
:10315000000000004aff0010000131321000028e12
:103160000418540224204300f5ff80142510430066
:10317000100002ae253000000800052423db400fbc
:1031800025206002efff0010010052262528400292
:10319000cdbf400f252020020400428e6400a2af64
:1031a0006400a6270100052456ef400f25202002c9
:1031b0001c00a6972528600234ca400f2520200253
:0831c0009aff0010000000005e
:020000040000fa
:020000041d01dc
:1031c800b0ffbd274c00bfaf4800beaf4400b7af4b
:1031d8004000b6af3c00b5af3800b4af3400b3af71
:1031e8003000b2af2c00b1af2800b0af5400a5af8b
:1031f8005800a6af6000b2976400b1973400801001
:103208006800b38f0800422e3100401425a88000c2
:103218006cff400f6481948f00190200211862002e
:10322800c018030021a08302080006242000a52757
:103238002efd400f25206002ed67400f2200a49765
:103248002200a2a76c00908e1300001225b0400047
:103258002400b78f0800028e0c00571410000624b3
:1032680004001e8e5400a58fa7f6400f0800c4273f
:1032780006004014100006245800a58fa7f6400f3a
:103288001800c4273d004050f8ff52260000108e59
:10329800f1ff00560800028e6881848f0400828c3a
:1032a80009f840001400052409004010258040005a
:1032b8006881848f0400828c09f840007c00858e28
:1032c80010004014040002aeede8400f2520000273
:1032d800010002244c00bf8f4800be8f4400b78f06
:1032e8004000b68f3c00b58f3800b48f3400b38fe0
:1032f8003000b28f2c00b18f2800b08f0800e00397
:103308005000bd27000000ae8000828e120002a28d
:103318002400a28f080002ae0e0011a60c0011a610
:10332800100000a61400628e0e004224180062ae3f
:10333800253020020400058ef1eb400f25206002a5
:1033480008002226ffff42300e0042241400638e3c
:1033580021106200180062ae280002242b002216f9
:103368002000a3930400028e060043a02528000233
:10337800b3f8400f6c008426f8ff5226ffff523244
:103388004d0040122000a58fc22c05000200a01499
:1033980021105102100002a6c01005002110510092
:1033a800211052007c00838e2b1062001e004010fa
:1033b8000100d632ea67400f0200242608003126b1
:1033c80021885102ffff31321c00b1af1800a2afb3
:1033d800040002241400a2af1000a0af5400a78f6d
:1033e8005800a68f2528600258a0400f2520a0026b
:1033f80025280002adde400f6c008426ede8400f62
:1034080025200002b3ff0010010002246c00a397de
:10341800231823020400028e211043002000a393e6
:10342800d2ff0010000043a04100c0122110510239
:10343800ffff56300700423016004010c028050034
:10344800ea67400f040004240800d626ffffd6329e
:103458001c00b6af1800a2af040002241400a2afeb
:103468001000a0af5400a78f5800a68f252860022f
:1034780058a0400f2520a00225280002adde400fed
:103488006c008426ede8400f2520000291ff001013
:10349800010002242128b1000400028e25304002d8
:1034a80021284500f1eb400f252060020c00029610
:1034b800211042020c0002a60e0002960c00039690
:1034c80083ff6214d8ff4224ffff42300e0002a699
:1034d8000400038e003a447c040064a00400038eb8
:1034e800050062a00400028e1800728e180062aef9
:1034f8001400718ef2ff4224140062ae2528600287
:10350800722b400f2520a002180072ae140071ae75
:10351800100000a625280002adde400f6c008426ae
:10352800ede8400f252000026aff00100100022488
:10353800c0b005002188d1020400058e2530400264
:103548002128b100f1eb400f252060020c00029603
:10355800211042020c0002a6219056020e0002968b
:0c35680021904202d4ff00100e0012a6b9
:020000040000fa
:020000041d01dc
:103574000000000004000000000000000000000043
:103584009035019d8ce6039d000000009435019d5b
:10359400ec06039d4cd9039d80df039d5c4c029d8a
:1035a40064fa039db4df039db435019d000000005f
:1035b400d8fd039d2490039d18df039d8401049d81
:1035c4000000000048fa039da0fc039d01000000d8
:1035d400d835019d0037019da836019d5036019dc7
:1035e400f835019d0000000000000000000000000c
:1035f4000000000030f9039d08ff019d382c029d56
:1036040094b8019de00d019d6031039d0000000010
:103614000000000058c0029d0000000070b8039d27
:103624007089019d7022019d00000000b0c6039db9
:103634000432039d7c6d039dfc17029dd028039ddd
:103644007899039d08dd019d2ce3039d14f9039de6
:1036540008ff019d382c029d94b8019de00d019d49
:103664006031039d000000000000000058c0029d6e
:103674000000000070b8039d7089019d7022019db7
:1036840000000000b0c6039d0432039d7c6d039dc1
:10369400fc17029dd028039d7899039d08dd019da8
:1036a4002ce3039d14de039da478029d4c33039dfb
:1036b400a836029d10e8019dc0be039d78be039dff
:1036c4000ce5039da4d8039de89a039db476039d5d
:1036d4002026029d38c7039d30df029d5ca3039d15
:1036e400f033039de46e039d2c35029d908e019d65
:1036f4003ce5039d04d3039dfce2039de40a029d83
:10370400a478029d4c33039da836029d10e8019dc8
:10371400c0be039d78be039d0ce5039da4d8039d04
:10372400e89a039db476039d2026029d38c7039d25
:1037340030df029d5ca3039df033039de46e039d83
:103744002c35029d908e019d3ce5039d04d3039d81
:10375400fce2039d11000000030000002038019ddd
:10376400060000000000000002000000a438019dd3
:10377400040000003038019d070000000000000034
:103784000800000000000000090000008c38019dc2
:103794000a0000008438019d0c0000005838019d87
:1037a4000e0000009438019d0f0000003838019d80
:1037b400130000005038019d150000006838019d79
:1037c4001a0000009838019d20000000000000004d
:1037d40001000000b80300a040100000fc38019d67
:1037e40001000000f021009df821009d0000000070
:1037f4000422009d1422009d2422009d2422009d69
:103804003422009dd800009d0900000044a5029dbb
:103814000000000000000000000000000a0000009a
:10382400000000000000000000000000ea050000a5
:103834003c00000001000000050000000000000042
:10384400050000000100000001000000000000006d
:1038540000000000000000000a0000004400000016
:10386400430000003c22009df021009d0100000067
:103874000600000094020000580200000e00000040
:103884000a000000000200020a000002000000001a
:10389400000000000200000000001700000000000b
:1038a4000500000001000000b00400003c0000001e
:1038b40002000000320000004b0000000100000084
:1038c400030000000100000000000000009088bf19
:1038d4000000000040000000e0fb039d0000000029
:1038e4009460029df438019d00000000ac0300a028
:1038f40000000000009088bf0800000608000400d3
:10390400000001000200f40137420000009088bf6b
:08391400c429029dcc38019d7d
:020000040000fa
:020000041d01dc
:10391c00a8ffbd275400bfaf5000beaf4c00b7afdf
:10392c004800b6af4400b5af4000b4af3c00b3aff5
:10393c003800b2af3400b1af3000b0af259080008a
:10394c002588a000240093840000a294c439027c32
:10395c000000a2a42900b0900400848c11008010f7
:10396c001c00b48c3cab400f0100062449004014f1
:10397c00f9ff02245400bf8f5000be8f4c00b78f4c
:10398c004800b68f4400b58f4000b48f3c00b38f15
:10399c003800b28f3400b18f3000b08f0800e003d4
:1039ac005800bd272000a0af2400a0af2800a0af76
:1039bc002c00a0af040006242000a5277fc8400fd0
:1039cc000800448e040006242000a5277fc8400f61
:1039dc001c00248e9400410f0000000004000624fb
:1039ec002000a5277fc8400f252040005800410f1c
:1039fc00000000000d00401825b0400025a8000074
:103a0c00fff5400f2520a002040006242000a52766
:103a1c007fc8400f25204000050040502000b627ed
:103a2c000100b526f6ffd516000000002000b627d1
:103a3c003000a3272510c00225b800000000448cdc
:103a4c00010080540100f72604004224fbff4314bc
:103a5c0004001e2425a800000000c48e070080105e
:103a6c00ffffe6262630d5000100c62c3cab400fec
:103a7c002528200207004014000000000100b52694
:103a8c00f5ffbe160400d6261c0020aeb9ff0010b0
:103a9c00f9ff02240e00801629002292110050100a
:103aac00040010261c00348e8080100021809002af
:103abc000000028e0b0040102000a2af2000a527b2
:103acc004ec5400f252080020600001000000000ab
:103adc00f5ff5014040010261c00228ef3ff541422
:103aec00808010004277400f25206002251840008e
:103afc00a0ff6010f6ff02242530000025280000ee
:103b0c0030d4400f25206002f6f2400f25206002d1
:103b1c002580400097ff0012f6ff02241c00278e20
:103b2c000400e7242530000001000524c27f400f6b
:103b3c00252060021c00238e2900229204004224be
:103b4c0080100200211062000000428c1c00a2af09
:103b5c001c00a6271800458e48c7400f2520600280
:103b6c003500052468ef400f2520600294fc400fbf
:103b7c000400163cffff4430ed67400f240024a6e0
:103b8c001000a2a7ed67400f000104241200a2a7a9
:103b9c00ed67400f010004241400a2a71a00a0a78f
:103bac001800a0a71600a0a71000a48f1400a38fc4
:103bbc001800a28f030004aa000004ba070003aa8d
:103bcc00040003ba0b0002aa080002ba0c00022679
:103bdc002000258e2590a0000d00de260100522627
:103bec00ffff54822a008012d4ff9426ff009432e7
:103bfc001300832ef9ff601006189e02010063303b
:103c0c00f6ff601023a84502ffffb52601005724dc
:103c1c00000055a02530a002effa400f2520e0024d
:103c2c000900c326061883020100633016006010d9
:103c3c002110f502000040a0010040a028002392b2
:103c4c00020043a0030040a001000324040043a091
:103c5c000500422423805000ffff10322530000065
:103c6c002528000230d4400f252060029c48400fcc
:103c7c00252060022618500001000224f6ff0424bf
:103c8c003cff00100b108300d4ff001025284002cd
:103c9c0023904502ffff522601005424000052a03d
:103cac0025304002effa400f25208002e1ff001082
:043cbc00211092023f
:020000040000fa
:020000041d01dc
:103cc0002540c0002548e000255080009300e01406
:103cd0002518a0002b10a600350040102010c2703f
:103ce000060040102320020006208a000418450028
:103cf000044046002518830004504a00022c0800a6
:103d00001b006500f401a000ffff043102140a004b
:103d1000123800001018000002308770001c0300e9
:103d2000251862002b5866000a0060112510e0007b
:103d3000211868002b58680006006015ffffe22478
:103d40002b5866000400605123186600feffe22431
:103d500021186800231866001b006500f401a0000c
:103d6000ffff4a3112300000101800000220867058
:103d7000001c030025186a002b3864000800e010be
:103d80002528c000211803012b40680004000015fd
:103d9000ffffc5242b20640001008054feffc524d2
:103da00000140200251045000800e003251820013a
:103db0000400c014010002241b004600f401c000ee
:103dc00012400000203807711e00e0542000022439
:103dd0002328a80001000924021c08001b00a300de
:103de000f4016000ffff043102140a0012380000e1
:103df0001028000002308770002c05002528a20042
:103e00002b58a6000a0060112510e0002128a80008
:103e10002b58a80006006015ffffe2242b58a600cf
:103e2000040060512328a600feffe2242128a800f8
:103e30002328a6001b00a300f4016000c9ff0010a6
:103e4000ffff4a31231047000440e8000418e50052
:103e500002540800062845001b00aa00f401400196
:103e6000063044002530c300ffff0331024c06003a
:103e7000125800001028000002106b70002c050082
:103e80002528a9002b60a2000a00801125486001a6
:103e90002128a8002b60a80006008015ffff6925d7
:103ea0002b60a200040080512328a200feff692598
:103eb0002128a8002328a2001b00aa00f401400129
:103ec000ffffc630125000001028000002106a7078
:103ed000002c05002528a6002b30a2000a00c010e7
:103ee000251840012128a8002b30a8000600c01486
:103ef000ffff43252b30a2000400c050004c0900f6
:103f0000feff43252128a800004c09000450e400ce
:103f10002328a200b0ff0010254823012b18a7007a
:103f200025480000a0ff6014251000002040e87024
:103f300007000055200002242b38e5009affe0140a
:103f4000010002242b10860097ff00100100423868
:103f5000231048000618460004380701253867007a
:103f6000025c070004180501062845001b00ab0091
:103f7000f4016001ffffe930065044002550430181
:103f800002140a00126800001028000002602d715f
:103f9000001c0500251862002b286c000a00a010e8
:103fa0002510a001211867002b2867000600a01427
:103fb000ffffa2252b286c000400a05023186c00e2
:103fc000feffa2252118670023186c001b006b0060
:103fd000f4016001ffff4a31125800001018000080
:103fe00002282b71001c030025186a002b50650065
:103ff0000a00401125486001211867002b50670016
:1040000006004015ffff69252b5065000400405154
:1040100000140200feff6925211867000014020049
:1040200025104900043006011900c200231865005c
:10403000103800002b4867000700201512300000e0
:1040400059ff671425480000042004012b20860036
:1040500055ff801000000000ffff422452ff0010b7
:0440600025480000ef
:020000040000fa
:020000041d01dc
:10406400b0ffbd274c00bfaf4800beaf4400b7afa0
:104074004000b6af3c00b5af3800b4af3400b3afc6
:104084003000b2af2c00b1af2800b0af0f00052450
:104094002dda400f030004240100423008004010d0
:1040a40040001724f2ff132400a0163ca82bd526a9
:1040b4008ce3400f030004240d00401425804000cd
:1040c4004c00bf8f4800be8f4400b78f4000b68fae
:1040d4003c00b58f3800b48f3400b38f3000b28ffa
:1040e4002c00b18f2800b08f0800e0035000bd27da
:1040f4001800118e00002292f0004230a1005714e3
:10410400252860020000328e809012003c0052325a
:104114001400422e9c004014030006241000028e5a
:104124000c0042942b105200970040140000000031
:10413400ed67400f0200249625a040002b1052008a
:10414400900040142528600255fa400f25200002f3
:104154002ba054008b0080162528600228001e8e98
:104164008800c013ecff05244200c297400042308f
:104174008d004010ffff02240c00238e810062108a
:10418400f5ff05240800c28f271002000400c48f25
:10419400251044007c006210030006241000348eb5
:1041a40079008012f4ff05240000268e0400248e7a
:1041b4000800258e1000a6af1400a4af1800a5af08
:1041c4001c00a3af2000b4afed67400f022404002d
:1041d4001600a2a71400a28fff3f033c2410430043
:1041e40068004014252860022000028e000142303d
:1041f400060040142530000025284002f567400fd2
:10420400252020025f004014f6ff05240400c48f1b
:104214000800c38f2428830017008512b481828f7d
:10422400ffff0524110085122718030025186400d8
:104234000e0083122000a393f0006330e0000524f5
:10424400270065100001033c7f00632403008312f0
:104254000100423008008416000000002400405091
:104264001800118e0400001000000000020042300b
:104274001f0040501800118eb881828fb881838f3f
:10428400fdff4314000000003e004010ecff052435
:10429400d5f5400f2520a002a82bd18e0c002012aa
:1042a4000000000008002292060040102528400269
:1042b4000400228e09f84000252000024400401426
:1042c400000000000000318ef7ff20560800229203
:1042d400e3f5400f2520a0022a000010ecff05247e
:1042e40004004230e4ff4014000000001800118e66
:1042f4000000328e809012003c00523221103202b3
:104304001c0002ae1000038e0c00629423105200b5
:104314000c0062a4ed67400f02002496020022a65e
:10432400231052002c0002a6ed67400f06002496cd
:10433400060022a60900229211000424220044103f
:104344000400238e1200442c1d008010010004245c
:1043540004004410060004240a004414f1ff052458
:104364000a000424ff3f023c2418620050ff60143a
:10437400010006247dcf400f252800024cff401485
:10438400f1ff052403000624dae1400f2520000292
:1043940047ff001000000000faff0010252860020b
:1043a400f8ff001025286002f6ff0010ecff05243a
:1043b400f4ff0010f5ff0524f2ff00102528600229
:1043c400f0ff0010f1ff0524e6ff001009000424ab
:1043d400e3f5400f2520a002c5ff00101800118e40
:020000040000fa
:020000041d01dc
:1043e400d0ffbd272c00bfaf2800b6af2400b5af67
:1043f4002000b4af1c00b3af1800b2af1400b1afcb
:104404001000b0af1800838c03000224140062145f
:10441400259080001000848c42008394080063304f
:10442400050060100100022425300000aacc400fd2
:1044340025280000010002242c00bf8f2800b68f1d
:104444002400b58f2000b48f1c00b38f1800b28fe6
:104454001400b18f1000b08f0800e0033000bd27b6
:104464002c81948faa0080162588a00000a0023c0d
:10447400042c40ac042c4224040040ac080040aca2
:104484000c0040ac100040ac140040ac180040ac30
:104494001c0040ac200040ac240040ace6ffa0105f
:1044a400251000001000a48c02000324e3ff8310f5
:1044b4002c00bf8f0800448e00a0023c142c44ac96
:1044c4000400a28c40980200219862020099130013
:1044d400280073260400828c09f840002528600215
:1044e40025804000d4ff0012251000002530600212
:1044f40025280000d2fb400f2520000228000226b8
:10450400000002ae040010ae30000224080002ae27
:104514000400228e0c0002ae01000224100002ae40
:10452400049d023cd4ae4224140002ae039d023c1e
:104534004c214224180002ae049d023cc4f04224e3
:104544001c0002ae039d023cf46d4224200002ae26
:1045540067f4400f2520000200a0033c042c70ac3b
:10456400042c6324ffff0224240062a40800228e8a
:10457400140062ac0c00248e200064a41400228e6b
:10458400220062a41000258e180065ac0400238e5e
:104594002e006018ffff8430ffff553080a81500ff
:1045a4001000842421a8a40280a8150000a0163cb1
:1045b400042cd6262528800282fb400f25200002e9
:1045c400259840001000c48e0400828c09f8400035
:1045d4002528a00206004014040062ae00a0043c9a
:1045e40075c7400f042c842493ff0010251000008d
:1045f400200060ae100060ae140060ae2000c396d0
:10460400060060502200c396100062ae2000c396dc
:1046140080180300211043002200c3960600605056
:10462400200062ae140062ae2200c396001903009b
:1046340021104300200062ae010094260400228e63
:104644002a108202dcff401425288002c8000624b8
:10465400029d053cc014a524a6e1400f0f000424cc
:1046640000a0033c38004010102c62ac00a0023cb7
:10467400282c4384ffff022422006214253000000a
:104684003500052400a0023c4cfe400f1c2c448c39
:1046940025804000ffff02242c00021200a0043ced
:1046a4005300052453fe400f252000025300422ce2
:1046b4000600401053000624050005247843400feb
:1046c400252000021e0040100000000025300000dc
:1046d400020005247843400f2520000225380000fd
:1046e400049d063cacddc6240001052481cc400faa
:1046f40025200002120040100000000000a0023c2f
:10470400282c50a400a0023c042c4224308182af07
:104714001000448e4200829408004230030040108e
:1047240025300000aacc400f252800002c81828f60
:10473400010042242c8182af3fff001001000224bb
:104744001cee400f2520000200a0043c2be5400f86
:0c475400042c842438ff00102510000005
:020000040000fa
:020000041d01dc
:10476000b0ffbd274c00bfaf4800b5af4400b4afa9
:104770004000b3af3c00b2af3800b1af3400b0afcf
:104780000f0005242dda400f04000424258040008a
:10479000010042304a0040140000000002001032c4
:1047a0003c000012feff02241800a2a380ff032495
:1047b0001900a3a31a00a0a31b00a0a31c00a0a380
:1047c0001d00a0a31e00a0a31f00a0a3020003249d
:1047d0002000a3a32100a0a32200a0a3ffff032485
:1047e0002300a3a32400a2a32500a0a32600a0a326
:1047f0002700a0a325a0000025900000019d133ce8
:1048000060497326029d153c5800410f00000000ce
:104810002a104202300040140000000040f0400f17
:1048200000000000258840006c81908f23f2400f2b
:1048300023805000401902002318620080180300f2
:1048400021186200c01803006210023cd34d4224bc
:104850001900620010180000821903002b80030267
:104860000d0000164c00bf8f349d400f000000006b
:10487000195f400f0000000000a0043c3ec3400f41
:10488000802b842400a0043c3ec3400f6c2b842466
:104890006c8191af4c00bf8f4800b58f4400b48f3e
:1048a0004000b38f3c00b28f3800b18f3400b08f1e
:1048b0000800e0035000bd27722b400f2800a48c95
:1048c0008ce3400f04000424fbff40142528400023
:1048d000b3ff001002001032fff5400f2520400208
:1048e00025804000420042940001423028004010e0
:1048f0006481918f64fb400f25200002240040104a
:10490000218834023c000292020042342000a2a31b
:104910003d0002922100a2a33e0002922200a2a327
:104920003f0002922500a2a3400002922600a2a30b
:10493000410002922700a2a3790022920600422c95
:10494000140040500100522679002292801002008b
:10495000211062020000428c0800400000000000ac
:104960009049019d7849019d104a019d884a019d09
:10497000a84a019db84a019d785fa526f0b3400f73
:10498000252000020500401405000224790022a21f
:10499000010052269cff0010880094262538000054
:1049a000253000001800a527d171400f25200002f6
:1049b0000300401405000224f5ff0010790022a234
:1049c0002800a5273ffa400f2520000209004010cb
:1049d00025284000253800002800a68fd171400fff
:1049e000252000020300401405000224e8ff001007
:1049f000790022a24200029601000324c439627c9d
:104a0000420002a602000224e1ff0010790022a267
:104a1000010006241800a52738be400f25200002fb
:104a2000120040100500062430fe400f2520000231
:104a30000b00401025284000ffff02241000a2af09
:104a40002538000025300000c776400f25200002e1
:104a50000300401005000224cdff0010790022a2bf
:104a600003000224caff0010790022a21800a52723
:104a700038be400f25200002c5ff40140500022467
:104a8000c3ff0010790022a24800029600204230a5
:104a900004004014040002242fee400f25200002e1
:104aa00004000224790022a21bea400f2520000204
:104ab000b8ff0010010052265be5400f25202002c0
:104ac0001bea400f2520000242000296c439027cf6
:084ad000afff0010420002a636
:020000040000fa
:020000041d01dc
:104ad800b8ffbd274400bfaf4000beaf3c00b7af32
:104ae8003800b6af3400b5af3000b4af2c00b3af68
:104af8002800b2af2400b1af2000b0af1800838cfb
:104b0800030002241a0062142598800000a0023cc9
:104b1800302b5090c800001200a0023c242b518c6e
:104b28006cff400f1000848cc020020021208200fe
:104b3800c0200400bded400f2120240225100002f2
:104b48004400bf8f4000be8f3c00b78f3800b68f3f
:104b58003400b58f3000b48f2c00b38f2800b28f8b
:104b68002400b18f2000b08f0800e0034800bd2763
:104b780000a0023c2c2b548c9b0080162590a00092
:104b8800eeffa010258000000400a39000a0023cc6
:104b9800202b4224100043a00400428c080040103f
:104ba800000090940400601400a0023c202b428c6a
:104bb800040050500800648e42a1400f000000001d
:104bc8000800648e00a0033c202b6224080044ac3b
:104bd800202b70ac0800438e340043ac0c00438e8d
:104be800380043ac1000438e3c0043ac1400438ea5
:104bf800400043ac2000438e440043a42400438e6d
:104c0800460043a40400428c770040144800062460
:104c18000800828c09f840002528000225884000f9
:104c280000a0023c242b51acc4ff201225800000b8
:104c380000a0023c202b428c4f0040180000438efd
:104c48004010030021104300c01002002800422435
:104c58001000a2af00a0153c202bbe26049d173cd7
:104c6800049d163c049d023c1400a2af049d023c26
:104c78001800a2af0800c48f0400828c09f8400015
:104c88001000a58f050040142580400042a1400f68
:104c980000000000aaff001025100002280042248e
:104ca800000002ae040011ae18000224080002ae93
:104cb8000000428e0c0002ae01000224100002ae79
:104cc80060d1e226140002aecc92c226180002aed1
:104cd8001400a28f40fc42241c0002ae1800a28fd0
:104ce8009c004224200002ae67f4400f25200002f9
:104cf800000030ae5eed400f04002426090040108d
:104d0800000000005eed400f18002426050040104a
:104d1800000000005eed400f2c00242605004054e2
:104d28000000228e42a1400f2580000084ff001061
:104d3800251000020c00428c1800438e02104370ac
:104d480063004224eb51033c1f8563341900430080
:104d58001010000042110200400022ae1c00428eda
:104d6800440022ae01009426202ba28e2a10820233
:104d7800c0ff40144800312649f4400f00a0103c01
:104d8800202b1026480002aed0070624019d053cc2
:104d9800541aa524a6e1400f020004241c0002ae08
:104da80000a0043c3efe400f402b84244800038ea4
:104db8000600601000a0033c3c2b638c03006010cd
:104dc800000000000500405400a0023c42a1400f32
:104dd800258000005aff001025100002202b4224d5
:104de800180040ac140040ac00a0103c202b10264a
:104df8000400118e6cff400f1000648e10000392a7
:104e08000700605000a0023cc02002002120820060
:104e1800c0200400bded400f2120240200a0023c68
:104e2800202b42240c00438c010063240c0043ac6b
:104e380042ff00100100102440ff00100100102460
:020000040000fa
:020000041d01dc
:104e480080ffbd277c00bfaf7800b6af7400b5af58
:104e58007000b4af6c00b3af6800b2af6400b1af1c
:104e68006000b0af258880002598c00025a8e00024
:104e78001000908c1400828c780002a642000296e2
:104e88001c00838c845a627c420002a64400128e65
:104e98000a00c0107400168e0800e0102518e00003
:104ea800000044962510c0000000458cbb0085100a
:104eb800ffff6324fcff6014080042241c00238ebb
:104ec8000100022488006254039d123c1000348eb5
:104ed8003800a0af4000a0af4400a0af4800a0af8a
:104ee8004c00a0af000022963c00a2a7049d023c03
:104ef800f8f342241000a2af049d023c18f44224a7
:104f08001400a2af049d023c38f442241800a2af5a
:104f18000800228e1c00a2af039d023c7cd34224d1
:104f28002000a2af039d023ca05c42242400a2af53
:104f3800049d023c688742242800a2af039d023cde
:104f48002cd742242c00a2af039d023c386842248f
:104f58003000a2af3400b4af1400228e9e00410f7f
:104f68003e00a2a7a000410f4000a2a74200a2a7ae
:104f78001800228e4400a2a31c00228e4500a2a382
:104f8800010002244600a2a73f00828a3c00829ac0
:104f98004800a2af400082924c00a2a34100829236
:104fa8004d00a2a35000a0a31000a2275400a2af56
:104fb8005800b6af0800428e5000a52709f84000f7
:104fc80000004496ffff0324180043146c0002ae4f
:104fd800b800410f6c0000ae0900401025880000a1
:104fe800b600410f000000000400468e009d053cfd
:104ff800e400a524d7c8400f2520400025880000dc
:10500800251020027c00bf8f7800b68f7400b58f02
:105018007000b48f6c00b38f6800b28f6400b18fda
:105028006000b08f0800e0038000bd271c00428e9e
:105038000300052409f8400000004496ffff0324fc
:1050480028004314700002ae700000aeb800410f93
:105058006c0000aeeaff401025880000b600410f42
:10506800000000000400468e009d053c1401a524a4
:10507800d7c8400f25204000e2ff0010251020026d
:105088001c005416000000007000048e3f008010c1
:10509800010006244400028e4c00428c09f84000ae
:1050a800960705243200401425884000b800410fb7
:1050b80000000000d3ff405025102002b600410f29
:1050c800000000004400038e0400668c009d053c2f
:1050d8006c01a524d7c8400f25204000c9ff001047
:1050e80025102002039d123c78bd5226039d143cd6
:1050f8002cbe94260c006012252860020a00a0121b
:1051080025280000000044962518a00225106002fa
:105118000000458c1f008510ffff6324fcff60140e
:1051280008004224252800000400428e09f84000a7
:1051380025202002d2ff40540c005226b800410f0f
:1051480001001124aeff40500100313ab600410f72
:105158000000000000004696009d053c3801a5248b
:10516800d7c8400f25204000a5ff00100100313aa4
:1051780042000296010003248473627cc47b027c93
:10518800420002a6f8ff001025880000f6ff001074
:1051980025880000e4ff00100400458c0400568cac
:0851a80046ff0010740016ae72
:020000040000fa
:020000041d01dc
:1051b0004050050042550a00c04a0500427d0400e7
:1051c00025482f01c042040000800e3c25482e01d6
:1051d00040680700426d0d00c0620700427d060076
:1051e00025608f01c05a060025608e012628a70081
:1051f0002428ae00ffff4f25fe07e12d48002010b8
:1052000000000000ffffaf25fe07e12d7300201016
:105210000000000002fcaf2521504f0119002c01b5
:10522000123800001070000019000b01122000005d
:105230001030000019002b01125800001068000007
:105240002130cb002b78cb002138ed002138ef0046
:105250000200ed10000000002b78ed002170cf015e
:1052600019000c0112400000104800002130c80055
:105270002b78c8002138e9002138ef000200e9103e
:10528000000000002b78e9002170cf01257886000e
:105290000200e011000000000100e73425480e0084
:1052a0002540070006002005000000002a780001c4
:1052b000214008012148290121482f01ffff4a25eb
:1052c000ffff4f25fe07e12d7100201000000000b8
:1052d0000004082500040f2d21482f012b782f01f1
:1052e00021504f01c27a08000100ef3123400f0125
:1052f000c2220800407d090025208f004078090067
:10530000027b0f002528af00007d0a002528af0092
:1053100025100400251805000800e0030000000027
:105320002a780001214008012148290121482f0144
:105330001e00401500000000257828011600e0112d
:105340000000000009002015000000000400001506
:105350000000000000000a24aaff00100000000066
:105360002548000100000824e0ff4a2520702e7126
:10537000a4ffc0110000000023504e0122380e008f
:105380000638e8000440c8010448c901254827013f
:105390009cff001000000000ff0701243800a1114d
:1053a00000000000daff001000000000257828014e
:1053b0003300e015000000000500a015000000000b
:1053c00040780c002578eb012d00e0110000000072
:1053d000ff0701242500a115000000002a786001c4
:1053e00021586b0121608c0121608f011c00a015e8
:1053f0000000000025788b011600e011000000007d
:105400000900801500000000040060150000000085
:1054100000000d247fff00100000000025606001e7
:1054200000000b24e0ffad252030867179ffc0100d
:10543000000000002368a601227006000670cb0160
:105440000458cb000460cc0025608e0171ff001071
:105450000000000000000424adff00100000000068
:1054600025788b010600e01500000000f07f013c6c
:105470002528a10000000424a5ff00100000000062
:10548000f8ff053c00000424a1ff0010000000000c
:10549000f6ff401d0000000001000e242370ca0129
:1054a0002000c12d0900201400000000e0ffce21e3
:1054b0002b300800254026010f00091000000000d5
:1054c00000000934f6ff0010000000000a00c011bf
:1054d0000000000022380e000430e8000438e90023
:1054e0000640c8010648c9012540e8000200c01076
:1054f00000000000020008350004082500040f2dfc
:1055000021482f01c257090076ff0010000000005b
:045510000000000097
:020000040000fa
:020000041d01dc
:10551400d4008010ffff0224d8ffbd272400bfafb2
:105524002000b2af1c00b1af1800b0af25808000de
:105534000d008390c0006330800004247400641460
:10554400010005243afc400f252000022588400074
:105554000600029604004054040004960c000292d3
:10556400060022a20400049608000296212082006c
:105574000600029621208200ed67400fffff843071
:10558400040022a6070022920b0040540d00029250
:105594006481928f6cff400f3000048e001902006a
:1055a40021186200c018030021904302780042923f
:1055b400070022a20d000292100043300f00601079
:1055c4004c0012260800423043004010029d053c66
:1055d400885fa52428d5400f252000020d000292e3
:1055e400010003240421627c0d0002a20d0002923a
:1055f400100042300a0040540a0011962530000081
:10560400252840027a94400f3000048e3b0040105d
:105614000800452428d5400f252000020a001196d1
:10562400ffff023411002212090005243afc400f46
:10563400252000020e0040504c0003923000038edf
:1056440080006390080063303700601421885100a3
:1056540005be400f2520000227100200000022a6ec
:1056640051ad400f25200002000022a64c000392f9
:10567400ff0002242e006214330002240e0002a252
:105684000f0002a258000292100002a259000292d6
:10569400110002a25a000292120002a25b000292be
:1056a400130002a24e71400f252000026400401432
:1056b4000a000724010002241000a2af04000624fb
:1056c40000a0053c802ba524b7a6400f252000028e
:1056d4000f0000102510000008002626252840028f
:1056e4007a94400f3000048ec1ff40140d000292e2
:1056f4000421027cbdff00100d0002a2029d053ca6
:10570400885fa52428d5400f25200002ffff02242e
:105714002400bf8f2000b28f1c00b18f1800b08fff
:105724000800e0032800bd27d0ff0010000040a4bb
:105734002400118e060020162528400272a2400f74
:105744003000048e25884000f1ff2012ffff022460
:10575400240011ae1a0022920700432c09006010a5
:105764000500432c190060100400032413004310a7
:1057740002000324280043100300032414004350b0
:105784001700228a020006242528200290b5400f23
:105794003000048e73e5400f252020021000a0afd6
:1057a400253800000100062420002526b7a6400f56
:1057b40025200002d6ff0010251000000500062455
:1057c4002528200290b5400f3000048e1700228a4d
:1057d4001400229a110002aa0e0002ba18002292a2
:1057e400120002a219002292130002a24e71400f6d
:1057f4002520000212004014253800001000a0af3c
:105804000100062420002526b7a6400f252000020b
:10581400bfff00102510000073e5400f2520200273
:105824001000a0af25380000010006242000252622
:10583400b7a6400f25200002b5ff00102510000078
:105844001400038eb2ff6010010002241c00068eb7
:105854000100052409f8600025200002acff0010b7
:0c586400010002240800e0030000000026
:020000040000fa
:020000041d01dc
:1058700088febd277401bfaf7001b4af6c01b3af38
:105880006801b2af6401b1af6001b0af25808000a4
:105890002590a0002598c00025a0e000d480918725
:1058a0004277400f252020022c01422c0c00401092
:1058b000252840029c48400f25202002251000008a
:1058c0007401bf8f7001b48f6c01b38f6801b28f08
:1058d0006401b18f6001b08f0800e0037801bd273b
:1058e000cdbf400f252020022530000001000524f7
:1058f0007843400f2520200201008232040040142a
:10590000253040023000028e22004054300006262e
:10591000010005240acb400f25202002020094320a
:1059200002008016251000000400428e1000a2af75
:105930001000a6270100052456ef400f2520200265
:1059400025186002c418037c0100022416006210ae
:105950000300022476006216020002245c00039613
:10596000890062102900062425280000d2fb400f80
:105970001700a427010002241400a2a31500a2a36b
:10598000060002241600a2a34800028e1f00001089
:105990001800a2af0100052448c7400f25202002af
:1059a000dfff001002009432600002820500420412
:1059b0006000029294fc400f00000000480002ae1c
:1059c000600002928410027c600002a2290006247a
:1059d00025280000d2fb400f1700a4270100022455
:1059e0001400a2a31500a2a3060002241600a2a37d
:1059f0004800028e1800a2af0900022403006216bc
:105a0000000000003400028e2000a2af020040120d
:105a1000251040023c0042260300438800004398c2
:105a20003000a3af040043903400a3a305004290cc
:105a30003500a2a32c0006241400a52734ca400f69
:105a400025202002c000062425280000d2fb400f9c
:105a50001400a427c00006241400a52734ca400f50
:105a6000252020023801062425280000d2fb400f03
:105a70001400a4275363023c638242341400a2af93
:105a80001800a2274c01a2af4277400f2520200228
:105a9000fcff42245001a2af040002245401a2af33
:105aa0005801b3af039d103cd00b1026039d133c4f
:105ab000ec0b73260000028e4c01a52709f840006c
:105ac000252040022a0040045001a38f23186200c1
:105ad0005001a3af5401a38f211862005401a3af5a
:105ae0004c01a38f2110620004001026f1ff131651
:105af0004c01a2af5401a28fec0042242c01422c95
:105b0000040040105401a697400002245401a2afa3
:105b10005401a6971400a52734ca400f252020025f
:105b20009c48400f2520200265ff00100100022440
:105b30002900062425280000d2fb400f1700a427c7
:105b4000010002241400a2a31500a2a3060002244f
:105b50001600a2a34800028e1800a2af070002247c
:105b6000a9ff62523400028ea8ff0010000000005e
:105b7000253000002528000030d4400f25202002c9
:105b80004fff0010251000006000028289ff4104d1
:105b900025280000600002928410027c600002a2ae
:105ba000d2fb400f1700a427010002241400a2a377
:105bb0001500a2a3060002241600a2a34800028e2c
:085bc00092ff00101800a2afd3
:020000040000fa
:020000041d01dc
:105bc800c0ffbd273c00bfaf3800b6af3400b5af4b
:105bd8003000b4af2c00b3af2800b2af2400b1af8f
:105be8002000b0af259080002700c0102588a000b5
:105bf80025988000010014244000448e8c008010f9
:105c0800251000003deb400f3c00452621004010c8
:105c1800258040003f0042883c00029a1000a2af55
:105c2800400002921400a2a3410002921500a2a310
:105c3800400050ae2528200216e7400f252000021c
:105c4800258040007a00001225100000280030aea0
:105c5800000807243c0006261000a52717ce400f91
:105c6800252020022000228e10004234200022ae7f
:105c78000100062425282002c1c6400f2520000265
:105c88006b000010010002242598a000daff001024
:105c9800020014243c00568effff02240500c212a5
:105ca8004000558ed7f8400f2520a0023000c216bc
:105cb800ffff02241000a2af1400a2a71000b02713
:105cc8002528200216e7400f4000448e259040000a
:105cd8005700401225100000280032ae00080724a3
:105ce8003c0046262528000217ce400f252020021a
:105cf80055fa400f25202002f2ff42247e004396e9
:105d0800ffff42302b186200490060142510000084
:105d18007900001625282002c081828f4e00401489
:105d280025300000029d053cf44aa5247fe8400f79
:105d38002520000048004014c08182afb800410f00
:105d4800000000000200432c3900601425100000f8
:105d5800b600410f00000000009d053c1c1da52455
:105d6800d7c8400f25204000310000102510000042
:105d78000800a012030002248300a39206006254c4
:105d88003c0042921000a0af1400a0a7ccff001066
:105d98001000b0273c00429220004224ff0042300d
:105da8001000422c0e004010010002241000a2a393
:105db8001100a0a35e0002241200a2a33d0042929b
:105dc8007f0042301300a2a33e0042921400a2a317
:105dd8003f0042921500a2a3b9ff00101000b0279f
:105de8003c00438e0400a28e261062000800a48e98
:105df80024104400010040540c00a38e1800a3afe7
:105e0800010007241000a6271800a5271bd6400f5d
:105e18002520a002020003243c00431001000324b3
:105e28004408027ca7ff4310252820022510000003
:105e38003c00bf8f3800b68f3400b58f3000b48f68
:105e48002c00b38f2800b28f2400b18f2000b08fb0
:105e58000800e0034000bd277800509600a0043ced
:105e6800d5f5400fc82b842400a0043cc7f5400f8b
:105e7800bc2b84241100401425284000b800410f91
:105e8800000000000200422c0800405400a0043c1e
:105e9800b600410f00000000009d053c4c1da524e4
:105ea800d7c8400f2520400000a0043ce3f5400f70
:105eb800c82b8424deff001025100000040054a025
:105ec800050050a0080053ac1800a28f0c00a2ac2b
:105ed80000a0103cb3f8400fc82b0426e3f5400f90
:105ee800c82b04262000228e08004234200022ae4f
:105ef800cfff001001000224a5e3400f2520400237
:105f080027100200caff0010c21702006cff001021
:045f18001000b0279e
:020000040000fa
:020000041d01dc
:105f1c0018ffbd27e400bfafe000b5afdc00b4afa5
:105f2c00d800b3afd400b2afd000b1afcc00b0af9b
:105f3c000f0005242dda400f13000424b900401083
:105f4c000c819087b400b2275ee6400f252000023a
:105f5c00b40040101000a5275c62400f2520000201
:105f6c001000a38f01000224050062141400a52761
:105f7c0070d8400f25200000050040140c000624aa
:105f8c00acf1400f25200002efff001000000000d4
:105f9c0025284002ff85400f252000020c00422cd2
:105fac0005004010b800a293acf1400f2520000270
:105fbc00e5ff00100000000000120200b900a393de
:105fcc0025104300ffff4230ffff43247e004010aa
:105fdc00b800a3a76400a0af6800a0af6c00a0af8e
:105fec007000a0af7400a0af7800a0af7c00a0af91
:105ffc008000a0af8400a0a3210006246400a52784
:10600c00ff85400f252000026400a393200002248a
:10601c007100621005000624a400a0a3c000a527ef
:10602c00ff85400f252000020500422c660040141d
:10603c00c300a29300120200c400a39325104300d6
:10604c00ffff4330c300a2a3003a427cc400a2a3ca
:10605c00c100a29300120200c200a49325104400b8
:10606c00ffff4430c100a2a3003a427cc200a2a3ad
:10607c002000022450008214010002244f006214fc
:10608c00b800a2975800410f000000004a004018c9
:10609c0025a8400025a00000fff5400f2520800218
:1060ac005b00401025984000420042944000423072
:1060bc00580040500100942667ff400f25206002d5
:1060cc00530040102588400010000624252840006d
:1060dc00a7f6400fa400a4274d004014400005244f
:1060ec0053fe400f25200002330040103e000624d2
:1060fc0025280000d2fb400f6400a42784ff022453
:10610c006600a2a3010002246b00a2a320000324ba
:10611c007000a3a39300a3a39500a2a306000224de
:10612c009b00a2a3600002249c00a2a30400629224
:10613c009e00a2a3050062929f00a2a30600629299
:10614c00a000a2a307006292a100a2a3b400a29790
:10615c006400a2a77100a3279100a527000022923a
:10616c000221020041008424000064a00f00423090
:10617c0041004224010062a002006324f7ff651471
:10618c00010031263e0006246400a52734ca400fc6
:10619c00252000021000a5275c62400f252000027c
:1061ac003400a6271000a58f48c7400f25200002f9
:1061bc009c48400f25200002b800a297ffff432403
:1061cc0084ff4014b800a3a7acf1400f25200002b7
:1061dc005dff0010000000006500a427a400a327a9
:1061ec00000082900100859001006324bfff4224cf
:1061fc0000110200bfffa52425104500ffff62a07f
:10620c00f7ff72140200842484ff0010050006249a
:10621c0001009426a0ffb416b800a297e8ff001066
:10622c00ffff4324e400bf8fe000b58fdc00b48f88
:10623c00d800b38fd400b28fd000b18fcc00b08f08
:08624c000800e003e800bd2793
:020000040000fa
:020000041d01dc
:10625400d0ffbd272c00bfaf2800b2af2400b1afe0
:106264002000b0af988182931e0040109c81828fe1
:1062740040f0400f0000000094fc400f25884000cf
:1062840023f2400f25804000cccc043ccdcc843498
:106294001900040210280000422905008018050096
:1062a40021186500c01803002380030202800272d3
:1062b4001900040210800000428110002110110214
:1062c4009c8182af988180a3020002242c00bf8f9e
:1062d4002800b28f2400b18f2000b08f0800e003a3
:1062e4003000bd27080040102580800040f0400f9a
:1062f400000000009c81838f23184300f3ff601883
:10630400020002249c8180af00a0033c802a632405
:1063140025100000040004240000658c8e00b05495
:106324000100422400a0033c00210200802a6324cf
:10633400211864000c0064900500842c7f008010f8
:10634400258040000c00649080200400019d033ce3
:1063540068636324211864000000638c08006000f3
:10636400000000006c65019d7c63019d9064019dab
:106374002465019d0865019dffff03241000a3a36c
:10638400020004241100a4a31200a0a31300a0a3dc
:106394001400a0a31500a0a31600a0a31700a0a397
:1063a4001800a0a31900a0a31a00a0a301000424ac
:1063b4001b00a4a31c00a3a31500a3901d00a3a36a
:1063c4001600a3901e00a3a31700a3901f00a3a36d
:1063d400ff0042300011020000a0033c802a632425
:1063e400211062000000478c0011100021104300ae
:1063f4000800e7241000a627029d053c885fa52419
:10640400c6c0400f0800448c1e00401025204000e8
:10641400b6fc400f000000000300401400a0113c33
:10642400aaff00100200022400811000802a3126f5
:10643400218830020d0022920100422440f0400fd6
:106444000d0022a223f2400f259040002580400039
:106454009ff7400f0800248e3000428c02800272a5
:106464006210023cd34d4224190002021080000045
:106474008281100021101202040022ae02000224c4
:106484000c0022a291ff00100200022440f0400ff1
:106494000000000000a0033c00211000802a6324b7
:1064a400211864000400638c2318430087ff6018dc
:1064b4000200022400a0023c802a4224211044004d
:1064c4000d004390030002240700621400a0023c64
:1064d400802a422421804400040002240c0002a2e9
:1064e4007aff00100200022400811000802a422456
:1064f40021805000010002240c0002a273ff00104e
:106504000200022400a0023c00811000802a4224e0
:10651400218050000c0000a26cff00102510000028
:1065240000a0023c00811000802a42242110500067
:106534000c0040a065ff00100100022400a0033cf1
:1065440000110200802a6324211062000c0040a084
:106554005eff0010030002246fff44141000632444
:106564005aff00100300022458ff00100300022405
:020000040000fa
:020000041d01dc
:10657400d0ffbd272c00bfaf2800b1af2400b0afbf
:10658400258880002580a0001400a0a71800a0afd3
:106594004800828c1000a52709f84000252000023d
:1065a400290040041800a6272800228e2528000070
:1065b40009f84000252000021000a3970800632c6e
:1065c40021006010f7ff02241000a3978018030035
:1065d400019d023cec654224211043000000428ce2
:1065e40008004000000000000c66019d6066019deb
:1065f400c466019d0c67019d5067019da467019dc0
:10660400f867019d3c68019d5000228e1800a68ffa
:106614002528000009f84000252000020a00400453
:1066240001000324090043102c00bf8f0100022441
:106634001000a2a74c00228e1000a58f09f840007c
:1066440025200002010002242c00bf8f2800b18ff6
:106654002400b08f0800e0033000bd275400228ed0
:106664001400a52709f8400025200002f6ff400485
:1066740001000324f5ff43102c00bf8f1400a287f0
:10668400090042041000a0af020002241000a2a7d7
:106694004c00228e1000a58f09f84000252000022e
:1066a400e9ff0010010002244c00228e252800007e
:1066b40009f8400025200002e3ff00100100022435
:1066c4005800228e1800a78f38000696252800004f
:1066d40009f8400025200002dbff400401000324e8
:1066e400daff43102c00bf8f030002241000a2a77e
:1066f4004c00228e1000a58f09f8400025200002ce
:10670400d1ff0010010002245000228e1800a68f31
:106714002528000009f8400025200002caff400493
:1067240001000324c9ff43102c00bf8f040002247e
:106734001000a2a74c00228e1000a58f09f840007b
:1067440025200002c0ff0010010002245400228e04
:106754001400a52709f8400025200002baff4004d0
:1067640001000324b8ff43101400a39738000496d3
:1067740024286400b4ffa414ffff02241200a3a77a
:10678400050002241000a2a74c00228e1000a58f41
:1067940009f8400025200002abff0010010002248c
:1067a4001200a697380002962630c2005800228ea6
:1067b4001800a78fffffc6302528000009f8400005
:1067c40025200002a0ff4004010003249fff431082
:1067d4002c00bf8f060002241000a2a74c00228eba
:1067e4001000a58f09f840002520000296ff001034
:1067f400010002245000228e1800a68f25280000d4
:1068040009f84000252000028fff40040100032402
:106814008eff43102c00bf8f070002241000a2a794
:106824004c00228e1000a58f09f84000252000029c
:1068340085ff0010010002245400228e1400a527b5
:1068440009f84000252000027fff400401000324d2
:106854007eff43102c00bf8f380003961400a297cc
:10686400241043002b10020077ff001023100200b5
:020000040000fa
:020000041d01dc
:10687400d0ffbd272c00bfaf2800b6af2400b5afb2
:106884002000b4af1c00b3af1800b2af1400b1af16
:106894001000b0af258080003e0082940100423099
:1068a4005f0040102590a0007400829400044330df
:1068b4005e00605401000224030042300100422cb7
:1068c40025b000004c00038e320060100200042446
:1068d400770003921e006414010004240e0040108b
:1068e40000000000f8ef400f252000004c00118e3e
:1068f40086002012252840000d00229220004230fc
:10690400900040104c0000ae01f2400f2520000022
:106914002000001000000000f8ef400f25200000c8
:10692400252840004c00028e0500401000000000a5
:106934000d0042902000423078004010000000001a
:1069440001f2400f2520000012000010000000009a
:1069540010006414000000000e004010000000004d
:10696400f8ef400f252000004c00118e710020121a
:10697400252840002000228e080042307700401471
:106984004c0000ae01f2400f2520000028d7400f34
:1069940025202002f8ef400f252000007c00148ef3
:1069a4008000158e7a0011962528400001f2400fd0
:1069b40025200000248832021e00201225900000a9
:1069c4001e008012259800003c0012864800138e99
:1069d4001c00c0526200029650d9400f25200002cc
:1069e400050020122538a002253020022528600247
:1069f40009f88002252040022c00bf8f2800b68fa2
:106a04002400b58f2000b48f1c00b38f1800b28f00
:106a14001400b18f1000b08f0800e0033000bd27d0
:106a240001000224a7ff001001001624a5ff001096
:106a340001001624e6ff001025980000e4ff001072
:106a440025880000720002a60000028e080002ae33
:106a54000c0002ae100002ae1400028e1c0002ae46
:106a6400200002ae3e0002964408027c8410027ca0
:106a7400c418027c0421027c4429027c8431027cf7
:106a8400c439027c0442027c01000324444a627c2f
:106a94008452027c3e0002a6740002968410027c9a
:106aa400444a027cc418027c740002a6380000ae7a
:106ab400340000ae540000aeffff02245c0002aebe
:106ac400640003a6010002246e0002a6600000a672
:106ad400400000ae790000a27400028e0008427cdf
:106ae400770002a274000296002043300100605037
:106af400480000ae0040423001004050440000ae67
:106b0400870000a2b6ff0010760000a201f2400f39
:106b1400252000009fff00100000000001f2400f3c
:106b240025200000f2cf400f4c00048e99ff001086
:106b34000000000001f2400f2520000095ff001026
:106b44000000000001f2400f25200000dff1400f9b
:106b5400252020028fff00100000000001f2400fea
:0c6b6400252000008bff00100000000046
:020000040000fa
:020000041d01dc
:106b700080ffbd277c00bfaf7800b6af7400b5af13
:106b80007000b4af6c00b3af6800b2af6400b1afd7
:106b90006000b0af0f0005242dda400f2000042460
:106ba0000200423017004010f080838ff8ff62240b
:106bb0000200422c1300401008000224200062143e
:106bc0002080858f00a0043c61fe400f242a84248d
:106bd000253840000300422c14004014f880828fb6
:106be0000000428c0400428c00a0063c242ac624eb
:106bf000009d053cac18a52409f84000e880848f6e
:106c0000f08080af7c00bf8f7800b68f7400b58fa6
:106c10007000b48f6c00b38f6800b28f6400b18fc6
:106c20006000b08f0800e0038000bd270900022447
:106c300040f0400ff08082aff2ff0010e48082af9e
:106c4000253000002528000000a0043c85f4400ffa
:106c5000242a842440f0400f25884000e480838f5c
:106c600023f2400f238043001b000202f401400086
:106c7000121800001e00632c09006014f880828f37
:106c80000000428c0400428c009d053cd818a524cd
:106c900009f84000e880848fdaff0010f08080afb0
:106ca00001000224d8ff22127c00bf8f0c002106b5
:106cb000f880828f0000428c0400428c253820022c
:106cc00000a0063c242ac624009d053cac18a5243f
:106cd00009f84000e880848fcaff0010f08080af80
:106ce00025300000f480858fb6f2400f2000042488
:106cf000f08080aff880828f0000428c0000428cd0
:106d0000009d053cf818a52409f84000e880848f10
:106d10000100052400a0103ccbcf400f242a0426fc
:106d200025a8400002000524cbcf400f242a0426ca
:106d300025b040002510a2020a004014f880828f7e
:106d40000000428c0400428c242a0626009d053c4b
:106d50002419a52409f84000e880848faaff0010b8
:106d60007c00bf8f25a000002598000000a0103ceb
:106d7000242a1026009d123c009d113c2a10750209
:106d800016004010010007245c00a6272528600299
:106d900016fd400f25200002f880828f0000428cf3
:106da0005f00a3931800a3af5e00a3931400a3afea
:106db0005d00a3931000a3af0400428c5c00a79376
:106dc000253000024019252609f84000e880848f0c
:106dd00001007326e9ff0010209c137c2a10960204
:106de00088ff40104c00a627252880021efd400f7a
:106df000252000022000a0af2400a0af2800a0aff3
:106e00002c00a0af3000a0af3400a0af3800a0af7e
:106e10003c00a0af4000a0af4400a0af4800a0af2e
:106e20002c0006242000a5273c98400f4c00a427e6
:106e3000f880828f0000428c0400428c2000a7273b
:106e4000253000026419452609f84000e880848f47
:0c6e500001009426c9ff001020a4147c4f
:020000040000fa
:020000041d01dc
:106e5c00b8ffbd274400bfaf4000beaf3c00b7af8a
:106e6c003800b6af3400b5af3000b4af2c00b3afc0
:106e7c002800b2af2400b1af2000b0af4c00a5afda
:106e8c002481828f910040182580000025b080005d
:106e9c0025a0c0002800958c1000a0aff8ef400f83
:106eac0025200000252840001000a28f8018020029
:106ebc002881828f211043000000508c9800001212
:106ecc00000000004000138e4004627e94004010cd
:106edc0000000000620002925400038e2a1062002f
:106eec008f004010000000002a0012963c00119206
:106efc00280002961800a2af2400178e1c00028ee8
:106f0c001400a2af01f2400f252000004c00a28f0c
:106f1c0002004294060052541000a28f0d0034520d
:106f2c00259000000c002012010012241000a28fea
:106f3c0001004224251840001000a2af2481828f4a
:106f4c002a106200d5ff401425800000600000105c
:106f5c0025100002010011244c00a28f0000429465
:106f6c001800a38f2f004314040062320200313644
:106f7c000100022435008216020002242d00b716ef
:106f8c0000000000040031361400a28f03004010f2
:106f9c0010007332450060521800c28e0800523641
:106fac00258832020f000224e0ff22160200022480
:106fbc00460082563c0014a20c00028e17004014ae
:106fcc0025300000252800029da3400f2520a0029b
:106fdc004b00401025884000f8ef400f25200000a2
:106fec00252840000c00028e4700401400000000d1
:106ffc002000228e000002ae1000039621184300e0
:10700c00040003ae080002ae020002243c0002a2ff
:10701c000c0011ae01f2400f252000002b000010d7
:10702c003c0014a2d2ff405402005236d1ff001093
:10703c00010002240300e01208006232d3ff40106a
:10704c001400a28fd0ff001004005236b8ff821635
:10705c001000a28f0f00b716000000001400d38e92
:10706c00260073262528600219d0400f2520a00287
:10707c0004385e7c0009c67f2528600238be400fac
:10708c002520a00201004054040031360c000010f1
:10709c00080031360300e012080073320800605219
:1070ac0008003136f9ff0010040052360c00428cf7
:1070bc001400a38fbbff62542588320208003136be
:1070cc000f000224b8ff2216258832022510000278
:1070dc004400bf8f4000be8f3c00b78f3800b68f86
:1070ec003400b58f3000b48f2c00b38f2800b28fd2
:1070fc002400b18f2000b08f0800e0034800bd27aa
:10710c00f2ff00102580400001f2400f2520000006
:10711c008af1400f25202002ecff00103c0014a245
:10712c0001f2400f2520000081ff00101000a28ffb
:020000040000fa
:020000041d01dc
:10713c00d8ffbd272400bfaf2000b4af1c00b3aff5
:10714c001800b2af1400b1af1000b0af3700801010
:10715c002588800025a0a0002580c00042008294d4
:10716c0040004230a50040102590e0009ff7400ff2
:10717c000000000036004016259840000400518c99
:10718c00010002243500825603000224280020123c
:10719c0025102002270000122400bf8f0b00298a23
:1071ac000800299a0f00288a0c00289a1300278ab5
:1071bc001000279a1700268a1400269a1b00258a8d
:1071cc001800259a1f00248a1c00249a2300238a65
:1071dc002000239a2700228a2400229a0b0009aa55
:1071ec00080009ba0f0008aa0c0008ba130007aa75
:1071fc00100007ba170006aa140006ba1b0005aa4d
:10720c00180005ba1f0004aa1c0004ba230003aa24
:10721c00200003ba270002aa240002ba070000aa21
:10722c00040000ba030000aa000000ba25102002d6
:10723c002400bf8f2000b48f1c00b38f1800b28fb6
:10724c001400b18f1000b08f0800e0032800bd2798
:10725c000300518acaff00100000519af3ff8256b6
:10726c00258800000b0020562700229205004012b2
:10727c00010003242700429203004230ecff431428
:10728c00251020021000718ee9ff2012251020021b
:10729c002700229203004230010003241200431401
:1072ac00000000000400748e0f0034522588800208
:1072bc00259080020300062415004526a7f6400ff2
:1072cc0015002426450040540300428a0300228afc
:1072dc000000229a47004014258840001000718e4f
:1072ec00d3ff201225102002d1ff005225102002be
:1072fc000b002a8a08002a9a0f00298a0c00299a66
:10730c001300288a1000289a1700278a1400279a3d
:10731c001b00268a1800269a1f00258a1c00259a15
:10732c002300248a2000249a2700238a2400239aed
:10733c000b000aaa08000aba0f0009aa0c0009ba25
:10734c00130008aa100008ba170007aa140007bafd
:10735c001b0006aa180006ba1f0005aa1c0005bad5
:10736c00230004aa200004ba270003aa240003baad
:10737c00070000aa040000ba030000aa000000ba2b
:10738c00270023920300633001000424a7ff641438
:10739c0008000226029d033c585f668c585f6324ec
:1073ac000400658c0800648c030046a8080006ba2b
:1073bc00070045a8040045b80b0044a8080044b8d1
:1073cc000c0063900c0043a02700029203000324de
:1073dc000408627c95ff0010270002a20000429a6c
:1073ec0025904000b4ff511603000624bcff00108a
:1073fc0000000000fbff0010259080028bff0010a6
:04740c0025880000cf
:020000040000fa
:020000041d01dc
:1074100080f7bd277c08bfaf7808beaf7408b7af50
:107420007008b6af6c08b5af6808b4af6408b3af06
:107430006008b2af5c08b1af5808b0af25808000db
:10744000010002241900a2100400918c0000828c1b
:107450000000428c009d053c2407a52409f840004b
:10746000252020020000028e0000428c009d053c79
:107470003807a52409f84000252020027c08bf8f8a
:107480007808be8f7408b78f7008b68f6c08b58ff8
:107490006808b48f6408b38f6008b28f5c08b18f3e
:1074a0005808b08f0800e0038008bd275800410f3e
:1074b00000000000f1ff401825a0400025980000c2
:1074c000009d173c009d163c009d153c009d023c14
:1074d000c80842244008a2af009d023c4408a2af65
:1074e000009d023c4808a2af009d023c4c08a2afa0
:1074f000009d023c5008a2af009d023c5408a2af80
:10750000fff5400f25206002259040009600410fb6
:10751000252040000100032461004354010073262c
:107520001bfe400f2520400225f040000000028e87
:107530000400428c2530c0034807e52609f84000c6
:10754000252020023000a6271800a5270eef400fa7
:1075500025204002560040104408a38f0000028ef0
:107560000400428c6c07652409f8400025202002a5
:107570000000028e2000a38f1000a3af0400428cf5
:107580001c00a78f1800a68f4808a38f84076524c6
:1075900009f84000252020020000028e2c00a38f55
:1075a0001000a3af0400428c2800a78f2400a68ff0
:1075b0004c08a38fc807652409f840002520200245
:1075c0000000028e0400428c5008a38f140865242a
:1075d00009f84000252020020000028e3c00a38f05
:1075e0001400a3af3800a38f1000a3af0400428c97
:1075f0003400a78f3000a68f5408a38f300865246d
:1076000009f84000252020020000028e0400428c70
:107610002530c0039c08c52609f84000252020021b
:107620001008a727320006244000a52720ef400fae
:1076300025204002250040500000028e3808a0a3fb
:107640001008a28f150040184000b22725f0000056
:107650002400062425284002e6fb400f1408a42736
:107660000000028e0400428c2400478e1408a627d6
:107670004008a58f09f84000252020020100de27e0
:107680001008a28f2a10c2030400401028005226be
:107690001008a227efff42162400062401007326db
:1076a00097ff93167c08bf8f76ff00107808be8f77
:1076b0000000028e0000428c8808a52609f84000d0
:1076c00025202002d1ff00100000028e0000428c15
:1076d0008808a52609f8400025202002f0ff0010a8
:0476e000010073260c
:020000040000fa
:020000041d01dc
:1076e400c8ffbd273400bfaf3000b7af2c00b6af22
:1076f4002800b5af2400b4af2000b3af1c00b2af74
:107704001800b1af1400b0af25a080002590a000f0
:1077140025a8e0004800b78f4c00b68f808806008b
:1077240064f0400f252020024700401025984000b7
:1077340064f0400f580004244100401025804000ac
:107744005800062425280000d2fb400f25204000c5
:10775400300013ae25302002a5000524d2fb400fd3
:10776400252060020b0040123000138e25104002c9
:1077740034000326100052260000448004008010c8
:10778400000064a001004224fbff521401006324a2
:10779400430000a20500e32e040002240ab84300bb
:1077a4002c0017ae480017ae04001226ba00410f91
:1077b40025204002ba00410f18000426100010ae24
:1077c4000500022423105700180002ae240010ae56
:1077d400fcff3126212071022530a00225288002d9
:1077e40084ea400f0410047c0200c012000002aec0
:1077f4000000d0ae76f0400f000000006c82828f53
:10780400010042246c8282af4082828f10004010bb
:10781400000000006082828f2d0040145082828f0d
:107824004082828f2c00428c2c00038e2b1062002d
:1078340026004050408290af250000105082828f75
:1078440034f2400f252060024d000010ffff022497
:10785400408290af6c82838f010002241b0062146b
:1078640000a0113c4c2831266400332666fd400fed
:107874002520200214003126fcff331600000000ee
:1078840000a0133c66fd400f3828642600a0113c7c
:1078940066fd400f2428242600a0043c66fd400f0a
:1078a4001028842400a0043c66fd400ffc27842497
:1078b40000a0043c66fd400fe82784243828732682
:1078c400788293af24283126748291af5082828fbc
:1078d40001004224508282af2c00038e6482848f84
:1078e400010002240410620025104400648282af67
:1078f40000a0043c4c288424801003002110430081
:1079040080100200211082000400428c080002aea4
:107914000800438c0c0003ae040072ac080052aca7
:107924002c00058e801005002118450080180300e6
:1079340021188300140003ae0000628c010042246d
:107944008be5400f000062ac6082838f0c006010f6
:10795400010002244082828f2c00438c2c00028e72
:107964002b18620006006010010002240068024027
:107974000001423400688240c0000000010002247b
:107984003400bf8f3000b78f2c00b68f2800b58f1e
:107994002400b48f2000b38f1c00b28f1800b18f65
:0c79a4001400b08f0800e0033800bd277d
:020000040000fa
:020000041d01dc
:1079b000c0ffbd273c00bfaf3800b7af3400b6af43
:1079c0003000b5af2c00b4af2800b3af2400b2af85
:1079d0002000b1af1c00b0af25a0a0002580c000e2
:1079e0002598e000080006241000a527f1eb400fc1
:1079f000252080021000a293000002a21100b19382
:107a000001003126ff003132c0101100000062a6d3
:107a10001200a29325a800000438557c030003241b
:107a2000ff00a232c200042415004410c300442cfd
:107a30003700801005000424110044100600442c77
:107a4000340080508009a27e0d0040100100042403
:107a50002f00441401006224ff0042301000a427cc
:107a6000212083000000929008000424232082003b
:107a70002a2092001000801421105200ff00433091
:107a800008000224700062141000a227ffff3126b4
:107a9000ff0031324e002012080006241000a527f6
:107aa000f1eb400f252080021000a2930438557c92
:107ab000dbff001001000324f9ff6324219043023f
:107ac000ff005032c020527e0d00405223903202ff
:107ad000ffff5626ff00d632ff00172408000624b9
:107ae0001000a527f1eb400f25208002ffffd626ce
:107af000ff00d632faffd716080006242390320280
:107b0000ff00513208000326ddff0010ff00633044
:107b10008009a27e030004244200441001000424d2
:107b200023004410020004243500441001006424a2
:107b3000ff0084301000a227211043000000429073
:107b4000080005242328a4002a28a2000300a0146a
:107b500021208200caff0010ff008330f9ff632458
:107b600021104300c020567c0c00c012ff00503092
:107b7000ffffd226ff005232ff0017240800062420
:107b80001000a527f1eb400f25208002ffff5226b1
:107b9000ff005232faff571608000624231036025f
:107ba000ff00513008000326b5ff0010ff006330ce
:107bb000ffff6324ff006330000062962110430042
:107bc000c088110023885100000071a60100112413
:107bd000251020023c00bf8f3800b78f3400b68fcd
:107be0003000b58f2c00b48f2800b38f2400b28fe3
:107bf0002000b18f1c00b08f0800e0034000bd27bb
:107c0000ffff6324ff0063300000629621104300f1
:107c1000c088110023885100000071a6ecff0010fd
:107c200003001124ffff6324ff006330000062960d
:107c300021104300c088110023885100000071a664
:107c4000e3ff0010040011242110430000004290c3
:107c5000dfff20120438557c0100632470ff001000
:047c6000ff0063308e
:020000040000fa
:020000041d01dc
:107c6400c8ffbd273400bfaf3000b7af2c00b6af9c
:107c74002800b5af2400b4af2000b3af1c00b2afee
:107c84001800b1af40f0400f1400b0af2590400091
:107c94007881828f7e00401825a00000259800007e
:107ca400fff5400f25206002750040500100732647
:107cb4004200429440004230700040106481918f31
:107cc400218834026000308e160000520400308e89
:107cd4001800158e23f2400f23a855021b00a202a0
:107ce400f401400023f2400f12b000001b00c20256
:107cf400f401400010a8000023a85502180015ae96
:107d04001400028e2b18c2026c006010231056005f
:107d1400140002ae0000108eeeff00561800158eff
:107d24000400308e250000524800308e25a8000043
:107d34002300168a2000169a23f2400f23b056021d
:107d44001b00c202f401400023f2400f12b00000f5
:107d54001b00c202f401400010b8000023b857020f
:107d6400230017aa200017ba1f00028a1c00029ad7
:107d74002b20c202020080102518a00223185600ee
:107d84001f0003aa1c0003ba1b00028a1800029aef
:107d94002b18c20252006010231056001b0002aac6
:107da400180002ba0300028a0000029a25804000eb
:107db400e0ff00562300168a4800308e1a00005255
:107dc4005400228e0c00158e23f2400f23a8550276
:107dd4002ba8a2021100a0560000108e23f2400f1f
:107de400000000000c00038e211862000c0003ae9a
:107df4000800028effff4224f2ff4014080002ae86
:107e0400fff5400f252060022530000025280002e0
:107e14009990400f2520400025804000eaff00563d
:107e24000c00158e5400228e0d0040503400228e1a
:107e3400dc0504241400438c05006010231843025d
:107e4400040060580000428c180044a4140040aca4
:107e54000000428cf8ff40541400438c3400228efe
:107e6400060040102310420204004018dc050224de
:107e7400380022a63a0022a6340020ae0100732660
:107e84007881828f2a10620285ff4014880094262c
:107e94003400bf8f3000b78f2c00b68f2800b58f09
:107ea4002400b48f2000b38f1c00b28f1800b18f50
:107eb4001400b08f0800e0033800bd270000158ec1
:107ec400fff5400f25206002030006242528000248
:107ed4009990400f252040008fff00102580a002bc
:107ee4000300168a0000169afff5400f2520600251
:107ef4000800052628e2400f25204000acff0010b2
:047f04002580c00212
:020000040000fa
:020000041d01dc
:107f0800d0ffbd272c00bfaf2800b6af2400b5af07
:107f18002000b4af1c00b3af1800b2af1400b1af6b
:107f28001000b0af25808000010002245e00a2147a
:107f38000400918c2510000000a0123cd4035226a6
:107f4800009d143c441f9426009d163c009d153c42
:107f580000a0133c940473260400438e1d00605057
:107f68001800522605004014181fa5260000028e8e
:107f78000000428c09f84000252020020000028ef3
:107f88000000428c2528800209f8400025202002a4
:107f98000000028e0000428c0800458e09f840005f
:107fa800252020020000028e0000428c0c00458e25
:107fb80009f84000252020020000028e0000428cb3
:107fc8004c1fc52609f84000252020020100022484
:107fd80018005226e0ff5316009d053c0000028e53
:107fe8000000428c541fa52409f8400025202002d7
:107ff800039d123cc0665226009d153c441fb526c1
:10800800009d143c4c1f9426039d133ce466732684
:108018000000028e0000428c2528a00209f84000ca
:10802800252020020000028e0000428c0000458eb0
:1080380009f84000252020020000028e0000428c32
:108048000800458e09f84000252020020000028e15
:108058000000428c2528800209f8400025202002d3
:108068000c005226eaff5316009d053c0000028ec4
:108078000000428cd41da52409f8400025202002c8
:108088002c00bf8f2800b68f2400b58f2000b48f36
:108098001c00b38f1800b28f1400b18f1000b08f7e
:1080a8000800e0033000bd2725a0c00000a0123c56
:1080b800d403522600a0133c940473260400428e75
:1080c80007004050180052260400858e05fb400f1b
:1080d8000800448e0b0040500000428e18005226c3
:1080e800f6ff5316009d053c0000028e0000428cee
:1080f800801fa52409f8400025202002e1ff001078
:108108002c00bf8f1e00401025a800000400538ecd
:10811800009d053c441fb424009d163c0000028ebf
:108128000000428c2528800209f840002520200202
:108138000000028e0000428c0000658e09f84000a5
:10814800252020020000028e0000428c0800658e67
:1081580009f84000252020020000028e0000428c11
:108168004c1fc52609f84000252020020100b5262d
:108178000000428e2b10a202e8ff40140c00732668
:108188000000028e0000428c009d053cd41da524f1
:1081980009f8400025202002baff00102c00bf8fec
:020000040000fa
:020000041d01dc
:1081a80088ffbd277400bfaf7000b4af6c00b3afd9
:1081b8006800b2af6400b1af6000b0af2580800046
:1081c8004800a0af4c00a0af5000a0af5400a0af33
:1081d8005800a0af5c00a0af030002241500a21055
:1081e8000400918c0000828c0000428c009d053cac
:1081f8003010a52409f84000252020020000028e36
:108208000000428c009d053c5410a52409f840004c
:10821800252020027400bf8f7000b48f6c00b38fcc
:108228006800b28f6400b18f6000b08f0800e0036f
:108238007800bd2725a0c00007d7400f0400c48cd4
:1082480009004014259040000000028e0000428c76
:10825800009d053c6c10a52409f84000252020024b
:10826800edff00107400bf8f62ff400f2520400013
:10827800259840000800948e02000624009d053cc5
:10828800140ea524a7f6400f2520800247004014ad
:108298000400062422fe400f25204002080040105a
:1082a800009d053c0000028e0000428c8c10a52425
:1082b80009f8400025202002d7ff00107400bf8f66
:1082c8002528000037bf400f252000004800a527bb
:1082d80030e6400f252040004c00a38f08006014b2
:1082e800009d053c0000028e0000428ca810a524c9
:1082f80009f8400025202002c7ff00107400bf8f36
:10830800ffff6432c010040023104400c0100200b4
:10831800211862001000a227300068240300678833
:108328000000679807006688040066980b00658857
:10833800080065980f0064880c006498000047ac3a
:10834800040046ac080045ac0c0044ac10006324a3
:10835800f2ff681410004224030065880000659845
:108368000700648804006498000045ac040044ac2d
:10837800009d023cd80042243000a2af1000a5277f
:108388009298400f2520400224004010009d053c93
:108398000000028e0000428c1011a52409f840004c
:1083a800252020029cff00107400bf8f009d053c13
:1083b800841ba524a7f6400f2520800210004054f6
:1083c8000000028e22fe400f2520400208004014c3
:1083d800009d053c0000028e0000428cd010a524b0
:1083e80009f84000252020028bff00107400bf8f81
:1083f800c0e1400f25204002e3ff0010000000000c
:108408000000428c009d053cf010a52409f84000ae
:108418002520200280ff00107400bf8f0000028e0c
:108428000000428c009d053c2811a52409f8400055
:0c8438002520200278ff00107400bf8f88
:020000040000fa
:020000041d01dc
:10844400c0ffbd273c00bfaf3800b7af3400b6afa4
:108454003000b5af2c00b4af2800b3af2400b2afe6
:108464002000b1af1c00b0afe081928f860040566f
:10847400e081828f0800848c060080102510a00003
:108484000400a010000000000000a5941800a054ef
:10849400e88184afb800410f0000000008004010dc
:1084a40025180000b600410f00000000009d053ca7
:1084b400741ea524d7c8400f2520400025180000ad
:1084c400251060003c00bf8f3800b78f3400b68f92
:1084d4003000b58f2c00b48f2800b38f2400b28fe6
:1084e4002000b18f1c00b08f0800e0034000bd27be
:1084f40000a0033c03004788000047980700468813
:1085040004004698b02c67acb02c6324040066ac1d
:1085140008004294080062a40800828c09f8400014
:108524001c000624258840005b004010e48182afd3
:1085340000a0023cb02c42944a00401000a0163c1b
:10854400b02cd326049d153cb0deb526009d173c07
:10855400009d143cf01e94261400a0af1000a0afa0
:108564000600679625300000060005249947400f51
:108574002520000025804000000022a625380000a8
:108584002530a002000205247193400f25204000ed
:10859400ffff03244c000312000000004a004010b7
:1085a4000000000008006296010042300400401000
:1085b4000100062406000524cec3400f2520000236
:1085c400020066961000c01003000524cec3400fbd
:1085d400252000020d00405404006696b800410fa7
:1085e400000000000200422c08004054040066967b
:1085f400b600410f0000000025304002c81ee526e9
:10860400d7c8400f25204000040066961000c01013
:1086140002000524cec3400f252000020d00405463
:1086240001005226b800410f000000000200422c55
:108634000800405401005226b600410f000000001b
:108644002530400225288002d7c8400f252040004d
:1086540001005226b02cc2962a104202beff4014da
:108664001c00312664000624019d053c7cfca524e5
:10867400a6e1400f1a00042413004010dc8182afed
:10868400d88180afe081828f01004224e08182aff3
:108694008bff001001000324b800410f000000000c
:1086a40087ff401025180000b600410f00000000ad
:1086b400009d053ca41ea524d7c8400f25204000da
:1086c4007fff0010251800009ec3400fd88180afa3
:0886d4007bff001025180000d7
:020000040000fa
:020000041d01dc
:1086dc00c0ffbd273c00bfaf3800b7af3400b6af0a
:1086ec003000b5af2c00b4af2800b3af2400b2af4c
:1086fc002000b1af1c00b0af25a0a0002580c000a9
:10870c002590e000080006241000a527f1eb400f8f
:10871c00252080021000a293000002a21100b19348
:10872c0001003126ff003132c0101100000042a6ba
:10873c001200a29325a800000438557c03000324e2
:10874c003f00a2320d004010010004242f004414fd
:10875c0001006424ff0084301000a2272110430084
:10876c0000004290080005242328a4002a28a20017
:10877c001000a01421208200ff0083300800022486
:10878c00710062141000a227ffff3126ff00313266
:10879c004f002012080006241000a527f1eb400f13
:1087ac00252080021000a2930438557ce4ff0010b1
:1087bc0001000324f9ff632421104300c020567ce0
:1087cc000c00c012ff005030ffffd326ff007332a5
:1087dc00ff001724080006241000a527f1eb400f1a
:1087ec0025208002ffff7326ff007332faff7716f5
:1087fc0008000624ffff312623883602ff003132a1
:10880c0008000326ddff0010ff0063308009a27e04
:10881c0003000424430044100100042424004410e9
:10882c00020004243600441001006424ff0084304c
:10883c001000a227211043000000429008000524dc
:10884c002328a4002a28a2000300a01421208200bf
:10885c00caff0010ff008330f9ff6324211043008e
:10886c00c020567c0c00c012ff005030ffffd326f6
:10887c00ff007332ff001724080006241000a52700
:10888c00f1eb400f25208002ffff7326ff007332af
:10889c00faff771608000624ffff312623883602dc
:1088ac00ff00313208000326b4ff0010ff006330d4
:1088bc00ffff6324ff006330000042962110430049
:1088cc00c088110023885100000051a6010011241a
:1088dc00251020023c00bf8f3800b78f3400b68fb4
:1088ec003000b58f2c00b48f2800b38f2400b28fca
:1088fc002000b18f1c00b08f0800e0034000bd27a2
:10890c00ffff6324ff0063300000429621104300f8
:10891c00c088110023885100000051a6ecff001004
:10892c0003001124ffff6324ff0063300000429614
:10893c0021104300c088110023885100000051a66b
:10894c00e3ff0010040011242110430000004290aa
:10895c00dfff20120438557c0100632478ff0010df
:04896c00ff00633075
:020000040000fa
:020000041d01dc
:10897000e0ffbd271c00bfaf1800b1af1400b0afbf
:108980006bfa400f2580a000258840008a00201245
:10899000251000008800001254000624252800003d
:1089a000d2fb400f252000023c002292020003244b
:1089b00086004314010003240c00248e4a0080101a
:1089c00002000224a800410f0000000003004688b6
:1089d0000000469807004588040045980b0044882d
:1089e000080044980f0043880c004398070006aa2b
:1089f000040006ba0b0005aa080005ba0f0004aa75
:108a00000c0004ba130003aa100003baaa00410f15
:108a10000c00248e03004688000046980700458815
:108a2000040045980b004488080044980f004388d0
:108a30000c004398170006aa140006ba1b0005aaea
:108a4000180005ba1f0004aa1c0004ba230003aad8
:108a5000200003baa800410f0c00248e03004688b2
:108a60000000469807004588040045980b0044889c
:108a7000080044980f0043880c004398270006aa7a
:108a8000240006ba2b0005aa280005ba2f0004aa64
:108a90002c0004ba330003aa300003baaa00410f25
:108aa0000c00248e03004688000046980700458885
:108ab000040045980b004488080044980f00438840
:108ac0000c004398370006aa340006ba3b0005aafa
:108ad000380005ba3f0004aa3c0004ba430003aac8
:108ae000400003ba02000224000002ae28002296d1
:108af000440002a62a002296460002a62400228ee6
:108b0000480002ae5400228e4c0002a60400228ec1
:108b10000000238e231043004e0002a6500000ae3a
:108b20004000228e040042388000427c500002ae99
:108b30003f002392010063300200601002004234c3
:108b4000500002ae4000228e080042300500405422
:108b50003f0022925000028e04004234500002aec8
:108b60003f00229202004230050040504000228e19
:108b70005000028e08004234500002ae4000228ea7
:108b800010004230050040543f0023925000028ef6
:108b900010004234500002ae3f00239204006330c4
:108ba00005006010010002245000028e20004234b3
:108bb000500002ae010002241c00bf8f1800b18fcc
:108bc0001400b08f0800e0032000bd27c8ff435405
:108bd000280022961400228e040002ae1800228e75
:108be000140002ae1c00228e240002ae2000228e51
:108bf000340002ae01000224bcff0010000002aeef
:020000040000fa
:020000041d01dc
:108c0000c8ffbd273400bfaf3000beaf2c00b7afe8
:108c10002800b6af2400b5af2000b4af1c00b3af3e
:108c20001800b2af1400b1af1000b0af1c00938cad
:108c3000020076968000c012258000002588a000e2
:108c400025a0c000010002245c00e2102590e00095
:108c5000020002247900e214251000020000a29410
:108c60000200a394211043000400a39421104300a8
:108c70000600a394211043000800a3942110430090
:108c80000a00a394211043000c00a3942110430078
:108c90000e00a394211043000000639621104300ae
:108ca0002610c202ffff56304c81828f62004010b6
:108cb000258000002800978c25f00000251000007a
:108cc000801002005c81838f211062000000558caf
:108cd0001400a0120b0003247600a292120043504d
:108ce0000100de277700a392040060504800a38ea5
:108cf0000d0072540100de274800a38e03006010af
:108d000000000000080077540100de2733004054c3
:108d10007200a2967200a396020062960100625051
:108d20000a80b0020100de2720f61e7c4c81838f72
:108d30002b18c303e2ff60142510c0033e0000128d
:108d4000010002244e0042520000228e4c00048e8c
:108d50000b0080140000000005d5400f2520000204
:108d600025204000480040104c0002ae6ffe400f2e
:108d7000000000004c00048e2f00805025808000f1
:108d8000b8e0400f25282002770012a2253080028b
:108d90002528e002b2f4400f25200002720016a63a
:108da00000006296600002a602006296620002a6bf
:108db0000000028e20000010100002ae0200a294fb
:108dc0000000a3942110430000006396211043008b
:108dd00026b0c202b4ff0010ffffd632d2ff5654b5
:108de0000100de270000638e6000a28eceff625479
:108df0000100de27020002241c0042564000a38e20
:108e0000a800410f4c00a48e100006242528200243
:108e1000a7f6400f25204000c3ff40140100de27c5
:108e20007700b2a2253080022528e002b2f4400f7c
:108e30002520a0022580a002251000023400bf8f4b
:108e40003000be8f2c00b78f2800b68f2400b58f5e
:108e50002000b48f1c00b38f1800b28f1400b18fa4
:108e60001000b08f0800e0033800bd270000228efc
:108e7000ebff62100100de27acff001020f61e7c25
:108e8000c1ff0010400002aeebff00102580400043
:020000040000fa
:020000041d01dc
:108e9000d0ffbd272c00bfaf2800b5af2400b4af72
:108ea0002000b3af1c00b2af1800b1af1400b0afd8
:108eb0001400c0102588c0008800a01025a8a000bc
:108ec00081fa400f0000000086004010258040001d
:108ed0004c00428c0500401000000000a3e6400f4b
:108ee00025200002110040142590400078f7400f23
:108ef000252000020300401025880000bdf1400f2e
:108f000025200002251020022c00bf8f2800b58fdd
:108f10002400b48f2000b38f1c00b28f1800b18fd3
:108f20001400b08f0800e0033000bd2725a0200208
:108f30002b8851000100205625a04000ffff9432ed
:108f40000800048e0400118e211094002b10510093
:108f50005a0040542588800223882402ffff3332c0
:108f6000ffff313225302002effa400f2528a00202
:108f700021a8b10223889302ffff31320000028e44
:108f8000080002ae253020022528a002effa400f8b
:108f90000800048e0800028e21105100080002ae65
:108fa0001000048e300044503e0002967400069675
:108fb000201e067c0e0061042b1882003e000396e2
:108fc000200063300900601423905402ffff5232e6
:108fd0000400038e0000058e23186500431803006b
:108fe0002a90720041004012000000002b188200fd
:108ff000340060500400038e23104400ffff423011
:10900000640005962b3845000200e0102518a000ea
:1090100025184000ffff63306a0007962b38670071
:109020003900e010000000006e000796423807008b
:109030002b186700340060102b28a2000900a01430
:109040000008c6303000c014000000003e00028658
:10905000050042043e0002960c00028e2a00821097
:10906000000000003e000296040042301000401450
:10907000010003243e0002968410627c40f0400f01
:109080003e0002a63c81848f8018040021186400f1
:10909000c01803006210043cd34d842419006400fe
:1090a000101800008219030021186200280003ae86
:1090b0002188330293ff0010ffff3132b1ff00100f
:1090c00025980000231864000000058e2310450039
:1090d00021106200caff0010ffff423089ff00101c
:1090e0002588000087ff001025880000bdf1400f93
:1090f000252000023e000296010003244429627ce0
:10910000ebff00103e0002a6bdf1400f252000023b
:08911000e8ff00102188330282
:020000040000fa
:020000041d01dc
:10911800c8ffbd273400bfaf3000beaf2c00b7afcb
:109128002800b6af2400b5af2000b4af1c00b3af21
:109138001800b2af1400b1affbe7400f1000b0af9a
:10914800620040103400bf8f9000508c5c00001209
:1091580025884000029d133c40607326029d143c04
:10916800dc609426029d1e3c029d173c029d163c25
:10917800029d153c1000028e0400448c2620240217
:10918800ba03062425286002fef3400f0100842c50
:109198000f00049202008438bb03062425286002cd
:1091a800fef3400f0100842c0c000292ffff4224c2
:1091b800ff0042300500422c4f004010c703062430
:1091c8000e00039201000224040062540c00029273
:1091d8008e00410f1000248e0c000292ffff4224e3
:1091e80080100200211054000000428c2528000243
:1091f80009f84000252020020e0002920600422ca9
:1092080042004010000000000e0002920500422caf
:109218002b004014bc0406241000128e0400448e57
:1092280026202402c05fc527fef3400f0100842cce
:109238000d00029201004230170040540c000392c6
:109248000800428e3b0040500c0003920e0003922f
:10925800ffff6224ff0042300400422c0800401443
:10926800010006240700622c2c004010050002248f
:109278000300621425300000040002240e0002a23c
:109288000800428e080007962528000209f84000c9
:10929800252040020c0003920300022408006210fb
:1092a800020007249000262625280002a4b4400fb7
:1092b800252020029000308eafff00561000028e4d
:1092c8007ff9400f252020023400bf8f3000be8f69
:1092d8002c00b78f2800b68f2400b58f2000b48fdc
:1092e8001c00b38f1800b28f1400b18f1000b08f1c
:1092f8000800e0033800bd2725286002fef3400f70
:1093080025200000070002240e0002a29000410f51
:109318001000248ebdff00100e000292f3040624f4
:10932800ac5fa526fef3400f25200000d4ff0010f7
:10933800ecff062403000224e1ff62100000000095
:10934800b9f5400f900024260700401025904000f2
:109358000f00449002008438060106247c60c5266c
:10936800fef3400f0100842c262012025602062428
:109378005460e526fef3400f0100842c25284002a6
:109388006bf8400f9c00242603000224c9ff00103c
:049398000f0042a2de
:020000040000fa
:020000041d01dc
:10939c0058febd27a401bfafa001b3af9c01b2af73
:1093ac009801b1af9401b0af258080002598a00042
:1093bc00d48092871000a0a32c0006241000a527af
:1093cc00ff85400f252040021000a39302000224c9
:1093dc0084006214c000062425280000ff85400f7d
:1093ec0025204002c00003248000431438010624c9
:1093fc003c00a527ff85400f252040022588400012
:10940c000400422c7b00401404000624039d053c00
:10941c00340ca524a7f6400f3c00a4273c00405474
:10942c00258800005e0003960e00622c610040103f
:10943c002828022406106200010042305d00401012
:10944c001400a38f4800028e5b00621425280000d4
:10945c00010060563c007326060006242528600295
:10946c00a7f6400f2c00a427530040142528000019
:10947c0060000292040042300600401401000324f4
:10948c002000a28f340002ae610002920400627cc4
:10949c00610002a27c01a0af8001a0af8401a0af4b
:1094ac008801a0af8c01a0affcff22264000a327af
:1094bc00039d113c340c31267401a3af1100001034
:1094cc00039d133c7401a38f00006590ec0b642684
:1094dc000000868c2a00a654080084240400828c88
:1094ec007401a52709f84000252000020c00401843
:1094fc007401a38f211862007401a3af7801a38fac
:10950c0023106200efff401c7801a2af25880000f9
:10951c00acf1400f252040022b000010251020023a
:10952c00fbff4014258800007c01b18f020002244f
:10953c000600221205000224180022160200022442
:10954c005c0003962d0062542400038e8001a28fd0
:10955c00240002ae60000292010003248410627c9d
:10956c00600002a205000224e9ff22167401a5275f
:10957c00b6aa400f25200002e5ff001005001124bb
:10958c00d4ff91540000868c010064900200842466
:10959c0021186400c8ff0010231044002400038e1f
:1095ac008001a28ff0ff625005000224d8ff00104a
:1095bc0025880000252800006bda400f252040028a
:1095cc002588000025102002a401bf8fa001b38fb5
:1095dc009c01b28f9801b18f9401b08f0800e00309
:1095ec00a801bd27caff001025880000c8ff001085
:1095fc0025880000c6ff0010258800008001a28f7e
:10960c00c3ff621425880000d9ff00107401a52740
:020000040000fa
:020000041d01dc
:10961c0028ffbd27d400bfafd000b7afcc00b6af8a
:10962c00c800b5afc400b4afc000b3afbc00b2af9c
:10963c00b800b1afb400b0afe800b68f070080102f
:10964c0053ff11242580800025a8a0000f00a01432
:10965c002598c0001000c0103400122425102002e0
:10966c00d400bf8fd000b78fcc00b68fc800b58f99
:10967c00c400b48fc000b38fbc00b28fb800b18fe0
:10968c00b400b08f0800e003d800bd2734001224ca
:10969c00240002240b904600080007ae140016aefe
:1096ac00040016ae0c0000ae100000a280000224d4
:1096bc001800a2af3000a2271400a2af1000a0af78
:1096cc002538000030000624029d053cb82fa52447
:1096dc002dec400f252000005d0040143000b42715
:1096ec00029d113c382f3126b000b72725282002c7
:1096fc0025208002000083900000a69026186600aa
:10970c00ff0063302510430001008424f9ff9714f7
:10971c000100a5244e004014feff02242800a2af35
:10972c002400a0af800002242000a2af3000a227aa
:10973c001c00a2af1800a0af1400a0af20000224a0
:10974c001000a2af029d073cb82fe724100006249e
:10975c00029d053cd82fa52494b0400f2520000075
:10976c003c00405403000224000083920000249229
:10977c0026186400ff006330251043000100942676
:10978c00f9ff971601003126320040140300022421
:10979c00dfce400f840004240c0002ae1c004010ed
:1097ac0083ff1124253040023000a527e1b8400f7b
:1097bc0025200002210040142528400278d4400fb7
:1097cc003000a4270c004014258840001800b6afc8
:1097dc000800028e1400a2af1000b3af2538a0020f
:1097ec00fcff46263400a527ebb6400f0c00048e78
:1097fc0007004010258840000c00048e04008050a7
:10980c000c0000aebbe5400f000000000c0000aee9
:10981c003000a2272190520025184000010042245c
:10982c00000060a0fdff52542518400005002016d2
:10983c000100022489ff0010100002a2eeff0010ac
:10984c000100112403000224050022160100022449
:10985c0003000224100002a280ff00102fff11242d
:10986c000400221602000224100002a27bff00104a
:0c987c0039ff112479ff0010100002a237
:020000040000fa
:020000041d01dc
:10988800b8ffbd274400bfaf4000b6af3c00b5af3e
:109898003800b4af3400b3af3000b2af2c00b1af72
:1098a8002800b0af258080002598a0006cff400fed
:1098b800e080928f4018020021186200c01803004f
:1098c8002110620080100200219042024c00428e5a
:1098d800570040100000000009f840002520000251
:1098e8005300401025884000fafa400f2520400018
:1098f8000200432c4e0060140000000060004392f8
:1099080040006330020060102590000001005224de
:109918001000a0af1400a0af1800a0af1c00a0afab
:109928002000a0af2400a0a31400272625102002a1
:109938001000a3272000062401004224ffff4480d2
:1099480006008610f7ff85240500a52c0300a01447
:1099580000000000000064a001006324f7ff471422
:1099680001004224fafa400f1000a42735004010e5
:109978002580400025a800001000b4277800162490
:1099880000008492d3ff8224ff0042300200422c60
:10999800060040540100b52682fc400f000000007c
:1099a80001004050000096a20100b5262a10b0021e
:1099b800f3ff4014010094261000a28320004234d3
:1099c8009fff42241a00422c02004014780002240f
:1099d8001000a2a32110b0030f00542482fc400ff2
:1099e8000f0044900200401478000224000082a274
:1099f80035004016020014260400628e2b10540015
:109a080026004014ffff12240000648e0c0002247c
:109a1800000082a0010090a0253000021000a527b8
:109a2800effa400f020084241c00001025908002e9
:109a380067ff400f2520000225884000b4ff001072
:109a4800259000001600405225104002000020a278
:109a580012000010259040000c000224000082a093
:109a6800010090a0253000021000a527effa400f52
:109a780002008424010010262a1050020b804202a2
:109a8800253000021000a527effa400f25202002fc
:109a980021803002ffff00a225908002251040029d
:109aa8004400bf8f4000b68f3c00b58f3800b48f9c
:109ab8003400b38f3000b28f2c00b18f2800b08fe4
:109ac8000800e0034800bd27000020a20400628ec1
:109ad8002b105400e0ff40500000648eefff001090
:049ae800ffff122446
:020000040000fa
:020000041d01dc
:109aec00c8ffbd273400bfaf3000b7af2c00b6aff6
:109afc002800b5af2400b4af2000b3af1c00b2af48
:109b0c001800b1af1400b0af2881828f80004010d4
:109b1c00ffff1624259880002588a00025a0c000f2
:109b2c000200a2304000401425a8e000ffff0534dd
:109b3c0073f9400f108184270600801625b80000a9
:109b4c0010d9400f000000000c00401025b8800216
:109b5c0025a040002481838f080060182881828f03
:109b6c00259000000000448c340080102081848fec
:109b7c0001005226fbff4316040042247ff9400fdc
:109b8c001081842762000010ffff16244a00001089
:109b9c00100002a6b8e0400f785fa524029d053c9a
:109bac00505fa52443fc400f0c00048e4000028e35
:109bbc0001000324180042348410627c400002ae81
:109bcc00480002968410627c51000010480002a6e6
:109bdc0001003132efff2016029d053c4c00a01213
:109bec002528a002b8e0400f0c00048e490000109c
:109bfc002510c00201003132ecff201601000224b6
:109c0c00440062162510c0024200a0120100032479
:109c1c000000a28e140002ae4000028e0442627c50
:109c2c003b000010400002aeffff053473f9400ffb
:109c3c0010818427c2ff0010000000000800828cf5
:109c4c006400062409f8400001000524cbff4010f5
:109c5c002580400020b6127c120016a680901200bf
:109c6c002881828f21905200000050ae7ff9400f66
:109c7c00108184272a0014a6280017a63c0013a2e2
:109c8c00030002243d0002a2620002a24000028ee8
:109c9c00046b627e400002ae80002232bbff40109b
:109cac0018818297100000a64000028e0100032448
:109cbc00444a627c400002ae000122320400401093
:109ccc00010003244000028ec45a627c400002aea4
:109cdc0002000224c7ff6216010006242528000298
:109cec009da3400f252000000c00048eb8ff8014ab
:109cfc00ffff053473f9400f1081842701df400ffb
:109d0c00252000027ff9400f10818427ffff1624c5
:109d1c002510c0023400bf8f3000b78f2c00b68fd7
:109d2c002800b58f2400b48f2000b38f1c00b28f95
:109d3c001800b18f1400b08f0800e0033800bd2765
:020000040000fa
:020000041d01dc
:109d4c00d0ffbd272c00bfaf2800b4af2400b3afa9
:109d5c002000b2af1c00b1af1800b0af2588800056
:109d6c002580a0008000c0102590c00007000624ac
:109d7c008400a524e6fb400f1000a4277400148e69
:109d8c00780013968c00062425280000d2fb400f87
:109d9c00252000020800248e0400801018000526df
:109dac0053a3400f3c00052618000526cf75400f25
:109dbc000c00248e1c000526cf75400f1000248e3d
:109dcc0020000526cf75400f1400248e2400052694
:109ddc00cf75400f1800248e28000526cf75400f34
:109dec001c00248e2800228e440002ae4900401034
:109dfc000100042400004394020003a602004290d8
:109e0c00ffff4324ff0063300400632c410060100b
:109e1c00830002a20400228e0300468800004698ac
:109e2c0007004588040045980b00448808004498b6
:109e3c000f0043880c0043982f0006aa2c0006ba8a
:109e4c00330005aa300005ba370004aa340004ba5e
:109e5c003b0003aa380003ba9fcd400f2c00042608
:109e6c0024002296480002a6000142300e00405009
:109e7c00420002963000228e4a0002a62c00248e4c
:109e8c000600805048000296ed36400f4c00052627
:109e9c00380040543400248e480002960442027c60
:109eac00480002a642000296010003240463627c6f
:109ebc00420002a62400258ee3f8400f2520000264
:109ecc00040040542400028e3de8400f252000027f
:109edc002400028e100002ae2800028e140002ae86
:109eec0042000296010003244429627c420002a62f
:109efc002400258e2af7400f25200002050040146f
:109f0c00252000004200029601000324c418627c44
:109f1c00420002a60b0040121000a38f870003aa78
:109f2c00840003ba1400a393880003a21500a39322
:109f3c00890003a21600a3938a0003a2740014ae36
:109f4c00780013a6010082382c00bf8f2800b48f34
:109f5c002400b38f2000b28f1c00b18f1800b08f7b
:109f6c000800e0033000bd2725a0000085ff00108d
:109f7c0025980000ccff805042000296ed36400f31
:109f8c005c000526c8ff4054420002964800029629
:0c9f9c000442027cc3ff0010480002a633
:020000040000fa
:020000041d01dc
:109fa800a020047c0800e00302142400a020047c04
:109fb8000800e00325108000a020047ca028057c70
:109fc800021425000800e003021c2400fcffa8245a
:109fd8001b000105010007348500a0102518c000ea
:109fe800ffffa82404000015000000000000839073
:109ff8000f00001021186600ffff08250600001555
:10a008000100839000008890001a0300251868005a
:10a01800070000102118660000008990020088904f
:10a02800001a030025186900211868002118660025
:10a03800024c0300ffff6a306d00001021182a014e
:10a04800110000001300c0000100823003008930b5
:10a058000f00201104000b3423586901254000002b
:10a0680000008898ffff29250500201108000a3400
:10a07800ffff29250200201108004a2508004a256b
:10a0880004404801010007712328ab0021208b0000
:10a098004219050040310300130060100000888c4d
:10a0a8000400898c0100077108008a8c010027715f
:10a0b8000c008b8c0100477110008c8c01006771bb
:10a0c80014008d8c0100877118008e8c0100a77117
:10a0d8001c008f8c0100c771ffff63240100e7712a
:10a0e800edff0010200084242328a6000219050093
:10a0f800003103000b0060100000888c0400898c7c
:10a108000100077108008a8c010027710c008b8cf4
:10a1180001004771ffff632401006771f5ff00101c
:10a12800100084242328a600c2180500c0300300ac
:10a13800070060100000888c0400898c01000771fa
:10a14800ffff632401002771f9ff00100800842431
:10a158002328a60082180500803003000300601041
:10a168000000888c04008424010007712328a600bd
:10a178000f00a0100100a6300400c0140000000069
:10a188000100888809000010024408000200a63077
:10a198000400c014000000000000888803000010bc
:10a1a8000246080002008888024208000100077180
:10a1b8001048000012400000211828012b586800a0
:10a1c800020060110000000001006324024c03003b
:10a1d800ffff6a3021182a01024c0300ffff6a3092
:10a1e80021182a010200401000000000a018037c7a
:0ca1f800271060000800e003ffff423069
:020000040000fa
:020000041d01dc
:10a2040068ffbd279400bfaf9000b6af8c00b5af18
:10a214008800b4af8400b3af8000b2af7c00b1afac
:10a224007800b0afffff9024ffff10320a00022e27
:10a2340026004010258800002086107cc0101000e5
:10a24400211050008010020000a0033ca01c6324d5
:10a2540021104300000042901c0040102598c000cb
:10a2640000a0023cc01810002118700080180300e0
:10a27400a01c4224211043000400519420003132d8
:10a284005b00201200a0023cc018100021187000ce
:10a2940080180300a01c4224211043000c00428caf
:10a2a4001c00528c1400401600a0023cc018100080
:10a2b4002118700080180300a01c422421104300c0
:10a2c400ffff0324030043a025880000251020027b
:10a2d4009400bf8f9000b68f8c00b58f8800b48f28
:10a2e4008400b38f8000b28f7c00b18f7800b08f70
:10a2f4000800e0039800bd273300a0146400c22cba
:10a304001800401425880000eb51143c1f85943636
:10a314001900d40010a0000042a11400c0101000c5
:10a3240021105000801002001c00422400a0153ca3
:10a33400a01cb52621a8a20225b0000064000624b2
:10a344001000a52709f840022520a00221102202ae
:10a35400ffff51300100d6262a10d402f8ff401422
:10a3640064000624eb51023c1f854234190062024a
:10a374001010000042110200403002002130c200df
:10a38400c03006002130c20080300600233066024f
:10a39400ffffc630cdffc010c010100021105000c8
:10a3a400801002001c0042241000a52700a0043cd9
:10a3b400a01c842409f840022120820021102202da
:10a3c400c2ff0010ffff5130c010100021105000d8
:10a3d400801002001c00422400a0043ca01c842421
:10a3e40009f8400221208200b8ff0010ffff51301d
:10a3f400c0101000211050008010020000a0033c87
:10a40400a01c6324211043000800428c4400478ca4
:10a414000900e01400a0023cc018100021187000cc
:10a4240080180300a01c422421104300ffff0324d2
:10a43400a6ff0010030043a0c018100021187000ec
:10a4440080180300a01c42242110430009f8e000f6
:0ca45400060044849dff00102588400095
:020000040000fa
:020000041d01dc
:10a46000d0ffbd272c00bfaf2800b3af2400b2af90
:10a470002000b1af1c00b0af00a0023c700242242b
:10a4800079004414258000002588a0001000a0afaa
:10a490001400a0af00a0023cd802428c050040107e
:10a4a0002590c0000500052400a0043c09f84000e8
:10a4b000540384241000a7271400a62700a0053cfd
:10a4c0001403a52400a0133c8a96400f7002642652
:10a4d00025804000700273266800628e04004010e0
:10a4e0000600052400a0043c09f84000540384241d
:10a4f000ffff02260200422c1500405401000224f6
:10a500006100001600a0023c1000a28f0400438ce2
:10a51000c005647c080080100001043c0000428cef
:10a52000241044001000043c24186400251043004b
:10a530002100401000a0023c00a0023c7002422416
:10a54000f800438c01006324f80043acf5ff0224bb
:10a5500001002056000022ae00a0023c1c03508cdb
:10a560004100001200a0023cd802428c04004010be
:10a570000500052400a0043c09f84000540384248d
:10a5800000a0103c70021026ac00058ef690400f23
:10a59000252000026800028e330040102580000054
:10a5a0000600052400a0043c09f84000540384245c
:10a5b0002e0000102510000270024224ec00438c93
:10a5c000010063243a002016ec0043ac00a0023cda
:10a5d00070024224ac00438c1c00448c241864009c
:10a5e00018004484211864000000708c1000038e51
:10a5f000000060acb0004394fcff6424b00044a4ad
:10a600001000028eeeff63240c0043a41000028ea3
:10a610000800428c140002ae0e00422440f0400fad
:10a62000180002ae240002ae2000028e0431027c2b
:10a6300008004334200003ae1000a38f0000658c97
:10a640008007a47c1600801000000000280044341d
:10a6500005004012200004ae0000648c0400628cef
:10a66000000044ae040042ae251000022c00bf8f53
:10a670002800b38f2400b28f2000b18f1c00b08f50
:10a680000800e0033000bd2770024224fc00438c28
:10a6900001006324fc0043acadff0010f6ff022470
:10a6a000ebffa10418004434e9ff001048004434d3
:08a6b000c6ff0010000020aeff
:020000040000fa
:020000041d01dc
:10a6b800d0ffbd272c00bfaf2800b4af2400b3af34
:10a6c8002000b2af1c00b1af1800b0af1000a0a3bb
:10a6d8001100a0a3200080102510000025988000fc
:10a6e8002580a0002588c0002590e0006cff400f61
:10a6f8006481948f252840004000a38ffbff6324ca
:10a708000800622c7e00401080180300029d043c63
:10a718002ca78424211883000000628c08004000c4
:10a72800000000004ca7019d80a7019dd0a7019db6
:10a7380008a9019d08a9019df0a7019d94a8019d64
:10a74800dca8019d1000062425284002a7f6400f2a
:10a75800080024260100422c2c00bf8f2800b48f4b
:10a768002400b38f2000b28f1c00b18f1800b08f67
:10a778000800e0033000bd2726000292260023923d
:10a78800261043000f004230f3ff401025284002f6
:10a7980019d0400f25206002260004920f00843053
:10a7a800260023920f0063302b2883000300a0109b
:10a7b8000f004230e8ff00102b1082002b106200bf
:10a7c800e5ff0010010042381f00238a1c00239a6d
:10a7d800e1ff6010251000001f00028a1c00029a89
:10a7e800ddff00100100422c253800002530000054
:10a7f8001200a527e79b400f25204002d6ff4010f6
:10a8080025380000253000001000a527e79b400fe1
:10a8180008000426120040142538000025300000e6
:10a828001100a527e79b400f0800242604004010cc
:10a838001200a4931100a393c7ff83100100022400
:10a848001100a3931000a493c3ff831025100000e8
:10a858001200a29326104300bfff00100100422cf3
:10a86800253000001100a527e79b400f080024268b
:10a87800f3ff40141200a4931000a393b6ff8310b3
:10a888001100a393f0ff00101000a4932700249256
:10a89800270003922618830004006230aeff4010a0
:10a8a8000019050021106500c01002000400843062
:10a8b8000400801421a082027a008292a6ff001070
:10a8c8000100422c7a00829201004238a2ff001057
:10a8d8000100422c100006240800052691de400fd6
:10a8e8002520400225804000100006240800252667
:10a8f80091de400f2520400297ff00102b10020226
:08a9080095ff0010251000006e
:020000040000fa
:020000041d01dc
:10a91000d0ffbd272c00bfaf2800b6af2400b5afd5
:10a920002000b4af1c00b3af1800b2af1400b1af39
:10a930001000b0afffff9024ffff10320a00022e7c
:10a940001e004010258800002590a0002086107c65
:10a95000c0101000211050008010020000a0033c25
:10a96000a01c632421104300000042907700401097
:10a970002588c000c0101000211050008010020077
:10a9800000a0033ca01c6324211043000800428c5b
:10a990005000458c1400a01400a0023cc018100008
:10a9a0002118700080180300a01c422421104300cd
:10a9b000ffff0324030043a0258800002510200288
:10a9c0002c00bf8f2800b68f2400b58f2000b48fd5
:10a9d0001c00b38f1800b28f1400b18f1000b08f1d
:10a9e0000800e0033000bd27c018100021187000d7
:10a9f00080180300a01c422421104300040053943b
:10aa0000200073324200601200a0023cc018100007
:10aa10002118700080180300a01c4224211043005c
:10aa20000c00438c1800758c2c00748c0200439031
:10aa3000040002240500621400a0023c0400a012dd
:10aa4000c01810000a00801600a0163cc0181000a4
:10aa50002118700080180300a01c4224211043001c
:10aa6000ffff0324030043a0d4ff0010258800004b
:10aa7000a01cd626c010100021105000801002002b
:10aa80002110c20209f8a000060044842598400065
:10aa9000c010100021805000808010001c00102683
:10aaa0002180d002253000002528400209f8a002ac
:10aab00025200002070040102528400209f88002e6
:10aac00025200002ffff42302b106202bbff4050e6
:10aad00025884002baff20122510200225300000f0
:10aae0002528200209f8a00225200002b3ff4050cb
:10aaf000258840002528200209f880022520000230
:10ab0000ffff42302b986202acff00100b8813004d
:10ab1000c01810002118700080180300a01c4224e7
:10ab20002110430009f8a000060044842b90520035
:10ab3000a2ff405225884000a0ff20122b18510090
:10ab4000258860029dff00100a8843009bff0010cb
:0cab50002588000099ff001025884000b7
:020000040000fa
:020000041d01dc
:10ab5c0020ffbd27dc00bfafd800b7afd400b6af25
:10ab6c00d000b5afcc00b4afc800b3afc400b2af27
:10ab7c00c000b1afbc00b0af25988000f800b48f16
:10ab8c00fc00b58fec00a7a340b9c27cff00033cce
:10ab9c00ff00632424104300c01a060000ff043c8d
:10abac0000ff843424186400251043000214220092
:10abbc001400a2af1f00d6302bb0160042110600b5
:10abcc0021b0c202010002241000a2a35700c01a37
:10abdc00010011242580a0002590c00025b800009c
:10abec007c00668e7800658e04bf400f1800a42789
:10abfc004e00401425884000010006241000a527b3
:10ac0c00a3d6400f1800a4276000401425884000ec
:10ac1c001000a293010042241000a2a304000624f9
:10ac2c001400a527a3d6400f1800a42757004014e2
:10ac3c0025884000ec00a393040002240600621057
:10ac4c0001000624ec00a527a3d6400f1800a4276a
:10ac5c004e00401425884000f400a68ff000a58f0c
:10ac6c00a3d6400f1800a4274800401425884000a4
:10ac7c00090080129400a5270700a0122530a0021d
:10ac8c0025288002a3d6400f1800a4273f004014ab
:10ac9c00258840009400a527537f400f1800a42757
:10acac0025884000c000410f1800a4271c00201666
:10acbc002100422e2f0040149400a98f9800a88fd9
:10accc009c00a78fa000a68fa400a58fa800a48f1e
:10acdc00ac00a38fb000a28f030009aa000009ba30
:10acec00070008aa040008ba0b0007aa080007ba54
:10acfc000f0006aa0c0006ba130005aa100005ba2c
:10ad0c00170004aa140004ba1b0003aa180003ba03
:10ad1c001f0002aa1c0002bae0ff522620001026d7
:10ad2c000100f726afffd7567c00668e9400a22751
:10ad3c00b400a3272520400001004224000080a07d
:10ad4c00fcff4314dc00bf8f2b101100d800b78f11
:10ad5c00d400b68fd000b58fcc00b48fc800b38fa1
:10ad6c00c400b28fc000b18fbc00b08f0800e003ec
:10ad7c00e000bd27253040029400a527effa400fd4
:10ad8c0025200002e7ff00100100f726c000410f4c
:0cad9c001800a427e3ff00100100f726b8
:020000040000fa
:020000041d01dc
:10ada800d0ffbd272c00bfaf2800b3af2400b2af3f
:10adb8002000b1af1c00b0af1800838c0300022440
:10adc80010006214258880001000848c420083944f
:10add8000100633004006010010002249aae400fa5
:10ade80001000524010002242c00bf8f2800b38f26
:10adf8002400b28f2000b18f1c00b08f0800e00340
:10ae08003000bd27d880828f520040142590a000c2
:10ae1800f5ffa010640006240800848cc88084af65
:10ae2800ffff0224d48082a70800828c09f8400022
:10ae38000000259625184000e08082afeaff6010e8
:10ae48002510000005000624049d053cc8bca52467
:10ae5800a6e1400f0c000424cc8082af00a0043c83
:10ae68003efe400f7c2c8424259840000800428e2a
:10ae7800d28082a70c004596d08085a702010724be
:10ae880025300000e0ca400f01000424258040005e
:10ae9800ffff0224210002121000a6270500052446
:10aea800256e400f252000021000a2970002422cb8
:10aeb80008004010000202241000a2a70002062485
:10aec800050005247843400f252000023e0040106d
:10aed8000000000025380000d28086970100052474
:10aee800c27f400f252000023700401025300000a7
:10aef800020005247843400f252000022538000071
:10af0800049d063c44ddc6240001052481cc400f85
:10af1800252000022c00401000000000d48090a7db
:10af2800cc80828f060040100000000004006012f0
:10af380000000000ffff02240500025600002296d0
:10af48007dc5400f00000000a7ff0010251000007d
:10af5800dc8082af1400238e4010030021104300d0
:10af6800c01002002110430080100200e080838f8f
:10af780021106200600040a00400438e0100605868
:10af88000a000324580043a402000324560043a4e3
:10af9800e80303245a0043a41000248e420082943c
:10afa8000100423004004050d880828f9aae400f92
:10afb80001000524d880828f01004224d88082af06
:10afc80089ff0010010002241cee400f252000021a
:08afd800d2ff0010ffff10245e
:020000040000fa
:020000041d01dc
:10afe000d8ffbd272400bfaf2000b4af1c00b3af13
:10aff0001800b2af1400b1af1000b0af25888000c8
:10b0000025a0a0001800908c4400829014004224d7
:10b01000ffff533000000392040004240439837cb2
:10b020008068427c0418437c000003a246002296fc
:10b0300001004230140040102590e0001400022668
:10b040004500239280180300211043000000439024
:10b0500001000424c439837c4431037c140004249b
:10b060000420837c000043a004000324010043a0cb
:10b0700004004324212013022b18640002006010f6
:10b08000020040a4040040a053004012010000a2ae
:10b0900000004292200042300400401025100000c1
:10b0a000010003248410627c010002a2000042928d
:10b0b00010004230040040100100032401000292fd
:10b0c000c418627c010002a20000429208004230d3
:10b0d0000400401001000324010002920421627c5c
:10b0e000010002a2000043920700623004004010f9
:10b0f00021206602010002924439627c010002a212
:10b10000ed67400fffff8430020002a6d0818497d4
:10b1100001008424ffff8430ed67400fd08184a7b5
:10b12000040002a6ed67400f25200000060002a6dd
:10b13000020042920400401001000324060002961f
:10b140008473627c060002a6010042920100405016
:10b1500064000224080002a2090014a20a0000a64a
:10b160003800228e0c0002ae3c00228e100002ae8f
:10b170004000228e800042900400423005004014be
:10b180002530000025286002f567400f25200002c9
:10b190000a0002a61000238e0c00629421106202a5
:10b1a0000c0062a41800228e211053001c0022ae55
:10b1b0004000228e280022ae2400bf8f2000b48fd2
:10b1c0001c00b38f1800b28f1400b18f1000b08f25
:10b1d0000800e0032800bd2721206602ed67400f2c
:10b1e000ffff8430020002a6d081849701008424ee
:10b1f000ffff8430ed67400fd08184a7040002a6d2
:10b20000ed67400f25200000060002a6d1ff0010c8
:04b2100064000224b0
:020000040000fa
:020000041d01dc
:10b21400b8ffbd274400bfaf4000b5af3c00b4af9a
:10b224003800b3af3400b2af3000b1af2c00b0afd0
:10b23400258080000300a228160040100400928c90
:10b244000000828c0000428c009d053c4413a52420
:10b2540009f84000252040020000028e0000428cc4
:10b26400009d053c8c13a52409f8400025204002cc
:10b274004400bf8f4000b58f3c00b48f3800b38fbb
:10b284003400b28f3000b18f2c00b08f0800e0037f
:10b294004800bd272588a00025a0c00007d7400f7f
:10b2a4000400c48c09004014259840000000028e5c
:10b2b4000000428c009d053c6c10a52409f8400058
:10b2c40025204002ebff00104400bf8f420042944f
:10b2d4004000423008004014009d053c0000028eee
:10b2e4000000428cbc13a52409f84000252040022c
:10b2f400e0ff00104400bf8f1000a527cf75400f5a
:10b304000800848e25a840001800a527ed36400fbc
:10b314000800848e290040540400312a3600a01607
:10b32400009d053c0000028e0000428cf812a5240a
:10b3340009f8400025204002ceff00104400bf8fd2
:10b344000000028e0000428c009d053cd813a52409
:10b3540009f8400025204002c6ff00104400bf8fba
:10b3640025300000010007241000a5278eb1400fee
:10b37400252060020000038e090040140000638c45
:10b38400009d053c2c13a52409f8600025204002eb
:10b39400b8ff00104400bf8ff2ff00101400a6276e
:10b3a400009d053cf8ff00101813a5240000438cf1
:10b3b400009d053cf4ff00101813a524040020167a
:10b3c40025300000c8da400f0c00848e2530400080
:10b3d400253800001800a527d171400f25206002f0
:10b3e400f2ff40140000028e0000438c009d053cd7
:10b3f400e5ff00102c13a5245b00410f25206002fb
:10b40400cfff40140400312ad5ff20161400a527cd
:10b41400cf75400f0c00848edfff4014009d053c67
:10b424000000028e0000428c2014a52409f840007c
:0cb43400252040028fff00104400bf8f55
:020000040000fa
:020000041d01dc
:10b44000d0ffbd272c00bfaf2800b5af2400b4af9c
:10b450002000b3af1c00b2af1800b1af1400b0af02
:10b460000600801053ff1124258080002598a0003d
:10b470000c00a0142590c0000a88060025102002a8
:10b480002c00bf8f2800b58f2400b48f2000b38f0d
:10b490001c00b28f1800b18f1400b08f0800e003b9
:10b4a0003000bd276000848c4000822cf3ff4010e8
:10b4b0007cff11246400028e2118c2002b10620050
:10b4c00004004010640003ae6800028e01004224b4
:10b4d000680002ae20001426270080102588000096
:10b4e000400015242330a4022b1046020b304202e8
:10b4f0002588c00025286002effa400f2120840231
:10b500006000028e21102202600002ae21987102ba
:10b510002390510218005514258800002520800230
:10b5200060000726ff00063cff00c62400ff053c24
:10b5300000ffa5340000838c021203002410460093
:10b54000001a03002418650025104300021422008d
:10b55000000082ac04008424f7ff87540000838c31
:10b5600025288002023e400f252000020e004014d4
:10b5700025884000600000ae3f0055320c00551693
:10b5800025186002beff201625102002bcffa01265
:10b590002530a00225286002effa400f2520800206
:10b5a000b6ff0010600015aef3ff001025900000fc
:10b5b0002510800240006826030067880000679815
:10b5c00007006688040066980b0065880800659887
:10b5d0000f0064880c006498030047a8000047b877
:10b5e000070046a8040046b80b0045a8080045b867
:10b5f0000f0044a80c0044b810006324eeff681448
:10b60000100042242000042660000726ff00063cac
:10b61000ff00c62400ff053c00ffa5340000838c1a
:10b620000212030024104600001a030024186500cb
:10b630002510430002142200000082ac0400842480
:10b64000f7ff87540000838c40007326c0ff52260a
:10b6500025288002023e400f2520000287ff40146b
:0cb6600025884000c5ff0010000000001d
:020000040000fa
:020000041d01dc
:10b66c00d8ffbd272400bfaf2000b1af1c00b0af86
:10b67c000300c01425808000ff7f063cffffc6340a
:10b68c001400a0af1000a0af0000a38c73006010da
:10b69c00251000004000118e256000002548000098
:10b6ac00800118240100ef3001000a240200e73069
:10b6bc0004000e24dc00088e252040000000028dc2
:10b6cc0004000d8d0e004d5400004d8c040000ad97
:10b6dc000c004014000000ad010080551400a4af14
:10b6ec00010020551000abaf03000224dc00048ed7
:10b6fc001400a78f1000a38f5400001025300000f9
:10b70c0000000dad2540600000e06d7c08004dace4
:10b71c00040058ac0400e0110000000004004d8c43
:10b72c00444a4d7d04004dac0500e05042470800f2
:10b73c0004004d8c04634d7d04004dac4247080061
:10b74c0028000e15000000000400438c8452437d39
:10b75c00040043ac000040ac2a008010140040ac44
:10b76c00000082ac0400432400e0637c140083ac32
:10b77c000400a5240000a38c25006054ffffc62400
:10b78c00020020111400a2af1000abaf1000a38f69
:10b79c003200601025100000010007241000a627bd
:10b7ac00e000058ecc86400f252000027000410f72
:10b7bc00252020020700401400000000e000028e4b
:10b7cc000000458c0400a52400e0a57c5dff400f23
:10b7dc0025202002afff400f252020021f00001063
:10b7ec0025100000dcff6204000040ac0100805515
:10b7fc001400a4af010020551000abafbbff00102c
:10b80c00feff022425584000d9ff001025484001b6
:10b81c00a8ffc01425604001dcff20111400a2af6a
:10b82c00daff00101000abaf2540c000000060ac88
:10b83c00140060ac0400858c0d00a0540000a3ac77
:10b84c00040083ac000083ac25180001f7ff67549b
:10b85c000000688cf4ff60542538c0002400bf8fb2
:10b86c002000b18f1c00b08f0800e0032800bd271a
:10b87c000400898c0400652400e0a57c140025ad2f
:08b88c00f1ff0010040083ac81
:020000040000fa
:020000041d01dc
:10b89400e0ffbd271c00bfaf1800b1af1400b0af6c
:10b8a4002588a0006bfa400f2580c00025184000b1
:10b8b40020006010251000001e0000121000242e2d
:10b8c4001c00801080881100029d023ce4b84224d0
:10b8d400211051000000428c0800400000000000cc
:10b8e40024b9019d4cb9019d64b9019d7cb9019da8
:10b8f40090b9019da4b9019db4b9019dc4b9019d3c
:10b90400d4b9019de8b9019df8b9019d54ba019dce
:10b9140068ba019d7cba019d90ba019da4ba019dab
:10b924004000628c040042388000427c000002a285
:10b93400010002241c00bf8f1800b18f1400b08fc7
:10b944000800e0032000bd274000628c0800423854
:10b95400c000427c000002a2f6ff00100100022495
:10b964004000628c100042380001427c000002a2b8
:10b97400f0ff0010010002244000628c03004230fa
:10b98400000002aeebff0010010002244000628cb4
:10b994008002427c000002a2e6ff001001000224a3
:10b9a40010006294000002a6e2ff001001000224cd
:10b9b4003d006290000002a2deff0010010002249c
:10b9c40062006290000002a2daff0010010002246b
:10b9d4004200629401004230000002a2d5ff001030
:10b9e4000100022463006290000002a2d1ff001053
:10b9f400010002244000658c1c00a4301c00843823
:10ba04004400628c020040100100842c0200843443
:10ba14004800639401006230801002000200633029
:10ba24000200601025104400080042348004a37c06
:10ba34000100605410004234c004a57c0100a054ed
:10ba440020004234000002aebaff001001000224bc
:10ba54004800628cc028427c000002a2b5ff00109e
:10ba640001000224480062944002427c000002a2c9
:10ba7400b0ff0010010002244400628c2b1002006d
:10ba8400000002a2abff00100100022448006294ef
:10ba940001004230000002a2a6ff001001000224af
:10baa40048006294000442388002427c000002a2f2
:08bab400a0ff001001000224b4
:020000040000fa
:020000041d01dc
:10babc00d0ffbd272c00bfaf2800b4af2400b3af1c
:10bacc002000b2af1c00b1af1800b0af25808000d1
:10badc003400a5af2588000025a00000ffff12242c
:10baec002400932476f0400f000000003800028ef2
:10bafc001e004010ffff4224380002ae0000028ef0
:10bb0c00050040541000028e6efd400f0000000036
:10bb1c00080002ae1000028e090040100000000068
:10bb2c009499400f100004260500401000000000fe
:10bb3c00006802400001423400688240c0000000ee
:10bb4c008be5400f01001124251020022c00bf8f23
:10bb5c002800b48f2400b38f2000b28f1c00b18f4b
:10bb6c001800b08f0800e0033000bd273400a28f0e
:10bb7c0005004014000000008be5400f25880000f4
:10bb8c00f2ff0010251020020300801600000000b8
:10bb9c0080ff400f1000a4278be5400f0000000031
:10bbac007bff400f0000000076f0400f000000000b
:10bbbc00440002922014027c01005250440000a266
:10bbcc00450002922014027c01005250450000a254
:10bbdc008be5400f000000003400a527b5ca400fcc
:10bbec001000a427230040140000000021f8400f8f
:10bbfc002520000219004010000000000000028ef9
:10bc0c00080040143400a58f76f0400f00000000af
:10bc1c002a95400f0800048e8be5400f25884000c4
:10bc2c003400a58f99f6400f25206002aab8400f6a
:10bc3c00252000022f78400f00000000a9ff40547f
:10bc4c000100142400680240000142340068824064
:10bc5c00c0000000a3ff001001001424aab8400f7c
:10bc6c00252000022f78400f010014249dff0010a6
:10bc7c0000000000aab8400f252000022f78400fca
:10bc8c000000000021f8400f2520000295ff401015
:10bc9c0001001424adff20122510200276f0400f75
:10bcac00000000002400058e0500a010000000001c
:10bcbc003000028e0000428c050005242328a200cf
:10bccc00a6a0400f0800048e8be5400f25880000cd
:08bcdc009eff0010251020025c
:020000040000fa
:020000041d01dc
:10bce400e8ffbd271400bfaf1000b0af4482828fbd
:10bcf4007d004014000000006882908f010010262f
:10bd0400688290af0a000016000000007882828fdb
:10bd14007482838f788283af748282af5482828fdd
:10bd240001004224548282af14f8400f0000000046
:10bd34004c82838f2b18030214006014251000001a
:10bd44007882828f0000428c0e0040102510000083
:10bd54000100082400a0063c4c28c6247882838f66
:10bd64000c00638c0c00638c0400648c2b2804028c
:10bd74001900a0501400648c4c8284af030000109e
:10bd840000000000ffff03244c8283af4082838fb6
:10bd94002c00648c801804002118640080180300af
:10bda40000a0043c4c288424211864000000638c07
:10bdb4000200632c010004240a1083005882848f3b
:10bdc400010003240b1064001400bf8f1000b08f17
:10bdd4000800e0031800bd270800678c0c00658c80
:10bde4000800e5ac0800678c0400a7ac04006524d7
:10bdf4000400878c0400e554140060ac0c00678ccc
:10be0400040087ac140060ac0000878cffffe724bb
:10be1400000087ac2800648c110080502c00678cd3
:10be24001c00698c2000678c080027ad1c00698cfd
:10be34000400e9ac180067240400898c0400275529
:10be4400280060ac2000678c040087ac280060ac3c
:10be54000000878cffffe724000087ac2c00678c70
:10be64006482898f0420e80025208900648284afdd
:10be74008020070021208700802004002120c400a6
:10be84000400848c080064ac0800878c0c0067ac48
:10be94000400e5ac080085ac2c00678c802007000a
:10bea40021288700802805002128c500140065acde
:10beb4000000a48c010084240000a4ac4082848f80
:10bec4002c00638c2c00848c2b1883000b10030132
:10bed4007882838f0000638ca0ff6014ffff03242b
:10bee400a9ff0010000000005c82828f0100422440
:0cbef4005c8282afb4ff0010251000003b
:020000040000fa
:020000041d01dc
:10bf000083008010000000001300a0105c00a72434
:10bf1000ff00c8300c0002241100c214090088a0e0
:10bf20002518e000251060000c00638cfeff6054b3
:10bf3000251060000c00438c0c0083ac0c0044ac5a
:10bf40000a000324090083a0090043900900632c20
:10bf500013006014000000000800e003000000006f
:10bf60002518e000251060000c00638c060060506e
:10bf70000c00438c090066902b30c800faffc054b7
:10bf8000251060000c00438c0c0083ac0c0044ac0a
:10bf9000090043900900632c1a0060500900829048
:10bfa0000200e214100043243a00a3240900829006
:10bfb0000900422c2b004010029d023c0900869093
:10bfc00080300600d8bf4224211046000000428c79
:10bfd000080040000000000064c0019d64c0019d95
:10bfe000fcbf019d28c0019d34c0019d40c0019d42
:10bff0004cc0019d58c0019d28c0019d000060a05b
:10c00000090082900900422c41004010000000000d
:10c010000c00828c16004054090043903b0002241f
:10c020000800e003100082a03c000224f4ff00108e
:10c03000000062a02b000224f1ff0010000062a0ab
:10c040002c000224eeff0010000062a03300022446
:10c05000ebff0010000062a032000224e8ff001095
:10c06000000062a00c00a290e5ff0010000062a09a
:10c070000900632c240060500c00a290090043903a
:10c0800080180300029d023c9cc042242110430002
:10c090000000428c080040000000000004c1019d27
:10c0a00004c1019dc0c0019dc8c0019dd4c0019db7
:10c0b000e0c0019decc0019df8c0019dc8c0019d7c
:10c0c0000800e003100080a03c0002240800e00308
:10c0d000100082a02b0002240800e003100082a0c0
:10c0e0002c0002240800e003100082a03300022488
:10c0f0000800e003100082a0320002240800e003e0
:10c10000100082a00c00a2900800e003100082a0a2
:08c110000800e003000000003c
:020000040000fa
:020000041d01dc
:10c11800b0ffbd274c00bfaf4800beaf4400b7af6b
:10c128004000b6af3c00b5af3800b4af3400b3af91
:10c138003000b2af2c00b1af2800b0af259080001e
:10c148000200a5287300a0140400938cc8da400fdd
:10c158000400c48c25884000ffff42240300422cc1
:10c1680013004014030006240000428e0400428c91
:10c17800009d053c180ea52409f840002520600202
:10c188004c00bf8f4800be8f4400b78f4000b68f69
:10c198003c00b58f3800b48f3400b38f3000b28fb5
:10c1a8002c00b18f2800b08f0800e0035000bd2795
:10c1b8000100352601001624039d143c90d49426d2
:10c1c800009d1e3c009d023c1400a2af009d023c55
:10c1d8001800a2af009d023c1c00a2af009d023ccb
:10c1e8002000a2af009d023c2400a2af80101100e5
:10c1f800211082020000578c25280000e6fc400f21
:10c20800252020020e004014258040000700c0129f
:10c218002530e0020000428e0400428c2400a38fe7
:10c228003c0e652409f840002520600201003126f3
:10c23800eeffb1164c00bf8fd3ff00104800be8f31
:10c248001000428c09f84000252000020000438eaf
:10c258000400638c253840002530e002600ec527b5
:10c2680009f86000252060020000428e0400578c07
:10c278001400028e09f840002520000225304000f5
:10c288001400a28f980e452409f8e00225206002c8
:10c298000000428e0400578c1800028e09f84000f6
:10c2a800252000021000a2af1c00028e09f84000f1
:10c2b80025200002253840001000a68f1800a28f04
:10c2c800c00e452409f8e002252060020000428ed5
:10c2d8000400578c2000028e09f840002520000237
:10c2e800253040001c00a28ff80e452409f8e00212
:10c2f800252060020000428e0000428c2000a38f9f
:10c30800100f652409f8400025206002c8ff0010be
:10c318000100312625b0000004001524a6ff0010f6
:04c3280001001124db
:020000040000fa
:020000041d01dc
:10c32c00e0ffbd271c00bfaf1800b2af1400b1afc7
:10c33c001000b0af3081928f38004012faff022407
:10c34c00258080000000448e350080501c00bf8f7b
:10c35c0032000012f7ff02240000038e3000601040
:10c36c001c00bf8f0400038e2e0060501800b28f8b
:10c37c0082fb400f0000000025884000270020129f
:10c38c00fdff02240000239601006330230060109f
:10c39c00fcff02240400068effffc6242000258e1d
:10c3ac00e6fb400f0000048e0000028e0400038e9a
:10c3bc0021104300ffff40a01c00228e200002ae83
:10c3cc0029002292240002ae000022968000433005
:10c3dc004d00601000014230180000ae1400428e77
:10c3ec00140040101c00438e231043000800238ec1
:10c3fc00211043001c0002ae260022921d00405466
:10c40c0025100000280002ae27002292380040546c
:10c41c00251000002c0002ae251000001c00bf8f60
:10c42c001800b28f1400b18f1000b08f0800e00319
:10c43c002000bd271800228e0800248e21104400f5
:10c44c00ecff0010231043001000238e2118640011
:10c45c000000658c0800038e21186400000065ac98
:10c46c0001004224260023922a184300e6ff605064
:10c47c00280002ae0c00038e2a184300f2ff605411
:10c48c0080200200e0ff0010280002ae1000038e96
:10c49c00211865001400248e212085000300888853
:10c4ac000000889807008788040087980b0086880e
:10c4bc00080086980f0085880c008598030068a8f2
:10c4cc00000068b8070067a8040067b80b0066a8ee
:10c4dc00080066b80f0065a80c0065b8010042247e
:10c4ec00270023922a184300cbff60502c0002ae89
:10c4fc001400038e2a184300e4ff60540029020044
:10c50c00c5ff00102c0002aefbff03240100042425
:10c51c000a188200180003ae1c0000ae280000ae02
:0cc52c002c0000aebdff00102510000028
:020000040000fa
:020000041d01dc
:10c53800c8ffbd273400bfaf3000b7af2c00b6af7f
:10c548002800b5af2400b4af2000b3af1c00b2afd1
:10c558001800b1af1400b0af0d008290c000423097
:10c56800800003241d0043142590000025808000ce
:10c5780064fb400f3000848c180040102590400068
:10c588004c000392ff000224200062146481918f02
:10c598006cff400f3000048e001902002118620061
:10c5a800c0180300218823023a003196ed67400f36
:10c5b80038000496060003962800632421186200b8
:10c5c8002b182302210060105c0014262528200265
:10c5d8008e3a400f25200002259040002510400289
:10c5e8003400bf8f3000b78f2c00b68f2800b58f6e
:10c5f8002400b48f2000b38f1c00b28f1800b18fb5
:10c608001400b08f0800e0033800bd27020006249c
:10c618004c00052659ae400f3000048e03004050f0
:10c628006481918fe1ff0010180051946cff400f56
:10c638003000048e0019020021186200c01803009f
:10c6480021882302d9ff0010380031962510800276
:10c6580025280000060043942128a3000c00428ce2
:10c66800fcff4014ffffa5300200063c0200c62470
:10c67800dfb4400f380004242e0040102588400005
:10c688001800028e030040141c00038e049d023c17
:10c69800a0f94224080022ae0c0023ae040017962d
:10c6a8001000358e1800368e2598000006008696f4
:10c6b8000000858eeffa400f2520c0020600829602
:10c6c80021985300ffff73320c00948ef7ff8016f9
:10c6d80021b0c2020c00a296219862020400e01266
:10c6e8000c00b3a61000a296080042341000a2a6bf
:10c6f800dd86063425282002e9d2400f25200002d5
:10c708003000048e280024aea5e3400f252820021f
:10c71800050043040d00029228d7400f252020026f
:10c72800aeff0010259000004429027cabff0010ea
:0cc738000d0002a2a9ff001025900000d7
:020000040000fa
:020000041d01dc
:10c74400c8ffbd273400bfaf3000b5af2c00b4af75
:10c754002800b3af2400b2af2000b1af1c00b0afcb
:10c764006300801025808000259080002588a0002b
:10c7740025a0c00025a8e000420082944000423079
:10c784005b0040102580000038be400f01000624e5
:10c794005700401425804000050006242528200267
:10c7a40038be400f25204002259840005000401418
:10c7b400258040006881848f0400828c09f8400041
:10c7c400280005244a004010258040000300258ae3
:10c7d4000000259a0700248a0400249a0b00238a67
:10c7e4000800239a0f00228a0c00229a0b0005aa43
:10c7f400080005ba0f0004aa0c0004ba130003aa27
:10c80400100003ba170002aa140002ba2528200255
:10c8140019d0400f25204002251800000438437c1d
:10c824000009647c270002920408827c270002a28b
:10c834000018637c260002920418627c260002a27f
:10c844001200a7271100a6271000a527e79b400f79
:10c854002520200230004050250000a21100a293a0
:10c86400250002a21000a2930f004230260003927a
:10c874000439437c260003a2270002928410027c20
:10c88400270002a2ffff02241b0002aa180002ba1a
:10c894001f0002aa020080161c0002ba40001424e1
:10c8a400240014a248004296000442301d004014a3
:10c8b400050006241a00a0160700062425280002f5
:10c8c40013a8400f252040022528000242e2400f11
:10c8d40025204002ffff032405004314070006241b
:10c8e400252800029990400f2520400225806002ef
:10c8f400251000023400bf8f3000b58f2c00b48f98
:10c904002800b38f2400b28f2000b18f1c00b08f99
:10c914000800e0033800bd27d4ff00100f000224f4
:10c92400050006242528000213a8400f25204002f4
:10c934002530000201000524acd7400f2520400219
:08c94400ecff001025100002b9
:020000040000fa
:020000041d01dc
:10c94c00b8ffbd274400bfaf4000beaf3c00b7af3f
:10c95c003800b6af3400b5af3000b4af2c00b3af75
:10c96c002800b2af2400b1af2000b0af25988000f2
:10c97c002590a0005000a6af25a0e0001000a0afad
:10c98c001400a0af1800a0af1c00a0af00a0103c7a
:10c99c00d5f5400f7c2c04267c2c118e1200201215
:10c9ac00039d1e3c009d153c039d173c039d163cae
:10c9bc001000228e040040500400228e08005354b4
:10c9cc000000318e0400228e1600401025284002f3
:10c9dc000c00268e09f84000252060020000318ee4
:10c9ec00f4ff20561000228e00a0043ce3f5400f0b
:10c9fc007c2c84244400bf8f4000be8f3c00b78f3a
:10ca0c003800b68f3400b58f3000b48f2c00b38f44
:10ca1c002800b28f2400b18f2000b08f0800e003f3
:10ca2c004800bd270800228e3f0040101000a28f46
:10ca3c002b0040540800228ee080908f6cff400f3a
:10ca4c00252060024018020021186200c018030063
:10ca5c0021106200801002009a00410f2180020216
:10ca6c001000a2afffff4226ff0042300e00432c05
:10ca7c000c00601454080724a80bc6269c06a52697
:10ca8c00e2d4400f252000003400028e1400a2af27
:10ca9c003000028e22004050ffff02240f000010d5
:10caac001800a2af980be32621104300000043901e
:10cabc00ffff62240200422c110040503400028e11
:10cacc004800028e1c00a2af010002240b0062146d
:10cadc005000a28f1400a2af1800b4af0800228e31
:10caec000c00278e1000a6272528400209f84000cc
:10cafc0025206002baff00100000318e3400028e37
:10cb0c001400a2af0b00422ee1ff40102a040224b5
:10cb1c000610420201004230ddff4010ffff0224ec
:10cb2c00eeff00101800a2af420b0724bc0bc62767
:10cb3c009c06a526e2d4400f25200000a8ff00107b
:04cb4c000000318e26
:020000040000fa
:020000041d01dc
:10cb5000c0ffbd273c00bfaf3800b3af3400b2af59
:10cb60003000b1af2c00b0af258080000200a528b6
:10cb70001400a0100400918c0000828c0000428cf4
:10cb8000009d053c540fa52409f8400025202002f3
:10cb90000000028e0000428c009d053c780fa52409
:10cba00009f84000252020023c00bf8f3800b38fd9
:10cbb0003400b28f3000b18f2c00b08f0800e0033a
:10cbc0004000bd270400d28c02000624009d053cd5
:10cbd000140ea524a7f6400f25204002390040146a
:10cbe0002528000037bf400f25200000ffff032449
:10cbf00008004310009d053c0000028e0000428c9e
:10cc0000940fa52409f8400025202002e7ff00101a
:10cc10003c00bf8ffc80828f08004014009d053cc3
:10cc20000000028e0000428ca80fa52409f84000e5
:10cc300025202002ddff00103c00bf8f0000478c44
:10cc40000400458c0800468c0c00448c1000438c7a
:10cc50001400428c1000a7af1400a5af1800a6afb7
:10cc60001c00a4af2000a3af2400a2af0000028ede
:10cc70000400428c009d053cc80fa52409f8400023
:10cc8000252020021000a52737bf400f25200000d7
:10cc9000ffff032409004314009d053c009d053c53
:10cca000280fa5240000028e0000428c09f84000e5
:10ccb00025202002bdff00103c00bf8ff9ff0010af
:10ccc0003c0fa52404000624009d053c841ba524dc
:10ccd000a7f6400f25204002b3ff4014252800008e
:10cce00037bf400f2520000025904000ffff0224a1
:10ccf00008004216009d053c0000028e0000428c98
:10cd0000f40fa52409f8400025202002a7ff0010f9
:10cd10003c00bf8f00a0133c682a652630e6400f18
:10cd200025204002682a7326fc8093afc6f2400f8c
:10cd3000252040020000028e0000428c009d053c30
:10cd40001c10a52409f840002520200297ff0010a0
:04cd50003c00bf8f55
:020000040000fa
:020000041d01dc
:10cd54007e00801025100000d8ffbd272400bfaf3f
:10cd64002000b3af1c00b2af1800b1af1400b0afd5
:10cd7400258080006e00a0102588a0000d008490fe
:10cd84000d00a390261883004000632c68006010f7
:10cd940080000324c0008430650083143400082616
:10cda4001100a2880e00a298110002aa0e0002ba75
:10cdb4001200a290120002a21300a290130002a279
:10cdc4000c00a38cc002637c0d000292c418627c28
:10cdd4000d0002a20c00a38c0003637c0421627c7e
:10cde400020003248439627c0d0002a25f00a4883f
:10cdf4005c00a4986300a3886000a3986700a288dd
:10ce04006400a2985f0004aa5c0004ba630003aa49
:10ce1400600003ba670002aa640002ba680000aea8
:10ce24002400a28c240002ae3400a32425100001a7
:10ce34005400a924030067880000679807006688e7
:10ce4400040066980b006588080065980f006488e4
:10ce54000c006498030047a8000047b8070046a8e0
:10ce6400040046b80b0045a8080045b80f0044a8c4
:10ce74000c0044b810006324eeff6914100042242f
:10ce840003006588000065980700648804006498be
:10ce9400030045a8000045b8070044a8040044b8ae
:10cea400380000a65c0008ae09000524bbb9400f99
:10ceb40025202002259840001d0060120100022454
:10cec40009006592bbb9400f252000020b004014f5
:10ced400259040009de0400f04006496259040009a
:10cee40013004012251000000c0040ae09006692a9
:10cef40025280002c06f400f2520400206006696d8
:10cf04000000658eeffa400f0000448e0600629622
:10cf1400060042a608002296080002a60a002296ed
:10cf24000a0002a60c0022920c0002a201000224b4
:10cf34002400bf8f2000b38f1c00b28f1800b18f64
:10cf44001400b08f0800e0032800bd270800e003a8
:04cf540000000000d9
:020000040000fa
:020000041d01dc
:10cf5800a8ffbd274800b6af25b0c0000400a68cc6
:10cf68004400b5af4000b4af3400b1af0000b58c99
:10cf78005400bfaf5000beaf4c00b7af3c00b3afda
:10cf88003800b2af3000b0af25a080002588a000df
:10cf98004a00c0042518e0004408157c0800278ec4
:10cfa8001000a9320000d28e0400de8e0400201189
:10cfb80025b8e00025105e0201004054fefff7246a
:10cfc8000800a83201000055fffff7261000308e38
:10cfd8000c00338effff102621107002000040a0c5
:10cfe8002528e0020200022a0a00401425105e02e9
:10cff800340040142310d700211045003500401c90
:10d00800251000000300a0180200a23231004014cd
:10d01800251000000b002011000000000000c28e47
:10d028000400c48e25104400060040102110700230
:10d03800feff1026ffff43a02110700230000324da
:10d04800000043a00400001120000324ffff102665
:10d0580021107002000043a01000268e21287002c3
:10d06800ffffc6241000b5af2330d000d3b0400f67
:10d07800252080020400838e0001633004006010c4
:10d088005400bf8f0400238e2a2043000b10640035
:10d098005000be8f4c00b78f4800b68f4400b58f44
:10d0a8004000b48f3c00b38f3800b28f3400b18f8a
:10d0b8003000b08f0800e0035800bd27b7ff00100c
:10d0c800010006240f0042320a004a2802004011db
:10d0d8005700442430004424bfff62241a00422c25
:10d0e80013004010200082349fff42241a00422c73
:10d0f80010004050ffff10266400a3af2800a7af20
:10d108002400a6af2000a5af1c00a8afdffe400f8b
:10d118001800a9af6400a38f2800a78f2400a68f4a
:10d128002000a58f1c00a88f1800a98f252040007b
:10d13800ffff102621107002000044a00291120087
:10d1480000171e00ffffa52425905200a5ff001020
:04d1580002f11e00c2
:020000040000fa
:020000041d01dc
:10d15c00e0fdbd271c02bfaf1802b1af1402b0af87
:10d16c0025808000c801a0afcc01a0afd001a0af3a
:10d17c00d401a0afd801a0afdc01a0afe001a0affb
:10d18c00e401a0afe801a0afec01a0aff001a0afab
:10d19c00f401a0aff801a0affc01a0af0002a0af5a
:10d1ac000402a0af0802a0af100005245ce2400fff
:10d1bc00c801a4273bf8400f1000a4277700029267
:10d1cc000100032433004314020003244400028ea4
:10d1dc00d801a2af4000028edc01a2af6200029621
:10d1ec00001402006000039621104300e001a2af7e
:10d1fc00c801a28fe401a2afcc01a28fe801a2afbb
:10d20c00d001a28fec01a2afd401a28ff001a2af8a
:10d21c001c000624d801a527b5f6400f1000a42742
:10d22c00d801a527c2f6400f1000a4274fdc400ff1
:10d23c0000000000258840006400410f258060003c
:10d24c000f00033c404263241900230212400000eb
:10d25c001048000002200372214889008026090032
:10d26c008219080025304000253800002520830055
:10d27c00304f400f82290900d801a38f2110620082
:10d28c001c02bf8f1802b18f1402b08f0800e0038c
:10d29c002002bd27dfff431425300000aa00410ff8
:10d2ac004c00048e03004688000046980700458811
:10d2bc00040045980b004488080044980f004388ec
:10d2cc000c004398d801a6afdc01a5afe001a4afd8
:10d2dc00e401a3afa800410f4c00048e0300468864
:10d2ec000000469807004588040045980b004488c8
:10d2fc00080044980f0043880c004398e801a6af3f
:10d30c00ec01a5aff001a4aff401a3af620002964b
:10d31c00001402006000039621104300f801a2af34
:10d32c00c801a28ffc01a2afcc01a28f0002a2af58
:10d33c00d001a28f0402a2afd401a28f0802a2af27
:08d34c00b4ff001034000624b8
:020000040000fa
:020000041d01dc
:10d35400e0ffbd271c00bfaf1800b1af1400b0af91
:10d36400258880002580a000f8ef400f25200000cc
:10d37400252840005881828f240040140100032492
:10d384005481828f6b004014000000001800228e2c
:10d394006800401402000224588182af01f2400f59
:10d3a400252000000800228e060040100000000026
:10d3b40004000012000000000000028e210040144e
:10d3c40000000000b800410f0000000008004050b9
:10d3d400588180afb600410f00000000009d053c5d
:10d3e400641ca524d7c8400f25204000588180af75
:10d3f40025800000251000021c00bf8f1800b18f8b
:10d404001400b08f0800e0032000bd270900431476
:10d41400258000005481828f4600401800000000df
:10d424001800238e0300601401001024010042241c
:10d43400548182af01f2400f25200000eeff00105e
:10d444002510000223f2400f000000003c8182af4f
:10d454000800248e508184af0000118e04000296cf
:10d46400468182a706000296448182a70800828c26
:10d474000400062409f84000252820020e00401468
:10d484005c8182afb800410f0000000008004050ea
:10d49400588180afb600410f00000000009d053c9c
:10d4a400941ca524d7c8400f25204000588180af84
:10d4b400d0ff0010258000004c8191af05000624a8
:10d4c400009d053ca07fa524a6e1400f0a0004248a
:10d4d40005004014488182afc4d2400f258000006b
:10d4e400c4ff0010588180af5481828f0100422410
:10d4f400548182af0100072401000624252800007e
:10d50400b2cb400f4081842701000324050043105f
:10d5140001000224c4d2400f25800000b5ff001092
:10d52400588180af548182af588182afb1ff00101f
:10d534000100102401f2400f25200000adff00106f
:04d54400258000003e
:020000040000fa
:020000041d01dc
:10d548002510850037004010251000000100022436
:10d5580044008210c21f0500ffff0224330082101e
:10d568000a00022450008210f6ff022445008210af
:10d57800ffff02243400a004000000004e00a014a5
:10d58800203086702000c624f8ffc22442380400e8
:10d5980027480200200048300428450006382701a3
:10d5a80004104400252040002528e5000b20080031
:10d5b8000b2848003e040224233046000700873029
:10d5c800251080002b00e050c2100400c000427cef
:10d5d80003004224212044002b108200212845000a
:10d5e8000006a27c23004010c210040002110400af
:10d5f800003f05000100c6242510e20002210500b5
:10d608000005857c0200a050253000000098847c2d
:10d61800c01a030025186600001d03000800e00377
:10d62800251864000800e00325180000cdffa45465
:10d638000a000224c01a0300ff036334001d03001c
:10d648000800e00325100000340080100080023c30
:10d658002b1004002328050023200400c7ff001016
:10d668002328a200bdffa054ffff0224f2ff0010f0
:10d67800c01a0300403f05002510e200e0ff00103b
:10d68800c2200500bbffa21400000000c01a03005e
:10d69800020463340400043c001d0300251000004c
:10d6a8000800e00325186400b0ffa054f6ff022428
:10d6b800f7ff0010c01a03002030a67008000724e6
:10d6c8002338e6000600e01c40400500aeffe014e9
:10d6d8002510800007008730baff001036040624a2
:10d6e800274807000610e400042028012000e8303d
:10d6f8000638e500251082002520e0000a204800b1
:10d708002528e0003e0409240b28080023302601c0
:10d7180025108000abff001007008730cdffa25412
:10d728002b1004003e04062425100000b7ff00104b
:04d738001000043c9d
:020000040000fa
:020000041d01dc
:10d73c000100a0540000a0ac77008010010002246e
:10d74c00000086807400c01025180000f8ffbd276b
:10d75c0001008424ff00c230253000002558000051
:10d76c0003000a2425480000fe0008240200073ca0
:10d77c000605e724d0ff422411006015ff0042305b
:10d78c000a004c2c4100805125100000001a0300a7
:10d79c000438437c01008424ffff82902200401057
:10d7ac0001006b25f3ff0010ff006b310400cb2c44
:10d7bc005100601125582001efff0010d0ff4224ca
:10d7cc0034006a15000000003000481425100000d9
:10d7dc002b1067004c0040100100cd242130a60313
:10d7ec00003c6b7c40100b0021104b00c010020061
:10d7fc0021104b0080100200003a6c7c80580c0009
:10d80c0021586c0140580b0021104b002110430093
:10d81c000000c2a0ff00a63101008424ffff82900b
:10d82c00e2ff401425180000030004241700c41460
:10d83c00251000000200043c060584242b20640003
:10d84c0012008010003c647c401004002110440045
:10d85c00c01002002110440080100200003a667cc7
:10d86c008020060021208600402004002110440066
:10d87c00211043000300a2a30400a0100100022405
:10d88c000000a28f0000a2ac010002240800e003fb
:10d89c000800bd27140048140a004c2c2b106700fc
:10d8ac001b0040100100cd242130a603003c6b7cf2
:10d8bc0040100b0021104b00c010020021104b0037
:10d8cc0080100200003a6c7c80580c0021586c01ce
:10d8dc0040580b0021104b00211043000000c2a047
:10d8ec00cdff0010ff00a631a9ff8055001a0300e0
:10d8fc00e6ff001025100000e4ff001025100000ca
:10d90c00e2ff001025100000e0ff001025100000c1
:10d91c00deff0010251000000800e00300000000ee
:020000040000fa
:020000041d01dc
:10d92c00c8ffbd273400bfaf3000b5af2c00b4af7b
:10d93c002800b3af2400b2af2000b1af1c00b0afd1
:10d94c00258080002590a0004000a6af2588e0002f
:10d95c0025a000001000932476f0400f000000007a
:10d96c003800028e3c00038e2b1043000300401441
:10d97c0002000224240022164000a28f253020022f
:10d98c002528400255b0400f252000022400038eac
:10d99c0015006010000000009499400f240004262c
:10d9ac0005004010000000000068024000014234f5
:10d9bc0000688240c00000008be5400f00000000b2
:10d9cc00010002243400bf8f3000b58f2c00b48fbf
:10d9dc002800b38f2400b28f2000b18f1c00b08fb1
:10d9ec000800e0033800bd27f3ff401000000000e2
:10d9fc00006802400001423400688240c000000010
:10da0c00edff0010000000000500401400000000b5
:10da1c008be5400f00000000eaff0010251000000d
:10da2c00030080160000000080ff400f1000a427a8
:10da3c008be5400f000000007bff400f0000000052
:10da4c0076f0400f00000000440002922014027c8b
:10da5c00ffff032401004350440000a24500029242
:10da6c002014027cffff032401004350450000a258
:10da7c008be5400f000000004000a527b5ca400f01
:10da8c001000a4271c0040140000000076f0400f8a
:10da9c00000000003800158e8be5400f3c00148e02
:10daac000f00b4164000a58f99f6400f2520600298
:10dabc00aab8400f252000022f78400f000000006c
:10dacc00a5ff4054010014240068024000014234b8
:10dadc0000688240c00000009fff00100100142469
:10daec00aab8400f252000022f78400f0100142403
:10dafc0099ff001000000000aab8400f252000027a
:10db0c002f78400f00000000aeff00102510000021
:020000040000fa
:020000041d01dc
:10db1c00c0ffbd273c00bfaf3800b7af3400b6af75
:10db2c003000b5af2c00b4af2800b3af2400b2afb7
:10db3c002000b1af1c00b0af5000b68f3b00a0105e
:10db4c00ffff1024259880002588a0002590c00098
:10db5c000100f4300200972659ae400f253000002a
:10db6c000d00401025a840000400508cf10e072435
:10db7c00029d063c6c5ec624009d053cb41ca5248d
:10db8c00e2d4400f2b201000470000162588a0027d
:10db9c001f000010ecff1024010006242528200291
:10dbac0059ae400f252060023900401425804000fa
:10dbbc001400a0af010002241000a2af2538e0022f
:10dbcc0025304002252820027a9e400f2520600235
:10dbdc0022004010258040002530c002252840003e
:10dbec008ada400f252060023b0040142588400053
:10dbfc000100022403004014252800020400001038
:10dc0c00fcff1024d5ad400f25206002fcff102432
:10dc1c001a0f0724029d063c6c5ec624009d053c31
:10dc2c00b41ca524e2d4400f0100a42e2510000240
:10dc3c003c00bf8f3800b78f3400b68f3000b58fe3
:10dc4c002c00b48f2800b38f2400b28f2000b18f2a
:10dc5c001c00b08f0800e0034000bd2725a8400041
:10dc6c00ebff0010fcff10240000429a170002aae0
:10dc7c00140002ba04004292180002a2050042925b
:10dc8c0015000010190002a2daff00102510000088
:10dc9c002530c002252840008ada400f252060027a
:10dcac00f9ff4010258840002530e00225280002ad
:10dcbc0090b5400f25206002ebff40560300428ace
:10dccc00140000a2150000a2160000a2170000a26a
:10dcdc00180000a2190000a22ba014003000029220
:10dcec008410827e300002a240f0400f080036ae55
:0cdcfc000c0022aecdff001025800000bf
:020000040000fa
:020000041d01dc
:10dd0800e0ffbd271c00bfaf1800b2af1400b1afd1
:10dd18006bfa400f1000b0af150040102518000036
:10dd2800258040003c004290020003241700431461
:10dd380001000424f8ef400f252000000c00128e8b
:10dd480059004012252840000d0051922000313220
:10dd580001f2400f25200000440020162530000065
:10dd68000400038e0800028e23186200ffff633050
:10dd7800251060001c00bf8f1800b28f1400b18fef
:10dd88001000b08f0800e0032000bd27f8ff4414fe
:10dd98002518000001000524e5de400f25200002bb
:10dda800060040140100062401000524d7af400fe7
:10ddb80025200002eeff4010251800004000028eca
:10ddc80000024230eaff4014c00503240400038e19
:10ddd8000800028e23186200e5ff0010ffff633081
:10dde80001f2400f252000008af1400f2520200273
:10ddf8001a0000100400038ef8ef400f25200000e1
:10de0800252840000d00429220004230f4ff4010c7
:10de1800000000002000228e000002ae10000396d1
:10de280021184300040003ae080002ae02000224d9
:10de38003c0002a20c0011ae01f2400f25200000a8
:10de48007dfe400f25202002040040500400038e70
:10de5800060040a4040040a40400038e0800028ebb
:10de680023186200c2ff0010ffff6330252800025c
:10de78009da3400f2400048e25884000bcff40105d
:10de880025180000252840025573400f2520200240
:10de9800d9ff4014000000008af1400f252020021d
:10dea800b3ff00102518000001f2400f25200000e4
:10deb80025300000252800029da3400f2400048e71
:10dec80025884000aaff401025180000f8ef400ff1
:0cded80025200000cfff0010252840008e
:020000040000fa
:020000041d01dc
:10dee400d8ffbd272400bfaf2000b3af1c00b2afe2
:10def4001800b1af1400b0af2580a0001800858cc5
:10df0400030003245b00a31001000224bc81829758
:10df140047004014010042240800828ccc8182af67
:10df2400c08180afc88180af00a0023cc82b40ac48
:10df3400c82b4224040040ac080040ac0c0040aca8
:10df4400100040ac00a0023cbc2b40acbc2b4224d3
:10df5400040040ac080040acc48180af00a0023c87
:10df6400a82b40aca82b4224040040ac080040acd1
:10df74000c0040ac100040acb88180af2f000052c0
:10df8400ffff10240000028e4100401025300000e5
:10df9400019d053c6440a524a6e1400f0300042430
:10dfa4003d004010c88182af00a0043c5eed400fec
:10dfb400c82b84243a00401000a0043c3efe400fcd
:10dfc400a82b842438004010cc81848f0800828cd4
:10dfd4001000062409f840000000058e34004010ab
:10dfe400c48182af00a0043c1f00410fbc2b8424d9
:10dff4000000028e0c004010c481938f2590000015
:10e0040000a0113cbc2b312625286002b3f8400f38
:10e0140025202002010052260000028e2b1042020d
:10e02400f9ff401410007326bc818297010042243a
:10e03400bc8182a70f00001001000224b800410f28
:10e04400000000000800401000000000b600410f6e
:10e054000000000025300002009d053cf41ca524ae
:10e06400d7c8400f25204000cdd7400f0000000046
:10e07400251000002400bf8f2000b38f1c00b28f36
:10e084001800b18f1400b08f0800e0032800bd27ea
:10e09400eaff0010ffff1024e8ff0010feff102429
:10e0a400e6ff0010fdff1024e4ff0010fcff102425
:08e0b400e2ff0010fbff102445
:020000040000fa
:020000041d01dc
:10e0bc00e0ffbd271c00bfaf1800b1af76f0400fda
:10e0cc001400b0af4482828fffff4224448282af9f
:10e0dc004482828f64004014258000006c82828f01
:10e0ec006100401000a0023c1028428c4a004010f5
:10e0fc0000a0083c102809250100072400a0053cbd
:10e10c004c28a5240c00228d0c00428c2800438c3a
:10e11c001c00468c2000448c0800c4ac1c00468caf
:10e12c00040086ac180044240400668c0400c4541b
:10e13c00280040ac2000448c040064ac280040aca7
:10e14c000000648cffff8424000064ac1400438c3a
:10e15c000800468c0c00448c0800c4ac0800468cab
:10e16c00040086ac040044240400668c0400c454ef
:10e17c00140040ac0c00468c040066ac140040ac9f
:10e18c000000668cffffc624000066ac2c00468c99
:10e19c0064828a8f0418c70025186a00648283afd2
:10e1ac008018060021186600801803002118a300af
:10e1bc000400638c080043ac0800668c0c0046ac71
:10e1cc000400c4ac080064ac2c00468c801806001b
:10e1dc0021206600802004002120a400140044acff
:10e1ec000000838c01006324000083ac4082838f89
:10e1fc002c00428c2c00638c2b10620001004054cc
:10e20c00588287af1028028dbfff40540c00228d1e
:10e21c0014f8400f000000005c82908f090000127f
:10e22c0001001124396f400f000000000100405420
:10e23c00588291afffff1026faff00160000000075
:10e24c005c8280af5882908f0700001200000000a3
:10e25c004082828f00680240000142340068824094
:10e26c00c0000000010010248be5400f00000000ee
:10e27c00251000021c00bf8f1800b18f1400b08f46
:08e28c000800e0032000bd279b
:020000040000fa
:020000041d01dc
:10e29400b0ffbd274c00bfaf4800b4af4400b3afdc
:10e2a4004000b2af3c00b1af3800b0af2588800069
:10e2b4000400908c2c00a0af2800a0af3000a0afc9
:10e2c4002000a0af1c00a0af2400a0af1400a0af9a
:10e2d4001000a0af1800a0af90001426029d133cbc
:10e2e4007c607326b9f5400f252080022900401474
:10e2f400259040001c00a28f900002ae2000a28f47
:10e30400940002ae2400a28f980002ae2800a58fcc
:10e314000900a0509c001426020007242800a62708
:10e32400a4b4400f252000022800a58ffbffa014f1
:10e33400020007249c001426029d133c7c60732673
:10e34400b9f5400f2520800223004010259040009d
:10e354000f00449003008438060106242528600237
:10e36400fef3400f0100842c1000428e160022128e
:10e37400252840026bf8400f1000a427f0ff00107e
:10e38400000000006bf8400f2800a427d5ff001000
:10e39400000000000f0044900200843806010624a7
:10e3a40025286002fef3400f0100842c1000428ee9
:10e3b400f4ff2212252840026bf8400f1c00a4270a
:10e3c400c8ff0010000000006bf8400f2800a427cd
:10e3d400dbff0010000000001000a28f9c0002aec2
:10e3e4001400a28fa00002ae1800a28fa40002aef7
:10e3f4002800a58f0900a050000020a603000724d0
:10e404002800a627a4b4400f252000022800a58fc9
:10e41400fbffa01403000724000020a6ffff022432
:10e424000c0022ae0400238e06006294ffff4224f7
:10e43400060062a40400238e040062948410027c0b
:10e44400040062a44c00bf8f4800b48f4400b38f13
:10e454004000b28f3c00b18f3800b08f0800e00359
:04e464005000bd2780
:020000040000fa
:020000041d01dc
:10e468007200801025100000d8ffbd272400bfaf20
:10e478002000b4af1c00b3af1800b2af1400b1afa6
:10e488001000b0af258080006000a0102590a0008b
:10e49800f8ffb12448009424ffff053473f9400fb6
:10e4a800252080022400038e0b006014fcff538e8d
:10e4b800f8ff40ae280011ae240011ae3000028ee5
:10e4c80023105300300002ae7ff9400f2520800250
:10e4d8004e000010c01013002b1023021000401033
:10e4e800c0101300211022020b006254f8ff43ae43
:10e4f8000400628c21105300fcff42ae2400028eff
:10e508000000428cf8ff42ae2800038e2400028ee1
:10e5180001006250280011aee8ff0010240011ae7f
:10e528002800028e2b2051000d0080502b10710006
:10e538000400438cc020030021204400030024165b
:10e5480021187300ddff0010040043ac000051ac3b
:10e55800f8ff40aed9ff0010280011ae2b10710053
:10e56800240040500000638c0000628c2b202202a3
:10e578001f008010c0201300212024020b004454e7
:10e58800f8ff42ae0400428c21105300fcff42ae5b
:10e598000000628c0000428cf8ff42ae2800048e16
:10e5a8000000628c01008250280011ae0400648cc7
:10e5b800c010040021106200c0ff2256000071ac98
:10e5c800fcff428e21104400040062acf8ff428e2a
:10e5d800000062ac2800028eb8ff5150280003ae3c
:10e5e800b7ff00103000028eb4ff0010000071acbd
:10e5f8000000638cd9ff6014f8ff0224380002aed3
:10e608007ff9400f25208002251000002400bf8fcd
:10e618002000b48f1c00b38f1800b28f1400b18f84
:10e628001000b08f0800e0032800bd270800e003b1
:04e6380000000000de
:020000040000fa
:020000041d01dc
:10e63c00d8ffbd272400bfaf2000b1af1c00b0af86
:10e64c00258880001800848c030003246800831044
:10e65c0001000224c480828f5e0040142600062430
:10e66c002528000000a0043cd2fb400fde2b8424a4
:10e67c0000a0103cffff0224dc2b02a60800228e17
:10e68c00dc2b1026140002ae00002296040002a619
:10e69c0025300000039d053c8c6ca524abe8400f95
:10e6ac00252000004f004010200002ae2530000055
:10e6bc00049d053cd087a52430ea400f252000009e
:10e6cc0000a0033c47004010002c62ac4d01062416
:10e6dc00019d053c102ea524a6e1400f0e0004243c
:10e6ec0000a0033c3f004010f42b62ac253000002e
:10e6fc005f76052445fe400f010004242580400070
:10e70c00ffff02243700021200a0023cdc2b50a4b5
:10e71c00253800005f760624010005240e8b400f7f
:10e72c00252000022f004010253800005f760624bb
:10e73c0001000524c27f400f252000022900401053
:10e74c0001000624252800007843400f25200002f4
:10e75c002400401000a0113cdc2b312600020224c6
:10e76c00020022a61000a62705000524256e400fe6
:10e77c0025200002020026961000a2972b104600be
:10e78c0005004010050005247843400f25200002a9
:10e79c00140040100000000000a0023c0100032403
:10e7ac00e42b43ac01000624030005247843400ffe
:10e7bc002520000225380000049d063c10ddc624ef
:10e7cc000001052481cc400f2520000205004010db
:10e7dc00c480828f01004224c48082af04000010e8
:10e7ec0001000224fbc7400f0000000025100000b0
:10e7fc002400bf8f2000b18f1c00b08f0800e003f5
:04e80c002800bd27fc
:020000040000fa
:020000041d01dc
:10e81000e0ffbd271c00bfaf1800b2af1400b1afbe
:10e820001000b0af259080002588a00081fa400f2d
:10e830002580c0002518400022006010251000002f
:10e840000c00222e6300401080881100029d023cc3
:10e8500064e84224211051000000428c080040006e
:10e860000000000094e8019ddce8019d20e9019d85
:10e870004ce9019dd4e9019dd4e9019d78e9019d10
:10e88000d4e9019d90e9019da4e9019dbce9019da8
:10e89000c8e9019d0b000012251000000000049241
:10e8a00001008438740062948431827c740062a414
:10e8b0000100049201008438c439827c740062a48f
:10e8c000010002241c00bf8f1800b28f1400b18f0a
:10e8d0001000b08f0800e0032000bd27f9ff0012f0
:10e8e00025100000000002923e0064948473447c72
:10e8f0003a0040103e0064a4790060a00200049633
:10e900000100805010270424700064a404000492c5
:10e910000100805006000424eaff0010840064a077
:10e920000100033c2b180302e6ff601025100000d5
:10e930002400072425300000ffff05325d39400f19
:10e9400025204002e0ff00101c00bf8f0100033ca7
:10e950002b180302dbff60102510000018000724ad
:10e96000ffff0632252800005d39400f25204002b8
:10e97000d5ff00101c00bf8f2b8010007400629424
:10e98000c45a027e740062a4ceff0010010002246b
:10e990003e006294046b027e3e0062a4c9ff001038
:10e9a000010002242b8010003e006294c47b027e92
:10e9b0003e0062a4c3ff001001000224850070a085
:10e9c000c0ff001001000224860070a0bdff0010ef
:10e9d00001000224bbff001025100000b9ff001049
:04e9e000010002240c
:020000040000fa
:020000041d01dc
:10e9e400d0ffbd272c00bfaf2800b6af2400b5afc1
:10e9f4002000b4af1c00b3af1800b2af1400b1af25
:10ea04001000b0af5c00a010258080002588a00015
:10ea1400f8ef400f25200000252840002881828f30
:10ea24005d004010120035865d00a0062481838fae
:10ea34002a18a3025c0060108018150021104300fe
:10ea44000000428c4f0051540100112434000296fe
:10ea54000700401025a00000340000a62590000007
:10ea640001001624259800001e00001025880000cf
:10ea740060002296010042301300401025900000ef
:10ea84005800328e5c00348e2800138e0c00228ec7
:10ea9400340050543e0022921000028e0c0040a418
:10eaa4004000228e00024230090040500000228eb5
:10eab400540000a62000028ec418027c200002ae7e
:10eac400e9ff001025b00000f0ff001025980000b9
:10ead400f8ff0010080022ae2590000025b00000c9
:10eae4002598000001f2400f252000001100c012fb
:10eaf400010006242000028e40004234200002aeb1
:10eb040025280002c1c6400f2800048e2c00bf8fa8
:10eb14002800b68f2400b58f2000b48f1c00b38f5b
:10eb24001800b28f1400b18f1000b08f0800e003fa
:10eb34003000bd27030020120000000028d7400f3a
:10eb440025200002f1ff401225388002010006242e
:10eb54002528600209f840022520a002ecff0010dd
:10eb64002c00bf8fffff42243e0022a225b00000ec
:10eb7400dcff001001001124252800002588000076
:10eb840025a80000d4ff201625a000002590000031
:10eb9400eaff001025980000faff0010010011247c
:10eba400f8ff001001001124f6ff001001001124e9
:020000040000fa
:020000041d01dc
:10ebb400c8ffbd273400bfaf3000b4af2c00b3afe3
:10ebc4002800b2af2400b1af2000b0af2598800078
:10ebd4002588a0002580c0000200a0102590e00038
:10ebe4000000a0ac04000012100006242528000038
:10ebf400d2fb400f252000023081948f0b0080123d
:10ec0400faff02241000a527cf75400f25206002cb
:10ec14000e0040101000a52704002012251000004b
:10ec24001000a28f000022ae251000003400bf8f18
:10ec34003000b48f2c00b38f2800b28f2400b18f22
:10ec44002000b08f0800e0033800bd27ed36400fe8
:10ec5400252060021100401025286002f3ff0012f5
:10ec6400251000001000a58f1400a48f1800a38f96
:10ec74001c00a28f030005aa000005ba070004aa1d
:10ec8400040004ba0b0003aa080003ba0f0002aa86
:10ec94000c0002bae5ff0010251000005cb7400f1d
:10eca4000000848e25204000e0ff8010ffff022436
:10ecb400000082948000433005006014000143305a
:10ecc400fbff022401000424d8ff00100a10830073
:10ecd4002700839005006014260082901e004014d3
:10ece40000000000d1ff0010feff022418000012f3
:10ecf40000000000ff0f053cffffa534211865004c
:10ed0400002903001400838c21186500030068881f
:10ed14000000689807006788040067980b006688fd
:10ed2400080066980f0065880c006598030008aa1f
:10ed3400000008ba070007aa040007ba0b0006aad5
:10ed4400080006ba0f0005aa0a0040160c0005ba0e
:10ed5400b7ff40103400bf8fb4ff2012251000000d
:10ed64001000828c0000428c000022aeafff001025
:0ced740025100000adff0010251000006d
:020000040000fa
:020000041d01dc
:10ed8000e0ffbd271c00bfaf1800b1af1400b0af4b
:10ed90001800828c3b004014258080002700a010c2
:10eda0002588a0007481828f3500405401004224e0
:10edb0000800848c688184af00000596788185af57
:10edc0007c8180af0800828c09f84000880006240e
:10edd00025184000648182af1800601025100000e3
:10ede00020000624019d053c6047a524a6e1400fb4
:10edf000040004240e004010708182af00a0043c87
:10ee00003efe400f942b84240900401000a0043cd7
:10ee10005eed400f802b84240500401000a0043cd0
:10ee20005eed400f6c2b8424090040546c8180af50
:10ee300090d9400f0800048e251000001c00bf8fe1
:10ee40001800b18f1400b08f0800e0032000bd2728
:10ee50001400038e0011030021104300c0100200b3
:10ee60006481838f211062000000238e7c0043acfc
:10ee70000400238e800043ac7481828f0100422401
:10ee8000748182af1000038e4200649400018430cc
:10ee9000eaff80140100022442006294010004246d
:10eea0000442827c420062a41400038e001103001d
:10eeb00021104300c01002006481908f2180020263
:10eec000790004a22300410f040004262300410f0f
:10eed000100004262300410f1c0004261f00410fd0
:10eee0003c0004261f00410f480004261f00410f6c
:10eef000540004261f00410f600004261f00410f2c
:10ef00006c000426000000ae1e000224280002aea1
:10ef10002c0002aee8030224300002aedc0502241d
:10ef2000380002a63a0002a6340000ae40000224d7
:10ef3000780002a27a0000a28081828f0100422420
:0cef4000808182afbdff001001000224a0
:020000040000fa
:020000041d01dc
:10ef4c00d0ffbd272c00bfaf2800b5af2400b4af55
:10ef5c002000b3af1c00b2af1800b1af1400b0afbb
:10ef6c002590800025a8a0002588c000010002245f
:10ef7c003400821425a0e0000900c0102598c000c0
:10ef8c000000c28c4c0040102528000097ed400f6b
:10ef9c002520c0002598400020004010ffff1024c1
:10efac00253800002530a00225288002bb66400fc2
:10efbc002520400225804000ffff0224170002128a
:10efcc00801810002881828f211043000000528c81
:10efdc00253020022528600267e0400f25204002e2
:10efec0005006012000000004000428e0100032466
:10effc008473627c400042ae0400201201000324a2
:10f00c004000428ec47b627c400042ae4000428e87
:10f01c0001000324448c627c400042ae25100002a7
:10f02c002c00bf8f2800b58f2400b48f2000b38f25
:10f03c001c00b28f1800b18f1400b08f0800e003d1
:10f04c003000bd27020002241e0082142538000067
:10f05c001c00c0102530000001000524aec2400f7a
:10f06c002520200225984000ecff4010ffff1024c3
:10f07c00253800002530a00225288002bb66400ff1
:10f08c000200042425804000ffff0224e3ff02124b
:10f09c00801810002881828f211043000000528cb0
:10f0ac00253020022528600267e0400f2520400211
:10f0bc00ceff00104000428e25980000b8ff0010d3
:10f0cc00258800002530a00225288002bb66400f51
:10f0dc002520400225804000ffff0224cfff0212b2
:10f0ec00801810002881828f211043000000528c60
:10f0fc00253020022528000067e0400f2520400223
:08f10c00bdff0010000000002f
:020000040000fa
:020000041d01dc
:10f11400e8ffbd271400bfaf1000b0afffff90247d
:10f12400ffff10320a00022e340040102086107cab
:10f13400c0101000211050008010020000a0033cf9
:10f14400a01c632421104300000042902b004010b7
:10f1540000a0023cc01810002118700080180300a1
:10f16400a01c422421104300040042942000423099
:10f174001100401000a0023cc018100021187000bb
:10f1840080180300a01c4224211043000c00428c70
:10f194001000438c08006010c010100021105000b3
:10f1a400801002001c00422400a0043ca01c842403
:10f1b40009f8600021208200c010100021105000c6
:10f1c4008010020000a0033ca01c63242110430013
:10f1d4000800428c2800458c0c00a01400a0023cbe
:10f1e400c01810002118700080180300a01c4224cd
:10f1f40021104300ffff0324030043a01400bf8f2a
:10f204001000b08f0800e0031800bd27c0181000dc
:10f214002118700080180300a01c42242110430010
:10f2240009f8a00006004484ffff053400a0043c54
:10f234008bf9400f0c1e84240100032409004310a1
:10f2440000a0023cc01810002118700080180300b0
:10f25400a01c422421104300fcff0324e7ff0010fc
:10f26400030043a0c0181000211870008018030088
:10f27400a01c422421104300000040ac040040ac18
:10f28400080040ac0c0040ac100040ac140040ac92
:10f29400180040ac1c0040ac200040ac00a0043c72
:10f2a40097f9400f0c1e842401000324d3ff43105c
:10f2b40000a0023cc0181000211870008018030040
:10f2c400a01c422421104300fcff0324cbff0010a8
:04f2d400030043a050
:020000040000fa
:020000041d01dc
:10f2d800d8ffbd272400bfaf2000b4af1c00b3afd8
:10f2e8001800b2af1400b1af1000b0af00a0103cce
:10f2f800a82710260400028e1800428c09f8400046
:10f308003400118e140002ae1400048e1000028e18
:10f31800232082002800088e2c00098e21188800de
:10f328002b2864002138a900280003ae2c0007ae62
:10f338004300201200000000300002920100422425
:10f348008ddf400f300002a23400108e180000122a
:10f358000100122400a0113ca82731260c00028ebf
:10f368001400405400a0113c180012a2190012a267
:10f378000400028e40004014000000001000028ebd
:10f388003d004010000000006ddc400f2000048e9e
:10f398001000028e040040503400308e09f84000fe
:10f3a8001400048e3400308eecff001600000000bc
:10f3b80000a0113cf026312625800000259020026f
:10f3c8000100142405001324c0101000211050005f
:10f3d800801002002110420219004290ff004230c2
:10f3e8000f004010c01010002110500080100200c3
:10f3f80021104202190040a00400228e0800541473
:10f40800c01010000800248e211050008010020047
:10f41800211042020c0044ac3fb6400f25202002c8
:10f4280001001026e8ff13162400312600a0023c34
:10f43800a827422430004390ffff6324300043a0f4
:10f44800a7fe400f000000000892400f25804000f2
:10f45800aefe400f252000022400bf8f2000b48f8d
:10f468001c00b38f1800b28f1400b18f1000b08f3a
:10f478000800e0032800bd2767d0400f25200002c0
:10f488000400028ec2ff4050010000a2c1ff00101c
:04f498001000028ed0
:020000040000fa
:020000041d01dc
:10f49c00c8ffbd273400bfaf3000b7af2c00b6afec
:10f4ac002800b5af2400b4af2000b3af1c00b2af3e
:10f4bc001800b1af1400b0af1c81828f5500401002
:10f4cc0025888000ffff053473f9400f10818427d5
:10f4dc002481828f2c0040581800238e1400228e19
:10f4ec00010013240498530025900000801812008a
:10f4fc002881828f211043000000508c1d00005287
:10f50c00010052262400148e6cff400f252080022f
:10f51c00170040040100032404104300241053007e
:10f52c00130040100100052416b0400f1200048691
:10f53c00f8ef400f252000005800168e5c00178e47
:10f54c00600015962528400001f2400f2520000090
:10f55c000700c0120020b5320500a0122538e002c9
:10f56c00002006242528800209f8c0021200048617
:10f57c00010052262481828f2a104202dcff4014a3
:10f58c00801812001800238e020002242c00621432
:10f59c001c81908fffff1026290000161c8190af54
:10f5ac002481828f0d0040182081848f80181000d8
:10f5bc002881828f211043000000448c03008010ae
:10f5cc000100102601df400f000000002481828f13
:10f5dc002a100202f5ff40142081848f0c00828ccb
:10f5ec0009f840002881858f288180af1481848f91
:10f5fc0005008050208180affbf8400f0000000018
:10f60c00148180af208180af248180af67f9400fd7
:10f61c00108184273400bf8f3000b78f2c00b68f39
:10f62c002800b58f2400b48f2000b38f1c00b28f3c
:10f63c001800b18f1400b08f0800e0033800bd270c
:10f64c007ff9400f10818427f3ff00103400bf8f27
:020000040000fa
:020000041d01dc
:10f65c00d0ffbd272c00bfaf2800b2af2400b1af44
:10f66c002000b0af1600a010258080006800828cae
:10f67c00040040102588a0000500052409f840006e
:10f68c00e800842444001226252820020000318e34
:10f69c002000a28c080042342000a2ac47f8400f96
:10f6ac0025204002f9ff2016252820026800028e32
:10f6bc00030040100600052409f84000e800042669
:10f6cc0016000296040042300f0040541400a0af04
:10f6dc0014000292100042300a004014010006246b
:10f6ec00ffff052467bb400f252000022c00bf8fb5
:10f6fc002800b28f2400b18f2000b08f0800e003e7
:10f70c003000bd271400a0af1000a0af1800a0afb0
:10f71c006800028e050040104400112605000524e7
:10f72c0009f84000e80004264400112665f5400f56
:10f73c002520200223004014252840006800028e5a
:10f74c002d0040100600052409f84000e8000426ae
:10f75c001000a28f0d0040506800028e030012248e
:10f76c001000458c67a9400f252000021b0040109b
:10f77c0000000000170052540c01028e1001028e82
:10f78c0001004224100102ae6800028e03004010fa
:10f79c000500052409f84000e80004261000a52700
:10f7ac0054ec400f252020026800028ecfff401041
:10f7bc000600052409f84000e8000426ccff0010e0
:10f7cc002c00bf8f47f8400f1000a427d7ff001064
:10f7dc0000000000010042240c0102ae65f5400f50
:10f7ec001000a4271000a28fdeff40541000458c9f
:10f7fc00e6ff00106800028e1000a28fd7ff4014a5
:0cf80c001000a527e6ff0010000000001f
:020000040000fa
:020000041d01dc
:10f818006c00a01001000224d8ffbd272400bfaf50
:10f828002000b2af1c00b1af1800b0af2580800037
:10f838003c008390310062142588a0001800a28c37
:10f848000c00438c1c0083ac4000828c00014430c7
:10f8580005008050140003ae4400048e0300805459
:10f868001800238e140003ae1800238e1000728c2b
:10f878001000b2af2000423014004014200012ae35
:10f888001000a52753e8400f2800248e0f004014cd
:10f89800f0005232e00002240c0042121000a28f45
:10f8a8001800038e060062504000028e4000038e4e
:10f8b800c439037c400003ae180002ae4000028e3b
:10f8c800010003248431627c400002ae2800228ead
:10f8d800240002ae28000296060040501c00228e2a
:10f8e8004800029601004230050040543c00039253
:10f8f8001c00228e00004294280002a63c000392bd
:10f90800020002242a0062142400bf8f4000028ee5
:10f9180000014230050040501400258e4400028e3c
:10f92800060040544000028e1400258e1600a524bf
:10f93800b8e0400f0c00048e4000028e20004230d8
:10f9480009004014010003244000028ec439027cdf
:10f958008431627c400002ae1400258e2600a52466
:10f9680028d5400f0c00048e2800228e240002aef9
:10f9780028000296060040501c00228e480002967d
:10f9880001004230050040540c00028e1c00228efb
:10f9980000004294280002a60c00028e2800238e44
:10f9a800300043ac6ffe400f0c00048e2400bf8f64
:10f9b8002000b28f1c00b18f1800b08f0800e00340
:0cf9c8002800bd270800e003000000003c
:020000040000fa
:020000041d01dc
:10f9d400e0ffbd271c00bfaf1800b2af1400b1afe9
:10f9e4001000b0af3081828f2f00401025880000b6
:10f9f4002590a0002580c000560080102588e000d6
:10fa04002900c050258800002700e0102528800028
:10fa14005cb7400f0000448c230040502588000050
:10fa240000004394800063301f006050258800006c
:10fa34002a0043903000a48f241864001a006050f8
:10fa440025880000010004241e006454270043900c
:10fa5400260043902a187200130060542588000081
:10fa64001100205a25880000253000028018120059
:10fa74001000448c21208300251800000000858c90
:10fa84000000c5ac010063240400c6242600459090
:10fa9400213872002a28a7003600a0140400842408
:10faa400f7ff23560000858c251020021c00bf8f11
:10fab4001800b28f1400b18f1000b08f0800e0035b
:10fac4002000bd272a187200f7ff60542588000023
:10fad400f5ff205a2588000025300002002112007d
:10fae4001400438c21186400252000000300698859
:10faf4000000699807006888040068980b0067880c
:10fb0400080067980f0065880c0065980300c9a871
:10fb14000000c9b80700c8a80400c8b80b00c7a8eb
:10fb24000800c7b80f00c5a80c00c5b8010084249c
:10fb340027004590213892002a28a7001100a0141c
:10fb44001000c624eaff245603006988d7ff00107a
:10fb540025102002d4ff001025880000d2ff0010d9
:10fb640025880000d0ff001025880000ceff00107b
:10fb740025880000ccff001025886000caff001013
:0cfb840025880000c8ff001025888000c4
:020000040000fa
:020000041d01dc
:10fb9000d0ffbd272c00bfaf2800b6af2400b5af03
:10fba0002000b4af1c00b3af1800b2af1400b1af67
:10fbb0001000b0af25a080003600a0102580a00066
:10fbc000f8ef400f25200000252840005c81918f30
:10fbd000470020123c0016864a00c0064c81828fe6
:10fbe0002b10c2024d00401080101600211022027e
:10fbf0000000428c4f005014030004241000828e39
:10fc00001000439408006330010002240b108300ad
:10fc10007a001296249042021b00401225a8000090
:10fc20007c00138e8000158e2800918e4c00038e70
:10fc30000f00741401001024560060a4540060a446
:10fc4000480060ac6e0060a46c0060a4600060ac12
:10fc50001000628c000040ac1000628c0c0040a4cc
:10fc60002000828ec418027c200082ae2580000015
:10fc700001f2400f252000000b00001600000000dc
:10fc80000b0000100000000025980000e7ff0010a6
:10fc90002588000025a8a0002588a0002598000040
:10fca00025b000002590000028d7400f25208002b5
:10fcb000050060122538a0022530400225282002c8
:10fcc00009f860022520c0022c00bf8f2800b68fe3
:10fcd0002400b58f2000b48f1c00b38f1800b28fa2
:10fce0001400b18f1000b08f0800e0033000bd2772
:10fcf00025a820022598000001001024dcff001038
:10fd00002590000025a8000025980000010010247f
:10fd100025900000d6ff00102588000025a80000cf
:10fd2000259800000100102425900000d0ff00104d
:10fd30002588000025a80000259800000100102457
:0cfd400025900000caff0010258800007c
:020000040000fa
:020000041d01dc
:10fd4c00e0ffbd271c00bfaf1800b2af1400b1af6d
:10fd5c001000b0af6200801053ff12242580800089
:10fd6c005f00a0102588a0007000838cfeff022489
:10fd7c00080062102538a000253000006bbc400f35
:10fd8c002528000025904000f1fe02245500421663
:10fd9c0025104002ad8a400f25200002500040146f
:10fdac00259040002520000220000726ff00063c7d
:10fdbc00ff00c62400ff053c00ffa5340000838c27
:10fdcc000212030024104600001a030024186500d8
:10fddc002510430002142200000082ac040084248d
:10fdec00f7ff87540000838c0300098a0000099aee
:10fdfc000700088a0400089a0b00078a0800079a73
:10fe0c000f00068a0c00069a1300058a1000059a4a
:10fe1c001700048a1400049a1b00038a1800039a22
:10fe2c001f00028a1c00029a030029aa000029baaa
:10fe3c00070028aa040028ba0b0027aa080027ba32
:10fe4c000f0026aa0c0026ba130025aa100025ba0a
:10fe5c00170024aa140024ba1b0023aa180023bae2
:10fe6c001f0022aa1c0022ba096a023c67e642342f
:10fe7c00000002ae67bb023c85ae4234040002ae09
:10fe8c006e3c023c72f34234080002ae4fa5023cb9
:10fe9c003af542340c0002ae0e51023c7f52422421
:10feac00100002ae059b023c8c684224140002ae8a
:10febc00831f023cabd94234180002aee05b023c1b
:10fecc0019cd42341c0002ae600000ae640000aede
:10fedc00680000aebe00410f780000ae700002aeac
:10feec00251040021c00bf8f1800b28f1400b18f78
:0cfefc001000b08f0800e0032000bd27bc
:020000040000fa
:020000041d01dc
:10ff0800d0ffbd272c00bfaf2800b6af2400b5af87
:10ff18002000b4af1c00b3af1800b2af1400b1afeb
:10ff28001000b0af25a0a0002588c0006bfa400fd4
:10ff38002598e000258040003d00001225100000b3
:10ff4800270080163c0016923900c016259800003c
:10ff580025900000ffff053473f9400f10818427b6
:10ff68003f0020562a0002962a00119643002016c8
:10ff78000000000010d9400f000000002588400054
:10ff88000100552c7ff9400f108184272800a01606
:10ff9800251000004000028e448c027c400002ae16
:10ffa8003c0014a2253060022528400267e0400f7b
:10ffb80025200002040060522a0011a603004050c8
:10ffc8003c0016a22a0011a6010002244000038e5c
:10ffd80001000424448c837c15000010400003ae0b
:10ffe800ffff84260200842c1100801025100000d9
:10fff8000300c012000000000e00d4162c00bf8fb2
:020000041d02db
:10000800150060120100022422008216253000002b
:100018000000628e1d0040102528000097ed400f5b
:100028002520600225904000caff401625100000d8
:100038002c00bf8f2800b68f2400b58f2000b48f06
:100048001c00b38f1800b28f1400b18f1000b08f4e
:100058000800e0033000bd27beff001025906002b5
:10006800060051100000000044ef400f2520200238
:1000780001005538c3ff0010ff00b5327ff9400f6b
:1000880010818427c4ff00104000028eb1ff0010c9
:100098002590000001000524aec2400f2520600213
:1000a80025904000abff401625100000e1ff00102e
:0400b8002c00bf8fca
:020000040000fa
:020000041d02db
:1000bc0000681a407cffbd2700601b402c00b6afc7
:1000cc002800b5af8000bbaf82d21a00847a5b7f68
:1000dc0044201b7c20a81d0000a01a3c18005a27a5
:1000ec000000568f0400c01600000000049d1d3c4b
:1000fc001803bd270000bd8f0100d626000056afa7
:10010c000070164000609b407800bfae7400beae1d
:10011c007000b9ae6c00b8ae6800afae6400aeaea5
:10012c006000adae5c00acae5800abae5400aaaef5
:10013c005000a9ae4c00a8ae4800a7ae4400a6ae35
:10014c004000a5ae3c00a4ae3800a3ae3400a2ae75
:10015c007c00b6ae1000a1ae10b000000c00b6ae24
:10016c0012b000000800b6ae00a0163c1800d6264f
:10017c000000d68effffd6260400c016000000003b
:10018c0000a0163c2c02d6260000d5ae049d163cd1
:10019c00f0fad62609f8c0020000000000a0163cb8
:1001ac001800d6260000d68effffd6260400c016f7
:1001bc000000000000a0163c2c02d6260000d58eb4
:1001cc000800b68e1300c0020c00b68e1100c002df
:1001dc001000a18e2c00b68e3400a28e3800a38e97
:1001ec003c00a48e4000a58e4400a68e4800a78e2d
:1001fc004c00a88e5000a98e5400aa8e5800ab8ecd
:10020c005c00ac8e6000ad8e6400ae8e6800af8e6c
:10021c006c00b88e7000b98e7400be8e7800bf8ee4
:10022c0000606041c000000000a01a3c18005a2772
:10023c0000005b8fffff7b2700005baf8000ba8e56
:10024c007c00bb8e20e815002800b58f8400bd27ec
:10025c0000609a4000709b40c000000018000042f3
:04026c00000000008e
:020000040000fa
:020000041d02db
:1002700000681a407cffbd2700601b402c00b6af11
:100280002800b5af8000bbaf82d21a00847a5b7fb2
:1002900044201b7c20a81d0000a01a3c18005a27ef
:1002a0000000568f0400c01600000000049d1d3c95
:1002b0001803bd270000bd8f0100d626000056aff1
:1002c0000070164000609b407800bfae7400beae68
:1002d0007000b9ae6c00b8ae6800afae6400aeaef0
:1002e0006000adae5c00acae5800abae5400aaae40
:1002f0005000a9ae4c00a8ae4800a7ae4400a6ae80
:100300004000a5ae3c00a4ae3800a3ae3400a2aebf
:100310007c00b6ae1000a1ae10b000000c00b6ae6e
:1003200012b000000800b6ae00a0163c1800d62699
:100330000000d68effffd6260400c0160000000085
:1003400000a0163c2c02d6260000d5ae049d163c1b
:100350000cfbd62609f8c0020000000000a0163ce5
:100360001800d6260000d68effffd6260400c01641
:100370000000000000a0163c2c02d6260000d58efe
:100380000800b68e1300c0020c00b68e1100c00229
:100390001000a18e2c00b68e3400a28e3800a38ee1
:1003a0003c00a48e4000a58e4400a68e4800a78e77
:1003b0004c00a88e5000a98e5400aa8e5800ab8e17
:1003c0005c00ac8e6000ad8e6400ae8e6800af8eb7
:1003d0006c00b88e7000b98e7400be8e7800bf8e2f
:1003e00000606041c000000000a01a3c18005a27bd
:1003f00000005b8fffff7b2700005baf8000ba8ea1
:100400007c00bb8e20e815002800b58f8400bd2736
:1004100000609a4000709b40c0000000180000423d
:0404200000000000d8
:020000040000fa
:020000041d02db
:1004240000681a407cffbd2700601b402c00b6af5b
:100434002800b5af8000bbaf82d21a00847a5b7ffc
:1004440044201b7c20a81d0000a01a3c18005a2739
:100454000000568f0400c01600000000049d1d3cdf
:100464001803bd270000bd8f0100d626000056af3b
:100474000070164000609b407800bfae7400beaeb2
:100484007000b9ae6c00b8ae6800afae6400aeae3a
:100494006000adae5c00acae5800abae5400aaae8a
:1004a4005000a9ae4c00a8ae4800a7ae4400a6aeca
:1004b4004000a5ae3c00a4ae3800a3ae3400a2ae0a
:1004c4007c00b6ae1000a1ae10b000000c00b6aeb9
:1004d40012b000000800b6ae00a0163c1800d626e4
:1004e4000000d68effffd6260400c01600000000d0
:1004f40000a0163c2c02d6260000d5ae049d163c66
:1005040028fbd62609f8c0020000000000a0163c13
:100514001800d6260000d68effffd6260400c0168b
:100524000000000000a0163c2c02d6260000d58e48
:100534000800b68e1300c0020c00b68e1100c00273
:100544001000a18e2c00b68e3400a28e3800a38e2b
:100554003c00a48e4000a58e4400a68e4800a78ec1
:100564004c00a88e5000a98e5400aa8e5800ab8e61
:100574005c00ac8e6000ad8e6400ae8e6800af8e01
:100584006c00b88e7000b98e7400be8e7800bf8e79
:1005940000606041c000000000a01a3c18005a2707
:1005a40000005b8fffff7b2700005baf8000ba8eeb
:1005b4007c00bb8e20e815002800b58f8400bd2781
:1005c40000609a4000709b40c00000001800004288
:0405d4000000000023
:020000040000fa
:020000041d02db
:1005d800d0ffbd272c00bfaf2800b5af2400b4afb3
:1005e8002000b3af1c00b2af1800b1af1400b0af19
:1005f8000b00801053ff1224258080002598a0004e
:100608001100a0142588c0000600c014251040025f
:100618000000828c4000422c7cff12240b900200c8
:10062800251040022c00bf8f2800b58f2400b48ffe
:100638002000b38f1c00b28f1800b18f1400b08f48
:100648000800e0033000bd270000848c4000822ca5
:10065800f3ff40107cff12240400028e21182202ae
:100668002b10620004004010040003ae0800028e44
:1006780001004224080002ae150080100c00152667
:1006880040001424239084022b1032020b90220283
:100698002530400225286002effa400f2120a402ed
:1006a8000000028e21104202000002ae2198720260
:1006b80007005414238832022528a002f811400f9d
:1006c80025200002d6ff401425904000000000ae0f
:1006d8004000222e2300401425900000c0ff34263d
:1006e8000428147c4000942621a074022518600276
:1006f8002510a0024000682603006788000067985c
:1007080007006688040066980b00658808006598ed
:100718000f0064880c006498030047a8000047b8dd
:10072800070046a8040046b80b0045a8080045b8cd
:100738000f0044a80c0044b810006324eeff6814ae
:1007480010004224400073262528a002f811400f0b
:1007580025200002e5ff7416259040003f00313245
:1007680025988002aeff201225302002252860023d
:10077800effa400f2520a002a9ff0010000011aedb
:020000040000fa
:020000041d02db
:100788006900801053ff022450ffbd27ac00bfafa3
:10079800a800b2afa400b1afa000b0af2580800020
:1007a8002590a0005700a0102588c0005500c01053
:1007b800251000001400838cfeff0224060062103e
:1007c8000100033cbec4400f00000000f1fe0324fa
:1007d8004c0043140100033c010063242b1823023e
:1007e8004800601053ff0224100004920100032403
:1007f8004400831439ff02242530200225284002b2
:100808003a40400f0c00048e0200032436004314c3
:10081800029d073c800002241800a2af2000a227f6
:100828001400a2af200002241000a2af6830e72411
:1008380030000624029d053c8830a5242dec400f8d
:10084800010004242c0040142000a527029d033c2d
:10085800e82f6324a000a6270000a490000067905a
:1008680026208700ff008430251044000100a524bd
:10087800f9ffa614010063241f0040142400062475
:100888002000a527e1b8400f2520000225184000c8
:100898000e006014010002242400052478d4400fbf
:1008a8002000a42709004014200006242400a527be
:1008b8008295400f0c00048e04004014253020025d
:1008c800252840023a40400f0c00048e2000a32740
:1008d8004400a42725286000010063240000a0a08c
:1008e800fdff64142528600006004010030003245f
:1008f8000a0043140200022403000224100002a28a
:100908002fff0224ac00bf8fa800b28fa400b18fc4
:10091800a000b08f0800e003b000bd27100002a2bd
:10092800f8ff001039ff02240800e003000000006f
:020000040000fa
:020000041d02db
:10093800c8ffbd273400bfaf3000b3af2c00b2af43
:100948002800b1af2400b0af3081918f340020125d
:10095800faff0324258080002590a0002598c00078
:100968002f008010f7ff0324000082802d00401024
:1009780025106000fafa400f000000004000422ce9
:1009880027004010f7ff03241000a527cf75400f5c
:100998002520000222004014020003241000a5278d
:1009a800ed36400f252000021d00401402000324ec
:1009b800252800026cbd400f0000248e25804000d1
:1009c80017004010f8ff032401000224050042121a
:1009d800251840021c00443a0300032402000224a4
:1009e8000a184400160060160000029602004430ff
:1009f80017008054260000a22a00049224208300b5
:100a08002e0083148000443005008014251800004f
:100a180000014230fbff0324010004240a1882006d
:100a2800251060003400bf8f3000b38f2c00b28fc8
:100a38002800b18f2400b08f0800e0033800bd27dc
:100a4800020044301e00801001006430260000a21d
:100a5800270000a27ffe4230000002a6180000ae68
:100a6800280012a22a000292251862002a0003a276
:100a78001c00228e080002ae0c0002ae2b0000a261
:100a88000400238e03006014010002245800410f63
:100a980000000000401002002c0002a2260022964e
:100aa80001004224260022a625280002474e400fb6
:100ab80025202002daff00102518400001006430cc
:100ac80001008054260000a2020064300100805416
:0c0ad800270000a2e0ff00107fff42306a
:020000040000fa
:020000041d02db
:100ae400d8ffbd272400bfaf2000b4af1c00b3afb4
:100af4001800b2af1400b1af1000b0af2590800061
:100b040025a0a000010002242f0082142588c00023
:100b14000900c0502598c0000000c28c4700401056
:100b24002528000097ed400f2520c000259840009f
:100b34001c004010ffff10242538000025308002df
:100b440025280000904a400f2520400225804000bf
:100b5400ffff022413000212801810005c81828fb0
:100b6400211043000000528c253020022528600209
:100b7400b2f4400f2520400205006012000000007e
:100b84007400429601000324446b627c740042a604
:100b94000400201201000324740042968473627cd2
:100ba400740042a6251000022400bf8f2000b48fd9
:100bb4001c00b38f1800b28f1400b18f1000b08fd7
:100bc4000800e0032800bd27020002241d0082144f
:100bd400253800001b00c01025300000010005244a
:100be400aec2400f2520200225984000edff4010a2
:100bf400ffff10242538000025308002252800003e
:100c0400904a400f0200042425804000ffff022484
:100c1400e4ff0212801810005c81828f21104300cf
:100c24000000528c2530200225286002b2f4400fc7
:100c340025204002d3ff001074004296beff00102e
:100c4400259800002530800225280000904a400f96
:100c54002520400225804000ffff0224d1ff02121c
:100c6400801810005c81828f211043000000528c98
:100c74002530200225280000b2f4400f2520400230
:080c8400c3ff00100000000096
:020000040000fa
:020000041d02db
:100c8c00e0ffbd271c00bfaf1800b2af1400b1af1e
:100c9c001000b0afffff9024ffff10320a00022ead
:100cac001b004010258800002086107cc01010000e
:100cbc00211050008010020000a0033ca01c6324f3
:100ccc00211043000000429011004010c010100091
:100cdc00211050008010020000a0033ca01c6324d3
:100cec00211043000800428c2000458c0f00a014fa
:100cfc0000a0023cc01810002118700080180300de
:100d0c00a01c422421104300ffff0324030043a036
:100d1c00251020021c00bf8f1800b28f1400b18f59
:100d2c001000b08f0800e0032000bd27c018100091
:100d3c002118700080180300a01c422421104300cd
:100d4c0009f8a00006004484f1ff401025884000fb
:100d5c0000a0023cc018100021187000801803007d
:100d6c00a01c422421104300040042942000423075
:100d7c00e7ff401000a0023cc018100021187000c2
:100d8c0080180300a01c4224211043000200429052
:100d9c000200422cdeff401400a0023cc0181000e0
:100dac002118700080180300a01c4224211043005d
:100dbc00010042901300401000a0023cc01810002b
:100dcc002118700080180300a01c4224211043003d
:100ddc000c00428c1000428c0a00401000a0123c07
:100dec001c006424a01c522609f840002120440257
:100dfc00c0101000211050008010020021904202ff
:100e0c00010040a200a0023cc01810002118700084
:100e1c0080180300a01c422421104300010003246d
:080e2c00bbff0010020043a00f
:020000040000fa
:020000041d02db
:100e3400d0ffbd272c00bfaf2800b5af2400b4af4e
:100e44002000b3af1c00b2af1800b1af1400b0afb4
:100e540080bf143c80bf133c00a0103ca02410268b
:100e640080bf123c00a0113c1060828e0100423011
:100e74000c00401488bf023c0008033c341043ac0f
:100e84002c00bf8f2800b58f2400b48f2000b38faf
:100e94001c00b28f1800b18f1400b08f0800e0035b
:100ea4003000bd273060758e2800028e0100422478
:100eb4003000038e2b1843000a1003002c00038e0d
:100ec4000d006214000000002000038e0a00601070
:100ed400000000002400058e2000028e09f8400066
:100ee400010004242800028e010042243000038ef5
:100ef4002b1843000a1003002c00038edaff621043
:100f0400000000002800038e0060448e0600843038
:100f14000600052423008554ff00b5322800038e03
:100f240040180300ff00a632202424262128640050
:100f34000000a6a001006324003ab57e21186400d5
:100f4400000075a0280002ae34000292ff00423077
:100f5400c5ff40100000000053f6400f00000000e1
:100f64002000038ec0ff605000a0113c2400058eb9
:100f74003c000392ff0063300f006010000000008b
:100f84003800038e2b104300b7ff405400a0113cdf
:100f94002000028e09f8400025200000b2ff001056
:100fa40000a0113c2024242621186400000075a010
:100fb400e4ff0010000000003800038eaaff435431
:100fc40000a0113c2000028e09f8400025200000fa
:080fd400a5ff001000a0113c74
:020000040000fa
:020000041d02db
:100fdc00c8ffbd273400bfaf3000b6af2c00b5af93
:100fec002800b4af2400b3af2000b2af1c00b1afe7
:100ffc001800b0af258080002588a0002590c00087
:10100c001400a0af1000a0af6800828c0400401048
:10101c0025a0e0000500052409f84000e800842420
:10102c001000a627d800058e0ab2400f25202002fa
:10103c00259840006800028e4700401006000524e9
:10104c0009f84000e8000426140040526800028ea3
:10105c001000b18f110020526800028e00a0163cc7
:10106c000080153c0400228e090043040000318ee0
:10107c000400228e8002427c230040100800248e43
:10108c002520950009f84002252880020000318ea9
:10109c00f4ff2016000000006800028e03004010d0
:1010ac000500052409f84000e80004261000a38f71
:1010bc001400a68f25280000160066540000678ccb
:1010cc00130060542530a0006800028e030040100d
:1010dc000600052409f84000e800042625106002eb
:1010ec003400bf8f3000b68f2c00b58f2800b48f22
:1010fc002400b38f2000b28f1c00b18f1800b08f6a
:10110c000800e0033800bd27deff00102520960004
:10111c002538a000080060acd400028e000060ac42
:10112c00140060ac0400448c05008054000083acb7
:10113c00040043ac000043acdfff00102518e000b6
:10114c000400488c0400642400e0847c140004ad8a
:10115c00f9ff0010040043acd5ff40121000a38f20
:10116c001000b18fbdff20161400a68fd1ff001008
:04117c00000000006f
:020000040000fa
:020000041d02db
:101180006500a010fbff0224c8ffbd273400bfafdd
:101190003000beaf2c00b7af2800b6af2400b5af0b
:1011a0002000b4af1c00b3af1800b2af1400b1af51
:1011b0001000b0af258080002588a0000000a38c1f
:1011c000410060102598c0003f008010faff022403
:1011d00042008394400063303c0060503400bf8f75
:1011e000040002244400e2100500e32c36006010e5
:1011f000f9ff0224030002244200e25025a8000067
:10120000010002244100e210020003242e00e31436
:10121000f9ff0224800015248000142400a0023c61
:10122000242b528c6cff400f25200002c0180200b6
:1012300021186200c0180300219043020000568e5e
:101240000c00c38e200060102510000000003e8eb0
:101250000000628e24f0c20325b800002528e002b9
:1012600082fb400f0000448e25884000000042941d
:10127000010043300f006010241054000e0055543c
:101280000100f7260800228e0000638e2410430020
:1012900008005e14252820029be4400f2520400210
:1012a000feff07242530000008002526eec6400f6b
:1012b000252000020100f7260c00c28e2b10e2024e
:1012c000e7ff40142528e0023400bf8f3000be8fb6
:1012d0002c00b78f2800b68f2400b58f2000b48f64
:1012e0001c00b38f1800b28f1400b18f1000b08fa4
:1012f0000800e0033800bd2725a80000c7ff001044
:1013000025a00000c5ff0010c000142440001524d3
:10131000c2ff0010400014240800e0030000000099
:020000040000fa
:020000041d02db
:10132000d8ffbd272400bfaf2000b4af1c00b3af6f
:101330001800b2af1400b1af1000b0af259080001c
:10134000520080102598a0000c00828c5200405062
:10135000ffff02241000838c51006050ffff022425
:101360001400908c50000052ffff022409f8400046
:10137000252000022588400039002012feff0224ab
:10138000030024260408047c231091002328020271
:101390000408057cb0ffb4240002822e44004014ef
:1013a000fcff0224a600410fc2a0140025804000cb
:1013b00050004424049d023c7cf042242518000285
:1013c000200045240000498c0400488c0800478c0c
:1013d0000c00468c000069ac040068ac080067ace7
:1013e0000c0066ac10004224f6ff45141000632484
:1013f0000000428c000062ac240004ae540014ae25
:10140000500000ae280004ae2c0014ae300000ae38
:10141000340000ae380000ae0400428e3c0002ae44
:10142000400011ae1000428e440002ae01000724bd
:101430000100062425280000b2cb400f48000426f6
:10144000010003241c004350258800021000428e36
:1014500009f8400025202002fdff02242588000015
:1014600001006056000062ae251020022400bf8fec
:101470002000b48f1c00b38f1800b28f1400b18ffe
:101480001000b08f0800e0032800bd2725888000e9
:10149000f3ff0010ffff0224f1ff00102588000079
:1014a000efff001025880000edff001025880000e8
:1014b000ebff001025880000e9ff00102510000058
:020000040000fa
:020000041d02db
:1014c000d8ffbd272400bfaf2000b3af1c00b2afd0
:1014d0001800b1af1400b0af0f0005242dda400f93
:1014e0000f000424570040103081908f55000012e7
:1014f000020042302b0040100000000052f0400f6c
:10150000000000002588600023f2400f2590400075
:10151000253040002538000025204002304f400f84
:1015200025282002258840001c0002ae0000138ef2
:101530000c00628e1b00401000000000259000008f
:101540002528400282fb400f25206002252840000c
:1015500000004294010043300d00601080004330d1
:101560001d006010000143301400038e0100605024
:101570001800a38c0800a28c231022022b10430019
:10158000040040540100522675e6400f2520000259
:10159000010052260c00628e2b104202e9ff40141b
:1015a000252840025ee6400f2400048626004010f5
:1015b0002400bf8f260002860300401000000000b8
:1015c0009131400f25200002acf1400f2400048629
:1015d000f4ff001000000000140060540c00a28c06
:1015e0000c00a38c231823020200632ce9ff605433
:1015f000010052260c00b1ac2b00a3902c00a4904b
:101600002b20640006008010010063242b00a3a09f
:10161000474e400f25200002deff00100100522639
:1016200000014234daff00100000a2a4d9ff2252c8
:101630000100522675e6400f25200002d5ff00105c
:10164000010052262400bf8f2000b38f1c00b28ff0
:101650001800b18f1400b08f0800e0032800bd27e8
:020000040000fa
:020000041d02db
:10166000e0ffbd271c00bfaf1800b1af1400b0af42
:101670001800838c03000224180062147c80838f7e
:10168000050060507c8080af1000848c04006414de
:10169000010002247c8080af01000224588082afc8
:1016a0001c00bf8f1800b18f1400b08f0800e0033a
:1016b0002000bd27488080af548080a37c8080af0d
:1016c000588080af4c8080af7080828f01004224b0
:1016d000708082aff2ff0010010002247080828fc0
:1016e000f6ff40142580a000edff00122510000039
:1016f0000800038effff63240200632ce9ff6010e3
:101700001c00bf8f00a0023cd02a40acd02a42244b
:10171000040040ac080040ac0c0040ac100040acf1
:10172000140040ac180040ac1c0040ac00a0023ccf
:10173000002b40a00000058e0600a0101e0006240d
:1017400025884000e6fb400f002b4424002b312667
:101750001e0020a20800028e508082af0c00028e74
:10176000688082af1000028e648082af1400028e07
:10177000608082af1800028e5c8082af07d7400f76
:101780000400048e788082af253000007b000524a1
:101790004cfe400f2520000025204000108082a72d
:1017a000ffff0324beff831025100000253000003a
:1017b0007843400f0200052425380000049d063cb4
:1017c00074dcc6240001052481cc400f108084877e
:1017d0004c040624019d053c10b4a524a6e1400f4d
:1017e00015000424b3ff4014748082af71ed400fe4
:0c17f00000000000aaff001025100000ff
:020000040000fa
:020000041d02db
:1017fc00d0ffbd272c00bfaf2800b5af2400b4af7d
:10180c002000b3af1c00b2af1800b1af1400b0afe2
:10181c004b00c0102588c0006bfa400f25a0a0001b
:10182c0054004010258040003000428c08004014c9
:10183c00259820024000028e0004427c3d0040505e
:10184c002588000013e5400f252000022598200272
:10185c00258800003000158e3700a0523600029605
:10186c003600039609006054340002964000028e44
:10187c000004427c330040502510200213e5400f39
:10188c00252000022f00001025102002ffff4430fd
:10189c002b2064000100805425106000259040002e
:1018ac00ffff42302b106202010040542590600271
:1018bc00ffff523231004052340002960500801274
:1018cc00253040023800058eeffa400f25208002ab
:1018dc0021a0920223987202ffff733221885102d9
:1018ec00ffff31323600029623105200360002a65a
:1018fc003400029623105200340002a63800038ee6
:10190c0021187200ffff423008004014380003ae6b
:10191c000000a28e14004010300002ae0c00439464
:10192c00340003a60800428c380002aecaff605691
:10193c003000158e36000296cdff40504000028ece
:10194c00251020022c00bf8f2800b58f2400b48fe7
:10195c002000b38f1c00b28f1800b18f1400b08f11
:10196c000800e0033000bd27340000a6efff001094
:10197c00380000aef2ff001025880000e5ff405053
:0c198c000000a28eb4ff00103000158e89
:020000040000fa
:020000041d02db
:10199800d8ffbd272400bfaf2000b3af1c00b2aff3
:1019a8001800b1af45f6400f1400b0af5300401017
:1019b80080bf133c00a0123ca024502600a0113c7c
:1019c800a023312680bf083c0600072480bf063cc0
:1019d8001060648e000284300a00801088bf023cc8
:1019e8000010033c341043ac2400bf8f2000b38f99
:1019f8001c00b28f1800b18f1400b08f0800e003ec
:101a08002800bd270c00038e0800028e42006210d9
:101a180088bf023c0060028d06004230280047144f
:101a2800402803002110b10000004290ff0042301e
:101a38000100a5242128b1000000a590010063241d
:101a48001800058e2b2865000b2065000c0004aedd
:101a58000060038d060063301d006754ff004230ac
:101a68002060c2ac10000292ff004230d8ff401044
:101a780000000000edf7400f00000000a024438e96
:101a8800d1ff601080bf083c0400058e1c00039243
:101a9800ff00633011006010000000001400038e86
:101aa8002b104300c9ff401406000724a024428ecf
:101ab80009f8400003000424c3ff001080bf083c5d
:101ac8002110710000004290dcff0010ff0042303e
:101ad8002060c2ace3ff0010000000001400038e79
:101ae800b9ff435480bf083ca024428e09f8400047
:101af80003000424b4ff001080bf083c0010023c1f
:101b080088bf033c641062ac88bf033c341062aced
:101b1800b6ff00102400bf8f0010033c641043acd4
:081b2800afff001088bf023c72
:020000040000fa
:020000041d02db
:101b3000d0ffbd272c00bfaf2800b5af2400b4af45
:101b40002000b3af1c00b2af1800b1af1400b0afab
:101b50002588a0002590c00025a0e0004000958cbd
:101b60000000d08c0400c28c360002160400b38c36
:101b70000400c0ac25100000000042ae0400028e3c
:101b8000c439027c040002ae0000428e0400438e81
:101b9000340043540000438c040040ae3200401433
:101ba000000040ae0000628e0400068e0800058e24
:101bb0000c00048e1000038e000062ae040066aebe
:101bc000080065ae0c0064ae100063ae040000ae09
:101bd000080000ae000000ae140000ae0400228e2b
:101be00032004054000050ac040030ae000030ae73
:101bf0000400628e01000324c439627c040062aeda
:101c0000080080122c00bf8f0400628e0003427c0b
:101c1000050040542800b58f8fff400f2520a002fb
:101c20002c00bf8f2800b58f2400b48f2000b38f05
:101c30001c00b28f1800b18f1400b08f0800e003b1
:101c40003000bd27ccff00100000028e0400248e5f
:101c50000400432400e0637c140083ac09000010fe
:101c6000040022ae000043ae000040ac140040acc3
:101c70000400238ef5ff6054000062ac040022ae25
:101c8000000022aec1ff80520000428e0400428c50
:101c90000003427cbdff40540000428e8fff400f86
:101ca0002520a002b9ff00100000428e0400238e00
:101cb0000400022600e0427c140062acccff00105d
:041cc000040030ae3e
:020000040000fa
:020000041d02db
:101cc400d0ffbd272c00bfaf2800b6af2400b5afae
:101cd4002000b4af1c00b3af1800b2af1400b1af12
:101ce4001000b0af77008290010003240f0043106e
:101cf4002580800002000324260043100000000019
:101d0400ffff02242c00bf8f2800b68f2400b58f5c
:101d14002000b48f1c00b38f1800b28f1400b18f51
:101d24001000b08f0800e0033000bd274000838c12
:101d3400f4ff6010ffff0224420082944000839469
:101d440021104300600083942110430062008394b7
:101d540026104300ffff4230720002a6780000a262
:101d64003c81828f82100200500002ae01000624e2
:101d7400020005249e14400f25200002e2ff4010bb
:101d84002c00bf8fe0ff4058ffff0224ddff00104e
:101d940001000224a800410f4c00848c100006248a
:101da400029d053c885fa524a7f6400f252040002e
:101db40025184000d3ff6010ffff0224a800410f44
:101dc4004c00048e00005294a800410f4c00048e75
:101dd4000200429421904202ffff5232a800410fb8
:101de4004c00048e04005694a800410f4c00048e4d
:101df40006005594a800410f4c00048e080054942a
:101e0400a800410f4c00048e0a005394a800410f0f
:101e14004c00048e0c005194a800410f4c00048e19
:101e240060000396211843022190c3022118b202d4
:101e34002118830221186302218823020e00429490
:101e4400218822026200029626102202c2ff00109c
:041e5400ffff42301a
:020000040000fa
:020000041d02db
:101e5800d8ffbd271c00b2af00a0123c1400b0afe1
:101e6800302c508e2400bfaf2000b3af46000012c4
:101e78001800b1af00a0133c2c2c718e3d002052ed
:101e880000a0113c821f10000200022401006250d1
:101e980000e0107e821f110002000224010062503f
:101ea80000e0317e31fb400f000000000000438c51
:101eb8000400428c00a0043c2b280302211062007d
:101ec8000400a014700284242b2802021400a054d9
:101ed8002b18300200e0857c2b2865000900a0142f
:101ee8002b2823020500a0142b2862002b2822028d
:101ef8000e00a054251020022b2862000c00a054cc
:101f0800422704002400bf8f2000b38f1c00b28f2b
:101f18001800b18f1400b08f0800e0032800bd2717
:101f28001c0060102b18220225180002422704000a
:101f3800050005241d00855000a0043c040005246c
:101f4800210085100080043c25184000302c42ae4a
:101f580000a0023c4c2c43ac2400bf8f2000b38f60
:101f68001c00b28f1800b18f1400b08f0800e00376
:101f78002800bd270100023cd02c3126d07e422407
:101f8800c0ff00102188220200a0103cb9ff0010f9
:101f9800d02c102642270400050005240b1023022c
:101fa800e6ff85142518000200a0043c2510440013
:101fb800251864002c2c62ae00a0023c302c43aee5
:101fc800e5ff00104c2c43ac251044002518640094
:101fd8002c2c62ae00a0023c302c43aedeff001079
:041fe8004c2c43ac8e
:020000040000fa
:020000041d02db
:101fec00c8ffbd273400bfaf3000b5af2c00b4af75
:101ffc002800b3af2400b2af2000b1af1c00b0afcb
:10200c0025a080002580a00025a8c0002598e00010
:10201c000040e230160040104800b28f1400a0af10
:10202c00188082271000a2af0000a78c0000c68c7d
:10203c00ec8c400f0f00653225284000f7ff03247d
:10204c0006000424251080000a1065003400bf8fa0
:10205c003000b58f2c00b48f2800b38f2400b28fc2
:10206c002000b18f1c00b08f0800e0033800bd27a2
:10207c0000a0023c6cff400f242b518cc0180200b6
:10208c0021186200c01803002188230225280002b1
:10209c006cbd400f0000248e25804000ebff001229
:1020ac00feff022400000296020043301300601071
:1020bc000229130000206232020040100001a530fa
:1020cc000002a5342c002726253000001cdd400f13
:1020dc00252000020800078e1400a0af188082276c
:1020ec001000a2af0000a68e0f006532ec8c400fe2
:1020fc0025208002d5ff001001000224c0004330cf
:10210c00d2ff601003000224090040520000039625
:10211c001000028e030042aa000042ba1400029280
:10212c00040042a215000292050042a20000039690
:10213c0080006330c5ff60100200022418003126b5
:10214c000400122625284002ffdc400f2520200227
:10215c0000a0023c342b428c0c0002ae252840021d
:10216c0016e0400f25202002b8ff001002000224c8
:020000040000fa
:020000041d02db
:10217c00e0ffbd271c00bfaf1800b2af1400b1af19
:10218c001000b0af258880001800848c0300022456
:10219c0006008210010003241c81828f0a0040106b
:1021ac002580a000010042241c8182af2510600014
:1021bc001c00bf8f1800b28f1400b18f1000b08fad
:1021cc000800e0032000bd270800228e0d004014fb
:1021dc0000000000b800410f00000000f3ff4010a9
:1021ec0025180000b600410f00000000009d053cc2
:1021fc00201ca524d7c8400f25204000ebff001061
:10220c0025180000e9ffa010251800000100072484
:10221c000100062425280000b2cb400f1081842732
:10222c0001000424e1ff44142518000025300000af
:10223c00019d053c3416a524a6e1400f0900042499
:10224c0005004014148182af67f9400f1081842778
:10225c00d6ff0010251800000800248e0800828c80
:10226c000400062409f840000000059611004014f3
:10227c0025904000b800410f0000000007004010fe
:10228c0000000000b600410f00000000009d053c5e
:10229c00441ca524d7c8400f2520400067f9400fe7
:1022ac0010818427fbf8400f1481848fbfff00102e
:1022bc0025180000f8ef400f252000000800238ea1
:1022cc00208183af00000396248183af0200039624
:1022dc00188183a7288192af1c81838f010063240e
:1022ec001c8183af2528400001f2400f25200000ff
:1022fc007ff9400f10818427acff001001000324ec
:020000040000fa
:020000041d02db
:10230c0000a0023c700242245e0044140000000055
:10231c0000a0023c8402429001004230590040105f
:10232c0000000000e0ffbd271c00bfaf1800b1afdc
:10233c001400b0af00a0103c700210263800118eb3
:10234c001000228e09f840000800048e1000038e45
:10235c00010002241d00621400a0023c7c02508c7f
:10236c001c00228e09f840002520000201000324e5
:10237c00170043101c00bf8f2000228e09f840006c
:10238c0025200002160040102580400000a0113cc2
:10239c008bac400f7002242670023126ffff022402
:1023ac00b800410f100022ae090040101c00bf8f76
:1023bc00b600410f0000000025300002009d053cd6
:1023cc000000a524d7c8400f252040001c00bf8f5b
:1023dc001800b18f1400b08f0800e0032000bd2757
:1023ec0000a0023c7002422414004390010004241b
:1023fc008410837c140043a03000468c0100c23052
:10240c001700401000a0023c70024224ff00633011
:10241c00c418837c140043a040f0400f00a0103c73
:10242c007002102623f2400f700002ae2e000396ad
:10243c0002186270e70363246210023cd34d4224fd
:10244c00190062001018000082190300740003ae1a
:10245c00840000ae02000224dcff0010100002ae6b
:10246c000200c6300100c0540f00062400a0043c3a
:10247c007002842447b2400f6c00858ce6ff00107c
:0c248c00000000000800e0030000000059
:020000040000fa
:020000041d02db
:1024980088ffbd277400bfaf7000b5af6c00b4af44
:1024a8006800b3af6400b2af6000b1af5c00b0af1a
:1024b8000f0005242dda400f0600042401004230e5
:1024c80007004010f2ff1324f6ff1224080011241d
:1024d8008ce3400f060004240a00401425804000c5
:1024e8007400bf8f7000b58f6c00b48f6800b38f15
:1024f8006400b28f6000b18f5c00b08f0800e00309
:102508007800bd271c00148e2c0006960800c22ceb
:10251800390040141800158e25380000252880023f
:102528000aa0400f2520000234004014252840024c
:102538000000829631005114f3ff05241000a526ef
:1025480053e8400f2800048e2c004014f1ff0524a6
:102558002800148e1c00048e000080a0010080a0ba
:102568000200829425284000ff0046300800c3245a
:10257800ff0063300438657c0800632c0700601096
:10258800003a427c01004224ff004230030040141c
:10259800047a457c0900c6240438c57c020085a459
:1025a800000000ae25300000010005246c9f400f9c
:1025b800252000021800028e0c00438c4800a3afaf
:1025c8001000428c4c00a2af5000b4af2530000080
:1025d80025280002f256400f1000a427bcff401423
:1025e80006000624faff0524dae1400f2520000240
:1025f800b7ff00100000000025286002060006242e
:10260800dae1400f25200002b1ff001000000000b1
:08261800faff0010f3ff052496
:020000040000fa
:020000041d02db
:10262000e0ffbd271c00bfaf1800b2af1400b1af70
:102630001000b0af2590800081fa400f2580a000e7
:102640002588400049002012251000003c00062487
:1026500025280000d2fb400f25200002770022929f
:10266000020003244700431401000324a800410f83
:102670004c00248e030046880000469807004588d9
:10268000040045980b004488080044980f004388d4
:102690000c004398070006aa040006ba0b0005aa1e
:1026a000080005ba0f0004aa0c0004ba130003aa1c
:1026b000100003baaa00410f4c00248e0300468884
:1026c0000000469807004588040045980b004488a0
:1026d000080044980f0043880c004398170006aa8e
:1026e000140006ba1b0005aa180005ba1f0004aaa8
:1026f0001c0004ba230003aa200003ba020002242b
:10270000000002ae60002296240002a6620022961b
:10271000260002a64800228e280002ae76002292f1
:102720002c0002ae1800228e1400238e23104300ca
:10273000300002a60400228e0000238e23104300e6
:10274000320002a6a3f4400f25202002340002a686
:102750009bdb400f25204002360002a67aef400f97
:1027600025202002380002ae010002241c00bf8f89
:102770001800b28f1400b18f1000b08f0800e00372
:102780002000bd27e0ff4354600022964000228ec7
:10279000040002ae4400228e140002ae01000224a6
:0827a000d8ff0010000002ae9a
:020000040000fa
:020000041d02db
:1027a800f00002245800a210f100a32827006010ae
:1027b80025100000c00003245300a310c100a32863
:1027c800220060109100a3281d0060108000a3283b
:1027d8001e00601480ffa5241100a22c4f00401099
:1027e80080280500029d023c04284224211045004f
:1027f8000000428c0800400000000000bc28029d38
:10280800bc28029de828029d2429029d5c28029d7f
:102818002429029d2429029d2429029d9828029d8d
:102828002429029d2429029d2429029d2429029df0
:102838002429029d2429029d2429029de828029d1d
:10284800a00003242200a3500000e28c0800e0034b
:10285800000000000000e28c040043240000428cc9
:102868000600c0100000e3ac2016027c000082ac19
:10287800c317020004000010040082acffff4230be
:10288800000082ac040080ac0800e00301000224d0
:102898000000e28c040043240000428c0300c010b6
:1028a8000000e3acf1ff00102014027cf4ff0010dc
:1028b800ff0042300000e38c0000628c04006324b7
:1028c800efffc0100000e3ace9ff0010000082ac8d
:1028d800040043240000e3ace4ff00100000428c35
:1028e8000000e28c070042240410027c0000488c9f
:1028f8000400498c080042240000e2ac000088acc7
:10290800e1ff0010040089ac0000e28c04004324bd
:102918000000e3acdaff00100000428c2510000034
:082928000800e00300000000bc
:020000040000fa
:020000041d02db
:102930004452565f4554485048595f4f70656e0089
:102940005f4452565f5048595f534d495472616e0f
:102950007366657257616974436f6d706c657465f9
:10296000000000005f4452565f5048595f534d4984
:102970005472616e73666572537461727400000004
:102980004452565f4554485048595f496e697469ce
:10299000616c697a65000000d88b039d0069029d17
:1029a0006c43039d1473039d6085039dac98029d49
:1029b00044cf039da072039d08cf039d6479039dbe
:1029c000804e039d40c5029dccd5039d34f0039df0
:1029d00098f2039d108b039d845b029dc8a6039d06
:1029e0009ce7039d70e7039d90c4039d18bb039d66
:1029f000249e029dac97039dac91039d4c91039d39
:102a00009084039d147f039dec90039dc4c3039d9c
:102a10004ce1039d18f4029d0cf0029da8f7039d64
:102a2000b8f2039d7ce1039d80cf039d1830039d88
:102a30005402039d04d6039df884039dc4f7039daf
:102a40003cd6039d20eb029d2c72039d18b3039d81
:102a5000ccb2039d80b2039d34b2039d7c3f029da6
:102a600074d6039da08c039df0e0029dbccf039d16
:102a700068bc029dc060039dacd6039d7052039d4f
:102a80000898039d10ca029d9c8f029de4f4029d4c
:102a9000e05c029de0b4039d3002049d94b4039d6c
:102aa00048b4039dfcb3039db0b3039d64b3039d81
:042ab000e8b1039de9
:020000040000fa
:020000041d02db
:102ab4005e00801053ff0224e0ffbd271c00bfaf5f
:102ac4001800b2af1400b1af1000b0af2580800081
:102ad400200091246000828c01004324600083acb8
:102ae4002110220280ff0324000043a06000848c94
:102af4003900822c1d00401440001224233044026b
:102b040025280000d2fb400f21202402600012aed1
:102b14002520200260000726ff00063cff00c62493
:102b240000ff053c00ffa5340000838c0212030063
:102b340024104600001a03002418650025104300e1
:102b440002142200000082ac04008424f7ff87549e
:102b54000000838c25282002023e400f252000021d
:102b64002d0040141c00bf8f600000ae6000048e76
:102b7400380006242330c40025280000d2fb400f6f
:102b8400212024026400038e6800028ec01002001b
:102b94004227030021104400680002aec01803005d
:102ba400640003ae2000042660000726ff00063cf4
:102bb400ff00c62400ff053c00ffa5340000838c01
:102bc4000212030024104600001a030024186500b2
:102bd4002510430002142200000082ac0400842467
:102be400f7ff87540000838c6b00028a6800029a06
:102bf4005b0002aa580002ba6700028a6400029ac3
:102c04005f0002aa5c0002ba25282002023e400f9f
:102c1400252000021c00bf8f1800b28f1400b18f52
:102c24001000b08f0800e0032000bd270800e00377
:042c3400000000009c
:020000040000fa
:020000041d02db
:102c3800d0ffbd272c00bfaf2800b5af2400b4af2c
:102c48002000b3af1c00b2af1800b1af1400b0af92
:102c580025a880002588a0002598c0006bfa400fa1
:102c68002590e00025804000480000122510000053
:102c7800050020163c001492450080162c00bf8fda
:102c8800200000103c0011a2ffff24260200842c23
:102c98003e00801025100000270080524000028e60
:102ca8003b0091162c00bf8f4000028e448c027ca2
:102cb800400002ae130040123c0011a22530400231
:102cc8002528200248c7400f2520a00206004014ee
:102cd800010004243c0014a24000038e448c837c31
:102ce8002a000010400003ae3f0002920400423068
:102cf80005004054280013a64000028e0421027cdf
:102d0800400002ae280013a63f00029201004230a4
:102d1800040040144000028e8410027c400002ae81
:102d28004000028e01000324448c627c400002ae05
:102d38001600001001000224448c027c400002ae00
:102d480002000224dbff2216000000002400048e8b
:102d580005008014010006249400410f00000000c3
:102d680025204000010006249da3400f25280002cd
:102d78000c00028ecfff4014010003244000028e95
:102d8800448c627c400002ae251000002c00bf8fee
:102d98002800b58f2400b48f2000b38f1c00b28f99
:102da8001800b18f1400b08f0800e0033000bd2771
:020000040000fa
:020000041d02db
:102db800ffff8324ffff63300a00642c5a00801051
:102dc80025100000201e037cc010030021104300c2
:102dd8008010020000a0043ca01c842421104400a0
:102de800000044905000801025100000e8ffbd2727
:102df8001400bfaf00a0023cc020030021208300c4
:102e080080200400a01c42242110440004004294a5
:102e18002000423029004010c020030000a0023cde
:102e28002120830080200400a01c4224211044009b
:102e380002004590040004241400a4142510000086
:102e480000a0023cc0200300212083008020040051
:102e5800a01c4224211044000c00428c2000458c08
:102e68000d00a014c010030000a0023cc020030005
:102e78002118830080180300a01c4224211043005d
:102e8800ffff0324030043a0251000001400bf8f98
:102e98000800e0031800bd2721104300801002003d
:102ea8001c00422400a0043ca01c842409f8a000b3
:102eb80021208200f5ff0010ffff4230212083000f
:102ec8008020040000a0053ca01ca524212085002a
:102ed8000800848c4c00858c0a00a05400a0023c99
:102ee80000a0043cc02803002128a3008028050076
:102ef800a01c832421186500ffff0424e3ff0010b1
:102f0800030064a0c0200300211883008018030078
:102f1800a01c42242110430009f8a00006004484a4
:102f2800dbff00101400bf8f0800e0030000000062
:020000040000fa
:020000041d02db
:102f3800d3e160c35b99f340b2628264d1751060db
:102f4800e0045da383ff57a57d73a673d2b8d80d9f
:102f5800aaf6a6c35a91bb4579d73fd0c8fed1116e
:102f6800b0391306828adfed528f018121b3febd8d
:102f7800c343e797b87dbb63db1333ded9d1ece1fc
:102f880077cfa6b71fe8ab1da46624ed6415e51c32
:102f9800cde2c7ca86e283990eeaeb911204155274
:102fa8008b2295910281b02dd431f4c9f70427df23
:102fb800a65ad0f345db4e0effe875c3a2e71f42c1
:102fc800c7129d620ff5c119a9ef55f05185e0fbb5
:102fd8008581f9317517276e06e9607ddbcbcc2e2c
:102fe80004eec63bb231df2c630a1afbe724949d3a
:102ff800005a587851e1aa795e477347c8b05662bb
:103008001c18bddcdd8d99fc5fc2b92053d8cfac4c
:10301800fb0bb8831205fad1ddd6c071318a60186e
:10302800f03b73f5ede4d4d071f9de03fd7aea10d4
:103038005d9299b8af99aa075bdb4db9aa28c18df3
:10304800174b56ee2a014d098896ff2282c955a8ca
:103058001969e069fa8ce007a180183a07dfae1712
:10306800e62b8a8ee8f141b6980566e3bfe3c049ce
:1030780003dad4ac2cdf9f2280010a6739bc83d3e2
:1030880063363377e41e86468deb0ab4a8ed683fb5
:103098006a134e47e014c700454e81e95358a569a5
:1030a800808aa38f2a72a62359915a9f8a04ca68d4
:020000040000fa
:020000041d02db
:1030b800d8ffbd272400bfaf2000b3af1c00b2afbc
:1030c8001800b1af1400b0af00a0023c7002422457
:1030d80023004414258000002588a0002580c00016
:1030e80000a0023c2600c010b002528c00a0023c96
:1030f800fc02428c0300401000a0023c2fe9400f64
:10310800f802448c01eb400f2520200200a0033c6c
:10311800700263248c00648c252024028c0064ac2b
:103128009400658c2528a2000d008010940065ace1
:10313800259860009800718c278811002488220245
:10314800252820024000410f252040022528200282
:103158004300410f2520400296fb400f8800648ef3
:10316800251000022400bf8f2000b38f1c00b28fef
:103178001800b18f1400b08f0800e0032800bd27a5
:1031880000a0023cfc02508c0500001225980000ab
:1031980000a0023c2fe9400ff802448c259840001b
:1031a8002480110201eb400f2520000225884000f1
:1031b8002718100000a0103c700210268c00028e08
:1031c800241043008c0002ae271011009400048ed6
:1031d80024208200940004ae9000048e2418640019
:1031e800900003ae9800038e24104300980002aeae
:1031f800252820024600410f2520400225282002cc
:103208004000410f252040028c00028ed4ff401060
:10321800010010242b28130000a0023cadfa400f37
:0c322800f802448ccfff001025100002bb
:020000040000fa
:020000041d02db
:10323400c8ffbd273400bfaf3000beaf2c00b7af0e
:103244002800b6af2400b5af2000b4af1c00b3af64
:103254001800b2af1400b1af1000b0af25b0a00099
:1032640025a8c00025b8e0005000b38ffcff6226fb
:103274000200422c060040144c00be8f2000a22cf9
:10328400450040102000c22c44004010faff1124d5
:10329400c4d3400f010005244200401025a0400083
:1032a4000400528c04004296020043303700601040
:1032b400080042303300401425800000b9f5400f67
:1032c40084004426258040001d0040100200112483
:1032d4000f0044900100843806010624029d053c39
:1032e4007c60a524fef3400f0100842cff007332a0
:1032f4000c0013a2040016a6060015a64800a28f0f
:103304000d0002a2080017ae010002240e0002a262
:103314000300022404006216100014ae0400429656
:1033240008004234040042a6252800026bf8400f2e
:1033340090004426020002240f0002a22588000007
:103344007ff9400f252040020100c0570000d1af93
:10335400251000023400bf8f3000be8f2c00b78fc1
:103364002800b68f2400b58f2000b48f1c00b38fc3
:103374001800b28f1400b18f1000b08f0800e00362
:103384003800bd27eeff0010f8ff1124258000004f
:10339400ebff0010fcff1124fbff1124eaff0010d7
:0c33a40025800000fdff0010ffff112439
:020000040000fa
:020000041d02db
:1033b000d0ffbd272c00bfaf2800b6af2400b5afab
:1033c0002000b4af1c00b3af1800b2af1400b1af0f
:1033d0001000b0af2588800025b0a00025a8c0004f
:1033e00025a0e0004000b28f00a0023c682b508c6a
:1033f000050000124400b38f2000028e0800423006
:10340000090040501800048e49f4400f00000000ed
:1034100025804000320000122510000000a0023c70
:10342000682b50ac1800048e01000224000082a416
:1034300000080224020082a406000224040082a0e4
:1034400004000224050082a02f006016060096a446
:103450003c00228e0b0082a8080082b84000229611
:103460000c0082a4110095a80e0095b80300428ab2
:103470000000429a150082a8120082b8040042920d
:10348000160082a005004292170082a01b0094a89b
:1034900046f1400f180094b81000028e1c0003245f
:1034a0000c0043a46efb400f2520200206080724d1
:1034b000253040002528400217ce400f252000026d
:1034c0000700401025280002000000ae280011aec1
:1034d000a5e3400f2520200227100200c21702009a
:1034e0002c00bf8f2800b68f2400b58f2000b48f2a
:1034f0001c00b38f1800b28f1400b18f1000b08f72
:103500000800e0033000bd270300628a0000629ad1
:103510000b0082a8080082b8040062920c0082a00e
:0c35200005006292cfff00100d0082a099
:020000040000fa
:020000041d02db
:10352c00d8ffbd272400bfaf2000b4af1c00b3af41
:10353c001800b2af1400b1af1000b0af3400c0101f
:10354c002588c00081fa400f2598a0004f0040103c
:10355c0025804000a3f4400f252040004d00401072
:10356c0025904000251020022b8851020100205686
:10357c0025104002ffff51302000058e1800028eee
:10358c002118b1002b1843000d00601025a000007d
:10359c00231045000100422405006012ffff543047
:1035ac0025308002effa400f25206002219874022a
:1035bc0023883402ffff31321400028e200002ae49
:1035cc0004006012253020022000058eeffa400f17
:1035dc00252060022000028e21105100200002ae36
:1035ec0021883402ffff313267ce400f25200002c4
:1035fc0007004014239051022a9032020d0040160d
:10360c00010003243e000296c439627c3e0002a6ef
:10361c00251020022400bf8f2000b48f1c00b38f14
:10362c001800b28f1400b18f1000b08f0800e003a7
:10363c002800bd273e00029604004230f5ff4014de
:10364c00251020023e0002968410627c40f0400f50
:10365c003e0002a63c81848f4018040021186400af
:10366c00c018030021186400c01803006210043c49
:10367c00d34d842419006400101800008219030033
:10368c0021186200e2ff0010280003aee0ff0010da
:0c369c0025880000deff0010258840009b
:020000040000fa
:020000041d02db
:1036a800e0ffbd271c00bfaf1800b1af1400b0afda
:1036b8002588a00081fa400f2580c0002518400009
:1036c8002200601025100000210000121c00bf8f8e
:1036d8000c00222e4f00401080881100029d023cf1
:1036e800fc364224211051000000428c08004000a2
:1036f800000000002c37029d6837029d8c37029d20
:10370800a437029d1c38029d1c38029dc037029dbb
:103718001c38029dd437029de837029dfc37029d74
:103728000c38029d74006294400042388001427c4b
:10373800000002a27400629480004238c001427cfa
:10374800010002a2020000a6010002241c00bf8f93
:103758001800b18f1400b08f0800e0032000bd27c7
:103768003e0062948003427c000002a270006294d2
:10377800020002a684006290040002a2f3ff001077
:10378800010002241800628c1400638c231043008b
:10379800000002a6edff0010010002240400628c64
:1037a8000000638c2310430001004224000002a69d
:1037b800e6ff00100100022474006294c002427cfb
:1037c800000002a2e1ff0010010002243c00628c0c
:1037d800000f427c000002aedcff00100100022452
:1037e8003e006294c2130200000002a2d7ff00103c
:1037f8000100022485006290000002a2d3ff00109d
:103808000100022486006290000002a2cfff00108f
:0c38180001000224cdff0010251000006c
:020000040000fa
:020000041d02db
:103824005c00801053ff0224e0ffbd271c00bfafe3
:103834001800b2af1400b1af1000b0af2580800003
:103844004e00a0102588a0000c0092240000828c59
:1038540001004324000083ac2110420280ff0324b2
:10386400000043a00000848c3900822c090040141d
:10387400400006242330c40025280000d2fb400f5a
:103884002120440225284002f811400f252000027f
:10389400000000ae0000048e380006242330c4006b
:1038a40025280000d2fb400f212044020400038e8f
:1038b4000800028ec01002004227030021104400b9
:1038c400080002aec0180300040003ae0700028a19
:1038d4000400029a470002aa440002ba0b00028aba
:1038e4000800029a4b0002aa480002ba25284002a6
:1038f400f811400f252000024f00058a4c00059a5c
:103904005300048a5000049a5700038a5400039a0f
:103914005b00028a5800029a030025aa000025ba17
:10392400070024aa040024ba0b0023aa080023ba1f
:103934000f0022aa0c0022ba4567023c012342244c
:103944004c0002aecdef023c89ab4234500002aed3
:10395400ba98023cfedc4234540002ae3210023cff
:1039640076544224580002ae000000ae040000aebb
:10397400080000ae600000ae251000001c00bf8fe0
:103984001800b28f1400b18f1000b08f0800e0034c
:0c3994002000bd270800e0030000000038
:020000040000fa
:020000041d02db
:1039a000c8ffbd273400bfaf3000beaf2c00b7af9b
:1039b0002800b6af2400b5af2000b4af1c00b3aff1
:1039c0001800b2af1400b1af1000b0af3900a018aa
:1039d000259800002580800025a0a0000100d73098
:1039e00025b0e0024000d57c0400d230039d1e3c8f
:1039f00022000596f2ffa5245c00028e253000000f
:103a0000ffffa53009f840003800042429004010c9
:103a1000258840000600e05290dcc2271000438c4d
:103a20001000629404004234100062a490dcc227ab
:103a3000080022ae0700a0120c0030ae1000228e4b
:103a40000e004594f0ffa530220005a6c6f9400ff0
:103a50004000048e28004012000020ae6800028e54
:103a6000030040100500052409f84000e400042686
:103a70001000258e2538c002010006240800a52468
:103a80009b6d400f2520000225a840006800028e93
:103a9000030040100600052409f84000e400042655
:103aa0001100a052010073266000028e09f8400048
:103ab00025202002251060023400bf8f3000be8f09
:103ac0002c00b78f2800b68f2400b58f2000b48f4c
:103ad0001c00b38f1800b28f1400b18f1000b08f8c
:103ae0000800e0033800bd27c1ff931625a8000099
:103af000f0ff0010259880021000258e2538c002a6
:103b0000010006240800a5249b6d400f252000021b
:083b1000e3ff001025a84000ae
:020000040000fa
:020000041d02db
:103b1800d0ffbd272c00bfaf2800b4af2400b3af3f
:103b28002000b2af1c00b1af1800b0af25808000f4
:103b3800040002241500a2100400918c0000828c5d
:103b48000000428c009d053c4414a52409f840005f
:103b5800252020020000028e0000428c009d053cba
:103b68007014a52409f84000252020022c00bf8fde
:103b78002800b48f2400b38f2000b28f1c00b18faf
:103b88001800b08f0800e0033000bd2725a0c00052
:103b9800c8da400f0400c48c25904000ffff42247f
:103ba8000200422c08004014009d053c0000028ed3
:103bb8000000428c9414a52409f840002520200216
:103bc800ebff00102c00bf8f07d7400f0800848e32
:103bd80009004014259840000000028e0000428c25
:103be800009d053c6c10a52409f840002520200202
:103bf800dfff00102c00bf8f1000a527cf75400fe6
:103c08000c00848e08004014009d053c0000028ec4
:103c18000000428cf812a52409f840002520200253
:103c2800d3ff00102c00bf8f0100022410004216a1
:103c38001000a5271efa400f252060021000401032
:103c4800009d073c009d073c3c14e7240000028ec1
:103c58000400428c25304002009d053ca814a52490
:103c680009f8400025202002c1ff00102c00bf8f5a
:103c780029fa400f25206002f0ff00100000000024
:083c8800f2ff0010ac1ce72460
:020000040000fa
:020000041d02db
:103c9000c0ffbd273c00bfaf3800b4af3400b3afa6
:103ca0003000b2af2c00b1af2800b0af258080004b
:103cb0000200a228460040140400928c2588a0002f
:103cc0002598c0000400d48c009d053c8c16a524ca
:103cd00005fb400f25208002150040140300312a07
:103ce0003c0020560000028e07d7400f0800648e6b
:103cf00027004014252040000000028e0000428c66
:103d0000009d053c6c10a52409f8400025204002c8
:103d10003c00bf8f3800b48f3400b38f3000b28fb7
:103d20002c00b18f2800b08f0800e0034000bd27b1
:103d3000009d053c9016a52405fb400f2520800220
:103d4000240040540000028e9400410f0000000047
:103d5000140006241000a527bfd4400f25204000e2
:103d6000030040141000a627009d063ccc14c62476
:103d70000000028e0400428c009d053cb016a52474
:103d800009f8400025204002e2ff00103c00bf8ff0
:103d90005afb400f000000000b004010009d063c45
:103da000009d063c7816c6240000028e0400428c5a
:103db000009d053c9416a52409f8400025204002ea
:103dc000d4ff00103c00bf8ff7ff00108416c624fc
:103dd0000000028e0000428c009d053ccc16a524fc
:103de00009f84000252040020000028e0000428cad
:103df000009d053cf016a52409f84000252040024e
:083e0000c4ff00103c00bf8f5d
:020000040000fa
:020000041d02db
:103e080000a0033c7002632458006414faff0224e3
:103e1800e0ffbd271c00bfaf1800b2af1400b1af60
:103e28001000b0af2580a0002600a0102588c00093
:103e380000a0023cd802428c040040100500052472
:103e480000a0043c09f840005403842400a0053c69
:103e58006003a52400a0123cbef0400f7002442667
:103e680000a0053c6403a524cff0400f700244264f
:103e7800700252266800428e040040100600052495
:103e880000a0043c09f840005403842400a0023c2c
:103e980070024224ec00478cf000468cf400458cfc
:103ea800f800448cfc00438c0001428c000007aef3
:103eb800040006ae080005ae0c0004ae100003ae08
:103ec800140002ae230020122510000000a0023cbe
:103ed800d802428c040040100500052400a0043cd0
:103ee80009f840005803842400a0053c7803a52461
:103ef80000a0103ce0f0400f700204267002022679
:103f08000801438c4c00448c21186400080143ac20
:103f18006800428c040040100600052400a0043c00
:103f280009f840005803842400a0023c700242248f
:103f38000401458c0801448c0c01438c1001428c0f
:103f4800000025ae040024ae080023ae0c0022ae0b
:103f5800251000001c00bf8f1800b28f1400b18f0d
:103f68001000b08f0800e0032000bd270800e00320
:043f78000000000045
:020000040000fa
:020000041d02db
:103f7c00e8ffbd271400bfaf1000b0af02f1400f37
:103f8c0025808000500040101400bf8f2000039645
:103f9c00010062302f004010220005960020a33053
:103fac0005000224010004240a1083000004a3303d
:103fbc00030060102530000010004234010006247c
:103fcc000008a33003006010254800002000423494
:103fdc000100092434000496240007962600089654
:103fec000800038e00080a310400401101006390a0
:103ffc000002ea301f0040550a0005240004083175
:10400c00030000110001e7301000e0540c000524ff
:10401c0024208500000185301600a0141200052410
:10402c00800085300900a014140005244000853060
:10403c002800a014200084300400801424000524df
:10404c000400027c002042342528000014000010db
:10405c0025180000100063300b0002240300042418
:10406c000a108300254800000b480300d9ff0010fc
:10407c0025302001010067304320030024208900f3
:10408c002540c4002418680023180300080063307e
:10409c002520870024208600802004002518640039
:1040ac002800048e0500805025280000000082acfa
:1040bc00040085ac080083ac2528000067ec400f99
:1040cc00252000021400bf8f1000b08f0800e00301
:1040dc001800bd27e7ff001022000524dbff0010ad
:0440ec001400052493
:020000040000fa
:020000041d02db
:1040f0000300a2904000423058004010fe0002240d
:10410000e0ffbd271c00bfaf1800b2af1400b1af75
:104110001000b0af258880001000a3900600621444
:104120002580a0001100a290c0004230800003242e
:10413000300043101c00bf8f0b00028a0800029a57
:104140000700038a0400039a2b1062002800401421
:104150001000122625380000020006922528400291
:1041600079b6400f25202002270040540b00038a17
:104170000700028a0400029a1d0040104000022439
:10418000020003921a006214400007242530400206
:1041900000a0123cc02a452634cb400f2520200227
:1041a0002538000025300000c02a4526d171400f77
:1041b000252020020e0040102588400002000292b7
:1041c000240022a20b00028a0800029a1f0022aae1
:1041d0001c0022ba0700028a0400029a1b0022aacd
:1041e00040f0400f180022ba230022aa200022ba71
:1041f0001c00bf8f1800b28f1400b18f1000b08f59
:104200000800e0032000bd270800039a1f0043a810
:104210001c0043b80700048a0400049a211c832c64
:10422000070060501b0044a81b00438818004398f7
:104230002b2864000400a050211c632c1b0044a800
:10424000ebff0010180044b8e9ff6014201c0324a1
:104250001b0043a8e6ff0010180043b80800e00365
:04426000000000005a
:020000040000fa
:020000041d02db
:10426400d8ffbd272400bfaf2000b3af1c00b2affe
:104274001800b1af1400b0af2580a0002800a01032
:104284002588a00025888000250080102598c0007e
:104294009ff7400f00000000259040000800622ea8
:1042a4004a00401080981300029d023cc4424224fc
:1042b400211053000000428c080040000000000060
:1042c400e442029d6043029d4c43029d7443029d5f
:1042d400d043029d8843029da043029db843029da2
:1042e4000400058e55df400f2520200225280002fa
:1042f400adde400f480044260000428e04005014f6
:104304000000118e0e0020524800428e000051ae73
:104314009481848f0c00828c09f8400025280002c7
:10432400251020022400bf8f2000b38f1c00b28f01
:104334001800b18f1400b08f0800e0032800bd27d7
:10434400f3ff0010000042ae25280002adde400f4e
:1043540054004426eeff00100000118e25280002b0
:10436400adde400f3c004426e9ff00100000118e32
:1043740025280002adde400f60004426e4ff001053
:104384000000118e2528000215eb400f040044267e
:104394000300118adeff00100000119a2528000294
:1043a40015eb400f100044260300118ad8ff0010bb
:1043b4000000119a2528000215eb400f1c0044262a
:1043c4000300118ad2ff00100000119ad0ff0010e0
:0443d4002588000038
:020000040000fa
:020000041d02db
:1043d800c8ffbd273400bfaf3000b3af2c00b2af69
:1043e8002800b1af2400b0af258080002520a000b0
:1043f8004000138e1c00a0af1800a0af1400a0af9f
:104408001000a0af1800a6270ab2400fe000058ee2
:1044180025884000010012241800a38f1c00a28fd9
:104428002e0062540000628c1c00a0af2c006014a7
:104438001800a0af1000a28f05004010010007244b
:104448001000a627e000058ecc86400f252000022c
:10445800251020023400bf8f3000b38f2c00b28f9c
:104468002800b18f2400b08f0800e0033800bd2772
:104478000400642400e0847c140044ace6ff0010cf
:104488001400a3af000060ac140060ac0400828c80
:104498000c004054000043ac040083ac000083ac23
:1044a800080060ac0400628c0003427cdbff4054cf
:1044b8001800a38f8fff400f25206002d7ff001040
:1044c8001800a38f0400858c0400622400e0427c5d
:1044d8001400a2acf2ff0010040083ac1800a2afd5
:1044e8000400628c4002427ce6ff4050dc00048eef
:1044f8000400628cc45a027c040062ac0400628c22
:1045080084f7027c040062ac0400628cc4ff027c65
:10451800040062ac0400628cc439427e040062acc0
:10452800000060ac140060ac1400a28fd0ff4054af
:10453800000043ac1400a3afb7ff00101000a3aff6
:020000040000fa
:020000041d02db
:10454800c8ffbd273400bfaf3000b2af2c00b1aff9
:104558002800b0af258080002588a000d6fc400f39
:104568002520a0001800a2afdefc400f2520200265
:104578001c00a2af340012261000a0af253800009e
:104588003c000626252840022fcc400f252020027b
:1045980061000292020042300300401038000526f4
:1045a800fefe400f252020024200229620004230c5
:1045b8000e004010040006246100029208004230f8
:1045c800030040104000052604ff400f252020026c
:1045d80061000292100042302e004010440005266f
:1045e8000aff400f252020020400062401000524ac
:1045f800b0d8400f25202002025007242530400261
:10460800252840024dd1400f252020023400038e7a
:104618003c00028e241862001800a28f1c00a48f90
:104628002410440005006210040007241c00a6277b
:104638001800a5276084400f252020022c00028e38
:10464800300002ae090002245e0002a66000029259
:10465800010003244408627c0421627c4429627cb2
:10466800c439027c600002a2253800002530000011
:10467800080005245372400f252020023400bf8f04
:104688003000b28f2c00b18f2800b08f0800e003f3
:104698003800bd272000a0af2000a5270aff400f43
:0c46a80025202002d1ff00100400062491
:020000040000fa
:020000041d02db
:1046b400c8ffbd273400bfaf3000b7af2c00b6af82
:1046c4002800b5af2400b4af2000b3af1c00b2afd4
:1046d4001800b1af1400b0af44008010259800005a
:1046e40025a0800025a8a00025b0c0002588e000f2
:1046f400bbb9400f0b0005243c004010258040004e
:104704003a0020122598200225b8a0020c000010bf
:1047140025980000020040102520200240000424b7
:104724009de0400fffff84303000401025804000a2
:104734000c00062425288002c06f400f252040006d
:10474400060003960400029623104300ffff423044
:1047540018004010259040000000048e2b10220207
:10476400020040102120830025902002030002242f
:104774001500c216ffff523225304002effa400ff7
:104784002528e0020600029621104202060002a635
:104794000400829621104202040082a62388320279
:1047a400ffff31322198530210002012ffff7332b1
:1047b40021b8f2020c00108ed6ff00124000222e07
:1047c400e0ff001006000396020002240600c21651
:1047d4002530400225288000f1eb400f2520a0025f
:1047e400e9ff0010060002962598000025106002db
:1047f4003400bf8f3000b78f2c00b68f2800b58fe0
:104804002400b48f2000b38f1c00b28f1800b18f26
:0c4814001400b08f0800e0033800bd273e
:020000040000fa
:020000041d02db
:10482000e0ffbd271c00bfaf1800b2af1400b1af4e
:104830001000b0af00a0023ca82742243400438cf3
:104840001400448c100044ac4300601000a0023cf3
:104850000c00628c3800410400a0023ca8274224ce
:104860001400428cff7f103cffff10362180500067
:10487000258800022b80020200a0123ca8275226a5
:104880000400428e1800428c09f84000000000002d
:10489000251800001000448e2b20440003008010d7
:1048a00000a0043c2b180200ffff4224c827848c80
:1048b000212882002b30a4002118c3002b300302d2
:1048c0000500c054212082002b0070142b282502e3
:1048d0002900a0102120820000a0023ca827422429
:1048e0001c0044ac00a0023ca82742241c00428cbf
:1048f0000400401400a0023ca82742240100032425
:104900001c0043ac00a0023ca82742241c00448c9d
:104910000400428c1400428c09f8400000000000a2
:104920001c00bf8f1800b28f1400b18f1000b08f21
:104930000800e0032000bd270c00708c00a0023ca2
:10494000a82742241400428c2180500025880002b0
:10495000c9ff00102b800202a82742241400428cb9
:10496000ff7f103cffff1036218050002588000299
:10497000c1ff00102b80020200a0023ca8274224a5
:0c4980001c0051acd8ff001000a0023c4d
:020000040000fa
:020000041d02db
:10498c00d0ffbd272c00bfaf2800b5af2400b4afbb
:10499c002000b3af1c00b2af1800b1af1400b0af21
:1049ac0025888000f8ef400f2520000025284000c6
:1049bc005881838f01000224430062145481828f3a
:1049cc004500401802000224588182af01f2400fca
:1049dc00252000004c81828f240040501800238e2b
:1049ec001400228e0100132404985300259000001b
:1049fc0001001424801812005c81828f2110430066
:104a0c000000508c14000052010052266cff400f25
:104a1c004800048e0f00400404105400241053006e
:104a2c000c004010002006243c00158e0004b57ebe
:104a3c003e0002960400827e3e0002a6252800005d
:104a4c008ac1400f252000023e0002960400a27e7f
:104a5c003e0002a6010052264c81828f2b1042028e
:104a6c00e5ff4014801812001800238e0200022467
:104a7c00120062145481828fffff42240f004014f5
:104a8c00548182afc4d2400f0000000067f9400f80
:104a9c0040818427588180af2c00bf8f2800b58fb0
:104aac002400b48f2000b38f1c00b28f1800b18f7c
:104abc001400b08f0800e0033000bd270100022471
:104acc00f5ff0010588182af01f2400f2520000045
:104adc00f2ff00102c00bf8f01f2400f25200000c8
:084aec00eeff00102c00bf8f4b
:020000040000fa
:020000041d02db
:104af400c0ffbd273c00bfaf3800b5af3400b4af32
:104b04003000b3af2c00b2af2800b1af2400b0af77
:104b140025a8a0002588c00025a0e0001f00410fa3
:104b24001000a42700a0043cd5f5400fc82b842412
:104b340000a0133cc82b7326c7f5400f2520600244
:104b4400130040142580400000a0043c1000a28ff4
:104b5400c82b82acc82b84241400a28f040082ac1e
:104b64001800a28fe3f5400f080082ac3c00bf8f11
:104b74003800b58f3400b48f3000b38f2c00b28f5f
:104b84002800b18f2400b08f0800e0034000bd2747
:104b940004000292010003242000431402000324b1
:104ba4000800128efff5400f0500049225204000f6
:104bb4000c00038e0000a28e23006214252800023c
:104bc4001a008006fcff05241400438e0300228a89
:104bd4000000229a030062a8000062b80400229236
:104be400040062a005002292050062a01400801057
:104bf400000040aea5e3400f252840020b0040040e
:104c0400fbff05242528000200a0043cb3f8400f54
:104c1400bc2b8424c8ff001000000000d4ff431400
:104c24003c00bf8fdfff00100800128e0300062433
:104c3400dae1400f25204002f3ff0010252800028e
:104c4400faff0010fbff0524b3f8400f1000a4275f
:084c5400b9ff00100000000090
:020000040000fa
:020000041d02db
:104c5c00e8ffbd271400bfaf1000b0af2b00a010b1
:104c6c002580a000255080000100082480bf0c3c4a
:104c7c0006000b2400a0063ca024c62400a0073c80
:104c8c00a023e724ffff10250060828d0600423030
:104c9c0030004b14000000000c00cd8c0800c28cbe
:104cac00010049241800c38c2b1823010a48030067
:104cbc001600a9110000000001004391001a030026
:104ccc0000004d9125186d0000608d8d0600ad31f2
:104cdc001b00ab15ff006e3040100200216847002e
:104cec000000aea101004224021a0300211047006b
:104cfc00000043a00800c9ac010003252b100501de
:104d0c000d00401402004a252580000145f6400f95
:104d1c00000000000300401088bf023c0010033c60
:104d2c00681043ac251000021400bf8f1000b08f28
:104d3c000800e0031800bd27d2ff001025406000da
:104d4c00ff00633021104700000043a0e9ff001072
:104d5c00000000000c00cd8c0800c28c0100432424
:104d6c001800c98c2b4869000a180900e7ffa31129
:104d7c0021488800ffff2d910060898d06002931a4
:104d8c000a002b5521104700401002002148470013
:104d9c0000002da10100422421104700000040a07a
:104dac000800c3acd5ff00100100032500004da086
:084dbc00fbff001000000000e5
:020000040000fa
:020000041d02db
:104dc400e0ffbd271c00bfaf1800b1af1400b0afa7
:104dd400ffff9024ffff10320a00032e150060101d
:104de400251000002086107cc010100021105000f7
:104df4008010020000a0033ca01c63242110430087
:104e0400000043900b006010251000000e00c01439
:104e140000a0023cc0181000211870008018030084
:104e2400a01c422421104300f8ff0324030043a0e4
:104e3400251000001c00bf8f1800b18f1400b08f24
:104e44000800e0032000bd27c0101000211050000e
:104e54008010020000a0033ca01c63242110430026
:104e64000800428c3c00488c0a00001500a0023c5b
:104e7400c01810002118700080180300a01c4224e0
:104e840021104300ffff0324030043a0e9ff0010a7
:104e940025100000c01010002110500080100200e6
:104ea40000a0033ca01c6324211043001000428c8a
:104eb4000a00401000a0023cc01810002118700025
:104ec40080180300a01c422421104300f9ff03248e
:104ed400030043a0d7ff00102510000000a0033cee
:104ee400a01c6324c088100021883002808811002f
:104ef40021887100140026ae180027ae2538200240
:104f0400049d063c64b0c62409f80001060024860a
:104f1400c8ff4014100022aef7ff0424c5ff0010a0
:044f2400030024a2c0
:020000040000fa
:020000041d02db
:104f2800c8ffbd273400bfaf3000b4af2c00b3af0b
:104f38002800b2af2400b1af2000b0afe080948f5a
:104f48001d00801225100000258880002598a000eb
:104f5800190080102590c0006cff400f0000000071
:104f68004080020021800202c080100021800202dd
:104f780080801000020002241d006212218090022d
:104f88000300632e0c00601025100000120060560c
:104f98006000138e60000392010063300600601405
:104fa800010002240100052429fe400f25202002cb
:104fb80027004014010013243400bf8f3000b48f41
:104fc8002c00b38f2800b28f2400b18f2000b08f3f
:104fd8000800e0033800bd270300733203000224f1
:104fe8001c006252340012aef3ff001025100000be
:104ff800f1ff4012251000006000029201004230cb
:1050080019004010010005245e0003960e00622c72
:10501800080040501800a0af2028022406106200a3
:1050280001004230030040501800a0afe2ff00101a
:1050380025100000010002241000a2af253800004e
:105048001800a6272528c0002fcc400f25202002b5
:10505800340012ae252860029aae400f25202002a7
:10506800d5ff00100100022429fe400f2520200250
:10507800d2ff40103400bf8ff6ff0010340012ae8c
:020000040000fa
:020000041d02db
:10508800760082900b00422c530040100000000074
:10509800e0ffbd271c00bfaf1800b1af1400b0afd0
:1050a8007600839080180300029d023cc850422479
:1050b800211043000000428c080040002580800039
:1050c800b851029db851029dfc50029dfc50029db2
:1050d800f450029df450029df450029df450029d3c
:1050e800fc50029df450029da851029d3100001011
:1050f80025100000740082944000423020004010c7
:10510800000000000000828c100082ac0c0082ac11
:10511800080082ac1000a010251000001000a52483
:10512800ff00b13001000624252820029e14400ffc
:1051380025200002240042043e00039664000396e2
:10514800060060503e0003960800048e1000038e8f
:10515800f5ff8314010006243e000396c45a037c1d
:105168003e0003a676000492080084380400032455
:10517800090005240a18a4000e000010760003a2f6
:10518800e7ffa0541000a5240800838c1000828c2f
:10519800e2ff621425100000f0ff00103e000396a5
:1051a8001d5a400f2528000002000010251000009d
:1051b800010002241c00bf8f1800b18f1400b08fab
:1051c8000800e0032000bd2701000424c45a837ca2
:1051d800f8ff00103e0003a60800e00301000224c7
:020000040000fa
:020000041d02db
:1051e8005500801025108000c0ffbd273c00bfafd0
:1051f8003800b7af3400b6af3000b5af2c00b4af4d
:105208002800b3af2400b2af2000b1af1c00b0af8c
:105218002590800025a8a0002580c0004200839426
:105228004000633008006010251000006cff400f3c
:105238006481948f0f0000120100062425280002c3
:1052480038be400f252040023c00bf8f3800b78f82
:105258003400b68f3000b58f2c00b48f2800b38f80
:105268002400b28f2000b18f1c00b08f0800e0032b
:105278004000bd270019020021106200c010020082
:1052880021a082020400828eefff40100100032457
:105298000c00848eecff83100c00132409001724e3
:1052a800070016240400828e0300508800005098de
:1052b8000700118a0400119a140020561000b3af99
:1052c800253020022528000273b8400f252040020f
:1052d800f7ff401425804000ffff7326ff0073325c
:1052e800130077120500622eefff40100400828e33
:1052f800d6ff00103c00bf8f0700228a0400229ac4
:10530800efff4010258840001000b3af2538a002f9
:105318002530000225282002ae69400f25204002d2
:10532800f5ff401425302002e7ff00102528000271
:10533800dcff00102598c0020800e0030000000010
:020000040000fa
:020000041d02db
:10534800d8ffbd272400bfaf2000b4af1c00b3af07
:105358001800b2af1400b1af1000b0af25808000c4
:1053680025a0a0006882918f7882928f7482938f93
:105378004082848f56f3400f040084240a004014ae
:10538800ffff02244082828f6482838f2c00448c2a
:105398000100022404108200271002002410430098
:1053a800648282afffff02241d0002562180300272
:1053b8002f00801200a0023ce82745240400a38c9b
:1053c8004082848f080083ac4082848f0800668cfa
:1053d8000c0086ac4082848f040084240400c4ac92
:1053e8004082848f04008424080064ac4082838f48
:1053f800140065ace827438c01006324e82743ac1c
:105408002400bf8f2000b48f1c00b38f1800b28f08
:105418001400b18f1000b08f0800e0032800bd27ea
:105428004082828f2b88110207002012040050aca2
:105438004082858f0400a524b7e7400f252060022d
:10544800f0ff00102400bf8f4082858f0400a52440
:10545800b7e7400f252040024c82828f2b100202b2
:10546800e7ff40544c8290afe6ff00102400bf8f46
:10547800ffff22264082838f2b885100ecff2016e5
:10548800040062ac4082858f0400a524b7e7400f72
:10549800252040024c82828fdaff00102400bf8f43
:020000040000fa
:020000041d02db
:1054a8005500801025100000e0ffbd271c00bfaf8d
:1054b8001800b1af1400b0af258080002c00828c9a
:1054c8004082838f2c00638c2b18430045006010aa
:1054d800000000001800838c070060048018020098
:1054e8004082838f2c00648c0500032423186400f9
:1054f800180003ae8018020021186200801803000b
:1055080000a0023c4c284224211043001400038ec2
:105518002f0062140400112656f3400f25202002a4
:1055280008004014000000006482838f2c00048e61
:1055380001000224041082002710020024104300f6
:10554800648282af4082828f2c00438c2c0003ae91
:105558006482848f01000224041062002510440034
:10556800648282af00a0043c4c288424801003008d
:105578002110430080100200211082000400428c98
:10558800080002ae0800438c0c0003ae040071aca6
:10559800080051ac2c00058e80100500211845002c
:1055a8008018030021188300140003ae0000628ce9
:1055b80001004224000062ac010002241c00bf8fdd
:1055c8001800b18f1400b08f0800e0032000bd2739
:1055d8004082828f2c00428c2c0002aef7ff001014
:1055e800010002244082838f4800828c2c00638c47
:1055f800f2ff00102b1043000800e0030000000039
:020000040000fa
:020000041d02db
:10560800550080100100022490ffbd276c00bfaf39
:105618006800b3af6400b2af6000b1af5c00b0af78
:10562800258080002588a0002590c000370006242a
:1056380025280000d2fb400f2000a42708001326cd
:105648001c00b2af1800b1af370002241400a2af9b
:105658001000b3af01000724370006242000a52757
:10566800d76a400f25200002251840003100601439
:10567800010002242000a327251060025000a8275b
:105688000000678c0400668c0800658c0c00648c34
:10569800030047a8000047b8070046a8040046b81a
:1056a8000b0045a8080045b80f0044a80c0044b8f2
:1056b80010006324f2ff6814100042240000648c78
:1056c800030044a8000044b804006490040044a007
:1056d80005006490050044a006006390060043a0fe
:1056e8002000a2275700a3272520400001004224bc
:1056f800000080a0fcff4314253800001c00a0af68
:105708001800a0af370002241400a2af1000b3aff6
:10571800370006243f000526d76a400f25200002df
:105728000b00401401000324000003ae040000ae87
:10573800800000a26c00bf8f6800b38f6400b28f36
:105748006000b18f5c00b08f0800e0037000bd27d7
:10575800f8ff0010010002240800e0030000000028
:020000040000fa
:020000041d02db
:10576800feff0924405005004058070025586401f1
:105778002558660125504b01040040150000000023
:10578800000002244700001000000000404005000f
:10579800020080100000000001000825e0ff013c25
:1057a800010021342b0801014100201000000000f5
:1057b800404007000200c01000000000010008255a
:1057c800e0ff013c010021342b08010138002010c2
:1057d800000000001b00a104000000000400e00419
:1057e80000000000ffff02242e000010000000004f
:1057f8002b508600232086002b58aa002328aa00b5
:105808002b50a70025504b012328a7000400401166
:105818000000000001000224220000100000000027
:105828002550a4000400401100000000ffff0224de
:105838001c000010000000000000022419000010e5
:10584800000000000400e104000000000100022440
:1058580014000010000000002b5086002320860052
:105868002b58aa002328aa002b50a70025504b012b
:105878002328a7000400401100000000ffff0224b5
:1058880008000010000000002550a400040040118a
:1058980000000000010002240200001000000000c7
:1058a800000002240800e0030000000000000000df
:1058b80025100900fbff0010000000000000000098
:020000040000fa
:020000041d02db
:1058c800feff092440500500405807002558640190
:1058d8002558660125504b010400401500000000c2
:1058e80000000224470000100000000040400500ae
:1058f800020080100000000001000825e0ff013cc4
:10590800010021342b080101410020100000000093
:10591800404007000200c0100000000001000825f8
:10592800e0ff013c010021342b0801013800201060
:10593800000000001b00a104000000000400e004b7
:1059480000000000ffff02242e00001000000000ed
:105958002b508600232086002b58aa002328aa0053
:105968002b50a70025504b012328a7000400401105
:1059780000000000010002242200001000000000c6
:105988002550a4000400401100000000ffff02247d
:105998001c00001000000000000002241900001084
:1059a800000000000400e1040000000001000224df
:1059b80014000010000000002b50860023208600f1
:1059c8002b58aa002328aa002b50a70025504b01ca
:1059d8002328a7000400401100000000ffff022454
:1059e80008000010000000002550a4000400401129
:1059f8000000000001000224020000100000000066
:105a0800000002240800e00300000000000000007d
:105a180001000234fbff001000000000000000003d
:020000040000fa
:020000041d02db
:105a28000600a050e000828c0b00a0a80800a0b8d7
:105a38000c00a0a00d00a0a0e000828c0000438c08
:105a480019006010010002240400628cc001427c2d
:105a580015004014020002240400628c4100430433
:105a68000000638c0400628cc002427c3d004054fc
:105a78000000638c0200e0100c0062240000e2ac1d
:105a88002510a000252060002548000025400000c2
:105a980000a00b3c00800a3c0500401400000000f8
:105aa8001300c014000000000800e003000000001c
:105ab8000400878c8002e77c2800e0100800878caf
:105ac8002538ea000b0047a8080047b80400878c6f
:105ad800003cec7c0c004ca00016e77c0d0047a0b5
:105ae80003004788000047982510e0000100292599
:105af8000400878cc001e77cfdffe0140000000073
:105b0800010008250400878c8007e77ce2ffe0504d
:105b18000000848c0100c0540000c8ac050040108f
:105b2800000000000b0040a8080040b80c0040a08e
:105b38000d0040a0dcffa01025100000daff28159a
:105b4800fcff02240400628c01000424c45a827cf5
:105b5800040062ac0800e00325100000d9ff001023
:105b68002538eb00b8ff6014010002240800e003a8
:0c5b7800000000000800e0030000000036
:020000040000fa
:020000041d02db
:105b8400d0ffbd272c00bfaf2800b2af2400b1afb7
:105b94002000b0af17008014ffff102400a0023cc7
:105ba400582942901300401000a0023c7c294290e6
:105bb4001000401400a0023c582942241c00438ccd
:105bc4001400638c2528000009f860000600449442
:105bd40025884000ffff02240d0022162703062417
:105be400029d053c3029a524a4f3400f2520000084
:105bf40025802002251000022c00bf8f2800b28fc0
:105c04002400b18f2000b08f0800e0033000bd27ce
:105c1400c404023c00b442341000a2af00a0103c03
:105c24007c29102600a0123c582952261400428eca
:105c34000800428c25280002029d043c09f840001b
:105c4400c42984241400a2af1800a0af1c00428e03
:105c54001800428c1000a52709f8400025202002d6
:105c64000c00410400a0023c7429428c1c00428cac
:105c740009f840002520200238030624029d053c33
:105c84003029a524a4f3400f25200000d9ff0010db
:105c9400ffff102400a0033c582963241c00628cdd
:105ca400300062ac340071ac380060ac01000224f6
:105cb400240062a02c0063ac0c00628c280062ac4f
:105cc4003c0060a4540060a03e0060a4400060a4b6
:0c5cd40002000224c7ff0010260062a49a
:020000040000fa
:020000041d02db
:105ce000e0ffbd271c00bfaf1800b2af1400b1af7a
:105cf0001000b0af0800918c00a0023c582942244b
:105d00000200221225808000258800001c000296d7
:105d1000020003242c0043100300432c43006010b6
:105d2000ffff05240f0040140080063425280000e2
:105d30000fe3400f2520000204004010030002245e
:105d40001a0002a6010002241c0002a61c00bf8f3c
:105d50001800b28f1400b18f1000b08f0800e0035c
:105d60002000bd2725280000dde2400f252000028d
:105d7000f7ff40101c00bf8f40f0400f00000000f4
:105d8000259040002000228e23f2400f0000518c0d
:105d900002882272e70331266210023cd34d42246e
:105da000190022021088000082891100211032029d
:105db0002c0002ae030002241a0002a602000224f4
:105dc000e2ff00101c0002a602f1400f2520000295
:105dd000dfff40101c00bf8f34000286100041041a
:105de0000400022440f0400f000000002c00038e4d
:105df0002b10430005004010030002241a0002a6e5
:105e000001000224d1ff00101c0002a6ffff0524a0
:105e100067ec400f25200002cdff00101c00bf8f53
:105e20001a0002a6c9ff00101c0000a667ec400f74
:0c5e300025200002c6ff00101c00bf8fe0
:020000040000fa
:020000041d02db
:105e3c0000000000000000000001ff000000000056
:105e4c0054435049505f495056365f4e65696768f8
:105e5c00626f724164647265737341646400000024
:105e6c0054435049505f495056365f4e6577526fd8
:105e7c0075746572456e7472790000000000000044
:105e8c000000000000000000000000018032000053
:105e9c0000000000000000000000000000000000f6
:105eac000028010000000000000000000000ffffbf
:105ebc00000000006023040020020000000000002d
:105ecc000000000000000000101e02002001000075
:105edc00000000000000000000000000200505008c
:105eec00fc000000000000000000000000000000aa
:105efc0007030d000000000000000000000000007f
:105f0c000000000060010300fec000000000000063
:105f1c0000000000000000000a010b003ffe000022
:105f2c0000000000000000000000000010010c0048
:105f3c000000000000000000000000000000000055
:105f4c00ff0000003333000000010000ff020000de
:105f5c000000000000000001ff000000ff02000034
:105f6c00000000000000000000000002ff02000022
:105f7c000000000000000000000000010000000014
:105f8c000000000000000000000000005f445256ba
:105f9c005f4d49494d5f4765744f704463707400a1
:105fac005f4452565f4d49494d5f4f705265737552
:105fbc006c7400005f4452565f4d49494d5f526509
:105fcc00706f72744f7000004d49494d5f50726f85
:105fdc00636573735f526561640000004d49494d00
:105fec005f50726f636573735f57726974650000fd
:105ffc004d49494d5f50726f636573735f536361b5
:10600c006e0000004d49494d5f50726f63657373ac
:10601c005f52656164457874000000004d49494d3c
:10602c005f50726f636573735f57726974654578ff
:10603c00740000005f4452565f4d49494d5f5072e9
:10604c006f636573734f70004452565f4d49494df1
:10605c005f5461736b7300005f4452565f4d494946
:10606c004d5f52656c656173654f7044637074006d
:10607c005f4452565f4d49494d5f4f704c69737484
:10608c0052656d6f7665000034b3029d4802049d25
:10609c00c885039d40dc039d1891019d3ce5029d44
:1060ac008873039d34d0039df4e7039d146c039d0a
:1060bc0044a0039ddce1039d0ce2039d3ce2039da7
:1060cc003c86029dbc3c039d9ce2039d6ce2039dbf
:1060dc00f809039d501a039d7827039d9c88029d07
:0460ec00a8a6029dc3
:020000040000fa
:020000041d02db
:1060f0005300801025100000c8ffbd273400bfaf3b
:106100003000beaf2c00b7af2800b6af2400b5af4b
:106110002000b4af1c00b3af1800b2af1400b1af91
:106120001000b0af259080003900a0102580a0009d
:106130002900c62c3600c014258880001000962443
:106140000e0095240100132425a0200206fe400f16
:10615000000024922014027c30000324120043101b
:1061600001001726000002a20dfe400f000024923d
:106170002014027c2580e00201001726000002a204
:1061800025f0600206fe400f010084922014027c7c
:106190002580e0020100142610000010000002a279
:1061a00019000010010090260dfe400f00002492ff
:1061b0002014027c30000324f0ff43140100172652
:1061c00025f0600206fe400f010084922014027c3c
:1061d00030000324efff431425a0000221f05e02eb
:1061e0000dfe400f0000c493edffb112000082a22b
:1061f000020090263a000224010082a20200312609
:10620000d1ff361602007326000000a2010002240e
:106210003400bf8f3000be8f2c00b78f2800b68fa0
:106220002400b58f2000b48f1c00b38f1800b28fec
:106230001400b18f1000b08f0800e0033800bd27b4
:086240000800e003000000006b
:020000040000fa
:020000041d02db
:10624800d8ffbd272400bfaf2000b3af1c00b2affa
:106258001800b1af1400b0af2200801025800000f4
:10626800258880002590a0004000828c4040033c97
:10627800241043001b004014010010241900a01032
:106288002580000000a0023c80234224100044ac7a
:1062980078008394140043ac03000324180043ac33
:1062a80001000624252880005367400f252040025e
:1062b8001400401425804000b800410f0000000081
:1062c8000900401025100002b600410f0000000030
:1062d80078002696009d053c5404a524d7c8400f95
:1062e80025204000251000022400bf8f2000b38f16
:1062f8001c00b28f1800b18f1400b08f0800e003a3
:106308002800bd2750d8400f2000448e2598400013
:10631800251840004408037c010002240e00621086
:1063280000a0033cb800410f25800000eeff40505c
:1063380025100002b600410f000000002530600261
:10634800009d053c9403a524d7c8400f2520400094
:10635800e5ff001025100002802364241c0093ac84
:1063680025380000253000009253400f25284002b0
:10637800dcff4014258040000300072404000624a5
:106388002528200200a0043c37bc400f8023842429
:08639800d5ff001025100002e2
:020000040000fa
:020000041d02db
:1063a000c0ffbd273c00bfaf3800b5af3400b4af6d
:1063b0003000b3af2c00b2af2800b1af2400b0afb3
:1063c000bc81829722004010258880001000948ca8
:1063d0001f00410f1000a42700a0043cd5f5400f7a
:1063e000c82b842400a0133cc82b732600a0123ca9
:1063f000bc2b5226c7f5400f252060021d0040141b
:106400002580400000a0043c1000a28fc82b82ac65
:10641000c82b84241400a28f040082ac1800a28f21
:10642000e3f5400f080082ac1800238e020002241e
:1064300007006214bc818297ffff4224ffff4230b5
:1064400003004014bc8182a7cdd7400f000000009c
:106450003c00bf8f3800b58f3400b48f3000b38f4d
:106460002c00b28f2800b18f2400b08f0800e00309
:106470004000bd27040002920100032416004314cb
:10648000020003240800158efff5400f050004925a
:106490000400805204000292130082162528000294
:1064a00004000292ffff4224ff0042300200422c0f
:1064b0000400401003000624fbff0524dae1400f2e
:1064c0002520a00225280002b3f8400f2520400215
:1064d000c8ff001000000000d4ff43541800238eb2
:1064e000e9ff00100800158eb3f8400f1000a42734
:0864f000c0ff001000000000d5
:020000040000fa
:020000041d02db
:1064f800ffff8324ffff63300a00642c50008010e4
:1065080025100000201e037cc0100300211043004a
:106518008010020000a0043ca01c84242110440028
:10652800000044904600801025100000e8ffbd27b9
:106538001400bfaf00a0023cc0200300212083004c
:1065480080200400a01c422421104400040042942e
:10655800200042301f004010c020030000a0023c71
:106568002120830080200400a01c42242110440024
:106578000c00428c1400478c0d00e014c01003007e
:1065880000a0023cc02003002118830080180300eb
:10659800a01c422421104300ffff0324030043a052
:1065a800251000001400bf8f0800e0031800bd2765
:1065b80021104300801002001c00422400a0043c6b
:1065c800a01c842409f8e00021208200f5ff0010b7
:1065d800ffff4230212083008020040000a0073cf8
:1065e800a01ce724212087000800848c4800878ca1
:1065f8000a00e05400a0023c00a0043cc0280300ac
:106608002128a30080280500a01c832421186500e8
:10661800ffff0424e3ff0010030064a0c020030070
:106628002118830080180300a01c42242110430075
:1066380009f8e00006004484dbff00101400bf8f57
:086648000800e003000000005f
:020000040000fa
:020000041d02db
:106650000c00828c0c00428c2800438c1c00458c62
:106660002000448c0800a4ac1c00458c040085acc0
:10667000180045240400648c04008554280040acb4
:106680002000448c040064ac280040ac0000648c02
:10669000ffff8424000064ac4482838f36006014c2
:1066a00000a0033c1400438c0800458c0c00448c73
:1066b0000800a4ac0800458c040085ac0400442408
:1066c0000400658c0400a454140040ac0c00458cfc
:1066d000040065ac140040ac0000658cffffa524ed
:1066e000000065ac2c00468c6482858f0100032479
:1066f0000418c30025186500648283af00a0053c20
:106700004c28a52480180600211866008018030074
:106710002118a3000400638c080043ac0800668cb9
:106720000c0046ac0400c4ac080064ac2c00468ce1
:106730008018060021206600802004002120a4008b
:10674000140044ac0000838c01006324000083ac7f
:106750004082848f2c00438c2c00828c2b184300a9
:10676000030060102510000001000224588282af4f
:106770000800e00300000000102866240400c48c18
:106780001c0044ac0800878c200047ac0400e5ac3a
:10679000080085ac280046ac1028648c01008424d5
:0867a000ebff0010102864acaf
:020000040000fa
:020000041d02db
:1067a8002518c0000400678cc0ffbd270000a28c1c
:1067b8003800b4afc2a707003400b3af3000b2af9f
:1067c8002c00b1af2800b0af258880000800b28c3b
:1067d8000400a48c0c00b38c0000c68c3c00bfaf36
:1067e8002580a000400080122000a2af2b180600d0
:1067f800233807002338e30008008004233006000c
:106808004408027c050080162000a2af2000a28f59
:106818000400433025006010c000427cffff422680
:106828002000a3271800a3af0a0003241400a3af75
:106838001000a2aff4a0400f252000021d00801216
:106848002d000324ffff422421206202000083a0c0
:106858001000068e2000a38fffffc6241000a3aff0
:10686800253840022330c20021286202d3b0400fed
:10687800252020020400238e0001633004006010ec
:106888003c00bf8f0400038e2a2043000b106400d5
:106898003800b48f3400b38f3000b28f2c00b18f22
:1068a8002800b08f0800e0034000bd27dcff00107f
:1068b800231042022000a38f04006430040080509b
:1068c80008006330ffff4224dfff00102b00032481
:1068d800dfff601020000424ffff42242118620219
:1068e800dbff0010000064a0c6ff83044408027c9c
:0868f800c7ff00102000a28f71
:020000040000fa
:020000041d02db
:10690000e8ffbd271400bfaf1000b0af02f1400f89
:1069100025808000300040101400bf8f0800058ed5
:106920001000a38c06006230010040500400633464
:1069300038006230090040142000623401006330e6
:10694000280060142518400002006430000802246a
:1069500000100624150000100b10c4000100623066
:10696000220040101000643008008010080002244b
:106970000200643008400224080006240a10c40003
:106980000400643001008054002042342000643050
:106990000600801002006430010080540010423470
:1069a000040064300100805400084234340004962e
:1069b0003a00069625208600010142342410820008
:1069c000110040541000a3acfdff052467ec400ffc
:1069d000252000021400bf8f1000b08f0800e003d4
:1069e0001800bd27e9ff00100800022410006230e3
:1069f000d5ff40100200643000200224004006242d
:106a0000eaff00100b10c400200002a60101843030
:106a1000010102240a0082143c0000ae0f0005248c
:106a2000dde2400f25200002eaff401004000224ae
:106a30001a0002a602000224e6ff00101c0002a6b3
:106a4000040002241a0002a603000224e1ff001041
:046a50001c0002a67e
:020000040000fa
:020000041d02db
:106a5400c8ffbd273400bfaf3000b3af2c00b2afc6
:106a64002800b1af2400b0af258880002580a000a5
:106a74002590c0001400a0a71800a0af4800828c85
:106a84001000a52709f84000252000021900400441
:106a94001000b3972800228e1800a627252800008e
:106aa40009f840002520000202000224310062128d
:106ab4000300632e0f006010f7ff02241400601619
:106ac4001800a68f5000228e1b00052409f84000f0
:106ad40025200002070040040100032405004310a0
:106ae400010005244c00228e09f8400025200002f4
:106af400010002243400bf8f3000b38f2c00b28f0a
:106b04002800b18f2400b08f0800e0033800bd27af
:106b14005400228e1400a52709f840002520000205
:106b2400f4ff400401000324f2ff43100002433247
:106b34001400a2970500601410004230000852327d
:106b44000200405600a04234008042341400a2a740
:106b5400020003241000a3a71200a2a74c00228e57
:106b64001000a58f09f8400025200002e1ff001065
:106b7400010002241200a6971400a6a75800228e32
:106b84001800a78f1b00052409f8400025200002e7
:106b9400d9ff40043400bf8f01004238d5ff0010f4
:046ba4000100422c7e
:020000040000fa
:020000041d02db
:106ba800ffff8324ffff63300a00642c4f0080102e
:106bb80025100000201e037cc01003002110430094
:106bc8008010020000a0043ca01c84242110440072
:106bd800000044904500801025100000e8ffbd2704
:106be8001400bfaf00a0023cc02003002120830096
:106bf80080200400a01c4224211044000400429478
:106c0800200042301f004010c020030000a0023cba
:106c18002120830080200400a01c4224211044006d
:106c28000c00428c2400478c0d00e014c0100300b7
:106c380000a0023cc0200300211883008018030034
:106c4800a01c422421104300ffff0324030043a09b
:106c5800251000001400bf8f0800e0031800bd27ae
:106c680021104300801002001c00422400a0043cb4
:106c7800a01c842409f8e00021208200f5ff001000
:106c8800ffff4230212083008020040000a0073c41
:106c9800a01ce724212087000800848c3400888cfd
:106ca8000800005500a0023cc02803002128a300ca
:106cb800802805002118e500ffff0424e5ff0010e7
:106cc800030064a0c020030021188300801803007b
:106cd800a01c4224211043002538000009f80001b7
:106ce80006004484dcff00101400bf8f0800e00396
:046cf8000000000098
:020000040000fa
:020000041d02db
:106cfc00d8ffbd272400bfaf2000b3af1c00b2af3c
:106d0c001800b1af1400b0af2580800000a0123c79
:106d1c0000110400211044008010020021104400d6
:106d2c008010020070025226219042024000538ec5
:106d3c008400410f252060029400438e2488430078
:106d4c002e00201200a0123c001110002110500047
:106d5c008010020021105000801002007002522698
:106d6c00219042029800428e25105100980042aeac
:106d7c0002111100000442309000448ec019110021
:106d8c0000026330251862002518640040111100c0
:106d9c00000142302518620082111100810042303e
:106dac0025186200c21011007000423025186200d4
:106dbc0082101100080042302518620040101100aa
:106dcc000600423025186200900043ae25282002b0
:106ddc004600410f25206002252820024000410f6b
:106dec00252060029c00468e0500c01000a0033ccc
:106dfc009000448e09f8c000a000458e00a0033c12
:106e0c0000111000211050008010020021105000c1
:106e1c00801002007002632421106200aafb400f54
:106e2c008800448c2400bf8f2000b38f1c00b28fcd
:106e3c001800b18f1400b08f0800e0032800bd27a4
:020000040000fa
:020000041d02db
:106e4c00d8ffbd272400bfaf2000b2af1c00b1afec
:106e5c001800b0af258080002590a0005ee6400fa2
:106e6c00d48084870a0040100a001124252840028f
:106e7c00e764400f2520000225884000050002240d
:106e8c000a002212060002243c00221225300000c7
:106e9c00251020022400bf8f2000b28f1c00b18f60
:106eac001800b08f0800e0032800bd275e00029692
:106ebc000500032418004314000503246000028e0f
:106ecc00000542302d004314253000002800028eae
:106edc002c0002ae5a0003960d006010080002242c
:106eec001000a0af3400028e1400a2af01300724b2
:106efc001000a6271400a5274dd1400f25204002d5
:106f0c009a00410f00000000040002ae06000224ab
:106f1c00dfff00105e0002a60b00032403004310e9
:106f2c000d000324dbff4354251020020c00028ebd
:106f3c00080002ae2c00028e300002ae09000224c2
:106f4c005e0002a660000392010002244408437c08
:106f5c000421437c4429437cc439037c600003a294
:106f6c002538000025300000080005245372400f1e
:106f7c0025204002c7ff0010251020020200052426
:106f8c0073d1400f25200002c2ff001025102002f3
:020000040000fa
:020000041d02db
:106f9c00c8ffbd273400bfaf3000beaf2c00b7af69
:106fac002800b6af2400b5af2000b4af1c00b3afbf
:106fbc001800b2af1400b1af1000b0af25f08000d4
:106fcc0025a8a00025a0c0002598e000029d123c39
:106fdc00885e5226ff00102425b80000258800008a
:106fec0010005692ff0002240400c2122528400211
:106ffc003300c0162b10f6020a803702010031262e
:10700c00ff0031320a000224f5ff2216140052262a
:10701c00ff0003241e000312251000000800a0121c
:10702c00029d023c8018100021187000801803008b
:10703c00885e422421104300120042900000a2a25c
:10704c000800801280181000029d023c211870006c
:10705c0080180300885e42242110430011004290e6
:10706c00000082a20a0060120100022480101000ad
:10707c002110500080100200029d033c885e6324a6
:10708c002110430010004290000062a20100022473
:10709c003400bf8f3000be8f2c00b78f2800b68f06
:1070ac002400b58f2000b48f1c00b38f1800b28f52
:1070bc001400b18f1000b08f0800e0033800bd271a
:1070cc00ceff40101000062491de400f2520c00397
:1070dc002b1056000a802202c8ff00100ab8c20208
:020000040000fa
:020000041d02db
:1070ec00c0ffbd273c00bfaf3800b4af3400b3af16
:1070fc003000b2af2c00b1af2800b0af25808000bb
:10710c00030002241500a2100400928c0000828c53
:10711c000000428c009d053c9812a52409f8400003
:10712c00252040020000028e0000428c009d053c90
:10713c00d412a52409f84000252040023c00bf8f42
:10714c003800b48f3400b38f3000b28f2c00b18f65
:10715c002800b08f0800e0034000bd272598c00030
:10716c0007d7400f0400c48c090040142588400048
:10717c000000028e0000428c009d053c6c10a52482
:10718c0009f8400025204002edff00103c00bf8fa5
:10719c001000a527cf75400f0800648e25a0400075
:1071ac001400a527ed36400f0800648e190040141a
:1071bc00253800000a008016009d053c0000028e58
:1071cc000000428cf812a52409f84000252040024a
:1071dc00dbff00103c00bf8f080000107812a524c4
:1071ec001000a52713fa400f25202002faff4010ab
:1071fc00009d053c009d053c5c12a5240000028e00
:10720c000000428c09f8400025204002ccff001001
:10721c003c00bf8f253000001400a527d7db400fa2
:0c722c0025202002f1ff001000000000ef
:020000040000fa
:020000041d02db
:10723800d0ffbd272c00bfaf2800b5af2400b4afe6
:107248002000b3af1c00b2af1800b1af1400b0af4c
:107258004600a01025a080002590a000f8ef400f60
:1072680025200000252840005c81908f290000120d
:107278003c0055862b00a0064c81828f2b10a20261
:107288002d00401080101500211002020000428cd1
:107298002e005214030004241000828e1000439420
:1072a80008006330010002240b1083007a00519615
:1072b800248822022a002052259000007c00538e48
:1072c8008000528e2800908e01f2400f2520000089
:1072d80028d7400f2520800205006012253840027b
:1072e800253020022528000209f860022520a00286
:1072f8002c00bf8f2800b58f2400b48f2000b38fd7
:107308001c00b28f1800b18f1400b08f0800e00382
:107318003000bd272590000225980000eaff0010e4
:107328002588000025900000259800002588000089
:10733800e5ff00102580000025900000259800003a
:1073480025880000e0ff001025800000259000003f
:107358002598000025880000dbff0010258000002c
:1073680025980000d8ff00102580000028d7400f7e
:0c73780000000000dfff00102c00bf8fa1
:020000040000fa
:020000041d02db
:10738400d8ffbd272400bfaf2000b3af1c00b2afad
:107394001800b1af1400b0af00a0113cbc1c3126e2
:1073a40000a0133c241e732600a0123c0c1e52267f
:1073b400e4ff22922c00401025802002e8ff229650
:1073c400200042302800401001000324e6ff2292ee
:1073d4000b004310feff4224ff0042300200422c07
:1073e4002200405024003126f0ff028e0c00428c13
:1073f40009f84000252000021b000010e6ff02a24d
:10740400ecff228e1400428c09f84000eaff248627
:1074140015004010ffff05348bf9400f2520400272
:10742400010003241100435424003126f0ff228e6e
:107434002800428c09f840000000000013004014aa
:1074440000000000f0ff228e0000428c09f840008a
:10745400ecff248e0d00401405000224e6ff22a256
:1074640097f9400f2520400224003126d0ff33161f
:107474002400bf8f2000b38f1c00b28f1800b18f7f
:107484001400b08f0800e0032800bd2797f9400fcf
:107494002520400201000324f3ff431425280002a1
:1074a400f0ff028e0800428c09f84000eaff0486cf
:1074b4000300401405000224ebff0010e6ff02a2c3
:0c74c40001000224c8ff0010e5ff02a236
:020000040000fa
:020000041d02db
:1074d00088ffbd277400bfaf7000b6af6c00b5afba
:1074e0006800b4af6400b3af6000b2af5c00b1af8e
:1074f0005800b0af3400a0af3800a0af7881828fc1
:107500003900401825a0000025980000fff5400f25
:10751000252060022f004010259040004200429438
:10752000400042302b0040106481838f211874008a
:107530006c00708c28000052010073266c007124ce
:1075400012000392ffff6324ff00633030006014d9
:10755000120003a210000296150040103800b68fea
:107560000400028e3800a2af3400b58ff2ff42242f
:107570003400a2af0400068e100002961c00a2afd9
:107580001800a0af030002241400a2af01000224df
:107590001000a2af0800c7241800c6242000a527a9
:1075a00058a0400f252040023800b6af3400b5afd8
:1075b00025280002adde400f252020020000158e98
:1075c000ede8400f252000022580a002ddff0056d7
:1075d00012000392010073267881828f2a106202c2
:1075e000caff4014880094267400bf8f7000b68fc5
:1075f0006c00b58f6800b48f6400b38f6000b28fe9
:107600005c00b18f5800b08f0800e0037800bd2700
:08761000eeff00100000108ed7
:020000040000fa
:020000041d02db
:10761800e0ffbd271c00bfaf1800b1af1400b0af2a
:107628004700a010ffff1024450080142588a00003
:1076380000a0043c12f2400fe02784240100032438
:1076480040004314251000020000228e00a0103cc8
:10765800a8271026040002ae0c00428c09f840004e
:10766800000000000c0002aec404063c00b4c6349e
:1076780025380000cc010324190043001220000023
:10768800304f400f1028000002004224200002aeb4
:107698000400228e080002ae100000aeffff022494
:1076a800180002aeff7f023cffff42341c0002ae0e
:1076b8002510000025180000280002ae2c0003ae9b
:1076c800340000ae300000a20400028e0000428c9c
:1076d80025280000029d043c09f84000d8f28424c3
:1076e8000400028e1000428c0300401000a0033cee
:1076f80009f84000c027648c00a0113ca827302658
:107708001c00048e0400028e1400428c09f840000c
:10771800000000000400028e0400428c09f84000ba
:1077280000000000b40006242528000000a0043c46
:10773800d2fb400ff026842402000224a82722aea0
:10774800251000021c00bf8f1800b18f1400b08fe5
:087758000800e0032000bd273a
:020000040000fa
:020000041d02db
:10776000c8ffbd273400bfaf3000b3af2c00b2afad
:107770002800b1af2400b0af259080002588a0007c
:107780002580c0001400a0a71800a0af4800828c7c
:107790001000a52709f84000252020021900400408
:1077a0001000b3972800428e1800a6272528000055
:1077b00009f8400025202002020002242d00621258
:1077c0000300632e0f006010f7ff02241400601600
:1077d0001800a68f5000428e1200052409f84000c0
:1077e0002520200207004004010003240500431067
:1077f000010005244c00428e09f84000252020029b
:10780000010002243400bf8f3000b38f2c00b28ff0
:107810002800b18f2400b08f0800e0033800bd2796
:107820005400428e1400a52709f8400025202002ac
:10783000f4ff400401000324f2ff4310010006326c
:10784000803306001400a2932530c2001400a6a7be
:10785000020002241000a2a71200a6a74c00428e2c
:107860001000a58f09f8400025202002e5ff001038
:10787000010002241200a6971400a6a75800428e09
:107880001800a78f1200052409f8400025202002c7
:10789000ddff40043400bf8f01004238d9ff0010e3
:0478a0000100422c75
:020000040000fa
:020000041d02db
:1078a400d8ffbd272400bfaf2000b4af1c00b3af86
:1078b4001800b2af1400b1af1000b0af25a0a00003
:1078c4002588c00081fa400f2598e00025804000fb
:1078d400340000122510000076000492fdff83247a
:1078e400ff0063300300632c2e006014080003249f
:1078f4002d0083102400bf8f7700039203006010d3
:1079040000000000290074542000b48f1d00601290
:1079140001000324230083162510000025280000fd
:1079240097ed400f25206002259040001d00401275
:1079340025100000150020566200029670d9400ff1
:1079440000000000258840001600201225100000c9
:10795400770014a22530600225284002b2f4400fbb
:1079640025200002620011a63e000296010042306a
:107974001400405042000296720011a60900001043
:1079840001000224ebff00104800128ef1ff515059
:10799400770014a28cef400f25202002edff405405
:1079a400770014a22400bf8f2000b48f1c00b38f73
:1079b4001800b28f1400b18f1000b08f0800e003dc
:1079c4002800bd2740000396211043006000039661
:1079d4002110430026882202720011a6f1ff001034
:0479e4000100022478
:020000040000fa
:020000041d02db
:1079e800d8ffbd272400bfaf2000b4af1c00b3af41
:1079f8001800b2af1400b1af1000b0af25988000e6
:107a08002588a0002590c00025a0e0009481848fdf
:107a18000400828c09f84000380005243100401029
:107a2800258040000300258a0000259a0700248a43
:107a38000400249a0b00238a0800239a0f00228a44
:107a48000c00229a070005aa040005ba0b0004aa34
:107a5800080004ba0f0003aa0c0003ba130002aa14
:107a680029004012100002ba0300428a0000429a1c
:107a7800170002aa140002ba04004292180002a2d7
:107a880005004292190002a2253080022528000232
:107a980090b5400f252060021b0000a21c0000ae1c
:107aa800300000a21f00410f200004263800a293d6
:107ab8002b100200300003920400437c300003a224
:107ac8003c00a28f340002ae0100062425280002e3
:107ad80013a8400f25206002300002924408027c5f
:107ae800300002a2251000022400bf8f2000b48fae
:107af8001c00b38f1800b28f1400b18f1000b08f24
:107b08000800e0032800bd27140000a2150000a209
:107b1800160000a2170000a2180000a2daff001049
:047b2800190000a29e
:020000040000fa
:020000041d02db
:107b2c00e0ffbd271c00bfaf1800b1af1400b0af11
:107b3c0000606241c00000008bfe400f000000009e
:107b4c00008002400300423400808240c0000000ec
:107b5c0088bf023c0040438c020004240410837c48
:107b6c00004043ac0040438c030004240429837c74
:107b7c00004043ac88bf023c0020438c010004242d
:107b8c008431837c002043ac81bf023c00f24390e3
:107b9c00c418037c00f243a037f6400f00a0113c40
:107bac0004fc400f502c3026a2fa400f00000000bd
:107bbc0004b8400f00000000029d023c9460428c0f
:107bcc00019d053cf438a52409f84000252000004f
:107bdc000c0002ae019d053cac35a524869d400fe2
:107bec0025200000502c22ae019d053c8435a52497
:107bfc0025cd400f25200000040002ae019d043c61
:107c0c00eef4400f80358424019d053c7435a52489
:107c1c005efc400f25200000100002ae019d053ccb
:107c2c00d035a5246a42400f252000007bee400f82
:107c3c00140002aec8fb400f080002ae7efd400fe0
:107c4c0000000000d3f7400f0000000020606241ec
:107c5c001c00bf8f1800b18f1400b08f0800e00318
:047c6c002000bd2710
:020000040000fa
:020000041d02db
:107c70001400838c4c00601403000224d8ffbd273d
:107c80002400bfaf2000b0af310082900300032476
:107c900011004314258080000c00828c1800a3275b
:107ca0001000a3af2c00428c2538000036008694cb
:107cb0003200859409f840001000848c1800405070
:107cc0001800a48f140002ae020003240100022455
:107cd00023000010300003a2ffff43240200632ca6
:107ce0001900601001000324210043101800a3278d
:107cf0000c00828c1400a3af1000a0af3000428ca7
:107d000034008794360086943200859409f8400048
:107d10001000848cecff4054140002ae1800a48fb5
:107d2000020003240e0083100300022447010624ee
:107d3000029d053c6429a524a4f3400f25200000e2
:107d400007000010feff02243b010624029d053cb3
:107d50006429a524b3f3400f25200000ffff02246f
:107d60002400bf8f2000b08f0800e0032800bd274b
:107d70000c00828c1400a3af010003241000a3aff9
:107d80003000428c3400879436008694320085940b
:107d900009f840001000848ce0ff40102518000016
:107da000cbff0010251000000800e00300000000d9
:020000040000fa
:020000041d02db
:107db000d8ffbd272400bfaf2000b4af1c00b3af75
:107dc0001800b2af1400b1af1000b0af258880002a
:107dd0002598a0002590c0002800948c1800908c55
:107de0000c00028e100002ae0400828e0c0002ae67
:107df000ed67400f02000496020002a6ed67400ff7
:107e000006000496060002a6080002920200401432
:107e100064000224080002a21000238e0000028edb
:107e2000801002003c0045300c0062942110a2003a
:107e3000090060120c0062a40a0000a68000829271
:107e4000040042300400401425300000f567400f64
:107e5000252000020a0002a61b0040522000228eac
:107e60001400228e0600442409004388060043982b
:107e7000030043a8000043b804008390040043a01b
:107e800005008390050043a02800238e0100605464
:107e90003c0063240300658800006598030085a802
:107ea000060045b804006290040082a005006290bc
:107eb000050082a01000238e0c0062940e00422464
:107ec0000c0062a42000228e02004234200022ae68
:107ed0002400bf8f2000b48f1c00b38f1800b28f16
:107ee0001400b18f1000b08f0800e0032800bd27f8
:020000040000fa
:020000041d02db
:107ef000c8ffbd273400bfaf3000b2af2c00b1af18
:107f00002800b0af1800a0af1c00a0a700a0033c41
:107f10007002632414006414faff02242588a00070
:107f200000a0023cb002528c0700a010ffff1024fa
:107f3000060006241800a527a7f6400f25202002da
:107f40000f0040540300228a00800534c7ff400f11
:107f5000252040022530000025380000dfff400fbb
:107f600025204002251000003400bf8f3000b28f62
:107f70002c00b18f2800b08f0800e0033800bd2727
:107f80000000229a1000a2af040022921400a2a3c3
:107f9000050022921500a2a31000a2271600a62712
:107fa000c104043cb71d84242538400000004390e0
:107fb00008000524c24710000100693002002811a2
:107fc0004080100026800402ffffa524f9ffa014c2
:107fd0004218030001004224f3ff46140000e3a00e
:107fe0002000b0af252000020007107e0c000052d8
:107ff00089bf023c89bf023c58904224c025847c42
:108000000100032404188300000043ac0080053401
:10801000cbff400f25204002d3ff001025100000a9
:08802000f6ff00104890422415
:020000040000fa
:020000041d02db
:108028004b00c0102510e000d0ffbd272c00bfafcb
:108038002800b5af2400b4af2000b3af1c00b2af26
:108048001800b1af1400b0af2598a0002590c0006b
:108058002588e0003fce400f010006242c00401088
:108068002580400025a000000e0002960800038e1f
:1080780021186200231873000c00029606004010b5
:10808800ffff6330252040002b10620001004054a0
:1080980025206000ffff833025a860002b184302cd
:1080a8000100605425a84002ffffb5321500a01258
:1080b800253000002528a002f567400f2520600222
:1080c800272002000100823204004010ffff8430a4
:1080d800ed67400f00000000252040000000108ed2
:1080e8000b0000122188240223905502ffff523210
:1080f8000700401221a8b402ffffb432daff0010d3
:108108000800138e0000108ed7ff00560800138e4b
:10811800ffff2332028c110021887100007c227e2f
:108128002188220227881100ffff22322c00bf8fee
:108138002800b58f2400b48f2000b38f1c00b28fa5
:108148001800b18f1400b08f0800e0033000bd277d
:088158000800e0030000000034
:020000040000fa
:020000041d02db
:10816000c8ffbd273400bfaf3000b6af2c00b5af9d
:108170002800b4af2400b3af2000b2af1c00b1aff1
:108180001800b0af25a080002590a0002598c00061
:108190002580e0004800b6935400b19730002226b5
:1081a0000105422cd00403240a8862000000c39019
:1081b000ff000224080062144c00b5930200022460
:1081c0000500a212040002242100a21602000224cb
:1081d0002000c2163400bf8f00000392ff0002246b
:1081e0001b00621010000624029d053c885fa52438
:1081f000a7f6400f25200002150040105000a28f66
:108200001400a2af1000b5af2538c002253000021f
:108210002528600227d1400f252080020c00401045
:10822000258040001400428e0e004224180042ae09
:1082300025282002fda6400f252000022b1051000a
:108240000d00401025382002dff1400f25200002ec
:108250003400bf8f3000b68f2c00b58f2800b48f4c
:108260002400b38f2000b28f1c00b18f1800b08f94
:108270000800e0033800bd2702000624252840023c
:10828000ad91400f25200002b6fc400f25200002d2
:08829000f0ff00103400bf8f65
:020000040000fa
:020000041d02db
:108298004b00801000000000e0ffbd271c00bfafae
:1082a8001800b2af1400b1af1000b0af2510a00095
:1082b8004800858c2b18a2000b2843002c00928cb8
:1082c80039004512258080004c00838c010002246f
:1082d800360062541c00bf8f2c0085ac1800828cbd
:1082e800030040040500022423104500180082ac56
:1082f80080181200211872008018030000a0023ca8
:108308004c284224211043001400038e26006214d6
:108318000400112656f3400f25202002080040547f
:108328002c00038e6482838f010002240410420211
:108338002710020024104300648282af2c00038eb1
:108348006482848f01000224041062002510440016
:10835800648282af00a0043c4c288424801003006f
:108368002110430080100200211082000400428c7a
:10837800080002ae0800438c0c0003ae040071ac88
:10838800080051ac2c00058e80100500211845000e
:108398008018030021188300140003ae0000628ccb
:1083a80001004224000062ac1c00bf8f1800b28f8d
:1083b8001400b18f1000b08f0800e0032000bd2723
:0883c8000800e00300000000c2
:020000040000fa
:020000041d02db
:1083d0000400828cc0ffbd273400b7af1c00b1afd2
:1083e0001800b0af5800b78f3c00bfaf3800beaf29
:1083f0003000b6af2c00b5af2800b4af2400b3af47
:108400002000b2af2580c000020041042588e000b2
:10841000010002241000958c5000b68f0c00938c44
:108420000000fe8effffb526234056005400a28fa9
:1084300021187502000060a0010012240200de3342
:10844000c3a702001000a01e251011022b004052ed
:108450000000e38e3c00bf8f2510a0023800be8fc5
:108460003400b78f3000b68f2c00b58f2800b48f42
:108470002400b38f2000b28f1c00b18f1800b08f82
:108480000800e0034000bd2707004014211016013a
:108490000600401c5400a68fecffc01a000000002c
:1084a000eaffc013000000005400a68f2520000240
:1084b00025282002253880021000a8af9949400fd6
:1084c000ffffb52625904000211875023000422498
:1084d0005400a68f2520000225282002000062a05b
:1084e000304f400f25388002ffffd6261000a88f9e
:1084f00025886000d3ff0010258040000421037c04
:08850000d4ff00100000e3aeff
:020000040000fa
:020000041d02db
:10850800d8ffbd272400bfaf2000b3af1c00b2af17
:108518001800b1af1400b0af00a0023c242b508c5f
:108528002300001200a0023c202b428c19004018a6
:108538002c0010262588000000a0123c202b532672
:10854800d4ff048e0f0080500100312647e6400f0b
:108558000000000041e3400f2520000241e3400fe6
:10856800ecff042641e3400fd8ff04260800648e80
:108578000c00828c09f84000d4ff058ed4ff00aeb1
:1085880001003126202b428e2a102202ecff4014d3
:108598004800102600a0103c202b10260800048e4e
:1085a8000c00828c09f840000400058e040000ae1f
:1085b80000a0103c202b10260800058e00a0043ccb
:1085c8004afa400f402b8424080000ae1c00048e99
:1085d8000600801000a0023cfbf8400f00000000dd
:1085e80000a0023c3c2b40ac00a0023c682b448c11
:1085f8000a0080102400bf8f2000828c08004230bf
:108608000400401400a0023c28d7400f00000000de
:1086180000a0023c682b40ac2400bf8f2000b38f21
:108628001c00b28f1800b18f1400b08f0800e0034f
:048638002800bd2732
:020000040000fa
:020000041d02db
:10863c00d8ffbd272400bfaf2000b4af1c00b3afe0
:10864c001800b2af1400b1af1000b0af2580a0007d
:10865c0025a0c000c4d3400f010005242400401005
:10866c00ffff1124259040000400538c25280002a4
:10867c00e6d6400f25204000258040001800401011
:10868c00feff11240a0080520e0003920e0043904c
:10869c00fcff6324ff0063300300632c0400605074
:1086ac000e0003920800428c000082ae0e00039272
:1086bc00ffff6224ff0042300400422c08004014eb
:1086cc00010011240700622c120040100500022446
:1086dc0021006214040002240e0002a2258800006e
:1086ec0004006012251020027ff9400f2520600243
:1086fc00251020022400bf8f2000b48f1c00b38fe4
:10870c001800b28f1400b18f1000b08f0800e00376
:10871c002800bd27f3040624029d053cac5fa5246c
:10872c00fef3400f25200000ecff11240e000292f6
:10873c000600422ceaff4014030007240400468e76
:10874c009c00c62425280002a4b4400f25206002fa
:10875c00e3ff001000000000f4ff0010258800006b
:020000040000fa
:020000041d02db
:10876c00d0ffbd272c00bfaf2800b5af2400b4af9d
:10877c002000b3af1c00b2af1800b1af1400b0af03
:10878c002590800025a0a0002588c0002598e00039
:10879c0000a0023cd8034224ffff152425800000d2
:1087ac00080004240000438c3300605025a800020c
:1087bc003100721400a0033c401010002110500036
:1087cc00c0100200d4036324211043000800458c20
:1087dc0005fb400f25202002251840001d006014c9
:1087ec00251000004010100021105000c010020095
:1087fc0000a0033cd4036324211043001000468cda
:10880c001400458cffff02240600021600a0033c56
:10881c00ffff03240f00a312251000002580a002e7
:10882c0000a0033cd40363244020100021109000ce
:10883c00c010020021106200040052ac000054acc5
:10884c00080051ac0c0053ac100046ac140045ac05
:10885c00010002242c00bf8f2800b58f2400b48f98
:10886c002000b38f1c00b28f1800b18f1400b08f92
:10887c000800e0033000bd2701001026c9ff0416d4
:10888c001800422425280000e1ff001025300000cc
:020000040000fa
:020000041d02db
:10889c00e0ffbd271c00bfaf1800b1af1400b0af94
:1088ac00258880000e00a2900300032421004310b1
:1088bc002580a0000400432c050060100100032457
:1088cc000b004310020003242f0043100000000093
:1088dc0066040624029d053c1060a524fef3400f9f
:1088ec0025200000070002240d0000100e0002a23b
:1088fc00f8fd400f1000848c0a0040141c00bf8f40
:10890c00040006968019c57c4020c67c1000a53456
:10891c00d8ee400f1000248e030002240e0002a299
:10892c001c00bf8f1800b18f1400b08f0800e0033b
:10893c002000bd27f8fd400f1000848cf9ff401477
:10894c001c00bf8ff2f9400f1000248e080002aefd
:10895c00040005964020a67c8019a57c0100c63435
:10896c001000a534d8ee400f1000248e0d00039299
:10897c000100633006000224020004240a10830064
:10898c00e7ff00100e0002a2f8fd400f1000848ccf
:10899c00e4ff40141c00bf8ff2f9400f1000248e2e
:1089ac00001c02000800028e25104300080002aed5
:0c89bc0006000224daff00100e0002a2e8
:020000040000fa
:020000041d02db
:1089c800d0ffbd272c00bfaf2800b3af2400b2af43
:1089d8002000b1af1c00b0af0000a390ff0002243c
:1089e8001d00621025800000258880009ff7400f39
:1089f8002590a00025984000020006242528400262
:108a080059ae400f252020020400401025284002be
:108a18001c00508c11000016251000028fce400f4c
:108a2800252020021500401401000624abc8400f81
:108a38002520200210004010258040000400478cab
:108a48000d00e0102528400238006696ccb1400f92
:108a5800252020020400108e251000022c00bf8f54
:108a68002800b38f2400b28f2000b18f1c00b08f74
:108a78000800e0033000bd27010006242528400235
:108a880059ae400f252020020800401025804000e4
:108a9800253840003800669625284002ccb1400fa2
:108aa80025202002edff0010251000021400a0afc1
:108ab8001000a0af0100072425300000252840023f
:108ac8007a9e400f25202002e3ff401025804000b9
:108ad800253840003800669625284002ccb1400f62
:0c8ae80025202002ddff001025100002f8
:020000040000fa
:020000041d02db
:108af400c0ffbd273c00bfaf3800beaf3400b7afe6
:108b04003000b6af2c00b5af2800b4af2400b3af2b
:108b14002000b2af1c00b1af1800b0af25888000b0
:108b240025a0a0000800be24fafa400f2520c003a7
:108b34002e0040101000a2af259840000000368e91
:108b4400200032261c00308e238012022a1050008e
:108b54000c0040100400358e009d173ca41ff7261e
:108b64000000c28e2528e00209f840002520a0025a
:108b7400ffff10261000a28ffaff50540000c28e8f
:108b84002580600209000012009d173ca81ff726eb
:108b94000000c28e2528e00209f840002520a0022a
:108ba400ffff1026fbff00560000c28e2528c003dd
:108bb400dcfb400f252040020000c28e009d053cd6
:108bc400381ea52409f840002520a0020000c28e0a
:108bd4002528400209f840002520a00221905302d4
:108be400180032ae1c0032aed40034ae3c00bf8f4d
:108bf4003800be8f3400b78f3000b68f2c00b58f8d
:108c04002800b48f2400b38f2000b28f1c00b18fd2
:0c8c14001800b08f0800e0034000bd27ee
:020000040000fa
:020000041d02db
:108c2000c00002242700a210c100a3282300601066
:108c3000251000009100a3281d0060108000a328cb
:108c40001e00601480ffa5241100a22c3c004010df
:108c500080280500039d023c6c8c422421104500b5
:108c60000000428c0800400000000000c48c029dff
:108c7000c48c029d1c8d029d408d029de48c029d42
:108c8000408d029d408d029d408d029d008d029d74
:108c9000408d029d408d029d408d029d408d029d24
:108ca000408d029d408d029d408d029d1c8d029d38
:108cb000a00003240400a3500000e28c0800e0039d
:108cc000000000000000e28c040043240000e3ac3c
:108cd0000000428c000082ac000046ac0800e003bb
:108ce000010002240000e28c040043240000e3acf5
:108cf0000000428c000082acf8ff0010000046a487
:108d00000000e28c040043240000e3ac0000428c2d
:108d1000000082acf1ff0010000046a00000e28cd1
:108d2000040043240000e3ac0000428c000082ac4d
:108d3000000046acc3370600e8ff0010040046ac54
:0c8d4000251000000800e0030000000007
:020000040000fa
:020000041d02db
:108d4c00c0ffbd273c00bfaf3800b7af3400b6af93
:108d5c003000b5af2c00b4af2800b3af2400b2afd5
:108d6c002000b1af1c00b0af259080000700a01010
:108d7c002580a0000000a0a00100a0a00200a0a0df
:108d8c000300a0a00400a0a00500a0a02900401290
:108d9c000100022400004382260060102588000098
:108dac003a00172406001624000054928bfc400f46
:108dbc00252080021f004010251000000100559254
:108dcc008bfc400f2520a002250040100438b37ef8
:108ddc00047a937eefd9400fffff64322118b10360
:108dec00100062a002004282080040100000000047
:108dfc00030057102d0003240e004314251000000f
:108e0c0001003126e8ff3616030052260700001237
:108e1c001000a28f030002aa000002ba1400a29351
:108e2c00040002a21500a293050002a20500223a3a
:108e3c000100422c3c00bf8f3800b78f3400b68f36
:108e4c003000b58f2c00b48f2800b38f2400b28f64
:108e5c002000b18f1c00b08f0800e0034000bd273c
:088e6c00f4ff001025100000c6
:020000040000fa
:020000041d02db
:108e7400d0ffbd272c00bfaf2800b3af2400b2af92
:108e84002000b1af1c00b0af3e00a2903d00a39003
:108e94002b10430015004010258000002588a000f9
:108ea4002598c0002530a000039d053cd2bd400f8d
:108eb400e4aba5240d0040102580400006000224e8
:108ec4001000a2af11000724080006242528000082
:108ed40099d1400f252000020c0040142590400039
:108ee400dff1400f252000022580400225100002fa
:108ef4002c00bf8f2800b38f2400b28f2000b18fc5
:108f04001c00b08f0800e0033000bd2725280000b6
:108f140028d5400f2520000225280000b8e0400f86
:108f240025200002039d053c14d8a524ae00410f62
:108f3400252000022081848f0400828c09f84000df
:108f4400100025960500401425904000dff1400fe5
:108f540025200002e5ff0010258040020a0060522f
:108f64003e002292000022ae1000229621104202fe
:108f7400040022ae080032ae020002243c0022a209
:108f84000c0030ae3e002292010042243e0022a298
:088f9400d6ff0010200012ae10
:020000040000fa
:020000041d02db
:108f9c00e0ffbd271c00bfaf1800b2af1400b1af8b
:108fac001000b0af1c008294080040102580800097
:108fbc0001000324250043504000828c67ec400fd5
:108fcc00f7ff05241c0000101c00bf8f0800918cbb
:108fdc001400228e1000428c04004054400002ae5b
:108fec00019d023c74654224400002ae40f0400feb
:108ffc003c0000ae259040002000228e23f2400f52
:10900c000000518c02882272e70331266210023c68
:10901c00d34d4224190022021088000082891100cd
:10902c00211032022c0002ae010002241a0002a60a
:10903c001c0002a61c00bf8f1800b28f1400b18f49
:10904c001000b08f0800e0032000bd272528800009
:10905c00029d043c09f84000c429842405004014f6
:10906c0025284000020002241a0002a6f1ff00107d
:10907c001c0000a6050041040000000067ec400f36
:10908c0025200002ecff00101c00bf8f40f0400fa9
:10909c00000000002c00038e2b104300e5ff401451
:1090ac00feff052467ec400f25200002e2ff0010b4
:0490bc001c00bf8f46
:020000040000fa
:020000041d02db
:1090c000d8ffbd272400bfaf2000b3af1c00b2af54
:1090d0001800b1af1400b0af2700801025888000c1
:1090e0003e00a0102580a00048009324ffff053417
:1090f00073f9400f252060022400328e31004012a7
:1091000007000326c2180300010063242510000095
:109110000400458e2b20a300270080142320a300e9
:109120000300862c0300c0542518a0001e00a35481
:10913000040044ae1a0040500000428e0000448eed
:10914000000044ac2800248e01009250280022ae7a
:109150003000228e21186200300023ae3400228eaf
:109160002b10430001004054340023ae7ff9400f20
:109170002520600208005126251020022400bf8f00
:109180002000b38f1c00b28f1800b18f1400b08f75
:109190000800e0032800bd27ddff001025908000b7
:1091a000e8ff0010240022aec020040021904402f9
:1091b000e7ff0010040043ae0000448ef6ff801469
:1091c00025104002faff0224380022ae7ff9400f3a
:1091d00025206002e8ff001025880000e6ff00104f
:0491e00025880000de
:020000040000fa
:020000041d02db
:1091e400d0ffbd272c00bfaf2800b3af2400b2af1f
:1091f4002000b1af1c00b0af258080000300022422
:109204001400a2100400918c0000828c0000428c97
:10921400009d053c3c11a52409f8400025202002ae
:109224000000028e0000428c009d053c6811a524bc
:1092340009f84000252020022c00bf8f2800b38f9e
:109244002400b28f2000b18f1c00b08f0800e0030f
:109254003000bd272590c00007d7400f0400c48c00
:1092640009004014259840000000028e0000428c42
:10927400009d053c6c10a52409f84000252020021f
:10928400eeff00102c00bf8f0000028e0400428c01
:109294000800468e009d053c9411a52409f8400061
:1092a400252020021000a52753a3400f0800448e58
:1092b40008004014009d053c0000028e0000428c12
:1092c400a411a52409f8400025202002dbff00108a
:1092d4002c00bf8f1000a52735f1400f2520600218
:1092e400d5ff4014009d053c0000028e0000428c16
:1092f400c411a52409f8400025202002cfff001046
:049304002c00bf8feb
:020000040000fa
:020000041d02db
:10930800d8ffbd272400bfaf2000b3af1c00b2af09
:109318001800b1af1400b0af258080002588c000c8
:10932800030002241600a2100400928c0000828c14
:109338000400428c0000c68c009d053c8419a524bd
:1093480009f84000252040020000028e0400428ceb
:109358000000268e009d053c1415a52409f8400040
:10936800252040022400bf8f2000b38f1c00b28f3d
:109378001800b18f1400b08f0800e0032800bd2743
:1093880007d7400f0400c48c08004014009d053c1a
:109398000000028e0000428c7809a52409f84000dc
:1093a80025204002f0ff00102400bf8f0800338ef4
:1093b80002000624009d053c8c09a524a7f6400f51
:1093c800252060020e00401002000624009d053c86
:1093d800a009a524a7f6400f252060020800401028
:1093e800009d053c0000028e0000428cac09a524bb
:1093f80009f8400025204002dbff00102400bf8f41
:109408000000028e0400428c0000268e009d053c60
:10941800a819a52409f8400025204002d2ff001011
:049428002400bf8fce
:020000040000fa
:020000041d02db
:10942c00d8ffbd272400bfaf2000b4af1c00b3afe2
:10943c001800b2af1400b1af1000b0af2b00e010a9
:10944c00258000002590a000020002243000c214e8
:10945c002598e000d400918cd800948c0000828e6a
:10946c000f0040143800a68f1800052409f860027c
:10947c00010004241d004010258000000000838e94
:10948c00000043ac0400632400e0637c140043ac94
:10949c00000082ae0400838e01006050040082ae96
:1094ac001200401225804002258000003800a68f53
:1094bc001800052409f86002010004240c00405037
:1094cc0025100002000040ac140040ac0400238eb8
:1094dc0015006054000062ac040022ae000022ae05
:1094ec0001001026f2ff50163800a68f251000023e
:1094fc002400bf8f2000b48f1c00b38f1800b28fd4
:10950c001400b18f1000b08f0800e0032800bd27b5
:10951c0001000224f5ffc21425800000dc00918cb0
:10952c00ceff0010e000948c0400248e0400432431
:10953c0000e0637c140083ace9ff0010040022ae51
:020000040000fa
:020000041d02db
:10954c00d0ffbd272c00bfaf2800b6af2400b5afad
:10955c002000b4af1c00b3af1800b2af1400b1af11
:10956c001000b0af25a0a00025a8c0002588e00001
:10957c000000d28c4000a6933fce400f252840021d
:10958c002b00401025980000258040002800201258
:10959c002598200225284002259800000e000296ee
:1095ac000800038e211862000c000296ffff443065
:1095bc002b20240202008010231872002510200298
:1095cc0025b06000ffff6330ffff44302b18830091
:1095dc000100605425b04000ffffd6321000c012cd
:1095ec002530c00225284002effa400f25208002ca
:1095fc00219056022198d3020000108e0c0000120c
:10960c00ffff733223883602ffff3132080020122d
:10961c0021a0960225284002e0ff00100800128ebf
:10962c000000108eddff00560800128e2590a00061
:10963c000000b2ae251060022c00bf8f2800b68f40
:10964c002400b58f2000b48f1c00b38f1800b28f8c
:10965c001400b18f1000b08f0800e0033000bd275c
:020000040000fa
:020000041d02db
:10966c00d8ffbd272400bfaf2000b3af1c00b2afa2
:10967c001800b1af1400b0af1480848fffff022428
:10968c000600821000a0023c6ddc400f00000000c0
:10969c00ffff0224148082af00a0023c802342947e
:1096ac000f00401000000000bc80918f258000004e
:1096bc0000a0123c8023532603000724020006243a
:1096cc002528200237bc400f2520600201001026ff
:1096dc00802342962a100202f7ff40148c00312698
:1096ec009c00410f0000000000a0023c8823448c29
:1096fc000d00801000a0033c0c00828c09f8400087
:10970c00bc80858f00a0023cf6fc400f8823448c63
:10971c0004004104009d053ca801a524d7c8400fb6
:10972c002520000000a0033c80236224080040acec
:10973c000c0040acbc8080af802360a4040040ac23
:10974c00988080af9c8080af00a0023c442040ac4d
:10975c0044204224040040ac080040ac0c0040ac57
:10976c00100040ac2400bf8f2000b38f1c00b28fc0
:10977c001800b18f1400b08f0800e0032800bd273b
:020000040000fa
:020000041d02db
:10978c00e8ffbd271400bfaf4482828f0500401054
:10979c0001000224588282af1400bf8f0800e0033e
:1097ac001800bd27588280af4082828f3000428cd7
:1097bc004082838f4082848f0000638c3000848cc5
:1097cc002b18830012006010a5a5033c0000448cec
:1097dc00a5a563340e008314a5a5033c0400448c9a
:1097ec00a5a563340a008314a5a5033c0800448c8a
:1097fc00a5a5633406008314000000000c00438c04
:10980c00a5a5023ca5a5423405006210000000008d
:10981c004082858f4082848f67fc400f3400a524e2
:10982c006482838f201863701f000224231043006e
:10983c0000a0043c4c2884248018020021286200db
:10984c0080280500212885000400a68c0400c68c05
:10985c002118620080180300080063242120830073
:10986c000300c4140400a6ac0c00a48c0400a4ac2b
:10987c0000a0033c802002002120820080200400f4
:10988c004c286224211044000400428c0c00428cb1
:10989c00408282af4082828fc0ff00101400bf8fc5
:020000040000fa
:020000041d02db
:1098ac00e0ffbd271c00bfaf1800b1af1400b0af74
:1098bc00258080000800848c20001196080023323b
:1098cc002a0060101000828c0100433027006010c9
:1098dc00c21a1100401903000100829001004530aa
:1098ec000200a014010464340100643444000596a1
:1098fc00220003240600a314ffff863046000396c3
:10990c00201663302016052405006510040005247c
:10991c000200423001004054000886340400052443
:10992c000fe3400f252000020700401001013132e7
:10993c000101022409002216040002241a0002a6c6
:10994c00060002241c0002a61c00bf8f1800b18f59
:10995c001400b08f0800e0032000bd271a0002a6f7
:10996c0008000224f8ff00101c0002a6006026323a
:10997c000300c010005031320001467c4033060019
:10998c00010020560001c634000142300100405451
:10999c000040c634252800000fe3400f25200002ac
:1099ac00e9ff4010040002241a0002a60a00022457
:0899bc00e5ff00101c0002a6eb
:020000040000fa
:020000041d02db
:1099c400e0ffbd271c00bfaf1800b2af1400b1af59
:1099d4001000b0af258080000500a0102588a000ed
:1099e4003400062425280000d2fb400f2520200245
:1099f400050000122510000042000296400042308b
:109a040031004014e080928f1c00bf8f1800b28f89
:109a14001400b18f1000b08f0800e0032000bd27b0
:109a24006cff400f252000024080020021800202ca
:109a3400c08010002180020280801000218050022a
:109a44006000039201006330efff601025100000f6
:109a54005e0003960900642cecff80141c00bf8f89
:109a6400e9ff2012010002249800410f000023aef8
:109a7400040022ae0800028e080022ae1800028ef6
:109a84000c0022ae0800028e1000038e2110430049
:109a9400100022ae0800028e1400038e2110430031
:109aa400140022ae3400028e180022ae3c00028e56
:109ab4001c0022ae3000028e200022ae240020ae14
:109ac400d1ff001001000224d5ff40160000000061
:089ad400cdff00102510000079
:020000040000fa
:020000041d02db
:109adc00d8ffbd272400bfaf2000b4af1c00b3af2c
:109aec001800b2af1400b1af1000b0af25888000e1
:109afc002580a00025a0c0003800a2931b004010b8
:109b0c002590e0000300a0102598a000d5f5400f8b
:109b1c002520a0000000628e170040500800628ec5
:109b2c0006005110000000000000428c1200405052
:109b3c000800628efdff22560000428c04000012c9
:109b4c002400bf8fe3f5400f252000022400bf8fb7
:109b5c002000b48f1c00b38f1800b28f1400b18f8b
:109b6c001000b08f0800e0032800bd272598a00046
:109b7c00e8ff0010258000000e0054142528200258
:109b8c00c7f5400f25206002252040000d004290b3
:109b9c004429027c0d0082a01400828c0500401028
:109bac00252820021c00868c09f84000252800007e
:109bbc0025282002b3f8400f252060020d002292c8
:109bcc00010003244429627c40f0400f0d0022a2c6
:109bdc0023f2400f25984000021842722190730026
:089bec00d6ff00102c0032ae80
:020000040000fa
:020000041d02db
:109bf400d8ffbd272400bfaf2000b3af1c00b2af15
:109c04001800b1af1400b0af160080102588000012
:109c1400259080002598a0004000a22c020040104e
:109c24002580a00040001024ffff10320a00052404
:109c3400bbb9400f25204002120040140b0005243c
:109c44009de0400f25200002252040000500401023
:109c5400258800000c000624c06f400f2528400210
:109c640025880002251020022400bf8f2000b38f16
:109c74001c00b28f1800b18f1400b08f0800e003ed
:109c84002800bd27bbb9400f252040020b0040101f
:109c940025880000040043940600449423186400bb
:109ca400211823020c00428cfaff4014ffff71308c
:109cb4002b983302ecff601225102002238011023e
:109cc40025100002ffff10324000102e0100005644
:109cd40040000224ffff50309de0400f2520000289
:109ce40007004010252040000c000624c06f400fe0
:109cf4002528400221803002daff0010ffff1132d4
:089d0400d8ff001025880000c3
:020000040000fa
:020000041d02db
:109d0c000080013c2430a10040380500423d070092
:109d1c00ff0701242c00e11000000000330409248b
:109d2c00233827013500e12c0b0020140000000023
:109d3c002100e004000000002f00c0100000000013
:109d4c00404805002548240127002015000000008c
:109d5c0029000010000000000500c01000000000e9
:109d6c002b48040023200400232805002328a900e5
:109d7c001f00e9300100082404402801234008009a
:109d8c002000e12c05002014000000000000042439
:109d9c002428a800020000100000000024208800e5
:109dac000500c010000000002b4804002320040014
:109dbc00232805002328a9002510040025180500d8
:109dcc000800e003000000000f00013cffff2134fd
:109ddc002448a100254824010b0020150000000098
:109dec00f5ff001000000000f0bf053c000004244b
:109dfc00f1ff0010000000002528060000000424dc
:109e0c00edff001000000000f8ff053c00000424ea
:089e1c00e9ff00100000000046
:020000040000fa
:020000041d02db
:109e240042008010f5ff0224e0ffbd271c00bfaff5
:109e34001800b2af1400b1af1000b0af258080009d
:109e44002588a0000800838c00a0023c58294224e5
:109e5400080062102590c000f5ff02241c00bf8f8b
:109e64001800b28f1400b18f1000b08f0800e00307
:109e74002000bd270200848402000324f7ff83141a
:109e8400f6ff0224f5ff2012f7ff0224f4ff40122c
:109e94001c00bf8f00a0023c6c29438cefff6010b4
:109ea400f7ff02240000648ceeff80501800b28f8c
:109eb4000400648cebff80501800b28f0800638ca0
:109ec400e8ff60501800b28f1000228e040040108a
:109ed40025280002029d043c09f84000c42984247a
:109ee40000a0023c582942240000238e020043a40f
:109ef4000400238e100043ac0800238e0a0043a400
:109f04000c00238e010043a0280012ae010002249d
:109f1400180002a61c0000a61a0000a6020002a651
:109f24001e0002a6cdff0010010002240800e00379
:049f34000000000029
:020000040000fa
:020000041d02db
:109f3800d8ffbd272400bfaf2000b4af1c00b3afcb
:109f48001800b2af1400b1af1000b0af2580800088
:109f58004c00410f2588a000040040142590000003
:109f68009fff400f252000020300122497ff400f97
:109f7800252000020000338e0400348e0f00410fac
:109f8800252000021300410f25200002049d023cf9
:109f98006c00422425280000080006240000439491
:109fa8001b006302f4016000121800002b188302e2
:109fb800050060100100a524f8ffa6140200422441
:109fc800070005240100a5241700410f25200002e1
:109fd8000800228e010042301200401000000000ec
:109fe800e3ff400f252000020800228e02004230c5
:109ff8001000401000000000ebff400f2520000279
:10a00800251040022400bf8f2000b48f1c00b38f9e
:10a018001800b28f1400b18f1000b08f0800e00351
:10a028002800bd27e7ff400f25200002efff0010a2
:10a038000800228eefff400f25200002f1ff0010dc
:04a04800251040029d
:020000040000fa
:020000041d02db
:10a04c004200a01000000000e0ffbd271c00bfafc5
:10a05c001800b1af1400b0af2580a000180080101c
:10a06c002588c0009ff7400f00000000252040000d
:10a07c000800222e1200401080881100039d023c23
:10a08c00a0a04224211051000000428c0800400086
:10a09c0000000000c0a0029df4a0029de0a0029d63
:10a0ac0008a1029dcca0029d1ca1029d30a1029d85
:10a0bc0044a1029d25280002b3f8400f48008424d7
:10a0cc001c00bf8f1800b18f1400b08f0800e00384
:10a0dc002000bd2725280002b3f8400f540084242b
:10a0ec00f8ff00101c00bf8f25280002b3f8400faa
:10a0fc003c008424f3ff00101c00bf8f25280002b5
:10a10c00b3f8400f60008424eeff00101c00bf8fda
:10a11c002528000266f2400f04008424e9ff001099
:10a12c001c00bf8f2528000266f2400f100084240b
:10a13c00e4ff00101c00bf8f2528000266f2400fc0
:10a14c001c008424dfff00101c00bf8f0800e003fc
:04a15c0000000000ff
:020000040000fa
:020000041d02db
:10a16000c8ffbd273400bfaf3000b7af2c00b6af7b
:10a170002800b5af2400b4af2000b3af1c00b2afcd
:10a180001800b1af1400b0af2b008010258800007c
:10a190002580800025a0a00025a8c000009d163cb9
:10a1a0000c20d626220005242ef8400f2520000280
:10a1b0000200401025904000000040a0809811004f
:10a1c0002198930225b800002528c002b7ce400f81
:10a1d00025200002120040142b18350216004012f0
:10a1e00001005226220005242ef8400f25204002af
:10a1f00011004050ffff11241b0042122b183502a2
:10a2000004006010000040a0801811002118830293
:10a21000000072ac01003126e2ff00100100502462
:10a2200001006054000062ae010031260400732674
:10a23000e5ff00102580e002251020023400bf8fca
:10a240003000b78f2c00b68f2800b58f2400b48f54
:10a250002000b38f1c00b28f1800b18f1400b08f94
:10a260000800e0033800bd27f3ff0010ffff1124b2
:020000040000fa
:020000041d02db
:10a27000c03a0500425d04002538eb00c0320400fe
:10a280000080013c2538e1000080013c2448a10009
:10a29000404005004245080080fc0825ffff0b25d3
:10a2a000fe00612d12002010000000000200c0100e
:10a2b000000000000100e7348000e7248000eb2c60
:10a2c00021400b01025a070001006b312338eb00db
:10a2d00040380700423a0700c05d08002538eb000f
:10a2e0002510e9000800e003000000000000000065
:10a2f0007f040124080001150000000040580700f9
:10a30000255866010400601100000000c0ff023cf7
:10a31000f4ff001000000000ff00012905002014d8
:10a3200000000000807f013c25102101edff00109e
:10a330000000000001000a24235048012000412da4
:10a34000040020140000000025100900e5ff0010a3
:10a350000000000020000c2423608a0104588701bb
:10a360002530cb0006384701000008240080013c5e
:10a370002538e100cdff00100000000000000000c3
:020000040000fa
:020000041d02db
:10a38000000102040703060500000000ffffffffb5
:10a39000ffffffffffffffffffffffffffffffffcd
:10a3a000ffffffffffffffffffffffffffffffffbd
:10a3b000ffffffffffffffffffffffffff000102a7
:10a3c00003040506070809ffffffffffffff0a0b55
:10a3d0000c0d0e0f101112131415161718191a1b45
:10a3e0001c1d1e1f20212223ffffffffffff0a0b62
:10a3f0000c0d0e0f101112131415161718191a1b25
:10a400001c1d1e1f20212223ffffffffffffffff58
:10a41000ffffffffffffffffffffffffffffffff4c
:10a42000ffffffffffffffffffffffffffffffff3c
:10a43000ffffffffffffffffffffffffffffffff2c
:10a44000ffffffffffffffffffffffffffffffff1c
:10a45000ffffffffffffffffffffffffffffffff0c
:10a46000fffffffffffffffffffffffffffffffffc
:10a47000ffffffffffffffffffffffffffffffffec
:0da48000ffffffffffffffffffffffffffdc
:020000040000fa
:020000041d02db
:10a4900074a6039dd442039d3c1f039d604d039d04
:10a4a0006cee029d010000000200000008000000a8
:10a4b0000400000010000000200000004000000028
:10a4c0008000000046524d54584f4b2000000000c1
:10a4d00070f7039d46524d52584f4b20000000002c
:10a4e00054f7039d5258425546434e540000000015
:10a4f00038f7039d52584f56464c4f570000000006
:10a500001cf7039d4643534552524f520000000032
:10a5100000f7039d414c474e455252200000000079
:10a52000e4f6039d53434f4c46524d20000000007b
:10a53000c8f6039d4d434f4c46524d20000000008d
:10a54000acf6039d401001001c00009de8ee009d4c
:10a5500004b1039d2002049dd8db039d0c23029dc2
:10a56000d0ba039d5cd5039de457039df07e029d08
:10a570002802049d145b039d60a4019de0cd029d13
:10a58000083e029d4067039d4cf3029d5c57039d6e
:0ca59000b830029d4cea029d90f6039d3d
:020000040000fa
:020000041d02db
:10a59c00d8ffbd272400bfaf2000b1af1c00b0af67
:10a5ac00258880001400a0af2f00a0141000a0afcd
:10a5bc001000a52777cd400f252020022510000084
:10a5cc002400bf8f2000b18f1c00b08f0800e00367
:10a5dc002800bd27b3c9400f252020020300038aa1
:10a5ec000000039a23006010258060000b00058a90
:10a5fc000800059a1f00a010000000000c00039238
:10a60c000d000692003206002530c3001900c01060
:10a61c0000000000efff40101000a7271000a38fd0
:10a62c00e7ff60101400a78fd400248e25300000a3
:10a63c00040067540000688ce1ff60102538c000ee
:10a64c002540c000000060ac140060ac0400858c98
:10a65c000c00a0540000a3ac040083ac000083ac3d
:10a66c00f3ff0010251800012580a000dfff00106b
:10a67c0025100000eaff40141000a38fcdff00103e
:10a68c001000a5270400898c0400652400e0a57c3b
:0ca69c00140025adf2ff0010040083ac98
:020000040000fa
:020000041d02db
:10a6a800e0ffbd271c00bfaf1800b1af1400b0af6a
:10a6b800258880000e00a290030003242200431086
:10a6c8002580a0000400432c05006010010003242d
:10a6d8000b004310020003242e004310000000006a
:10a6e80093040624029d053c2860a524fef3400f30
:10a6f80025200000070002240e0000100e0002a210
:10a70800f8fd400f1000848c0b0040141c00bf8f14
:10a71800040006968019c57c080007964020c67c70
:10a728001000a534e5e7400f1000248e0300022432
:10a738000e0002a21c00bf8f1800b18f1400b08f4a
:10a748000800e0032000bd27f8fd400f1000848cae
:10a75800f9ff40141c00bf8f040005964020a67c1a
:10a768008019a57c0a0007960100c6341000a5349c
:10a77800e5e7400f1000248e0d00039201006330be
:10a7880006000224020004240a108300e9ff0010d6
:10a798000e0002a2f8fd400f1000848ce5ff401463
:0ca7a80006000224e3ff00100e0002a2d5
:020000040000fa
:020000041d02db
:10a7b400b8ffbd274400bfaf4000b3af3c00b2af09
:10a7c4003800b1af3400b0af2580e0005800b29338
:10a7d40030d2400f5c00b393300040102588400015
:10a7e40088ff02241800a2a31900a0a31a00a0a79e
:10a7f4001c00a0a31d00a0a3050060121e00a0a7ba
:10a8040025100000010003244429627c1c00a2a33b
:10a81400040040121c00a293010003248431627cd2
:10a824001c00a2a30300058a0000059a0700048afd
:10a834000400049a0b00038a0800039a0f00028a9a
:10a844000c00029a2000a5af2400a4af2800a3aff7
:10a854002c00a2af3a000524c2ef400f25202002ad
:10a86400ff0005248cfa400f252020020200022458
:10a874001000a2af3a000724180006241800a527e8
:10a8840099d1400f25202002040040142580400067
:10a89400dff1400f25202002258800022510200228
:10a8a4004400bf8f4000b38f3c00b28f3800b18f9b
:0ca8b4003400b08f0800e0034800bd270e
:020000040000fa
:020000041d02db
:10a8c000c0ffbd273c00bfaf3800b3af3400b2af0c
:10a8d0003000b1af2c00b0af2590a0001000a0afa9
:10a8e0001400a0af1800a0af1c00a0af2000a0afc4
:10a8f0002400a0af4010040021104400801002008a
:10a9000000a0103c5820102621800202f8ef400fd2
:10a910002520000025984000c7f5400f25200002a3
:10a92000258840002528600201f2400f2520000004
:10a930000f002012000000002800228e0500521493
:10a9400025282002b3f8400f1000a427efff0010c5
:10a9500000000000b3f8400f1c00a427ebff00101c
:10a960000000000001000624dae1400ff5ff052495
:10a97000c7f5400f1000a427faff4014252040001f
:10a980001c00a28f0b0040103c00bf8ff8ef400f5f
:10a9900000000000258840001c00a5274bed400f5b
:10a9a000252000022528200201f2400f252000006a
:10a9b0003c00bf8f3800b38f3400b28f3000b18fae
:0ca9c0002c00b08f0800e0034000bd2711
:020000040000fa
:020000041d02db
:10a9cc004000a01025100000e0ffbd271c00bfaf09
:10a9dc001800b2af1400b1af1000b0af2580a000ca
:10a9ec000000a38c310060102588c000300080105e
:10a9fc001c00bf8f42008394400063302d006050d8
:10aa0c001800b28f00a0023c6cff400f242b528c1c
:10aa1c00c018020021186200c018030021904302e4
:10aa2c00252800025cb7400f0000448e25804000b2
:10aa3c001e0000122510000000000396c0006330b9
:10aa4c001b0060101c00bf8f0900205200000396f1
:10aa5c001000028e030022aa000022ba14000292f7
:10aa6c00040022a215000292050022a20000039607
:10aa7c00800063300d006010010002241800522683
:10aa8c000400112625282002ffdc400f252040025f
:10aa9c0000a0023c342b428c0c0002ae2528200274
:10aaac0016e0400f25204002010002241c00bf8f3d
:10aabc001800b28f1400b18f1000b08f0800e003a3
:0caacc002000bd270800e003000000008f
:020000040000fa
:020000041d02db
:10aad800d8ffbd272400bfaf2000b4af1c00b3af20
:10aae8001800b2af1400b1af1000b0af3500a0101d
:10aaf800259880001000a28c0400401078001124d2
:10ab08001400432c140011240a8843001400b48c48
:10ab18000100805242a011001800b08c08000016f5
:10ab28009224023c244942242b102202270040147c
:10ab3800c2101100258020020410107c238002021c
:10ab480094fc400fcccc123ccdcc523619005200ac
:10ab5800102000000221040080180400211864005d
:10ab68008018030023104300f6ff94262110540098
:10ab780094fc400f100062ae1900520010900000c3
:10ab88000291120080181200211872008018030028
:10ab980023104300f6ff102621105000140062ae67
:10aba800180071ae2400bf8f2000b48f1c00b38f33
:10abb8001800b28f1400b18f1000b08f0800e003a6
:10abc8002800bd27780011243c001424c0801100ff
:0cabd80023801102daff0010c280100080
:020000040000fa
:020000041d02db
:10abe400e0ffbd271c00bfaf1800b2af1400b1af27
:10abf4001000b0af2f00c010258880002580c00051
:10ac0400f8ef400f25200000259040002881838f15
:10ac14003000601012000286300040042481848fca
:10ac24002a204400250080500100022480100200e4
:10ac3400211862000000628c2000501401000224dc
:10ac44000c00028e140051543e000292f2cf400fc9
:10ac5400252020027dfe400f2520200204004050c4
:10ac64000000028e060040a4040040a40000028eee
:10ac7400080002ae2528400201f2400f2520000002
:10ac84001c00bf8f1800b28f1400b18f1000b08f5a
:10ac94000800e0032000bd27ffff42243e0002a27b
:10aca4002528400201f2400f252000000500001075
:10acb400000000002590000025100000f9ff40145a
:10acc400252840028af1400f25202002edff0010c4
:10acd4001c00bf8ff9ff001001000224f7ff0010d1
:0cace40001000224f5ff00100100022412
:020000040000fa
:020000041d02db
:10acf000e0ffbd271c00bfaf1800b2af1400b1af1a
:10ad00001000b0af258880002590a0008ce6400f91
:10ad10002580c0001b004050258040001c00438e51
:10ad200007007114251800002b0043921c006014ca
:10ad3000290043920200642c2c00801000000000c7
:10ad40000400642480200400212024020000848c5c
:10ad50001500801425206000010064240200852c69
:10ad60000600a01004008524802805002128250263
:10ad70000000a58c0d00a0541c0051ae0e00001662
:10ad800000000000251000021c00bf8f1800b28fc9
:10ad90001400b18f1000b08f0800e0032000bd2721
:10ada000e4ff0010010063241c0051ae290044a2fe
:10adb000f4ff001025804000f2ff6018258000009d
:10adc0001000248ef8ff8054252000000200632824
:10add000ecff6014258000001400238ef2ff601445
:10ade00001000424e8ff001025100002f5ff0056c2
:0cadf0001000248ee4ff0010251000026b
:020000040000fa
:020000041d02db
:10adfc000c00838c0019637c80180300ecff632427
:10ae0c00ff0063303b0060101802022414008424fd
:10ae1c00213883000100062402000524350060104f
:10ae2c00180202242b108700320040101802022452
:10ae3c00000082902900401001008824ffff632449
:10ae4c0024004610ff006330180045140200622ce9
:10ae5c000300632c27006014180202240100859063
:10ae6c00040002240800a214251060000200829045
:10ae7c00047a437cffff6330030082900438437ce8
:10ae8c00ffff633025106000b505632c0100605096
:10ae9c00b4050224ffff43301802632c01006054f8
:10aeac00180202240800e003ffff42300d0040149a
:10aebc0000000000010082902b4062000b00001586
:10aecc00020048242120880023186200d3ff0010c0
:10aedc00ff006330d1ff0010252000010800e003c3
:10aeec00180202240800e003180202240800e00300
:0caefc00180202240800e003000000001f
:020000040000fa
:020000041d02db
:10af0800e0ffbd271c00bfaf1800b2af1400b1afff
:10af18001000b0af259080001400b1240300c3884e
:10af28000000c3981700a3a81400a3b80400c39096
:10af3800040023a20500c290050022a201000224f9
:10af48000300e2102580a00090b5400f2530e000f6
:10af58001a0002920700432c0e0060100500432cd3
:10af680008006010030003240600431004000324b3
:10af780008004314050006242528000290b5400f58
:10af880025204002200012262800028e0700405487
:10af98002000028e1c00bf8f1800b28f1400b18fe2
:10afa8001000b08f0800e0032000bd270e004424e5
:10afb8000300238a0000239a110043a80e0043b817
:10afc80004002292040082a005002292050082a0bb
:10afd8004e71400f2000048eecff40502800028e76
:10afe800c7f5400f25204002252040001400428c60
:10aff800e6ff40502800028e1c00868c09f84000ad
:0cb0080025280000e1ff00102800028e47
:020000040000fa
:020000041d02db
:10b01400c8ffbd273400bfaf3000b7af2c00b6afb8
:10b024002800b5af2400b4af2000b3af1c00b2af0a
:10b034001800b1af1400b0af25b0800025a0a00067
:10b0440025a8c00025b8e0000000b28cffffc6248c
:10b05400ffffc630ea9a400f2528400225884000a9
:10b064001c0020122510000021105102000040a0f5
:10b07400252820029ebe400f252040022580400046
:10b084002300521023985200ffff66322528000047
:10b094008168400f2520c00223b033020d00331213
:10b0a400251000000d0005242ef8400f2520000275
:10b0b400050040140a0005242ef8400f2520000244
:10b0c4000f004010ffffa226000090ae0000f6ae75
:10b0d400010002243400bf8f3000b78f2c00b68fdc
:10b0e4002800b58f2400b48f2000b38f1c00b28fca
:10b0f4001800b18f1400b08f0800e0033800bd279a
:10b10400261056000100422cf2ff001040100200ed
:0cb1140023b03302e3ff0010258040024e
:020000040000fa
:020000041d02db
:10b12000d8ffbd272400bfaf2000b4af1c00b3afd1
:10b130001800b2af1400b1af1000b0af259080007e
:10b140002588a00025a0c000d3e0400f2598e0008e
:10b1500029004010ffff102400a0023ca827438cc8
:10b1600002000224220062140000000020002012cd
:10b170002b1032021e00401400a0033c258000006a
:10b18000f02663240500022400006490230080540c
:10b190000100102601000224000062a0010060a04e
:10b1a000180060a0190060a03800a28f040062acf3
:10b1b000080071ac100074ac140073ac2388320228
:10b1c0000c0071ac24808297ffff10320024020033
:10b1d00025800402200070ac01004224ffff4230b1
:10b1e000ffff03340100435001000224248082a7a2
:10b1f0002ef0400f00000000251000022400bf8f39
:10b200002000b48f1c00b38f1800b28f1400b18fd0
:10b210001000b08f0800e0032800bd27daff0216f7
:0cb2200024006324f2ff0010ffff102444
:020000040000fa
:020000041d02db
:10b22c00e0ffbd271c00bfaf1800b1af1400b0afda
:10b23c00258080002fe9400f8800848c2528000091
:10b24c007cd3400f25200002aafb400f8800048eff
:10b25c003480828f0c0002560c00048e2fe9400fb4
:10b26c008800048eaafb400f8800048e9c0000ae60
:10b27c00900000ae8c0000ae980000ae940000aec2
:10b28c00348080af0c00048effff02240600821075
:10b29c003800118e1800228e09f8400000000000c2
:10b2ac00ffff02240c0002ae0800048effff0224f4
:10b2bc0007008210253800020800228e09f8400091
:10b2cc0000000000ffff0224080002ae2538000237
:10b2dc00039d063c8478c624020005240bd2400f43
:10b2ec002520000225300000feff052467bb400f1f
:10b2fc002520000225380002039d063c9c6bc624c9
:10b30c00010005240bd2400f25200002100000aed6
:10b31c00140000a61c00bf8f1800b18f1400b08f52
:08b32c000800e0032000bd272a
:020000040000fa
:020000041d02db
:10b334003f008014ffff0224e0ffbd271c00bfafc5
:10b344001800b2af1400b1af1000b0af00a0023cbf
:10b35400b828438c020002240e0062142580a00049
:10b3640000a0023cb4284294010042300a0040107c
:10b37400a800062400a0023cb02842241c00bf8f71
:10b384001800b28f1400b18f1000b08f0800e003d2
:10b394002000bd27a80006242528000000a0043ca6
:10b3a400d2fb400fb0288424f4ff0012ffff0224d4
:10b3b40001000724010006242528000000a0043c05
:10b3c400b2cb400fb0288424252040000100032480
:10b3d400eaff8314ffff022400a0023cb0284224a9
:10b3e400040043a402000324080043ac0c0040a45e
:10b3f4000400038e100043ac00a0103ce428102687
:10b404000100122400a0113c342931260f0012a29d
:10b41400252800026bf8400f252020021400102676
:10b42400faff111600a0023cd4ff0010b0284224f9
:08b434000800e0030000000025
:020000040000fa
:020000041d02db
:10b43c00d8ffbd272400bfaf2000b4af1c00b3afb2
:10b44c001800b2af1400b1af1000b0af259080005f
:10b45c001000948cfdba400f1400908c32004010f8
:10b46c001300832e320060140100102613001124e7
:10b47c00010013240400438effff03a2030046883f
:10b48c000000469807004588040045980b00448846
:10b49c00080044980f0043880c004398030006aa48
:10b4ac00000006ba070005aa040005ba0b0004aa9e
:10b4bc00080004ba0f0003aa0c0003ba0d00022402
:10b4cc00100002a20a000224110002a2fdba400fd1
:10b4dc00252040020e004054010073260400201663
:10b4ec00251020022b881300238811002510200220
:10b4fc002400bf8f2000b48f1c00b38f1800b28fb4
:10b50c001400b18f1000b08f0800e0032800bd2795
:10b51c00130023262b208302f4ff80141300102623
:10b52c00d4ff001025886000eeff00102598000065
:08b53c00ecff001001001324d4
:020000040000fa
:020000041d02db
:10b54400d8ffbd272400bfaf2000b3af1c00b2afab
:10b554001800b1af1400b0af25808000bbb9400f14
:10b5640009000524258800000800401025900000eb
:10b574002530000008000596f567400f0000448c54
:10b58400271002000478517c080012960a00052452
:10b59400bbb9400f252000021d004010258040004b
:10b5a4002520000003001324080002920700531012
:10b5b4000400432c13006010020003241100431004
:10b5c40025200000100040500c00108e2530000093
:10b5d40006000596f567400f0000048e2720020040
:10b5e4000100423204004010ffff8430ed67400f39
:10b5f40000000000252040000600029621104202af
:10b60400ffff52300c00108ee7ff00162188240241
:10b61400ffff2232028c110021105100007c437c78
:10b624002110430027100200ffff42302400bf8f87
:10b634002000b38f1c00b28f1800b18f1400b08f9c
:08b644000800e0032800bd2707
:020000040000fa
:020000041d02db
:10b64c00b0ffbd274c00bfaf4800b3af4400b2af52
:10b65c004000b1af3c00b0af259080002588a00021
:10b66c002580c0002598e00028000624f1eb400f4f
:10b67c001000a5271000a38ff00063306000042495
:10b68c002a0064142510000055fa400f25204002b2
:10b69c0025904000ed67400f1400a497251840003a
:10b6ac002b90420221004016251000006400a28f4e
:10b6bc001700a493000044a06000a28f000043a4d4
:10b6cc001600a293000062a22800a58f2c00a48f64
:10b6dc003000a38f3400a28f030025aa000025bae6
:10b6ec00070024aa040024ba0b0023aa080023bada
:10b6fc000f0022aa0c0022ba1800a58f1c00a48fe0
:10b70c002000a38f2400a28f030005aa000005ba15
:10b71c00070004aa040004ba0b0003aa080003ba29
:10b72c000f0002aa0c0002ba010002244c00bf8fc9
:10b73c004800b38f4400b28f4000b18f3c00b08ff3
:08b74c000800e0035000bd27d6
:020000040000fa
:020000041d02db
:10b75400d8ffbd272400bfaf2000b3af1c00b2af99
:10b764001800b1af1400b0af2600801025908000ff
:10b77400258880002580a0002200a0102590a0002c
:10b784009ff7400f20001226259840002800028ec3
:10b7940024004014000000003000029201004230f6
:10b7a40009004010253000000400052659ae400f62
:10b7b40025202002040040102528400025300000e8
:10b7c4009990400f2520200201000624252800021c
:10b7d4009990400f252020025400658e0900a01086
:10b7e400259040001c00a28c19005014020006246d
:10b7f4009990400f2520200225284000faffa054ec
:10b804001c00a28c251040022400bf8f2000b38f9f
:10b814001c00b28f1800b18f1400b08f0800e00331
:10b824002800bd27c7f5400f2520400225204000f1
:10b834001400428cd6ff40502800028e1c00868cd7
:10b8440009f8400025280000d1ff00102800028ece
:08b85400eaff00100000a58cc2
:020000040000fa
:020000041d02db
:10b85c003f00801025100000e0ffbd271c00bfaf8b
:10b86c001800b1af1400b0af258080004c00838c61
:10b87c00ffff63244c0083ac2c00858c4800848c27
:10b88c002f00a4101c00bf8f2c0060140400112684
:10b89c0056f3400f25202002090040544800038e27
:10b8ac006482838f2c00048e010002240410820019
:10b8bc002710020024104300648282af4800038edc
:10b8cc002c0003ae0500022423104300180002ae26
:10b8dc006482848f0100022404106200251044004d
:10b8ec00648282af00a0043c4c28842480100300a6
:10b8fc002110430080100200211082000400428cb1
:10b90c00080002ae0800438c0c0003ae040071acbe
:10b91c00080051ac2c00058e801005002118450044
:10b92c008018030021188300140003ae0000628c01
:10b93c0001004224000062ac010002241c00bf8ff5
:10b94c001800b18f1400b08f0800e0032000bd2751
:08b95c000800e00300000000f8
:020000040000fa
:020000041d02db
:10b96400e0ffbd271c00bfaf1800b2af1400b1af99
:10b974001000b0af19008010258080002590a00031
:10b984009ff7400f2588c0000200032427002312dc
:10b994000300232e1100601025800000160020569d
:10b9a4003c00508c4800508c0d0000122510000201
:10b9b4000400058e0600a010100006240400a5242f
:10b9c400a7f6400f25204002050040102510000274
:10b9d4000000108ef7ff00560400058e25100002ab
:10b9e4001c00bf8f1800b28f1400b18f1000b08fed
:10b9f4000800e0032000bd27f9ff00122510000213
:10ba04001000062404000526a7f6400f2520400256
:10ba1400f3ff4010251000020000108ef8ff0016fe
:10ba240025100002efff00101c00bf8f5400508c43
:10ba3400ebff001225100002100006240400052666
:10ba4400a7f6400f25204002e5ff40102510000214
:10ba54000000108ef8ff001625100002e1ff001010
:04ba64001c00bf8f74
:020000040000fa
:020000041d02db
:10ba6800d8ffbd272400bfaf2000b3af1c00b2af82
:10ba78001800b1af1400b0af259080002588a00051
:10ba88006cff400fe080938f40800200218002020b
:10ba9800c080100021800202808010002180700286
:10baa80064fb400f252040025e0002a6600002925f
:10bab800010003240400627c600002a25c0011a65d
:10bac800420042960400627c420042a65000028e68
:10bad8001100401401000524039d043cbfd1400f10
:10bae80050de84240c004014500002aeb800410f10
:10baf800000000000200422c08004054ffff3126dd
:10bb0800b600410f00000000009d053c7006a5240a
:10bb1800d7c8400f25204000ffff31260200312ef4
:10bb2800080020120100032456000296540002a6c1
:10bb3800600002924429627c9800410f600002a2d2
:10bb4800200002ae2400bf8f2000b38f1c00b28fec
:10bb58001800b18f1400b08f0800e0032800bd273b
:020000040000fa
:020000041d02db
:10bb6800982f8a4291443771cffbc0b5a5dbb5e960
:10bb78005bc25639f111f159a4823f92d55e1cabd4
:10bb880098aa07d8015b8312be853124c37d0c5562
:10bb9800745dbe72feb1de80a706dc9b74f19bc1aa
:10bba800c1699be48647beefc69dc10fcca10c249a
:10bbb8006f2ce92daa84744adca9b05cda88f9767e
:10bbc80052513e986dc631a8c82703b0c77f59bfe8
:10bbd800f30be0c64791a7d55163ca066729291414
:10bbe800850ab72738211b2efc6d2c4d130d3853b1
:10bbf80054730a65bb0a6a762ec9c281852c729273
:10bc0800a1e8bfa24b661aa8708b4bc2a3516cc7a0
:10bc180019e892d1240699d685350ef470a06a10d9
:10bc280016c1a419086c371e4c774827b5bcb03428
:10bc3800b30c1c394aaad84e4fca9c5bf36f2e68c6
:10bc4800ee828f746f63a5781478c8840802c78c55
:10bc5800faffbe90eb6c50a4f7a3f9bef27871c658
:020000040000fa
:020000041d02db
:10bc6800e0ffbd271c00bfaf1800b2af1400b1af92
:10bc78001000b0af0800918c00a0023c5829422463
:10bc880002002212258080002588000002f1400f62
:10bc9800252000021d0040101c00bf8f34000296b2
:10bca800220002a6000242301d00401400000000dd
:10bcb80040f0400f00000000259040002000228e38
:10bcc80023f2400f0400518c02882272e7033126c8
:10bcd8006210023cd34d4224190022021088000051
:10bce80082891100211032022c0002ae01000524c5
:10bcf800dde2400f25200002030040100500022469
:10bd08001a0002a61c0000a61c00bf8f1800b28fe4
:10bd18001400b18f1000b08f0800e0032000bd2789
:10bd280040f0400f000000002c00038e2b10430051
:10bd38000500401025280000dde2400f2520000204
:10bd4800f2ff00101c00bf8ff9ff052467ec400fbd
:0cbd580025200002edff00101c00bf8f32
:020000040000fa
:020000041d02db
:10bd64005f5443504950537461636b5061636b6516
:10bd74007454780002000000d84a019d903e039d4f
:10bd840003000000e4de019da063029d04000000a6
:10bd940080ed019d2c55039d07000000cc8d039d73
:10bda40010b6039d0800000054d5029d2877039d1a
:10bdb40006000000747c039d50d2039d090000001e
:10bdc4007c21029d9cf4019d0a00000054d3019d36
:10bdd4008c49029d0c000000a8ad019dec93039dcd
:10bde4000e0000003ce6019dc063039d13000000ab
:10bdf400c8ec029d24b8039d150000006016029d46
:10be0400c4a7039d0f000000e443019da85d039daa
:10be14001a0000004484019d7cd3039d200000008f
:10be2400f8cb029d8cb7039d0608020000000100b8
:10be34000008030000000000dd860400000002008a
:10be4400ffff0500000000003406009d3806009d39
:0cbe54003c06009d4406009d4806009d31
:020000040000fa
:020000041d02db
:10be6000d8ffbd272400bfaf2000b4af1c00b3af84
:10be70001800b2af1400b1af1000b0af2588800039
:10be80002590a0002598c0006cff400fe080948fa3
:10be90004080020021800202c08010002180020246
:10bea00080801000218090026000029201004230e8
:10beb000230040102400bf8f0a00605260000292ed
:10bec0005e0002960900422c05004014253800004f
:10bed00007000624252820021c56400f25200002ba
:10bee000600002924408027cc418027c0100032412
:10bef0004429627c600002a2200000ae5600029637
:10bf0000540002a65000048e0300801000000000c0
:10bf1000a2c7400f25280000080040525e0000a67e
:10bf2000600002920421027c0400027c600002a2f4
:10bf3000420022960400027c420022a62400bf8f09
:10bf40002000b48f1c00b38f1800b28f1400b18f83
:0cbf50001000b08f0800e0032800bd279f
:020000040000fa
:020000041d02db
:10bf5c00010003243b00a31425100000e0ffbd27c3
:10bf6c001c00bfaf1800b1af1400b0af258080002b
:10bf7c002588c0003e0083903d0082902b18620003
:10bf8c0028006010251000004000828cc002477c05
:10bf9c00c03d07000002423003004010480004245a
:10bfac000400e734600004240200e7341000069615
:10bfbc004ce0400f080005241a004010029d033c81
:10bfcc00e4e96324080043ac0c0050ac4000038e41
:10bfdc000002633018006010480044241000438ca9
:10bfec00000064ac01000324580043a42518000091
:10bffc000a0020523e000392000003ae100004968b
:10c00c0021206400040004ae080003ae01000324e8
:10c01c003c0003a20c0002ae3e000392010063241c
:10c02c003e0003a21c00bf8f1800b18f1400b08f0c
:10c03c000800e0032000bd271c00438cecff00101f
:0cc04c00080063240800e003000000006e
:020000040000fa
:020000041d02db
:10c05800e0ffbd271c00bfaf1800b1af1400b0afa0
:10c068006bfa400f2588a000258040002e000012a2
:10c07800251000004000028e003042300400405479
:10c088004000028e1bc7400f252000024000028e90
:10c09800448c027c400002ae000b437c3c0003a2af
:10c0a800251840000040423001004050240000aef6
:10c0b800008062300700405448000296180000ae25
:10c0c8004000028ec439027c8431027c400002aefa
:10c0d80048000296040042300500401000000000ad
:10c0e8004000028e0400423001004054280000a69f
:10c0f800120020522c00058e9bf1400f25200002d3
:10c10800c7f5400f4c000426252840007ad2400f7e
:10c11800252000024000028e01000324448c627c2a
:10c12800400002ae010002241c00bf8f1800b18f2e
:10c138001400b08f0800e0032000bd27067e400fe2
:0cc1480025200002f4ff00104000028ed1
:020000040000fa
:020000041d02db
:10c15400e0ffbd271c00bfaf1800b2af1400b1afa1
:10c164001000b0af258080002588c0003800928c74
:10c174004000868c1100c014000000000000828c76
:10c18400050040142588000017ae400f0800848c79
:10c1940025884000080000ae01005226380012ae87
:10c1a400251020021c00bf8f1800b28f1400b18f1d
:10c1b4001000b08f0800e0032000bd270e002016f9
:10c1c40000000000effa400f0400848c0400028e8b
:10c1d4004000038e21104300040002ae0800038ec9
:10c1e4002b104300edff4054010052260000028e44
:10c1f400e9ff0010040002aeeffa400f0c00848c3b
:10c204004000038e232003000c00028e2310430001
:10c214000c0002ae0000038e2b10430005004010fa
:10c22400020002240800028e211044000c0002ae19
:10c2340002000224d8ff221625880000d7ff4052ae
:0cc2440001005226d4ff0010ffff52261c
:020000040000fa
:020000041d02db
:10c2500040ffbd27bc00bfafb800b3afb400b2af62
:10c26000b000b1afac00b0af25888000d400b38f70
:10c27000dc00b28fe000a48f2c00e01053ff1024ec
:10c280002510a000290040122528e00003002012fc
:10c29000800003242600605225100002230083142e
:10c2a000ffff1024e800a38f1800a3afe400a38fc2
:10c2b0001400a3af1000a6af25384000d000a68f11
:10c2c000ebb6400f2000a42714004014000000002b
:10c2d00006002012d800a68f252860028295400f04
:10c2e0002000a4270d004014000000008000062458
:10c2f000252840023a40400f2000a42707004014a0
:10c30000ffff102480000624252840023a40400ff9
:10c310002000a4272b8002002380100076f3400f1a
:10c320002000a427ffff03240b80620025100002d9
:10c33000bc00bf8fb800b38fb400b28fb000b18f14
:0cc34000ac00b08f0800e003c000bd2777
:020000040000fa
:020000041d02db
:10c34c00c0ffbd273000b4af5000b48f3400b5af80
:10c35c00010094322c00b3af2800b2af2400b1af6f
:10c36c002000b0af3c00bfaf3800b6af25908000c6
:10c37c002598a0002580c0002588e00003008016c9
:10c38c002ba8c7001300a05623a8300225300002aa
:10c39c0025286002d3e5400f252040020d00a01691
:10c3ac0023a83002258800023c00bf8f25102002f4
:10c3bc003800b68f3400b58f3000b48f2c00b38f9b
:10c3cc002800b28f2400b18f2000b08f0800e0034a
:10c3dc004000bd271100a22e100006240b30a20233
:10c3ec00200005241000a427d2fb400f25b0a0028a
:10c3fc001000c22e0b0040100f00a6321000a52713
:10c40c00d3e5400f25204002e7ff801625300002bf
:10c41c0025286002d3e5400f25204002e3ff0010e1
:10c42c003c00bf8f100006241000a527d3e5400f59
:0cc43c0025204002eeff0010f0ffd62685
:020000040000fa
:020000041d02db
:10c44800e0ffbd271c00bfaf1800b1af1400b0afac
:10c45800258080004000918c9bff400f2520200202
:10c46800a3ff400f25202002abff400f252020020c
:10c478003700410f25202002fdff40140000000076
:10c488009fff400f252020026c00410f252020022d
:10c4980025004014b4000226b80000aeb40000ae77
:10c4a800d40002aec00000aebc0000aebc00022644
:10c4b800d80002aec80000aec40000aec400022618
:10c4c800dc0002aed00000aecc0000aecc000226ec
:10c4d800e00002aeef6305244900410f2520200249
:10c4e8002528000058ff400f25202002252800009d
:10c4f8005dff400f2520200293ff400f25202002da
:10c5080097ff400f25202002000605246a00410fee
:10c51800252020021c00bf8f1800b18f1400b08f97
:10c528000800e0032000bd278fff400f25202002d0
:08c53800d5ff00100000000017
:020000040000fa
:020000041d02db
:10c540003b008014ffff022400a0023c58294390c6
:10c5500001000224040062541800a38c00a0023cd5
:10c560000800e0035829422400a0023c742943ac8f
:10c570002f006010ffff0224e0ffbd271c00bfafab
:10c580001800b1af1400b0af00a0033c58296224da
:10c590002000a494060044a401000424582964a0a7
:10c5a00002000324040043a4080040a40400a38c58
:10c5b0000c0043ac1000a38c140043ac029d043c5f
:10c5c000c4298424180044ac2400a48c200044ac6a
:10c5d000240040a014006494010080500041042411
:10c5e00000a0023c582950245c0004a61600629466
:10c5f0005e0002a6b1020624029d113c8029252678
:10c60000b3f3400f01000424b2020624802925263a
:10c61000a4f3400f01000424251000021c00bf8f6a
:10c620001800b18f1400b08f0800e0032000bd2770
:08c630000800e0030000000017
:020000040000fa
:020000041d02db
:10c63800d0ffbd272c00bfaf2800b5af2400b4af92
:10c648002000b3af1c00b2af1800b1af1400b0aff8
:10c658002580800025a8a0002588c00025a0e0002e
:10c66800f8ef400f252000001e000012259840001a
:10c6780042000296400042301a004010252800006f
:10c6880029fe400f2520000216004010259040008a
:10c698000d00a012000000000000a28e0a00801207
:10c6a800040002ae1d002016180002ae2528600204
:10c6b80001f2400f25200000420002960463027c2c
:10c6c8000c000010420002a6f9ff20122528600283
:10c6d8000000238ef6ff8012080003aef3ff00105f
:10c6e8001c0003ae2528600201f2400f252000003f
:10c6f80025900000251040022c00bf8f2800b58f20
:10c708002400b48f2000b38f1c00b28f1800b18fa3
:10c718001400b08f0800e0033000bd270000238e0e
:08c72800eeff0010080003ae53
:020000040000fa
:020000041d02db
:10c73000d8ffbd272400bfaf2000b4af1c00b3afab
:10c740001800b2af1400b1af1000b0af2590800058
:10c750002588a0002598c00025a0e0009481848f42
:10c760000400828c09f840002000052425004010b8
:10c77000258040000300258a0000259a0700248aae
:10c780000400249a0b00238a0800239a0f00228aaf
:10c790000c00229a070005aa040005ba0b0004aa9f
:10c7a000080004ba0f0003aa0c0003ba130002aa7f
:10c7b000100002ba180013a61c0014aedc050324f6
:10c7c0000b0063122510000040f0400f0000000035
:10c7d00023f2400f25884000802802002128a20073
:10c7e0000019050023186500c0180300211071000e
:10c7f000140002ae020006242528000213a8400ff0
:10c8000025204002251000022400bf8f2000b48f95
:10c810001c00b38f1800b28f1400b18f1000b08fbe
:08c820000800e0032800bd2719
:020000040000fa
:020000041d02db
:10c828000000a28c390040102538000025180000af
:10c838002540000001000b2400e08a7c0400498c9c
:10c848002e00230525404000040080100000000051
:10c858000800498c29002a55254040000400438cd3
:10c86800c001637c1a006014010003240400438c97
:10c87800c001637cfdff6014000000000000438cd1
:10c88800000040ac140040ac0400c98c15002055d1
:10c89800000022ad0400c2ac0000c2ac0400428c0f
:10c8a8008007427cf1ff40502510600002000051d3
:10c8b8000000a3ac000003ad120080140100e724bf
:10c8c8002510600025186001dcff401400000000fe
:10c8d8000200e01425100000010062240800e003b3
:10c8e800000000000400cc8c0400492400e0297ded
:10c8f800140089ade9ff00100400c2acf2ff00107b
:10c908000000428cf2ff001001000324f2ff001027
:04c9180025180000de
:020000040000fa
:020000041d02db
:10c91c00e0ffbd271c00bfaf1800b2af1400b1afd1
:10c92c001000b0af2580a000c218050010006330c5
:10c93c000200a5300700a010010062340400c530cd
:10c94c000100a054090062340800c6300100c05434
:10c95c00040042344000918c89bf033c009262accd
:10c96c000291100004000332040042320100642cd6
:10c97c0025104400b240423489bf043c109282ac72
:10c98c0015000224120005240a284300ecfe400f77
:10c99c00252020020c00052496fd400f25202002a6
:10c9ac0012000524f2fe400f25202002370005243a
:10c9bc00b3ff400f252020020f000524b7ff400fc6
:10c9cc002520200200401032090000121c00bf8fed
:10c9dc00bbff400f25202002bfff400f2520200267
:10c9ec0001004532c3ff400f252020021c00bf8fe1
:10c9fc001800b28f1400b18f1000b08f0800e00344
:04ca0c002000bd2722
:020000040000fa
:020000041d02db
:10ca1000d0ffbd272c00bfaf2800b3af2400b2afba
:10ca20002000b1af1c00b0af258880000800938cb7
:10ca30000a0072961000a0af6be4400f1000a5270b
:10ca400040004232090040101000b08f0a0070a66a
:10ca50001000628e800143300e00601001004330f0
:10ca60000400027c0d000010444a027c2580400234
:10ca7000110052321000a28ff6ff52501000628e49
:10ca8000fcff052467ec400f25202002f1ff001079
:10ca90001000628e01006050444a027c080003329c
:10caa0000d0060100400033200204234100062ae1a
:10cab000010002241a0022a61c0020a62c00bf8f11
:10cac0002800b38f2400b28f2000b18f1c00b08fdc
:10cad0000800e0033000bd270300601002000332ad
:10cae000f2ff001000104234030060100100103209
:10caf000eeff00100080423480831000ebff001036
:04cb000025100202f8
:020000040000fa
:020000041d02db
:10cb0400d8ffbd272400bfaf2000b2af1c00b1afd7
:10cb14001800b0af258080002588a0006cff400f6e
:10cb2400e080928f4018020021186200c0180300b0
:10cb340021106200801002002190420260004292a3
:10cb44000100433016006010001023321a006010f8
:10cb5400253000002528000098af400f2520000252
:10cb6400010002241000a2af253800002530000087
:10cb7400252800002fcc400f2520000202000624a7
:10cb840001000524b0d8400f2520000225380000fc
:10cb9400253000000c0005245372400f25200002ac
:10cba4002400bf8f2000b28f1c00b18f1800b08ffb
:10cbb4000800e0032800bd2700083132f8ff2012e6
:10cbc4001000423001000324020005240a286200f8
:10cbd4009aae400f252000022538000025300000c1
:10cbe4000d0005245372400f25200002edff0010b4
:04cbf4002400bf8fcb
:020000040000fa
:020000041d02db
:10cbf800e8ffbd271400bfaf1000b0af1800838c4a
:10cc0800030002241900621001001024ec80828fb6
:10cc180030004014009d073c00008294008182afe0
:10cc2800c019e724009d063cd419c6240f0005242a
:10cc3800039d043cdba1400fa0d4842410004014c1
:10cc480025804000b800410f000000000800401097
:10cc580025100002b600410f00000000009d053cb1
:10cc6800dc19a524d7c8400f252040002510000254
:10cc78001400bf8f1000b08f0800e0031800bd2714
:10cc880025300000019d053c706ba524a6e1400fee
:10cc9800200004240d004014f48082afb800410f36
:10cca80025800000f2ff405025100002b600410f19
:10ccb80000000000009d053c001aa524d7c8400fbd
:10ccc80025204000eaff001025100002f08080af08
:10ccd800ec80828f01004224ec8082afe3ff0010d9
:04cce8000100102413
:020000040000fa
:020000041d02db
:10ccec000000a28c0400a38cc0ffbd273800b3af9a
:10ccfc003400b2af3000b1af2c00b0af0800b38c31
:10cd0c000c00b28c3c00bfaf258880002580a000b1
:10cd1c00030060042000a2af4408027c2000a2aff4
:10cd2c002000a2271800a2af080002241400a2af12
:10cd3c001000b3af0400c78c0000c68cf4a0400fe9
:10cd4c00252000022000a38f100063300400601027
:10cd5c0030000424ffff422421184202000064a08a
:10cd6c002000a38f0800633004006010200004240e
:10cd7c00ffff422421184202000064a01000068e1e
:10cd8c002000a38fffffc6241000a3af253860023c
:10cd9c002330c20021284202d3b0400f25202002ac
:10cdac000400238e00016330040060103c00bf8f30
:10cdbc000400038e2a2043000b1064003800b38f4c
:10cdcc003400b28f3000b18f2c00b08f0800e0031c
:04cddc004000bd272f
:020000040000fa
:020000041d02db
:10cde000d8ffbd272400bfaf2000b1af1c00b0affb
:10cdf00000a0023c700242242f004414faff1024c9
:10ce000000a0103c25384000049d063cb4abc6246d
:10ce100025280000f783400f25204000252800002a
:10ce2000977d400f70020426700210262a0010968b
:10ce30002100001200a0023c1000a0afd802428cda
:10ce4000040040100500052400a0043c09f840003f
:10ce5000540384241000a52700a0113ccff0400ffc
:10ce600070022426700231266800228e04004010d1
:10ce70000600052400a0043c09f840005403842463
:10ce80001000a28f2a1802020a00601400a0033cbe
:10ce90009c0265940400a0140400062405000212fc
:10cea000232802020400062400a0043c688e400fe0
:10ceb0007002842425800000251000022400bf8f0a
:10cec0002000b18f1c00b08f0800e0032800bd27b0
:020000040000fa
:020000041d02db
:10ced000d0ffbd272c00bfaf2800b5af2400b4aff2
:10cee0002000b3af1c00b2af1800b1af1400b0af58
:10cef0002580800025a0a0001400828c09f8400045
:10cf00001000958c259040000c00028e12004010fd
:10cf100025880000259800000800118e0000028e70
:10cf200002185172218862000000229601004230ee
:10cf300013004014253080022000028e2528200294
:10cf400009f8400025200002020033a62400028eca
:10cf500001004224240002ae251020022c00bf8fc5
:10cf60002800b58f2400b48f2000b38f1c00b28f2f
:10cf70001800b18f1400b08f0800e0033000bd2707
:10cf80001c00028e2528200209f8400025200002fe
:10cf9000f1ff4010219055020c00028e2b18420226
:10cfa0000100605023904202010073262b106202a0
:10cfb000d9ff401425880000e8ff0010251020024a
:020000040000fa
:020000041d02db
:10cfc000e0ffbd271c00bfaf1800b2af1400b1af27
:10cfd0001000b0af2f0080102580800025908000c9
:10cfe0002588a00038be400f030006242900401405
:10cff000258040006881848f0400828c09f84000fd
:10d000002800052423004010258040000300258ac5
:10d010000000259a0700248a0400249a0b00238a22
:10d020000800239a0f00228a0c00229a0b0005aafe
:10d03000080005ba0f0004aa0c0004ba130003aae2
:10d04000100003ba170002aa140002ba27000292c5
:10d05000030003240408627c270002a22528200282
:10d0600019d0400f25204002260003920418437c6b
:10d07000260003a2060006242528000213a8400f5c
:10d08000252040022530000201000524acd7400fc6
:10d0900025204002251000021c00bf8f1800b28f0f
:10d0a0001400b18f1000b08f0800e0032000bd27ee
:020000040000fa
:020000041d02db
:10d0b0003900801025100000e0ffbd271c00bfaf25
:10d0c0001800b1af1400b0af258080003c00838c05
:10d0d000260060102588a0004000828c19006200a4
:10d0e00010180000210060142510000076f0400f99
:10d0f000000000000000038e4000048e3c00028e01
:10d100000210827021286200080005ae380000aecf
:10d11000040003ae23104400211862000c0003ae8b
:10d12000ffff0224440002a2450002a214002016c0
:10d13000000000001000028e0900401000000000f6
:10d140009499400f100004260500401000000000d4
:10d15000006802400001423400688240c0000000c4
:10d160008be5400f00000000010002241c00bf8f6f
:10d170001800b18f1400b08f0800e0032000bd2715
:10d1800066fd400f1000042666fd400f24000426b3
:10d19000f3ff0010000000000800e00300000000a2
:020000040000fa
:020000041d02db
:10d1a000e0ffbd271400b1af2588c0000004c628e9
:10d1b0001c00bfaf1800b2af1f00c0141000b0af0a
:10d1c000049d123c008b468e048b478e6c54400f9e
:10d1d00001fc30260004042a09008014008b468ece
:10d1e000048b478e25204000252860006c54400f9a
:10d1f00002f830260004052aff0304240a80850073
:10d20000ff031026002d1000254000002538a00047
:10d2100025300001252040006c54400f2528600077
:10d220001c00bf8f1800b28f1400b18f1000b08f98
:10d230000800e0032000bd2702fc262a25108000fc
:10d240002518a000eeffc01025802002049d123c8e
:10d25000088b468e0c8b478e6c54400fc9033026ca
:10d2600002fc052ae6ffa010088b468e0c8b478e29
:10d2700025286000920730266c54400f252040007e
:10d2800002fc062a02fc0524ddff00100b80a6002c
:020000040000fa
:020000041d02db
:10d29000d8ffbd272400bfaf2000b3af1c00b2af42
:10d2a0001800b1af1400b0af258880002580a00021
:10d2b0002598c0002590e0000f00a490262087004c
:10d2c0002a050624029d053c6460a524fef3400f58
:10d2d0000100842c25280002e0df400f2520600299
:10d2e00019000216140006240c00139225280000d1
:10d2f000d2fb400f25200002252800026bf8400fca
:10d3000084002426010002240f0002a2030002244c
:10d310001400621200000000020002240400421601
:10d320002400bf8f9000410f1000248e2400bf8f77
:10d330002000b38f1c00b28f1800b18f1400b08f83
:10d340000800e0032800bd2736050624029d053ca1
:10d350006460a524fef3400f25200000efff0010bd
:10d3600002000224fffd400f1000248e04002296cc
:0cd37000c418027ce8ff0010040022a694
:020000040000fa
:020000041d02db
:10d37c00d8ffbd272400bfaf2000b4af1c00b3af53
:10d38c001800b2af1400b1af1000b0af2598a000d8
:10d39c00251880003800842c020080102590c000d5
:10d3ac003800032403006324fcff70301100622654
:10d3bc00fcff5430c080848f26008526212805026e
:10d3cc000400828c09f84000feffa5301a004010c2
:10d3dc00258840001800062625280000d2fb400fa7
:10d3ec0025204000211830020e0074a40e00822665
:10d3fc00120062a4230062240408027c040062acc4
:10d40c00f8ff51ac01000224100062a4100023aefe
:10d41c000400628c02004424080064ac140024aea6
:10d42c000400127c03006012200032ae1000422473
:10d43c00180022ae2f0020a2251020022400bf8f3e
:10d44c002000b48f1c00b38f1800b28f1400b18f62
:0cd45c001000b08f0800e0032800bd277e
:020000040000fa
:020000041d02db
:10d46800040e009d01000000080e009d020000004f
:10d478008c09009d03000000a009009d0300000026
:10d48800100e009d04000000000000002c1a009df2
:10d49800381a009d401a009d4c1a009deccb009d47
:10d4a800541a009d701a009d903c029d781a009da8
:10d4b800a418009d0c12019d941a009dac1a009da1
:10d4c8000893029db41a009dc81a009d183b029d3e
:10d4d800d01a009de41a009d14b2019dec1a009d1b
:10d4e800081b009dec70029d101b009d281b009dd1
:10d4f80014e6029d301b009d4c1b009de491029d8b
:10d50800541b009d681b009da881019d6c1b009dfc
:10d518008c1b009d50cb019d941b009da81b009d5a
:10d5280018c1019db41b009dc81b009d986e009ded
:10d53800d01b009de81b009d1074019df01b009df1
:0cd54800081c009d380c039d141c009d65
:020000040000fa
:020000041d02db
:10d55400e8ffbd271400bfaf1000b0af25808000e6
:10d564001800848c030003240d008310010002249e
:10d57400b081828f0e00401420000624009d053cdb
:10d58400c465a524a6e1400f080004240800401443
:10d59400b08182af97fa400f000000002510000010
:10d5a4001400bf8f1000b08f0800e0031800bd27df
:10d5b4009081828f130040541400038e0800048e5f
:10d5c400948184af000005968c8185af0800828c1d
:10d5d40009f840000c00062425184000a08182af01
:10d5e400efff60102510000000a0023c802a4224b6
:10d5f4000c0040a01c0040a02c0040a03c0040a017
:10d604001400038e40100300211043008010020018
:10d61400a081838f21106200040040a0050040a077
:10d6240001000224988182a39081828f0100422408
:0cd63400908182afdaff00100100022498
:020000040000fa
:020000041d02db
:10d64000e0ffbd271c00bfaf1800b2af1400b1afa0
:10d650001000b0af2580a0001a00a6a0050002248b
:10d660001200c2142c00a0aca881828f01004224b9
:10d67000a88182af40f0400f1b00a0a023f2400f12
:10d6800025884000801802002118620021107100d6
:10d690001c0002ae1c00bf8f1800b28f1400b18fa7
:10d6a0001000b08f0800e0032000bd270300022413
:10d6b0000f00c2142588800040f0400f00000000d9
:10d6c000259040009ff7400f2520200223f2400fb5
:10d6d0002c00518c02182272218872001c0011ae9d
:10d6e000300002924408027ceaff0010300002a2df
:10d6f00004000224e8ffc2141c00bf8f40f0400f5a
:10d700000000000023f2400f258840008020020026
:10d71000212082000019040023186400c0180300af
:0cd7200021107100dbff00102c0002ae95
:020000040000fa
:020000041d02db
:10d72c000700a22c3600401080280500e8ffbd271a
:10d73c001400bfaf1000b0af039d023c5cd7422475
:10d74c00211045000000428c08004000258080001c
:10d75c00f8d7029d78d7029d94d7029da8d7029d39
:10d76c00bcd7029dd0d7029de4d7029d01000724af
:10d77c0001000624b2cb400f2528000001004238de
:10d78c001b0000100100422c67f9400f0000000044
:10d79c0001004238160000100100422c73f9400fb2
:10d7ac00ffff053401004238110000100100422c2b
:10d7bc007ff9400f00000000010042380c000010ff
:10d7cc000100422cf8ef400f25200000000002aeb3
:10d7dc0007000010010002240000858c01f2400fac
:10d7ec00252000000200001001000224251000007a
:10d7fc001400bf8f1000b08f0800e0031800bd2785
:08d80c000800e00325100000f4
:020000040000fa
:020000041d02db
:10d81400d0ffbd272c00bfaf2800b5af2400b4afa4
:10d824002000b3af1c00b2af1800b1af1400b0af0a
:10d834002d00a010258880002580a000f8ef400f5f
:10d844002520000025a04000120013866bfa400f2b
:10d85400252060021c00025625800000600002960c
:10d86400010042301c004050258000005800128ef8
:10d874005c00108e2800358e2528800201f2400fae
:10d884002520000028d7400f252020020500401243
:10d8940025380002010006242528a00209f84002c8
:10d8a400252060022c00bf8f2800b58f2400b48f80
:10d8b4002000b38f1c00b28f1800b18f1400b08ffa
:10d8c4000800e0033000bd272590000025980000e3
:10d8d400e9ff001025a8000025900000259800000d
:10d8e400e5ff001025a8000028d7400f0000000025
:08d8f400edff00102c00bf8fb6
:020000040000fa
:020000041d02db
:10d8fc002d0080102510000000a0023cdc27428c7b
:10d90c000c00878c2a004010000000000c00438c97
:10d91c002b18e3002b00601400a0033c25480000ea
:10d92c0025280000254000000c00438c2118a30082
:10d93c002b2865002150a8002528600025584000a0
:10d94c001c00428c0c004010254040010c00468c01
:10d95c002118c3002b3066002130ca002b50260141
:10d96c00060040551c0082acefffc9142b18e300d5
:10d97c00edff6010000000001c0082ac1c0064adc8
:10d98c00251000002338e5000c0087ac1c00838cac
:10d99c0005006010000000000c00858c0c00648ced
:10d9ac00232085000c0064ac0800e003000000009c
:10d9bc000c0087ac00a0023cdc2744ac0800e00360
:10d9cc0001000224dc2764ac1c0082ac252800007a
:08d9dc00ecff00100100022421
:020000040000fa
:020000041d02db
:10d9e400d8ffbd272400bfaf2000b3af1c00b2afe7
:10d9f4001800b1af1400b0af0a0080102580800079
:10da04002590a0002588c0009ff7400f2598e000ce
:10da14000c0060166000508c0400508c19000056f5
:10da240024000292251000022400bf8f2000b38f2f
:10da34001c00b28f1800b18f1400b08f0800e003ef
:10da44002800bd27f8ff0012251000021c000292d6
:10da5400060051141000062404000526a7f6400f02
:10da640025204002f0ff4010251000020000108e17
:10da7400f6ff001625100002ecff00102400bf8ff3
:10da8400240002920a0040500300028a0700511445
:10da9400100006240800052691de400f25204002d0
:10daa4002b105100e0ff4010251000020300028af1
:10dab4000000029af2ff401425804000daff0010b3
:04dac4002510000227
:020000040000fa
:020000041d02db
:10dac800e0ffbd271c00bfaf1800b0af348282272b
:10dad8001400a2af010010241000b0af25380000d8
:10dae80000080624009d053ca021a524049d043cb3
:10daf800b95d400f78f584241400a0af1000b0afd2
:10db08002538000000040624009d053cb021a5240a
:10db1800049d043cb95d400ff4d984241400a0afdf
:10db28001000b0af2538000000040624009d053c15
:10db3800c021a524049d043cb95d400f0ceb84244e
:10db48001400a0af1000b0af253800000004062470
:10db5800009d053cd421a524049d043cb95d400fdb
:10db680038eb8424388282271400a2af1000b0afab
:10db78002538000000040624009d053ce421a52466
:10db8800049d043cb95d400f00fd84241dc2400f74
:10db9800000000001c00bf8f1800b08f0800e003d1
:04dba8002000bd2775
:020000040000fa
:020000041d02db
:10dbac00c8ffbd273400bfaf3000b4af2c00b3affb
:10dbbc002800b2af2400b1af2000b0af25808000a8
:10dbcc002588a0002590c0002598e000840006243c
:10dbdc00d2fb400f252800004c00a28f780002ae2b
:10dbec005000a28f7c0002ae080014264800a28fc1
:10dbfc001c00a2af1800b3af1400b2af1000b1af4d
:10dc0c00040007243700062425288002d76a400f19
:10dc1c002520000225184000100060140100022489
:10dc2c001c00a0af1800a0af370002241400a2af54
:10dc3c001000b4af25380000370006243f0005263d
:10dc4c00d76a400f252000020c0040140100032469
:10dc5c00000003ae040000ae800000a23400bf8fb1
:10dc6c003000b48f2c00b38f2800b28f2400b18ffa
:10dc7c002000b08f0800e0033800bd27f7ff00102c
:04dc8c00010002246d
:020000040000fa
:020000041d02db
:10dc9000d8ffbd272400bfaf2000b3af1c00b2af38
:10dca0001800b1af1400b0af1000918c2900201201
:10dcb0002580a0001400b39001007332259020024b
:10dcc0000000318e1a006012000040ae6800028e23
:10dcd000030040100500052409f84000e400042674
:10dce0000800458ef690400f252000026800028e45
:10dcf000030040100600052409f84000e400042653
:10dd0000180003860400428e211043000000448c5a
:10dd100010004296040042300a0040506000028e1b
:10dd20002000828cc418027c08000010200082ac05
:10dd3000180003860400428e211043000000448c2a
:10dd40006000028e09f8400000000000dcff201691
:10dd5000259020022400bf8f2000b38f1c00b28fbb
:10dd60001800b18f1400b08f0800e0032800bd2711
:020000040000fa
:020000041d02db
:10dd7000d0ffbd272c00bfaf2800b5af2400b4af43
:10dd80002000b3af1c00b2af1800b1af1400b0afa9
:10dd90002580800025a0a0001400828c09f8400096
:10dda0001000958c259040000c00028e130040104e
:10ddb00025880000259800000800118e0000028ec2
:10ddc0000218517221886200000022960100423040
:10ddd00014004010253080021c00028e25282002ed
:10dde00009f84000252000020f0040142190550240
:10ddf000000022964408027c000022a62510200282
:10de00002c00bf8f2800b58f2400b48f2000b38f63
:10de10001c00b28f1800b18f1400b08f0800e0030f
:10de20003000bd27219055020c00028e2b184202b3
:10de30000100605023904202010073262b10620201
:10de4000ddff401425880000edff001025102002a2
:020000040000fa
:020000041d02db
:10de5000d0ffbd272c00bfaf2800b3af2400b2af66
:10de60002000b1af1c00b0af258080002590a0003d
:10de7000039d023c780b438c1000a3af780b422427
:10de8000040042941400a2a71400938c6efb400f70
:10de90002800848c1e0040102518000025884000b2
:10dea0000600062425286002a7f6400f2520400022
:10deb00006004010060006241000a527a7f6400f14
:10dec0002520200212004014251800001800108e92
:10ded00009000492110002240d008214251800008c
:10dee00021801202ed67400f020004962588400051
:10def000ed67400f00000496d280849704009114cf
:10df000025180000d0808397261862000100632c3a
:10df1000251060002c00bf8f2800b38f2400b28f23
:10df20002000b18f1c00b08f0800e0033000bd2737
:020000040000fa
:020000041d02db
:10df3000d8ffbd272400bfaf2000b3af1c00b2af95
:10df40001800b1af1400b0af2598a0002588c0001c
:10df500081fa400f2580e0001c0040502588000019
:10df60001a00201225904000a3f4400f2520400005
:10df7000211811022a1843000200601023105000db
:10df8000ffff51302000428e212850001800508e93
:10df90002b10050206004050238005021400428e1b
:10dfa00023100202271002002128a200238005026c
:10dfb00001001026ffff10322b1011020b0040143d
:10dfc00025302002effa400f2520600225102002a4
:10dfd0002400bf8f2000b38f1c00b28f1800b18fb8
:10dfe0001400b08f0800e0032800bd272530000290
:10dff000effa400f25206002233030021400458ed6
:10e00000effa400f21207002f1ff001025102002ce
:020000040000fa
:020000041d02db
:10e0100080bf033c08000224006062ac80bf023c69
:10e0200000940434186044ac80bf023cad0004246a
:10e03000406044ac88bf023c0004043c641044ac23
:10e040000008043c641044ac0010043c641044ac70
:10e0500000a0043ca0248224200040ac280040ac56
:10e060002c0040ac340040a03c0040a0380040ac44
:10e07000a02480ac080040ac0c0040ac100040a0d4
:10e080001c0040a0140040ac400040ac0060628c1a
:10e0900006004230060003240e004314400003240f
:10e0a000a0248224300043ac180043ac80bf023c63
:10e0b00000800334086043ac88bf023c0004033c8a
:10e0c000681043ac0008033c681043ac0800e00350
:10e0d0000000000000a0023ca02442248000032491
:10e0e000300043ac180043acf1ff001080bf023c8d
:020000040000fa
:020000041d02db
:10e0f000e0ffbd271c00bfaf1800b2af1400b1afe6
:10e100001000b0af0800918c00a0023c58294224b6
:10e1100002002212258080002588000002f1400fb5
:10e12000252000020d0040101c00bf8f3400029615
:10e13000220002a62800028e0d00401401000524d2
:10e14000dde2400f252000020300401003000224fe
:10e150001a0002a61c0000a61c00bf8f1800b28f78
:10e160001400b18f1000b08f0800e0032000bd271d
:10e1700040f0400f00000000259040002000228e5b
:10e1800023f2400f0800518c02882272e7033126e7
:10e190006210023cd34d4224190022021088000074
:10e1a00082891100211032022c0002ae25280000c5
:10e1b000dde2400f25200002e7ff401004000224aa
:0ce1c0001a0002a6e4ff00101c0000a6dc
:020000040000fa
:020000041d02db
:10e1cc00d8ffbd272400bfaf2000b3af1c00b2aff7
:10e1dc001800b1af1400b0af130080102590800070
:10e1ec002580a0002b00a0102598c0009ff7400fa1
:10e1fc00000000000300128a0700038a0400039a3f
:10e20c00090063120000129a0f00601604005124da
:10e21c002528000215eb400f25202002252800029e
:10e22c0056f2400f25202002251040022400bf8ffb
:10e23c002000b38f1c00b28f1800b18f1400b08f68
:10e24c000800e0032800bd270800438c0800731465
:10e25c002528000215eb400f25202002252800025e
:10e26c0066f2400f25202002f0ff0010251040021e
:10e27c000400512415eb400f2520200225306002ac
:10e28c002528000246fb400f25202002e7ff001046
:0ce29c0025104002e4ff00102590a000b7
:020000040000fa
:020000041d02db
:10e2a800e0ffbd271c00bfaf1800b2af1400b1af2c
:10e2b8001000b0af76f0400f258080004500119225
:10e2c800208c117c0d00201a240012262400028eb6
:10e2d8000b004010ffff02249499400f25204002b4
:10e2e80003004010ffff31262f00410f00000000ff
:10e2f800208c117cf6ff20562400028effff02249a
:10e30800450002a28be5400f0000000076f0400fa8
:10e318000000000044001192208c117c0d00201a8e
:10e32800100012261000028e0b004010ffff02247e
:10e338009499400f2520400203004010ffff31262a
:10e348002f00410f00000000208c117cf6ff2056a2
:10e358001000028effff0224440002a28be5400f4a
:10e36800000000001c00bf8f1800b28f1400b18f8e
:0ce378001000b08f0800e0032000bd275b
:020000040000fa
:020000041d02db
:10e38400d8ffbd272400bfaf2000b3af1c00b2af3d
:10e394001800b1af1400b0af2590a000b5fe400f37
:10e3a4002588c0004020020021208200c0200400f3
:10e3b4003300410f2120820020002012258000001c
:10e3c400f8ff132494fc400f0000000021205002a9
:10e3d400251840000500410404f2037cffff632478
:10e3e40000ff02242518620001006324000083a0ba
:10e3f4002510000204000106c4f0027cffff422441
:10e40400251053000100422407000324090043544b
:10e4140001001026b5fe400f00000000402002005d
:10e4240021208200c02004003300410f21208200fb
:10e4340001001026e3ff1116000000002510000063
:10e444002400bf8f2000b38f1c00b28f1800b18f3f
:0ce454001400b08f0800e0032800bd2772
:020000040000fa
:020000041d02db
:10e46000a8ffbd270400a1af0800a2af0c00a3af16
:10e470001000a4af1400a5af1800a6af1c00a7aff2
:10e480002000a8af2400a9af2800aaaf2c00abaf92
:10e490003000acaf3400adaf3800aeaf3c00afaf32
:10e4a0004000b8af4400b9af4800bfaf1240000011
:10e4b0004c00a8af104000005000a8af049d1a3ccb
:10e4c000d0fc5a27000000000068044000600540ae
:10e4d00009f84003000000005000a88f110000015f
:10e4e0004c00a88f130000010400a18f0800a28f28
:10e4f0000c00a38f1000a48f1400a58f1800a68f06
:10e500001c00a78f2000a88f2400a98f2800aa8fa5
:10e510002c00ab8f3000ac8f3400ad8f3800ae8f45
:10e520003c00af8f4000b88f4400b98f4800bf8fc8
:0ce530005800bd27c00000001800004289
:020000040000fa
:020000041d02db
:10e53c00e0ffbd271c00bfaf1800b1af1400b0af97
:10e54c0029008014ffff10242588a00000a0043ca3
:10e55c00fbe7400fb0288424230040102520400006
:10e56c00080025320500a050140082940600429445
:10e57c001b00401400000000140082942000401086
:10e58c00140083242400829415004014ffff1024ef
:10e59c002400832401000624080060a0090060a068
:10e5ac000a0060a00b0060a001000224000062a41d
:10e5bc00020066a4040064ac020002240400a01053
:10e5cc000c0062ac0400829404004234040082a467
:10e5dc000600829401004224060082a4258060007b
:10e5ec007ff9400f00000000251000021c00bf8fb7
:10e5fc001800b18f1400b08f0800e0032000bd2775
:08e60c00e5ff001025300000bd
:020000040000fa
:020000041d02db
:10e61400e0ffbd271c00bfaf1800b2af1400b1afbc
:10e624001000b0af25808000030002241300a21064
:10e634000400918c0000828c0000428c009d053cfb
:10e644000c12a52409f84000252020020000028ea7
:10e654000000428c009d053c3412a52409f84000ba
:10e66400252020021c00bf8f1800b28f1400b18f28
:10e674001000b08f0800e0032000bd272590c000e3
:10e6840007d7400f0400c48c090040142520400023
:10e694000000028e0000428c009d053c6c10a524f5
:10e6a40009f8400025202002efff00101c00bf8f56
:10e6b40090d8400f0800458e09004010009d053c8d
:10e6c400009d053ce011a5240000028e0000428c50
:10e6d40009f8400025202002e3ff00101c00bf8f32
:08e6e400f9ff0010f411a52458
:020000040000fa
:020000041d02db
:10e6ec0018008010251080000b0002240a00a214d0
:10e6fc005c008324090062900a00422c0e00401436
:10e70c000100052413000010251060000c00638c20
:10e71c002700601000000000090062902b104500db
:10e72c00faff40142510600009004390261865007c
:10e73c000800e0030b1003000c00638cedff601469
:10e74c00251060000800e00300000000fdff4010f1
:10e75c000000000008004390fcff65540c00428c44
:10e76c000c00448c0500801425188000eeff00106e
:10e77c000a00052406006050060083940800669089
:10e78c00fcffc5500c00638cf2ff001025106000dc
:10e79c000b1083000c00848cfdff805406008394c6
:10e7ac00e8ff40100a000524e0ff00100900439028
:08e7bc000800e00325106000d5
:020000040000fa
:020000041d02db
:10e7c400e0ffbd271c00bfaf1800b2af1400b1af0b
:10e7d4001000b0af259080002588a00084fe400f73
:10e7e400480204241c0040102580400048020624ee
:10e7f40025280000d2fb400f25204000000012ae67
:10e80400040011ae20000226180002ae1c0002ae65
:10e81400d800022648020426cc00038e150060545a
:10e82400000043accc0002aed00002ae000042ac0b
:10e83400040042ac5c004224f8ff4454cc00038e34
:10e84400080000ae0482828f110040140882828f77
:10e85400048290af088290af251000021c00bf8f85
:10e864001800b28f1400b18f1000b08f0800e003bd
:10e874002000bd27d000038e040043ac000062ac2e
:10e88400cc00038e040062aceaff0010cc0002aea0
:08e89400f0ff0010080050ac79
:020000040000fa
:020000041d02db
:10e89c00d8ffbd272400bfaf2000b3af1c00b2af20
:10e8ac001800b1af1400b0af2598a0002588c000a7
:10e8bc002590e000009d053ca9df400fe422a52433
:10e8cc002580400050000224000042a60d000012da
:10e8dc00ffff022402001026000070ae3a0005244f
:10e8ec002ef8400f25200002110040142f000524a3
:10e8fc002ef8400f2520000209004054000040a0d3
:10e90c00000020ae2400bf8f2000b38f1c00b28ffc
:10e91c001800b18f1400b08f0800e0032800bd2749
:10e92c0001004224000022aef6ff0010251000006a
:10e93c00000040a0010050242ef8400f25200002ba
:10e94c0004004050000022ae000040a00100422410
:10e95c00000022aec8da400f25200002000042a6bb
:08e96c00e8ff00102510000077
:020000040000fa
:020000041d02db
:10e97400c0ffbd273800b1af3400b0af2588800098
:10e984002580a00020000624252800003c00bfaffd
:10e99400d2fb400f1000a42700000382090060107e
:10e9a40025100000010002820b0040140100052420
:10e9b4002510200200004480feff83500100422401
:10e9c400231051003c00bf8f3800b18f3400b08f4a
:10e9d4000800e0034000bd27000002821700401039
:10e9e4004011437c1000a4278018030021188300e1
:10e9f4000000648c0410450025104400000062ac43
:10ea0400f5ff00100100102600004380ecff6010a9
:10ea14004011647c802004001000a6272120c4003b
:10ea24000000848c0418650024186400f6ff605408
:10ea340001004224e3ff001023105100251020029e
:08ea4400f1ff001001000524a0
:020000040000fa
:020000041d02db
:10ea4c0000a0033c70026324300064142510000005
:10ea5c00d8ffbd272400bfaf2000b4af1c00b3af5c
:10ea6c001800b2af1400b1af1000b0af2588a000f1
:10ea7c0000a0023cfc02438c1c006010251000001e
:10ea8c0000a0103c700210264000148e01eb400fc9
:10ea9c002520a000259040002fe9400f8800048e0f
:10eaac00259840009000028e2788110024882202ad
:10eabc00900011ae9800038e271012002410430012
:10eacc00980002ae252840024000410f252080020c
:10eadc00252840024300410f252080022528600292
:10eaec00adfa400f8800048e010002242400bf8f71
:10eafc002000b48f1c00b38f1800b28f1400b18f9c
:10eb0c001000b08f0800e0032800bd270800e003c8
:04eb1c0000000000f5
:020000040000fa
:020000041d02db
:10eb2000e8ffbd271400bfaf1000b0af02f1400fe7
:10eb3000258080000f0040101400bf8f3400029623
:10eb4000200043300e006014040043302800028e81
:10eb50000400401000100324000043ac040040ac4b
:10eb6000080040acf8ff052467ec400f25200002a8
:10eb70001400bf8f1000b08f0800e0031800bd27fd
:10eb80000b006014000142302800028e0400401087
:10eb9000f8ff0524000040ac040040ac080040ac85
:10eba00067ec400f25200002f2ff00101400bf8f19
:10ebb000080040100f000524dde2400f2520000270
:10ebc000ebff4010020002241a0002a6e8ff00102a
:10ebd0001c0000a606000524dde2400f25200002ef
:10ebe000e3ff4010050002241a0002a6e0ff001017
:04ebf0001c0000a65f
:020000040000fa
:020000041d02db
:10ebf400e8ffbd271400bfaf1000b0af0400838c42
:10ec0400faff62240200422c150040102580800087
:10ec14001800838c10006054030062889ff7400f33
:10ec24000800848c0400058e060004240200a41449
:10ec340010004324040043240000628c02004010ae
:10ec4400180002ae080042241400bf8f1000b08fd9
:10ec54000800e0031800bd27f8ff001000006298c8
:10ec6400080002240e006254090004241c00828c53
:10ec7400040040540000428c9ff7400f0800848c2d
:10ec84000000428cf0ff40101c0002ae0400428cd5
:10ec9400edff405404004224ecff00101400bf8f29
:10eca400e9ff6414251000002000038ee7ff6014c0
:10ecb4001400bf8f30fe400f0800048ee2ff0010e6
:04ecc400200002ae7c
:020000040000fa
:020000041d02db
:10ecc8001800848c03000324300083100100022400
:10ecd800e8ffbd271400bfaf1000b0af0881828fd6
:10ece8001f00401425300000ffff02240c8182a77a
:10ecf8008900052445fe400f0100042425804000ba
:10ed0800ffff02241a00021225380000049d063c69
:10ed180078ddc6240001052481cc400f252000029f
:10ed2800130040102538000089000624010005243e
:10ed38000e8b400f252000020d0040106e000624a7
:10ed48000c8190a7019d053c1c5fa524a6e1400ffe
:10ed58001300042406004010048182af0881828fca
:10ed680001004224088182af04000010010002243f
:10ed7800f6ed400f00000000251000001400bf8fc2
:10ed88001000b08f0800e0031800bd270800e0035a
:04ed98000000000077
:020000040000fa
:020000041d02db
:10ed9c00c8ffbd273400bfaf3000b3af2c00b2affb
:10edac002800b1af2400b0af258080002590a000d2
:10edbc002588c0001400a0af1000a0af0700c01041
:10edcc001800a0af6800828c050040104400132688
:10eddc000500052409f84000e800842444001326ab
:10edec0065f5400f252060021300401425284000d3
:10edfc0006002012000000006800028e0300401084
:10ee0c000600052409f84000e800042665f5400fcb
:10ee1c001000a4270c004014252040003400bf8fa4
:10ee2c003000b38f2c00b28f2800b18f2400b08f2c
:10ee3c000800e0033800bd2747f8400f1000a42756
:10ee4c00e7ff0010000000006400028e4010062452
:10ee5c0009f8400025284002ecff001000000000db
:020000040000fa
:020000041d02db
:10ee6c00d8ffbd272400bfaf2000b1af1c00b0af4e
:10ee7c00258080001000a0af3800918c1c00228ee1
:10ee8c0009f840000c00848c010003240900431095
:10ee9c002400bf8f2000228e09f840000c00048e45
:10eeac00080040507800028e86f3400f25200002a7
:10eebc002400bf8f2000b18f1c00b08f0800e0032e
:10eecc002800bd2701004230150040101000a52776
:10eedc003400228e09f840000c00048e1000a28f22
:10eeec000100423000800534004003240b286200ee
:10eefc007c00028e2528a2007c0005ae8000068ec8
:10ef0c0047b2400f25200002140002920100032496
:10ef1c000421627c140002a2e5ff0010840000ae04
:10ef2c0086f3400f25200002e2ff00102400bf8f63
:020000040000fa
:020000041d02db
:10ef3c00e0ffbd271c00bfaf1800b0af30008390be
:10ef4c00020002240a0062106c010624029d053c9a
:10ef5c004029a524a4f3400f252000002510000013
:10ef6c001c00bf8f1800b08f0800e0032000bd27e5
:10ef7c00258080001000848c060080147201062409
:10ef8c00029d053cb3f3400f4029a524f4ff00106b
:10ef9c00ffff02240c00028e3800428c1000a627c2
:10efac0009f840001400058e2518400001000424c7
:10efbc00ebff641002000224090061047e010624a8
:10efcc00029d053c4029a524a4f3400f25200000f8
:10efdc00feff0224140000aee1ff0010300000a27e
:10efec003100049203000324faff8314251000005f
:10effc001000a28f340002a6f6ff001025100000ae
:020000040000fa
:020000041d02db
:10f00c0031008010f5ff0224e0ffbd271c00bfafcc
:10f01c001800b1af1400b0af258080000800838cbd
:10f02c0000a0023c58294224070062102588a00049
:10f03c00f5ff02241c00bf8f1800b18f1400b08f95
:10f04c000800e0032000bd27020084840100032493
:10f05c00f8ff8314f6ff0224180004960100032421
:10f06c00f5ff83141c00bf8f1a00039601000224c5
:10f07c000300621004000424eeff6414f6ff022463
:10f08c003000049202000324eaff8314f7ff0224e9
:10f09c00cfbb400f2520000225184000e5ff60047f
:10f0ac00f7ff022402000424e2ff64100100022492
:10f0bc00e0ff20122510000034000296000022a66a
:10f0cc00dcff0010251000000800e0030000000029
:020000040000fa
:020000041d02db
:10f0dc00d8ffbd272400bfaf2000b3af1c00b2afd8
:10f0ec001800b1af1400b0af258880002580a000b7
:10f0fc00100085ac7800a294140082ac180086ac89
:10f10c001c0087ac039d123c2cbe5226039d133c65
:10f11c0078bd7326f4ff52260800428e09f8400091
:10f12c0025202002fbff53162528000230aa400f91
:10f13c00010004247000048e060080506c00048ec4
:10f14c004400028e2000428c09f8400000000000b0
:10f15c006c00048e06008050700000ae4400028edd
:10f16c000c00428c09f8400000000000700000ae5a
:10f17c006c0000ae420002968473027c8431027ce7
:10f18c00420002a62400bf8f2000b38f1c00b28f58
:10f19c001800b18f1400b08f0800e0032800bd27c1
:020000040000fa
:020000041d02db
:10f1ac00a0ffbd275c00bfaf5800b3af5400b2af97
:10f1bc005000b1af4c00b0af258080002598a00066
:10f1cc002590c000260080102588e00088f0400fb4
:10f1dc007000848c251840001a006010f1fe022487
:10f1ec000400648c170080101000a5272800a0af25
:10f1fc002c00a0af3000a0af3400a0af3800a0afff
:10f20c003c00a0af4000a0af010002241000a2af50
:10f21c00060002241400a2af2400b0af1800b3af54
:10f22c001c00b2af2000b1af0400628c0800668ce9
:10f23c0009f840000000648c52ff03240100435085
:10f24c00f1fe02245c00bf8f5800b38f5400b28fc4
:10f25c005000b18f4c00b08f0800e0036000bd2758
:10f26c0076e2400f25200000dbff0010251840003f
:020000040000fa
:020000041d02db
:10f27c00c0ffbd273800b1af3400b0af3c00bfaf0a
:10f28c002588a0000000a5800400a0102580800027
:10f29c00010022820900405425280000eec4400fd2
:10f2ac0025200002231050003c00bf8f3800b18f86
:10f2bc003400b08f0800e0034000bd272000062476
:10f2cc00d2fb400f1000a42701000524000022826d
:10f2dc000a0040104011437c1000a4278018030042
:10f2ec00211883000000648c041045002510440094
:10f2fc00000062acf5ff0010010031262520000251
:10f30c000a00001001000524801803001000a62735
:10f31c002118c3000000638c041045002410430026
:10f32c00e1ff40142310900001008424000082802f
:10f33c00f5ff40144011437cdbff001023109000bc
:020000040000fa
:020000041d02db
:10f34c0000a0033c700263242e006414faff022414
:10f35c00d8ffbd272400bfaf2000b4af1c00b3af53
:10f36c001800b2af1400b1af1000b0af2590a000e0
:10f37c000300e0102580c000080002240000e2ac6d
:10f38c0018004012251000000900032a080002246e
:10f39c000a804300130000122510000025a0000075
:10f3ac00039d113cc4a4312600a0133c70027326ab
:10f3bc002400062425282002e6fb400f25204002cd
:10f3cc000c00228e09f840004000648e240042aeee
:10f3dc000100942628005226f5ff14161000312641
:10f3ec00251000002400bf8f2000b48f1c00b38fa9
:10f3fc001800b28f1400b18f1000b08f0800e0031a
:0cf40c002800bd270800e00300000000fd
:020000040000fa
:020000041d02db
:10f4180030008010f5ff0224e8ffbd271400bfafbd
:10f428001000b0af0800838c00a0023c5829422489
:10f438000600621025808000f5ff02241400bf8fab
:10f448001000b08f0800e0031800bd270200848474
:10f4580001000324f9ff8314f6ff02241800049620
:10f4680001000324f6ff83141400bf8f1a000396cb
:10f47800010002240300621004000424efff641456
:10f48800f6ff022430000392ecff6014f7ff022419
:10f4980001000224300002a2320005a60300022463
:10f4a800310002a2360006a61c9f400f252000024c
:10f4b80025184000e1ff6004f7ff0224030004243c
:10f4c800deff641425100000300000a2dbff0010ee
:0cf4d800010002240800e0030000000016
:020000040000fa
:020000041d02db
:10f4e400e8ffbd271400bfaf1000b0af1c0082942a
:10f4f400020003241f004310258080000300432cd6
:10f5040026006010000000000c0040140000000001
:10f51400dde2400f02000524040040100200022432
:10f524001a0002a6010002241c0002a61400bf8fc8
:10f534001000b08f0800e0031800bd2702f1400f4f
:10f5440000000000faff40101400bf8f3400029640
:10f55400440002a603000524dde2400f252000023a
:10f56400f2ff4010020002241a0002a6efff00106e
:10f574001c0002a602f1400f00000000ecff401046
:10f584001400bf8f34000296460002a60300022432
:10f594001a0002a6e5ff00101c0000a667ec400f4d
:0cf5a400ffff0524e2ff00101400bf8fe1
:020000040000fa
:020000041d02db
:10f5b000e0ffbd271c00bfaf1800b1af1400b0af13
:10f5c00025808000b4b3400f2588a0001b00405464
:10f5d000000043942400048e0c00038e1f0083144b
:10f5e0001c00bf8f1800038e1d0060501800b18fe3
:10f5f00009f8600025200002180040101c00bf8f91
:10f6000000004394010063300700601025282002a9
:10f61000000043940400037c000043a42400028ef5
:10f62000ffff4224240002aeb4b3400f25200002a5
:10f630000a0040101c00bf8f00004394010063309b
:10f640000a00601401000424000043940400837c39
:10f650004408837c000043a41c00bf8f1800b18fb6
:10f660001400b08f0800e0032000bd270000439481
:0cf670004408037cf8ff0010000043a4d5
:020000040000fa
:020000041d02db
:10f67c003000801000000000d8ffbd272400bfaf71
:10f68c002000b3af1c00b2af1800b1af1400b0af84
:10f69c00258880000a00c0142590c000dff1400fbf
:10f6ac00252020022400bf8f2000b38f1c00b28fb6
:10f6bc001800b18f1400b08f0800e0032800bd279c
:10f6cc00f8ef400f25200000259840005c81848fc6
:10f6dc0011008010010010243c0043860e006004d1
:10f6ec004c81828f2b1062000b004010801803009d
:10f6fc00212083000000828c08005214252860020f
:10f70c004c00428e0500511400000000f2cf400f57
:10f71c0025202002258000002528600201f2400fe0
:10f72c0025200000ddff00162400bf8fdfff001036
:0cf73c002000b38f0800e0030000000074
:020000040000fa
:020000041d02db
:10f74800e0ffbd271c00bfaf1800b2af1400b1af77
:10f758001000b0af259080002588a0002580c0004b
:10f768006881848f0400828c09f840006c000524ad
:10f7780020004010ffff0324000040ac300052acd2
:10f788000a0043a4340043245c0043ac280003244b
:10f79800600043a4280040a403000424640044a09b
:10f7a80001000424650044a0680040ac620043a442
:10f7b80025180000020004248439837c0d0043a02e
:10f7c800060040a4240040ac040040a4080040a463
:10f7d8000e0040a00f0040a0100040a0110040a063
:10f7e800120040a0130040a0140051ac1c0050ac03
:10f7f800180040ac1c00bf8f1800b28f1400b18fe6
:0cf808001000b08f0800e0032000bd27b6
:020000040000fa
:020000041d02db
:10f81400c0ffbd273c00bfaf3800b0af25808000db
:10f824000d008390c000633080000424270064141a
:10f83400251000003400a0a73600a0a308000496f9
:10f844000400029621208200ed67400fffff843000
:10f854003000a2af0c0002923700a2a33f00058a39
:10f864003c00059a4300048a4000049a4700038a36
:10f874004400039a4b00028a4800029a1000a5af84
:10f884001400a4af1800a3af1c00a2af4f00058a58
:10f894004c00059a5300048a5000049a5700038ac6
:10f8a4005400039a5b00028a5800029a2000a5af14
:10f8b4002400a4af2800a3af2c00a2af2530000081
:10f8c40028000524f567400f1000a4273c00bf8fd3
:0cf8d4003800b08f0800e0034000bd27a2
:020000040000fa
:020000041d02db
:10f8e000d8ffbd272400bfaf2000b3af1c00b2afcc
:10f8f0001800b1af1400b0af130080102580800055
:10f900002598a0002588c0006cff400f6481928f6d
:10f910000019020021186200c018030021104302e0
:10f9200005000324100023120600232e0600601099
:10f9300025800000010003241a0023120300032481
:10f940000a0023521000508c251000022400bf8fa3
:10f950002000b38f1c00b28f1800b18f1400b08f3d
:10f960000800e0032800bd271c00508cf7ff0012a0
:10f97000251000021000062408000526a7f6400ff7
:10f9800025206002f1ff4010251000020300028aca
:10f990000000029af7ff401425804000ebff0010a2
:0cf9a00025100002f1ff00100400508c44
:020000040000fa
:020000041d02db
:10f9ac000300a2802f00410400000000e0ffbd27ef
:10f9bc001c00bfaf1800b2af1400b1af1000b0af55
:10f9cc00258880001000a390fe000224060062141b
:10f9dc002580a0001100a290c000423080000324ba
:10f9ec00110043101c00bf8f1000122601000724c9
:10f9fc00020006922528400279b6400f25202002ed
:10fa0c000e004014252840000700078a0400079abe
:10fa1c000400e0102528400202000692ffbf400fb0
:10fa2c00252020021c00bf8f1800b28f1400b18f4c
:10fa3c001000b08f0800e0032000bd270700028ae9
:10fa4c000400029a0300401003000624f5ff001086
:10fa5c001400a2ac9990400f25202002f2ff001058
:0cfa6c001c00bf8f0800e0030000000039
:020000040000fa
:020000041d02db
:10fa78002e00a01025108000ffff0624faff09249d
:10fa8800f0ff0824000043802a00661400000000ec
:10fa9800010047800300e614ff00e3300800e0039c
:10faa8000100422405006424ff0084300400842cf3
:10fab800040080101000632403004424f1ff0010a8
:10fac80025108000ff0063300a00632cfbff6014e0
:10fad800020044241500e9140400a328130060144c
:10fae800020043242538a000ffffa5242128450053
:10faf800000064800b0086540100632401006480c8
:10fb0800080088540100632421104700232843007b
:10fb1800feffa524e9ffa014020064240800e00306
:10fb280025108000f3ff6554000064800800e0039e
:0cfb3800000000000800e00300000000d6
:020000040000fa
:020000041d02db
:10fb440088ffbd277400bfaf7000b1af6c00b0afc9
:10fb54002086047cffff02240c00021225180000fa
:10fb640000a0023cb82c4294020042300d00401028
:10fb7400010006241000a5278168400f25200002fb
:10fb840002004010251800001000a3832510600017
:10fb94007400bf8f7000b18f6c00b08f0800e00359
:10fba4007800bd27520006241400a527ea9a400fc6
:10fbb4002520000225284000f4ff401025180000ed
:10fbc4001400a22721884500000020a29ebe400ff9
:10fbd4002520400003002212251800000000439055
:10fbe400010042241000a3a31400a327050043101e
:10fbf40023304300ffffc630252800008168400ff2
:0cfc040025200002e1ff00101000a38387
:020000040000fa
:020000041d02db
:10fc10003000801053ff0224e0ffbd271c00bfaf5f
:10fc20001800b2af1400b1af1000b0af2580800053
:10fc30002590a0002588c000096a023c67e642348e
:10fc4000000082ac67bb023c85ae4234040082ac4b
:10fc50006e3c023c72f34234080082ac4fa5023c79
:10fc60003af542340c0082ac0e51023c7f524224e1
:10fc7000100082ac059b023c8c684224140082accc
:10fc8000831f023cabd94234180082ace05b023cdb
:10fc900019cd42341c0082ac600080ac640080aca2
:10fca000680080acbe00410f780080ac6c0012aee2
:10fcb000700011ae740000ae251000001c00bf8f54
:10fcc0001800b28f1400b18f1000b08f0800e0034d
:0cfcd0002000bd270800e0030000000039
:020000040000fa
:020000041d02db
:10fcdc00e8ffbd271400bfaf1000b0afbc80828f0f
:10fcec00070040102580a00000a0023c8023422485
:10fcfc001400bf8f1000b08f0800e0031800bd2760
:10fd0c00fbffa010ffff0224b48080afac8080af5b
:10fd1c00a88080afb08080afa08080afa48080af7f
:10fd2c0000a0023c802340ac80234224040040ac61
:10fd3c00080040ac0c0040ac100040ac140040accf
:10fd4c00180040ac1c0040ac009d053c2c04a524c4
:10fd5c0071df400f2520000001000224988082af43
:10fd6c001400028e09004014948082af922e400f32
:10fd7c002520000225184000ddff6010ffff022443
:10fd8c0000a0023cdaff00108023422400a0023cb9
:08fd9c00d7ff00108023422470
:020000040000fa
:020000041d02db
:10fda400d8ffbd272400bfaf2000b4af1c00b3af01
:10fdb4001800b2af1400b1af1000b0af25908000ae
:10fdc4002580a0002598c00000a0023c6cff400fd5
:10fdd400242b518c000005964000a33010006014c1
:10fde40003001424c018020021106200c010020095
:10fdf4008000a5301700a0142188220204000526e3
:10fe0400ffdc400f2c0024260100142418002726b0
:10fe140025306002800005241cdd400f25200002ef
:10fe2400253880021000062608000526eec6400f7d
:10fe3400252040022400bf8f2000b48f1c00b38f04
:10fe44001800b28f1400b18f1000b08f0800e003c7
:10fe54002800bd2704000526ffdc400f18002426d7
:08fe6400eaff00100200142463
:020000040000fa
:020000041d02db
:10fe6c0000a0023ce02b43942d00601025100000f4
:10fe7c00e0ffbd271c00bfaf1800b1af1400b0af3e
:10fe8c00230080102588a000eff8400f0000000030
:10fe9c0025184000190060102510000078006294ad
:10feac000100102404805000f8ef400f25200000c2
:10febc0006002012252840000200022401002256d0
:10fecc000100112400a0023ce42b51ac00a0033c27
:10fedc00dc2b63240c00628c251050000c0062acef
:10feec0001f2400f25200000030006240800052421
:10fefc0023db400f25200000010002241c00bf8fd3
:10ff0c001800b18f1400b08f0800e0032000bd274b
:10ff1c000100102404807000e3ff0010ffff102686
:08ff2c000800e00300000000e2
:020000040000fa
:020000041d02db
:10ff3400e8ffbd271400bfaf1000b0af6bfa400f4d
:10ff44002580a0002518400027006010251000001f
:10ff540006000052240060ac420002964000423089
:10ff64000b004054240070ac240060ac130000105b
:10ff740025800000300050ac4000628c0100042455
:10ff8400448c827c400062ac170000100100022403
:10ff94004800629400044230090040543c006490dc
:10ffa4003f00629002004230050040543c006490df
:10ffb4004000628cc418027c400062ac3c00649037
:10ffc40002000224edff82544000628c0c00628c1b
:10ffd400e8ff4014010004244000628c448c827cbd
:10ffe400400062ac251000001400bf8f1000b08fd9
:08fff4000800e0031800bd271e
:020000040000fa
:020000041d02db
:10fffc00d8ffbd272400bfaf2000b4af1c00b3afa7
:020000041d03da
:10000c001800b2af1400b1af1000b0af2590800053
:10001c002588a00025a0c0002598e0009481848f3d
:10002c000400828c09f840002000052419004010bf
:10003c00258040000300258a0000259a0700248aa9
:10004c000400249a0b00238a0800239a0f00228aaa
:10005c000c00229a070005aa040005ba0b0004aa9a
:10006c00080004ba0f0003aa0c0003ba130002aa7a
:10007c00100002ba1c0014a240f0400f140013ae82
:10008c00180002ae030006242528000213a8400f16
:10009c0025204002251000022400bf8f2000b48fc1
:1000ac001c00b38f1800b28f1400b18f1000b08fea
:0800bc000800e0032800bd2745
:020000040000fa
:020000041d03da
:1000c40080bf043c1060838c0e00633000a0023caf
:1000d400a0244224400043ac1060828c0e004230c5
:1000e4001800401000a0023c1060828c02004230d4
:1000f4000300401080bf023c02000324146043aca0
:1001040080bf023c1060428c010042300700401066
:1001140080bf033c80bf043c3060828c1060628ce2
:1001240001004230fcff40140000000088bf023c84
:100134000004033c341043ac0008033c341043accb
:1001440000a0023ca02442242000428c0c00401059
:1001540000000000e8ffbd271400bfaf00a0023c70
:10016400a02442242400458c2000428c09f840003d
:10017400020004241400bf8f0800e0031800bd2708
:080184000800e0030000000088
:020000040000fa
:020000041d03da
:10018c0000a0093cbc2c2a8d2b004011251000002e
:10019c002518400125300000253800000000658c32
:1001ac000800a4141000688c0200c050bc2c28adb0
:1001bc001000c8ac0800e00310006224f7ff001028
:1001cc00251800012b588500070060110000000065
:1001dc001b0040502538c00000004b8c2b28ab0076
:1001ec000b38c5000b106500f4ff001525306000be
:1001fc0011004010000000000000438c1000458ce2
:10020c00231864001100682c070000151000462408
:10021c00000044acf0ff63242120c400100085ac26
:10022c00000083ac25288000020042551000e5ac8c
:10023c00bc2c25ad2510c0000800e0030000000018
:08024c00e9ff0010251060001d
:020000040000fa
:020000041d03da
:10025400e8ffbd271400bfaf1000b0af1c008294ac
:100264000800401025808000010003241000431082
:100274000000000067ec400ff7ff052409000010a0
:100284001400bf8fdde2400f252800000400401059
:10029400020002241a0002a6010002241c0002a685
:1002a4001400bf8f1000b08f0800e0031800bd27b2
:1002b40002f1400f00000000faff40101400bf8f4d
:1002c400340002860f0041042528000040f0400f4e
:1002d400000000002c00038e2b104300040040108b
:1002e400020002241a0002a6edff00101c0000a662
:1002f400ffff052467ec400f25200002e9ff0010f2
:100304001400bf8f67ec400f25200002e5ff0010aa
:040314001400bf8f83
:020000040000fa
:020000041d03da
:10031800c0ffbd273c00bfaf3800b1af3400b0af5d
:1003280030d2400f2580e00024004010258840008e
:1003380087ff02241800a2a31900a0a31a00a0a7ef
:100348001c00a0af0300058a0000059a0700048a74
:100358000400049a0b00038a0800039a0f00028a1b
:100368000c00029a2000a5af2400a4af2800a3af78
:100378002c00a2af3a000524c2ef400f252020022e
:10038800ff0005248cfa400f2520200202000224d9
:100398001000a2af3a000724180006241800a52769
:1003a80099d1400f252020020400401425804000e8
:1003b800dff1400f252020022588000225102002a9
:1003c8003c00bf8f3800b18f3400b08f0800e003c5
:0403d8004000bd27fd
:020000040000fa
:020000041d03da
:1003dc002e00801025100000e0ffbd271c00bfafd1
:1003ec001800b1af1400b0af42008294400042300c
:1003fc0021004014258080001c00bf8f1800b18f95
:10040c001400b08f0800e0032000bd276cff400fe4
:10041c00252000024018020021186200c0180300b9
:10042c0021106200801002002188220260002392b9
:10043c0001006330f0ff601001000224010006246b
:10044c000100052498af400f25200002030006246c
:10045c0001000524b0d8400f2520000225380000eb
:10046c00253000000e0005245372400f2520000299
:10047c00e1ff001001000224e080918fe3ff2016c1
:10048c0000000000dcff0010251000000800e00355
:04049c00000000005c
:020000040000fa
:020000041d03da
:1004a000d8ffbd272400bfaf2000b3af1c00b2af00
:1004b0001800b1af1400b0af3081918f1f0020122f
:1004c00025800000250080102580a0004200829435
:1004d000c418027c420082a40400228e0100445011
:1004e000040020ae0800228e01004450080020ae17
:1004f00012000052010010240000338e1000601220
:10050000251000020c00628e0c00401025900000a7
:100510002528400282fb400f25206002252840004c
:1005200075e6400f25202002010052260c00628e45
:100530002b104202f7ff401425284002251000022c
:100540002400bf8f2000b38f1c00b28f1800b18f22
:100550001400b08f0800e0032800bd27f7ff00104b
:0405600025800000f2
:020000040000fa
:020000041d03da
:10056400e0ffbd271c00bfaf1800b2af1400b1af4d
:100574001000b0af2580a0002528c0002530e00081
:100584003000b18f770082900100032413004310e0
:100594003400b297020003240b0043141c00bf8fe5
:1005a4000300a010000000008bd7400f252000029c
:1005b4000400201225304002252820028bd7400f4a
:1005c400252000021c00bf8f1800b28f1400b18fc9
:1005d4001000b08f0800e0032000bd2705002012a2
:1005e400000000006e0012a66c0012a6680011ae96
:1005f400600011260800a010480011ae560006a69f
:10060400540006a6500005ae1000028e48001026c5
:10061400ecff0010000050ac1000028ee9ff001047
:04062400000040ace6
:020000040000fa
:020000041d03da
:10062800e0ffbd271c00bfaf1800b2af1400b1af88
:100638001000b0af258080002588a0007600829049
:100648000a00432c090060102590c0000800432cc4
:100658001a0060100600432c0f00605007000324a6
:100668000200422c160040500000028e0300313276
:100678000400201201000324740002968452627c54
:10068800740002a6252840021d5a400f25200002aa
:10069800050000101c00bf8ff4ff43140200a230b5
:1006a800f2ff40141c00bf8f1800b28f1400b18fe6
:1006b8001000b08f0800e0032000bd270000028e64
:1006c800100002ae0c0002ae080002ae2530000099
:1006d800140005249e14400f25200002e4ff00109a
:0406e80003003132a8
:020000040000fa
:020000041d03da
:1006ec002510a00000a0053ca024a5242c00a38c60
:1006fc002800a98c1c00405000a0043c2700695025
:10070c0025182001254080002530000080bf0c3cbe
:10071c0006000b2400a0073c2024e7242550a00051
:10072c000060858d0600a5301700ab14402803002f
:10073c002168a7000000ad9100000da10100a524c7
:10074c002128a7000000a590010005a10100632449
:10075c003000458d2b2865000100c6240600461488
:10076c000a18050000a0043ca02484242c0083acaf
:10077c000800e00300000000e9ff23150200082533
:10078c00f8ff00102510c000212867000000ad9074
:10079c0021288600edff00100000ada0f1ff001035
:0407ac002510000014
:020000040000fa
:020000041d03da
:1007b000e8ffbd271400bfaff8ef400f2520000071
:1007c000252840002882828f1b004014010003244a
:1007d00002000224288282af01f2400f252000008f
:1007e000308280af01000724010006242528000084
:1007f000b2cb400f2c8284270100032417004354fe
:10080000288280af00a0043cbbf9400fe42484247c
:100810000f0040040000000000a0023ce424422439
:10082000308282af01000224288282af1400bf8f81
:100830000800e0031800bd270a0043100000000074
:1008400001f2400f25200000f8ff001025100000e5
:1008500067f9400f2c828427288280aff3ff0010b5
:100860002510000001f2400f25200000eeff0010cf
:04087000010002245d
:020000040000fa
:020000041d03da
:10087400d0ffbd272c00bfaf1800a0af1c00a0af55
:100884002000a0af2400a0af009d033c4c226324b1
:1008940025100000000064801800a5272128a2006c
:1008a400040080100000a4a001006324f9ff0010dc
:1008b400010042241800a32721106200000040a078
:1008c400488282271400a2af1000a0af2538000090
:1008d4008000062425286000049d043cb95d400f77
:1008e40098cd8424010003240e004314049d023c8b
:1008f40000600240847a027c000c42340060824032
:10090400c0000000ffff02244c8282af01000224d9
:10091400608282af688280afa0e7400f00000000d1
:10092400049d023c1c03428c2c00bf8f0800e00392
:040934003000bd27ab
:020000040000fa
:020000041d03da
:100938002b008010f5ff02240800838c00a0023ce5
:100948005829422423006250020088840800e003ea
:10095800f5ff0224180088940100032422000315df
:10096800000000001a0083940100022403006210b2
:10097800040008241a006814f6ff0224300083904b
:1009880017006014f7ff0224e8ffbd271400bfaf6b
:1009980001000224300082a0320085a42800a2931e
:1009a80001004224310082a0340086a41c9f400f1d
:1009b800360087a42518400003006004f7ff0224ce
:1009c800030063380100622c1400bf8f0800e003a5
:1009d8001800bd2701000324deff0311f6ff0224df
:1009e8000800e003000000000800e0030000000029
:020000040000fa
:020000041d03da
:1009f800e0ffbd271c00bfaf1800b1af1400b0afb7
:100a0800258880000e00a290010003240b004310eb
:100a18002580a000020003241b004310f2030624d3
:100a2800029d053cd45fa524fef3400f252000005d
:100a3800070002240f0000100e0002a2f8fd400f6c
:100a48001000848c0c0040141c00bf8f0400069614
:100a580006000596d8ee400f1000248e0d00039274
:100a68000100633006000224020004240a108300f7
:100a78000e0002a21c00bf8f1800b18f1400b08fa7
:100a88000800e0032000bd27f8fd400f1000848c0b
:100a9800f9ff40141c00bf8ff2f9400f1000248e9c
:100aa800080002ae06000224f2ff00100e0002a2a7
:020000040000fa
:020000041d03da
:100ab800d0ffbd272c00bfaf2800b6af2400b5afcc
:100ac8002000b4af1c00b3af1800b2af1400b1af30
:100ad8001000b0af150080102598c00000a0023c9f
:100ae80080234294110040102590800025a8000022
:100af80025a00000ff00b13000a0163cbc80908ffc
:100b080021801502253020022528400238be400fda
:100b18002520000209004014010094268023c29673
:100b28002a108202f5ff40148c00b52605006012d9
:100b38002580000003000010b880908ffbff001292
:100b480000000000251000022c00bf8f2800b68f7f
:100b58002400b58f2000b48f1c00b38f1800b28f0b
:100b68001400b18f1000b08f0800e0033000bd27db
:020000040000fa
:020000041d03da
:100b7800ffffffffffff00005f4448435052784dde
:100b8800736754797065324576656e7400000000ad
:100b98000201020102010202020201030303000032
:100ba8005f444843504576656e74536f757263654c
:100bb800000000005f444843504e6f7469667943f3
:100bc8006c69656e747300005cc5039db016039d67
:100bd800a0c5039d9c20039d8898019df88e039dc8
:100be800a0f0039d3500000094ad039d01000000b6
:100bf8008c93039d030000002c93039d06000000c6
:100c08005449039d3600000098cb039d3300000033
:100c1800e4ad039d3a00000034ae039d3b000000a4
:100c280084ae039dff0000009002049d638253631d
:020000040000fa
:020000041d03da
:100c3800d8ffbd272400bfaf2000b3af1c00b2af60
:100c48001800b1af1400b0af258880000200a528b5
:100c58000e00a0100400928c0000828c0000428cd0
:100c6800009d053cf006a52409f840002520400217
:100c78002400bf8f2000b38f1c00b28f1800b18fe3
:100c88001400b08f0800e0032800bd27c8da400f21
:100c98000400c48c13004014009d103c009d103cbf
:100ca800dc06102601001324fff5400f2520000064
:100cb800252860029bbf400f252040000000238e9e
:100cc8000400638c2538400025300002009d053c57
:100cd8000807a52409f8600025204002e5ff001058
:100ce8002400bf8fe4061026efff00100200132433
:020000040000fa
:020000041d03da
:100cf800e0ffbd271c00bfaf1800b1af1400b0afb4
:100d0800258880005ae3400f252020022300401048
:100d18002580400040f0400f000000002c00038eaa
:100d2800231043000c004018000000000d00029240
:100d38004429027c0d0002a21400028ef1ff40102b
:100d4800252800001c00068e09f840002520000216
:100d5800ecff0010000000004e71400f252000023b
:100d68000c004010252800020d0002924429027c44
:100d78000d0002a21400028ee2ff401001000524bb
:100d88001c00068e09f8400025200002ddff001037
:100d980000000000fbdf400f252020021c00bf8f51
:100da8001800b18f1400b08f0800e0032000bd27a1
:020000040000fa
:020000041d03da
:100db800d0ffbd272c00bfaf2800b3af2400b2afcf
:100dc8002000b1af1c00b0af2590a0002588c0005e
:100dd8002580e000080006241000a527f1eb400f4d
:100de800252040021000a293000022a21100a29325
:100df800c018020008006324000003a61300b19382
:100e08000c002056020002240d004054ffff42242b
:100e180025884000251020022c00bf8f2800b38fa2
:100e28002400b28f2000b18f1c00b08f0800e003af
:100e38003000bd27000002a6f6ff001002001124b2
:100e4800ff005030ff001324080006241000a527d7
:100e5800f1eb400f25204002ffff1026ff00103263
:100e6800f9ff131625102002ecff00102c00bf8f8d
:020000040000fa
:020000041d03da
:100e7800d8ffbd272400bfaf2000b3af1c00b2af1e
:100e88001800b1af1400b0af00a0023cb02c4294df
:100e980013004010e481908f25880000ffff132481
:100ea80000a0123c0800048e050080500000048653
:100eb80040d0400f00000000080000ae000004868b
:100ec8000300931001003126457c400f000000000c
:100ed800b02c42962a102202f2ff40141c00102661
:100ee800e881848f0c00828c09f84000e481858faa
:100ef800e48180af00a0023cb02c40a4dc81848f48
:100f0800050080102400bf8ffbf8400f0000000090
:100f1800dc8180af2400bf8f2000b38f1c00b28f0c
:100f28001800b18f1400b08f0800e0032800bd2717
:020000040000fa
:020000041d03da
:100f3800ffff8424ffff84300a00832c2a006010fe
:100f4800251000002026047cc01004002110440055
:100f58008010020000a0033ca01c63242110430061
:100f6800000043902000601025100000c01004000d
:100f7800211044008010020000a0033ca01c632440
:100f8800211043000800428c1000478c0a00e0142e
:100f980000a0023cc0180400211864008018030057
:100fa800a01c422421104300ffff0324030043a098
:100fb8000800e00325100000e8ffbd271400bfafbc
:100fc800c01804002118640080180300a01c4224e3
:100fd8002110430009f8e000060044841400bf8f84
:100fe8000800e0031800bd270800e0030000000027
:020000040000fa
:020000041d03da
:100ff800ffff8424ffff84300a00832c2a0060103e
:10100800251000002026047cc01004002110440094
:101018008010020000a0033ca01c632421104300a0
:10102800000043902000601025100000c01004004c
:10103800211044008010020000a0033ca01c63247f
:10104800211043000800428c1800458c0a00a014a7
:1010580000a0023cc0180400211864008018030096
:10106800a01c422421104300ffff0324030043a0d7
:101078000800e00325100000e8ffbd271400bfaffb
:10108800c01804002118640080180300a01c422422
:101098002110430009f8a000060044841400bf8f03
:1010a8000800e0031800bd270800e0030000000066
:020000040000fa
:020000041d03da
:1010b800ffff8424ffff84300a00832c2a0060107d
:1010c800251000002026047cc010040021104400d4
:1010d8008010020000a0033ca01c632421104300e0
:1010e800000043902000601025100000c01004008c
:1010f800211044008010020000a0033ca01c6324bf
:10110800211043000800428c1c00458c0a00a014e2
:1011180000a0023cc01804002118640080180300d5
:10112800a01c422421104300ffff0324030043a016
:101138000800e00325100000e8ffbd271400bfaf3a
:10114800c01804002118640080180300a01c422461
:101158002110430009f8a000060044841400bf8f42
:101168000800e0031800bd270800e00300000000a5
:020000040000fa
:020000041d03da
:10117800ffff8424ffff84300a00832c2a006010bc
:10118800251000002026047cc01004002110440013
:101198008010020000a0033ca01c6324211043001f
:1011a800000043902000601025100000c0100400cb
:1011b800211044008010020000a0033ca01c6324fe
:1011c800211043000800428c2c00468c0a00c014f1
:1011d80000a0023cc0180400211864008018030015
:1011e800a01c422421104300ffff0324030043a056
:1011f8000800e00325100000e8ffbd271400bfaf7a
:10120800c01804002118640080180300a01c4224a0
:101218002110430009f8c000060044841400bf8f61
:101228000800e0031800bd270800e00300000000e4
:020000040000fa
:020000041d03da
:10123800ffff8424ffff84300a00832c2a006010fb
:10124800251000002026047cc01004002110440052
:101258008010020000a0033ca01c6324211043005e
:10126800000043902000601025100000c01004000a
:10127800211044008010020000a0033ca01c63243d
:10128800211043000800428c3000458c0a00a0144d
:1012980000a0023cc0180400211864008018030054
:1012a800a01c422421104300ffff0324030043a095
:1012b8000800e00325100000e8ffbd271400bfafb9
:1012c800c01804002118640080180300a01c4224e0
:1012d8002110430009f8a000060044841400bf8fc1
:1012e8000800e0031800bd270800e0030000000024
:020000040000fa
:020000041d03da
:1012f800a8ffbd275400bfaf5000b2af4c00b1af3c
:101308004800b0af258080002590a0002400801000
:101318002588c00088f0400f1400848c25184000f0
:1013280019006010f1fe02240400648c160080107d
:101338001000a5272000a0af2400a0af2800a0af70
:101348002c00a0af3000a0af3400a0af3800a0af91
:101358003c00a0af4000a0af040002241000a2afe0
:101368001400b0af1800b2af1c00b1af0400628c1b
:101378000800668c09f840000000648c52ff0324c2
:1013880001004350f1fe02245400bf8f5000b28f79
:101398004c00b18f4800b08f0800e0035800bd270b
:1013a80076e2400f25200000ddff001025184000e0
:020000040000fa
:020000041d03da
:1013b800e8ffbd27ff00a5301000b0af1400bfaf95
:1013c8000f00a01425808000fafa400f00000000ea
:1013d800218002021400bf8f251000021000b08f78
:1013e8000800e0031800bd2700000282f9ff401042
:1013f800ff004230f8ff45101400bf8f010010268f
:1014080003000232f8ff40140101043c0101842466
:101418000220a470fefe073c8080083cfffee734f3
:10142800808008350000038e263064002110670094
:101438002718030024104300271806002130c7008e
:10144800241866002510430024104800f5ff40507a
:101458000400102600000282deff4010ff00423028
:10146800ddff45101400bf8ffaff001001001026a1
:020000040000fa
:020000041d03da
:1014780070ffbd278400b2af8000b1af7c00b0af71
:101488002588a000258080002590c0002528000020
:101498004c0006242400a4278800b3af8c00bfaffb
:1014a800d2fb400f2598e000ffff02241000a2aff6
:1014b80002010224020000161400a2af7000b02737
:1014c8001800b0af1c00b1af0200201225100000b8
:1014d800ffff22260c0021062000a2af00a0023c3c
:1014e8004f000324c42c43acffff02248c00bf8fa1
:1014f8008800b38f8400b28f8000b18f7c00b08fda
:101508000800e0039000bd2701002056000000a25b
:1015180025306002252840021000a4272800b0af1b
:101528002af5400f2400b0aff1ff00108c00bf8fe8
:020000040000fa
:020000041d03da
:101538002c00a010fbff0224e0ffbd271c00bfaf5a
:101548001800b2af1400b1af1000b0af2580800012
:101558000000a38c1d0060102588a0001b008010cf
:10156800faff0224420083944000633018006010a0
:101578001c00bf8f00a0023c6cff400f242b528c34
:10158800c018020021186200c0180300219043020d
:10159800252820025cb7400f0000448e25884000b3
:1015a8000a002012ffff0224252820029be4400f96
:1015b80025204002feff07242530000008002526cc
:1015c800eec6400f25200002251000001c00bf8f2a
:1015d8001800b28f1400b18f1000b08f0800e0031c
:0c15e8002000bd270800e0030000000008
:020000040000fa
:020000041d03da
:1015f400e0ffbd271c00bfaf1800b1af1400b0afaf
:10160400d4808487ffff022406008210e080908f3c
:101614001cee400f00000000ffff0224d48082a7cc
:10162400e080908f11000012dc80828f0a00401845
:10163400258800005000048e03008010010031262c
:1016440016f3400f00000000dc80828f2a10220273
:10165400f8ff401464001026c880848f0c00828c2c
:1016640009f84000e080858fe08080afc880858fd6
:1016740000a0043c4afa400f7c2c8424cc80848f44
:1016840005008050dc8080affbf8400f00000000b4
:10169400cc8080afdc8080af1c00bf8f1800b18f7e
:0c16a4001400b08f0800e0032000bd27f8
:020000040000fa
:020000041d03da
:1016b000e0ffbd271c00bfaf1800b2af1400b1aff0
:1016c0001000b0af2588a0000c00b28c6cff400f5a
:1016d000e080908f4018020021186200c0180300bb
:1016e000211062008010020021180202040002246e
:1016f0000b0042520400248e07000224070042120d
:101700000300042413004416251000005c006594b7
:10171000020004241000a4101c00bf8f0400248ebb
:101720000600842c0b008014ffff02240000228e90
:1017300036000424000044a004000424010044a056
:101740002700648824006498050044a8020044b877
:10175000060002241c00bf8f1800b28f1400b18f46
:0c1760001000b08f0800e0032000bd273f
:020000040000fa
:020000041d03da
:10176c000000a28c0400a38cc0ffbd273800b3afcf
:10177c003400b2af3000b1af2c00b0af0800b28c67
:10178c000c00b38c3c00bfaf258880002580a000e6
:10179c00030060042000a2af4408027c2000a2af2a
:1017ac002000a2271800a2af0a0002241400a2af46
:1017bc001000b2af0400c78c0000c68cf4a0400f20
:1017cc00252000021000068e2000a38fffffc624e8
:1017dc001000a3af253840022330c200212862023a
:1017ec00d3b0400f252020020400238e000163306b
:1017fc00040060103c00bf8f0400038e2a204300bd
:10180c000b1064003800b38f3400b28f3000b18fee
:0c181c002c00b08f0800e0034000bd2746
:020000040000fa
:020000041d03da
:101828002b00c01025100000e0ffbd271c00bfaf33
:101838001800b1af1400b0af2588a00081fa400f9e
:101848002580c000251840001600601025100000f3
:10185800770066901400d1141c00bf8f7600659045
:10186800fdffa424ff0084300300842c0e008014a4
:1018780000000000080002240a00a2102510000041
:10188800020002240c00c214010004244c00648ce1
:101898000400801025100000b8e0400f2528000241
:1018a800010002241c00bf8f1800b18f1400b08ff4
:1018b8000800e0032000bd27faffc414251000002b
:1018c8000000028e400062acf6ff00100100022406
:0818d8000800e003000000001d
:020000040000fa
:020000041d03da
:1018e000d8ffbd272400bfaf2000b3af1c00b2afac
:1018f0001800b1af1400b0af110080102580800037
:101900002588a0002598c0006cff400f6481928f4d
:101910000019020021186200c018030021104302c0
:10192000010003240e006312050003240400631663
:10193000258000001c00508c0b0000160d00312685
:10194000251000022400bf8f2000b38f1c00b28f2f
:101950001800b18f1400b08f0800e0032800bd27e5
:10196000f5ff00100400508c030006241500052626
:10197000a7f6400f25202002f2ff4010251000029c
:101980000300028a0000029af7ff401425804000fd
:08199000ecff0010251000021d
:020000040000fa
:020000041d03da
:10199800d8f7bd272408bfaf2008b1af1c08b0afe7
:1019a8003008a6af3408a7af3008a7271008a7af9c
:1019b8002530a000000805241ec5400f1000a427ec
:1019c80025804000ffff4224ff07422c19004010e9
:1019d8002110b003100040a00082828f2110020263
:1019e8000008422c01004050008280af00a0113c4a
:1019f800940431260082828f218822021000a527b4
:101a0800dcfb400f25202002252820026ff6400f1e
:101a180025200000030002320200401004000324c5
:101a280023106200211050000082838f2110620071
:101a3800008282af2408bf8f2008b18f1c08b08fa6
:081a48000800e0032808bd2797
:020000040000fa
:020000041d03da
:101a5000e0ffbd271c00bfaf1800b1af1400b0af4e
:101a6000258880000e00a290010003240b00431083
:101a70002580a000020003241c0043101304062448
:101a8000029d053ce85fa524fef3400f25200000e1
:101a900007000224100000100e0002a2f8fd400f03
:101aa0001000848c0d0040141c00bf8f08000796a6
:101ab0000400069606000596e5e7400f1000248e08
:101ac0000d0003920100633006000224020004248a
:101ad0000a1083000e0002a21c00bf8f1800b18ff5
:101ae0001400b08f0800e0032000bd27f8fd400f70
:101af0001000848cf8ff401406000224f6ff00104a
:041b00000e0002a22f
:020000040000fa
:020000041d03da
:101b0400e0ffbd271c00bfaf1800b1af1400b0af99
:101b1400258080002588c0002000a38c0800633441
:101b24002000a3ac1000a48c0c008394f2ff632467
:101b34000c0083a42800b0ac253000007dcf400ffa
:101b440001000424170020121c00bf8ff8ef400f7f
:101b5400010004247a000396100063347a0003a67b
:101b6400b480838f01006324b48083af00a0033c5e
:101b7400e82063241800649401008434180064a4e9
:101b84002528400001f2400f010004242530000004
:101b94000100052400a0043c96f2400ff8208424a0
:101ba4001c00bf8f1800b18f1400b08f0800e00331
:041bb4002000bd2729
:020000040000fa
:020000041d03da
:101bb800d0ffbd272c00bfaf2800b4af2400b3afbf
:101bc8002000b2af1c00b1af1800b0af258880006c
:101bd80025a0a0002598c0002590e00000a0043ca6
:101be800d5f5400f402b842400a0023c402b508c9c
:101bf8001200005200a0043c0c00028e0400405069
:101c08000800028e0a0051540000108e0800028e4f
:101c18001000a2af0400028e253840022530600271
:101c28002528800209f84000252020020000108e97
:101c3800f2ff00560c00028e00a0043ce3f5400fb2
:101c4800402b84242c00bf8f2800b48f2400b38f2e
:101c58002000b28f1c00b18f1800b08f0800e0037d
:041c68003000bd2764
:020000040000fa
:020000041d03da
:101c6c00e8ffbd271400bfaf1000b0af3c0082905e
:101c7c00010003241300431025808000020003247c
:101c8c001a0043540c0000aef8ef400f2520000062
:101c9c00252840000c00028e0600401000000000b9
:101cac000d00429020004230140040100000000053
:101cbc000c0000ae01f2400f252000000b000010bc
:101ccc000c0000aee5de400f01000524070040507b
:101cdc000c0000ae28d7400f0c00048e3e00029280
:101cec00ffff42243e0002a20c0000ae1400bf8f86
:101cfc001000b08f0800e0031800bd2701f2400f60
:101d0c00252000008af1400f0c00048ef3ff001018
:041d1c00000000ae15
:020000040000fa
:020000041d03da
:101d20002a00c01025100000e0ffbd271c00bfaf37
:101d30001800b1af1400b0af2588a0006bfa400fb7
:101d40002580c000251840000e00601025100000fe
:101d50003c00649003009150020002240a0000102d
:101d60001c00bf8f0c008214010005240c00648c41
:101d70000400801025100000b8e0400f2528000264
:101d8000010002241c00bf8f1800b18f1400b08f17
:101d90000800e0032000bd27faff8514251000008d
:101da0004000648c03008430f6ff8014010004249a
:101db0000000028e140062ac4000628c0442827cff
:101dc000400062acefff0010010002240800e003b5
:041dd000000000000f
:020000040000fa
:020000041d03da
:101dd400d8ffbd272400bfaf2000b3af1c00b2afb3
:101de4001800b1af1400b0af0000918c180020129d
:101df400258080000c00228e1500401025980000dc
:101e04002528600282fb400f2520200225904000f7
:101e14002528400007f9400f252020021000048ed9
:101e24000c00828c09f840000400458e3000062422
:101e340025280000d2fb400f252040020100732614
:101e44000c00228e2b106202eeff40142528600243
:101e54001000048e0c00828c09f840000000058eee
:101e6400000000ae260000a62400bf8f2000b38f20
:101e74001c00b28f1800b18f1400b08f0800e0036b
:041e84002800bd274e
:020000040000fa
:020000041d03da
:101e8800e0ffbd271c00bfaf1800b2af1400b1af10
:101e98001000b0af258880002580a00000a0123c6b
:101ea800d5f5400fa82b4426a82b428e12004010cf
:101eb8002590000006005150251020020000428c99
:101ec8000d00401025900000fdff22560000428cb6
:101ed80008004390080070102590000010000012c0
:101ee80000000000b881838f01006324b88183afac
:101ef800080050a00100122400a0043ce3f5400fa4
:101f0800a82b8424251040021c00bf8f1800b28f14
:101f18001400b18f1000b08f0800e0032000bd2727
:101f2800b881838fffff6324b88183aff1ff00106e
:041f3800080050a0ad
:020000040000fa
:020000041d03da
:101f3c00e8ffbd271400bfaf1000b0af14008290b3
:101f4c00200042300c0040142580800040f0400fef
:101f5c00000000007000038e231043007400038ef9
:101f6c002b1043000c0040140100032414000292b7
:101f7c004429627c140002a2140002920800423030
:101f8c000900401401000324140002920421627c15
:101f9c00140002a2840000ae1400bf8f1000b08f9a
:101fac000800e0031800bd273800028e3800428c70
:101fbc00253000002528000009f840000c00048e94
:101fcc00050041040300022486f3400f2520000283
:101fdc00f2ff00101400bf8fefff0010840002ae60
:020000040000fa
:020000041d03da
:101fec00e8ffbd271400bfaf00a0023cfc2b448cc3
:101ffc000600801000a0023c76f4400f00000000a8
:10200c0000a0023cfc2b40ac00a0023c002c448cf9
:10201c000600801000a0023cd0f4400f000000002d
:10202c0000a0023c002c40ac00a0023cf42b448ce1
:10203c000600801000a0023cfbf8400f00000000de
:10204c0000a0023cf42b40ac00a0023cdc2b4484ee
:10205c00ffff02240700821000a0023c1cee400f80
:10206c000000000000a0023cffff0324dc2b43a473
:10207c0000a0023cdc2b42240c0040ac100040ac15
:10208c00040040a41400bf8f0800e0031800bd2713
:020000040000fa
:020000041d03da
:10209c00e0ffbd271c00bfaf1800b2af1400b1affa
:1020ac001000b0af2588a0000c00b28c6cff400f64
:1020bc00e080908f4018020021186200c0180300c5
:1020cc00211062008010020021180202fdff42263e
:1020dc000200422c06004014010004241300441694
:1020ec001c00bf8f3400648c110080101800b28f5c
:1020fc000400248e0600842c0b008014ffff0224a5
:10210c000000228e32000424000044a004000424a9
:10211c00010044a03700648834006498050044a88a
:10212c00020044b8060002241c00bf8f1800b28fb6
:10213c001400b18f1000b08f0800e0032000bd2701
:020000040000fa
:020000041d03da
:10214c000c00838c2800601025100000d8ffbd27e0
:10215c002400bfaf2000b4af1c00b3af1800b2af67
:10216c001400b1af1000b0af258080003081928f89
:10217c001c00548e25880000810013242528200281
:10218c0082fb400f25200002000043948100633045
:10219c0009007354010031261400448e0100805054
:1021ac001800448c0800438c231883022b186400fd
:1021bc0005006010010031260c00028e2b1022024b
:1021cc00efff4014252820022400bf8f2000b48f7d
:1021dc001c00b38f1800b28f1400b18f1000b08f99
:1021ec000800e0032800bd270800e0030000000001
:020000040000fa
:020000041d03da
:1021fc002900801001000224e0ffbd271c00bfafa6
:10220c001800b2af1400b1af1000b0af2588800039
:10221c002580a0008ce6400f2590c0001400405093
:10222c00010002241200405a25100000252800024b
:10223c00ffff0324252000000000a68c0d00d11008
:10224c001c00bf8f0400c0540100842401006204f0
:10225c002518800001008424f7ff44160400a524ef
:10226c000b0060048018030021800302000011aef3
:10227c001c00bf8f1800b28f1400b18f1000b08fec
:10228c000800e0032000bd27f9ff00102510000016
:10229c00f7ff0010251000000800e003000000000c
:020000040000fa
:020000041d03da
:1022ac002900801000000000e8ffbd271400bfaf1c
:1022bc009ff7400f000000004800458c1d00a01047
:1022cc002520a0000400868c3000c39001006330f0
:1022dc000f0060500000848c0800838c0c00605050
:1022ec000000848c1a00c390ffff6324ff0063304e
:1022fc000200632c060060540000848c000044ac87
:10230c00251080001400bf8f0800e0031800bd27c3
:10231c00edff80540400868c0000438c0a18a30047
:10232c000000648c0b188400000043acf4ff001018
:10233c000000448c0000438cf1ff60500000448c82
:10234c00f8ff00100000648c0800e00325108000ea
:020000040000fa
:020000041d03da
:10235c00e0ffbd271c00bfaf1800b0af2800a6af30
:10236c00230080142c00a7af00a0023c9414428cd4
:10237c001f0040102580a00000a0023c9814428c45
:10238c001b004010ffff05348bf9400f0c82842793
:10239c00170040102800a7271000a7af2530000217
:1023ac000008052400a0043c1ec5400f940c842496
:1023bc0025304000ffff4224ff07422c0a0040104a
:1023cc0000a0053c940ca5242110c500000040a0e1
:1023dc0000a0023c941442240400438c1800638c2b
:1023ec0009f860000800448c97f9400f0c82842790
:1023fc001c00bf8f1800b08f0800e0032000bd2721
:020000040000fa
:020000041d03da
:10240c00e0ffbd271c00bfaf1800b2af1400b1af86
:10241c001000b0af00a0113ca82731260400228e7a
:10242c001800428c09f8400025908000140022ae60
:10243c001400308e1000228e238002028ddf400f9c
:10244c0025200002a7fe400f000000002800288e67
:10245c002c00298e212808022b80b000213809027b
:10246c00280025ae2c0027aeaefe400f25204000e4
:10247c003fb6400f25204002080040101c00bf8fc3
:10248c00a7fe400f000000000892400f258040007e
:10249c00aefe400f252000021c00bf8f1800b28f2b
:1024ac001400b18f1000b08f0800e0032000bd278e
:020000040000fa
:020000041d03da
:1024bc0078ffbd278000b2af7c00b1af7800b0af21
:1024cc008400bfaf258080002588a0002590c00027
:1024dc001c00a0af5400a4af2000a4af04008004e3
:1024ec00ffff0224ff7f023cffff423421108200d9
:1024fc00252800001800a42726fb400f5800a2af87
:10250c009800a28f9c00a38f1800a4271000a2afe4
:10251c001400a3af01000624a529400f2528400272
:10252c0008002012252060005800a58f5400a38fae
:10253c00231865006c00a58f21186500218003020b
:10254c00000030ae8400bf8f8000b28f7c00b18f52
:10255c007800b08f251880000800e0038800bd27a4
:020000040000fa
:020000041d03da
:10256c005000828ce8ffbd271000b0af1400bfaf45
:10257c000b004010258080005400838c2a106200d0
:10258c0007004014000000004c0000aeffff0224c6
:10259c001400bf8f1000b08f0800e0031800bd2797
:1025ac00d8ea400f25200002f8ff42044c0000ae90
:1025bc004000038e5000048e3c00058e08008010f5
:1025cc00253860005400068e2320860023306500d9
:1025dc002a30c4000200c014ffff84242138a40058
:1025ec00060060104c0007ae5400048e23186500e2
:1025fc000100632421188300540003aeffffa39055
:10260c00e3ff6254ffffa2a0e2ff00101400bf8f93
:020000040000fa
:020000041d03da
:10261c00c23d0400ff00e7300080013c2430810003
:10262c00ffffe924fe00212d0d002010000000000a
:10263c008003e724404a0400024b09002530c900fe
:10264c00402f0400004d07002530c900251005005f
:10265c00251806000800e003000000000000000040
:10266c000000052421208400f6ff801000000000eb
:10267c000900e01400000000ffffe7242120840083
:10268c008000013c2b088100fbff2014000000009f
:10269c00e7ff001000000000ff07072400ff013ccb
:1026ac00010021342b088100e6ff201400000000fb
:1026bc00f8ff063ce3ff00100000000000000000e3
:020000040000fa
:020000041d03da
:1026cc002800a104feff0224d400838c0000628c3d
:1026dc000400648c060044540000448c040060ac7c
:1026ec0004004014000060ac0800e0030300022466
:1026fc00000064ac00e0a37c080043ac003406008e
:10270c008001c634040046ac422f050004000324ab
:10271c000600a354000040ac0400438c01000424c8
:10272c008452837c040043ac000040ac140040ace9
:10273c000400e38c05006054000062ac0400e2acc1
:10274c000000e2ac0800e003251000000400e48c5b
:10275c000400432400e0637c140083ac0400e2ac6e
:0c276c00251000000800e0030000000041
:020000040000fa
:020000041d03da
:10277800e0ffbd271c00bfaf1800b1af1400b0af19
:10278800258880000e00a290010003240f0043104a
:102798002580a000fcff4224ff0042300200422caa
:1027a800160040100800a52419e6400f1000848c7c
:1027b80010004014050002241c00bf8f1800b18fc0
:1027c8001400b08f0800e0032000bd27f8fd400f7b
:1027d8001000848cf9ff40141c00bf8f040006967b
:1027e80006000596c7e9400f1000248ef2ff00107e
:1027f8000e0002a2f0ff00100e0002a23004062410
:10280800029d053cfc5fa524fef3400f2520000037
:0c28180007000224e8ff00100e0002a2de
:020000040000fa
:020000041d03da
:10282400d8ffbd272400bfaf2000b4af1c00b3af56
:102834001800b2af1400b1af1000b0af25988000fb
:102844002580a0002590c00025a0e000d5f5400f0c
:102854002520a00010004010258840002528600293
:10286400adde400f2520000214004010252040005a
:10287400030080120000000009f88002000000003c
:10288400e3f5400f252000020c00428e252860024b
:1028940009f8400025204002251020022400bf8fa3
:1028a4002000b48f1c00b38f1800b28f1400b18fb6
:1028b4001000b08f0800e0032800bd27e3f5400fa7
:0c28c40025200002f4ff00102588000011
:020000040000fa
:020000041d03da
:1028d000e0ffbd271c00bfaf1800b2af1400b1afbe
:1028e0001000b0af1c00a010258000002590a000b3
:1028f0001900c0102580c0006bfa400f00000000d6
:102900001c0040102588400073dd400f252040004a
:1029100011004050258000000800248e0400228e03
:102920002310440025184000ffff42302b10020204
:102930000100405425180002ffff7030060000120d
:1029400025300002effa400f252840020800228eb1
:1029500021105000080022ae251000021c00bf8f7d
:102960001800b28f1400b18f1000b08f0800e00380
:0c2970002000bd27f8ff001025800000ab
:020000040000fa
:020000041d03da
:10297c00e0ffbd271c00bfaf1800b1af1400b0af13
:10298c00d3e0400f258080001a0040100100112474
:10299c00eed7400f25200002140040102580400087
:1029ac000100429011004014258800000c00028e9a
:1029bc000400401400a0023c0800028e0c0002ae81
:1029cc0000a0023cd82742901000401400000000e8
:1029dc0003c9400f25200002180000a2190000a214
:1029ec0001000224010002a2258800002ef0400ff5
:1029fc0000000000251020021c00bf8f1800b18fb2
:102a0c001400b08f0800e0032000bd273fb6400f34
:0c2a1c0025200002f0ff00100000000068
:020000040000fa
:020000041d03da
:102a2800d0ffbd272c00bfaf2800b3af2400b2af42
:102a38002000b1af1c00b0af258880002598a00009
:102a48002510c0000300e0142590e0001700801056
:102a5800ffff102415004010ffff102400a0033cc6
:102a6800b427638ce80306242538000019006200a7
:102a780012200000304f400f102800001000b2afa5
:102a880025386002253020022528400048ac400f38
:102a98002520000025804000ffff022404000212c8
:102aa800251000025fca400f2520000225100002f1
:102ab8002c00bf8f2800b38f2400b28f2000b18f65
:0c2ac8001c00b08f0800e0033000bd27a8
:020000040000fa
:020000041d03da
:102ad400e0ffbd271c00bfaf1800b2af1400b1afb8
:102ae4001000b0af2588800076f0400f2580a0004c
:102af4006882848f0000028effff032409004310c4
:102b0400259000000400238e5482858f0000268eb9
:102b14000d00c5102b2883000b00a0140100122403
:102b2400000000ae8be5400f0000000025104002bd
:102b34001c00bf8f1800b28f1400b18f1000b08f2b
:102b44000800e0032000bd27232883002b28a200cf
:102b54000700a0102310440021104300000002ae1f
:102b640080ff400f25202002eeff0010259000007a
:0c2b7400000000aeebff00100100122476
:020000040000fa
:020000041d03da
:102b8000e0ffbd271c00bfaf1800b2af1400b1af0b
:102b90001000b0af259080002510e0002538c0005f
:102ba0002530a000bb66400f25284000258040004e
:102bb000ffff022415000212801810002881828f66
:102bc000211043000000518c020002240c004256e8
:102bd0004000228e9400410f0000000025300000cc
:102be0002528400067e0400f252020024000228e6b
:102bf000010003248473627c400022ae4000228ed8
:102c000001000324448c627c400022ae25100002a7
:102c10001c00bf8f1800b28f1400b18f1000b08f4e
:082c20000800e0032000bd27bd
:020000040000fa
:020000041d03da
:102c2800e0ffbd271c00bfaf1800b2af1400b1af62
:102c38001000b0af2588a0006bfa400f2590c000a7
:102c4800258040001a000012251000003c00049264
:102c580001000324170083141c00bf8f4000038e5b
:102c680003006330140060541800b28f010002247e
:102c780009002212ffff0324020003240c0023167c
:102c880025100000d7f8400f2520400225184000e5
:102c98000700601025100000140003ae4000028eeb
:102ca800010003240442627c400002ae01000224b9
:102cb8001c00bf8f1800b28f1400b18f1000b08fa6
:082cc8000800e0032000bd2715
:020000040000fa
:020000041d03da
:102cd0000300c9880000c9980700c8880400c89884
:102ce0000b00c3880800c3980f00c2880c00c2986c
:102cf0000300a9a80000a9b80700a8a80400a8b864
:102d00000b00a3a80800a3b80f00a2a80c00a2b84b
:102d10000700e23016004014c23807002118a7004f
:102d20003c00829002004234000062a03d0083908b
:102d30002110a700010043a03e008390020043a0a1
:102d4000ffff0324030043a0feff0324040043a06d
:102d50000500e7242128a7003f0083900000a3a0de
:102d6000400083900100a3a0410082900200a2a035
:082d70000800e0030000000070
:020000040000fa
:020000041d03da
:102d78002700801025108000e0ffbd271c00bfaf92
:102d88001800b2af1400b1af1000b0af25808000ba
:102d98000000838c18006010251000005800410fb7
:102da8000000000025904000020042281000401456
:102db80025880000fff5400f25202002eff8400f7e
:102dc8002520400008004010010031260000038e35
:102dd8000400448c261864000800448c24186400fd
:102de800060060101c00bf8ff2ff511600000000a3
:102df800c9de400f010004241c00bf8f1800b28fe9
:102e08001400b18f1000b08f0800e0032000bd2728
:082e18000800e00300000000c7
:020000040000fa
:020000041d03da
:102e2000e0ffbd271c00bfaf1800b2af1400b1af68
:102e30001000b0af2590a0000f0080102588c000c2
:102e400042008294400042301b00401425808000e4
:102e50000b00e014252820025ecb400f2520400205
:102e60000e00401025804000d6fc400f25200002b7
:102e70000a000010000022aef7ffe0102528200213
:102e800070d8400f25200000040040142580400029
:102e90005ecb400f25204002258040002510000217
:102ea0001c00bf8f1800b28f1400b18f1000b08fbc
:102eb0000800e0032000bd27ebffe0102510000212
:082ec000f8ff00101c00bf8f99
:020000040000fa
:020000041d03da
:102ec800e0ffbd271c00bfaf1800b1af1400b0afc2
:102ed800258080000700a0102588e000010002245a
:102ee8001b00a2102520c000000000ae1300001037
:102ef800ffff02240200e32c1000601025100000e0
:102f0800030006242528000091d5400f0100042461
:102f18002520400011004010000002ae01000224ec
:102f28000e00221625380000253000004b76400f91
:102f380025280000010042380100422c1c00bf8fe8
:102f48001800b18f1400b08f0800e0032000bd27df
:102f58008eee400f2528e000000002ae0000028e31
:082f6800f6ff00102b1002001f
:020000040000fa
:020000041d03da
:102f7000e0ffbd271800b1af00a0113c4c2c228e01
:102f80001400b0af1c00bfaf1c00401025808000b3
:102f90000d00000600a0033c2c2c638c231862005b
:102fa0002b18700010006054ffff02241c00bf8f1c
:102fb000218050004c2c30ae1800b18f1400b08f1f
:102fc0000800e0032000bd2700a0033c302c638ce8
:102fd00023201000231843002b186400f4ff601016
:102fe0001c00bf8fffff02241c00bf8f1800b18f91
:102ff0001400b08f0800e0032000bd279687400f23
:10300000000000004c2c228ee1ff40140000000064
:08301000f5ff0010ffff022490
:020000040000fa
:020000041d03da
:10301800e0ffbd271c00bfaf1800b2af1400b1af6e
:103028001000b0af0800908c00a0023c5829422440
:103038000200021225888000258000002800228ec8
:10304800090040142528000067ec400f25202002c5
:103058001c00bf8f1800b28f1400b18f1000b08f02
:103068000800e0032000bd2740f0400f00000000ea
:10307800259040002000028e23f2400f0000508c63
:1030880002800272e70310266210023cd34d4224ec
:103098001900020210800000828110002110120223
:1030a8002c0022ae020002241a0022a6e8ff00101b
:0430b8001c0020a632
:020000040000fa
:020000041d03da
:1030bc002600801000000000d8ffbd272400bfaf01
:1030cc002000b3af1c00b2af1800b1af1400b0af0a
:1030dc00258080002598a0002590c0002588e00060
:1030ec00f8ef400f25200000030060122528400057
:1030fc000000628e040002ae0300401200000000cb
:10310c000000428e080002ae0300201200000000f6
:10311c000000228e0c0002ae01f2400f25200000b0
:10312c00420002963800a3930463627c420002a61c
:10313c002400bf8f2000b38f1c00b28f1800b18ffa
:10314c001400b08f0800e0032800bd270800e0033e
:04315c00000000006f
:020000040000fa
:020000041d03da
:10316000e8ffbd271400bfaf6bfa400f1000b0afef
:10317000258040001a000012251000003000028e49
:10318000040040543c00039213e5400f2520000248
:103190003c00039202000224150062140100042482
:1031a0000c00048e0e008010251000003000838c6f
:1031b0000c0060101400bf8fa800410f0000000039
:1031c0002520400006008010251000001000062475
:1031d000029d053ca7f6400f885fa5242b10020036
:1031e0001400bf8f1000b08f0800e0031800bd2747
:1031f000fbff6414251000001400028ef8ff00107d
:043200002b1002008d
:020000040000fa
:020000041d03da
:10320400d0ffbd272c00bfaf2800b5af2400b4af5a
:103214002000b3af1c00b2af1800b1af1400b0afc0
:1032240025a880002598a0002588c00025a0e000de
:10323400f8ef400f25200000259040000c002012dc
:10324400258000006bfa400f2520a00208004010e2
:10325400258040005800428c050040542580000021
:10326400580011ae5c0014ae600013a62580200245
:103274002528400201f2400f2520000025100002fd
:103284002c00bf8f2800b58f2400b48f2000b38f8b
:103294001c00b28f1800b18f1400b08f0800e00337
:0432a4003000bd2712
:020000040000fa
:020000041d03da
:1032a800e0ffbd271c00bfaf1800b2af1400b1afdc
:1032b8001000b0af3081928f0b0040122510000033
:1032c800258080002510a0000d00a0102588c000d2
:1032d8000500801025100000420082944000423012
:1032e80009004014010005241c00bf8f1800b28f8c
:1032f8001400b18f1000b08f0800e0032000bd2734
:10330800f9ff801001000524a6f2400f25200002d5
:10331800f5ff40100100032442000496c418647ca1
:1033280003002316420004a6efff0010040050ae6d
:1033380002000324ecff2352080050aeebff0010fc
:043348001c00bf8f17
:020000040000fa
:020000041d03da
:10334c00d8ffbd272400bfaf2000b4af1c00b3af23
:10335c001800b2af1400b1af1000b0af25988000c8
:10336c0025a0a0002588c00081fa400f2590e00020
:10337c0025804000130000122510000076000492f6
:10338c00fdff8324ff0063300300632c0d006014e9
:10339c00080003240c0083102400bf8f0600401289
:1033ac0025304002252880020ac6400f25206002e5
:1033bc00050040102400bf8f0200201201000224df
:1033cc00600011a62400bf8f2000b48f1c00b38fa7
:1033dc001800b28f1400b18f1000b08f0800e003fa
:0433ec002800bd27d1
:020000040000fa
:020000041d03da
:1033f000d0ffbd272c00bfaf2800b5af2400b4af6d
:103400002000b3af1c00b2af1800b1af1400b0afd2
:1034100025a8800025a0a0002588c0002598e000f0
:10342000f8ef400f25200000259040000c002012ee
:103430002580000081fa400f2520a00208004010de
:10344000258040007c00428c05004054258000000f
:103450007c0011ae7a0014a6800013ae25802002f5
:103460002528400201f2400f25200000251000020f
:103470002c00bf8f2800b58f2400b48f2000b38f9d
:103480001c00b28f1800b18f1400b08f0800e00349
:043490003000bd2724
:020000040000fa
:020000041d03da
:10349400e0ffbd271c00bfaf1800b1af1400b0aff0
:1034a4002588800010828293090040142580a000a2
:1034b40012f2400f0c8284272520400001000324cf
:1034c40017008314ffff022401000224108282a348
:1034d40013002016ffff0224120000121c00bf8fed
:1034e40000a0023c9414438c0d006014ffff0224de
:1034f4000800048e00a0033c941465240800a4acc6
:103504000400028e0400a2ac02000524941465aced
:103514000800428c09f840000000058e25100000c8
:103524001c00bf8f1800b18f1400b08f0800e00397
:043534002000bd278f
:020000040000fa
:020000041d03da
:10353800756c023cc8ffbd27286e42242000b0af3e
:103548001800a2af2580c0006c2902242400b1af66
:103558003400bfaf3000b4af2c00b3af2800b2af17
:10356800258880002530e0001c00a2a70200001674
:103578001e00a0a31800b0270400b28c0800b38c6a
:103588000400c0140000b48cfafa400f2520000291
:1035980025304000020040062b1046020b30420244
:1035a8001000b4af2538600225280002d3b0400fc0
:1035b800252020023400bf8f3000b48f2c00b38f39
:1035c8002800b28f2400b18f2000b08f0800e003dc
:0435d8003800bd27d3
:020000040000fa
:020000041d03da
:1035dc000000a28c240040102530a000e0ffbd2785
:1035ec001c00bfaf1800b1af1400b0af2580800035
:1035fc004000918c0400438c01000424c4ff837ca4
:10360c00040043ac0400a28c0400438c84f7837c3c
:10361c00040043ac25380000d800058ecc86400f42
:10362c00252000026e00410f2520200207004014c7
:10363c0000000000d800028e0000458c0400a52478
:10364c0000e0a57c58ff400f25202002a7ff400f6b
:10365c00252020021c00bf8f1800b18f1400b08fe2
:10366c000800e0032000bd270800e0030000000074
:020000040000fa
:020000041d03da
:10367c00d8ffbd272400bfaf2000b3af1c00b2aff2
:10368c001800b1af1400b0af258080000f0080a0ef
:10369c0025908000258800000f001324dffe400fca
:1036ac0000004492ff00423013004014000042a27c
:1036bc002118110201001026218011020e00022493
:1036cc0023105100ff00423021800202200002240e
:1036dc00000062a001006324fdff70142400bf8f62
:1036ec002000b38f1c00b28f1800b18f1400b08f64
:1036fc000800e0032800bd2701003126ff0031320d
:10370c00e6ff331601005226f5ff00102400bf8f90
:020000040000fa
:020000041d03da
:10371c00d0ffbd272c00bfaf2800b1af2400b0af45
:10372c001d0080102580800030d2400f2588e000dd
:10373c0019004010258040001800b1a31900a0a367
:10374c001a00a0a7ed67400f4000a4971c00a2a789
:10375c00ed67400f4400a4971e00a2a73a00052471
:10376c00c2ef400f25200002020002241000a2af7d
:10377c003a000724080006241800a52799d1400f09
:10378c00252000020400401425884000dff1400f82
:10379c002520000225802002251000022c00bf8f5e
:1037ac002800b18f2400b08f0800e0033000bd2743
:020000040000fa
:020000041d03da
:1037bc002500801000100224d8ffbd272400bfafc5
:1037cc002000b4af1c00b3af1800b2af1400b1afff
:1037dc001000b0af2588800000a0023c80234394e9
:1037ec000d00601000100224bc80948f25806000b6
:1037fc00259800004400928e0f0040520100732661
:10380c000400458e05fb400f252020020a004014c1
:10381c0001007326000042962400bf8f2000b48f55
:10382c001c00b38f1800b28f1400b18f1000b08f32
:10383c000800e0032800bd27eeff70168c009426cc
:10384c00f5ff0010001002240800e0030000000047
:020000040000fa
:020000041d03da
:10385c002500c01025100000e0ffbd271c00bfafe5
:10386c001800b1af1400b0af258880002520e0000f
:10387c000900a0101400308e0300a2880000a2984a
:10388c00030002aa000002ba0400a290040002a2e3
:10389c000500a290050002a20300c2880000c29895
:1038ac00090002aa060002ba0400c2900a0002a291
:1038bc000500c290ed67400f0b0002a20c0002a69f
:1038cc001000238e0c0062940e0042240c0062a4a3
:1038dc00010002241c00bf8f1800b18f1400b08fa0
:1038ec000800e0032000bd270800e00300000000f2
:020000040000fa
:020000041d03da
:1038fc001300c0101000828c230040100000000048
:10390c001c00848c0800438c2b3083001c00c0549a
:10391c000000428c0e004694211866002b30640087
:10392c001700c0540000428c2b20a400030080140c
:10393c002b18650014006010000000000000428c81
:10394c0011004010000000000800438c2b20a30045
:10395c00070080540000428c0e004494211864002f
:10396c002b18650008006010000000000000428c5d
:10397c00f6ff40540800438c0800e00300000000f0
:10398c00e1ff40540800438c0800e00300000000f5
:020000040000fa
:020000041d03da
:10399c00e0ffbd271c00bfaf1800b2af1400b1afe1
:1039ac001000b0af25888000660092941800908caf
:1039bc001400828c23800202a3f4400fffff10320c
:1039cc0023180202ffff63300e0003122b20430268
:1039dc001100801025100000422810006c00229667
:1039ec00ffff44302b20a40002008010231872002b
:1039fc002510a000ffff42302a184300060060107b
:103a0c002510000001000624100005249e14400f10
:103a1c0025202002010002241c00bf8f1800b28f49
:103a2c001400b18f1000b08f0800e0032000bd27f8
:020000040000fa
:020000041d03da
:103a3c002500801025100000e0ffbd271c00bfaf43
:103a4c001800b1af1400b0af9ff7400f2588a0004d
:103a5c002518400000002492fe0002241100825020
:103a6c00010024926000708c1200001225100000de
:103a7c00100006240400052691de400f25202002ac
:103a8c001c0003922b1843000a0060500100022412
:103a9c000000108ef6ff0016251000000600001026
:103aac001c00bf8fc000843080000524edff8514fe
:103abc00010002241c00bf8f1800b18f1400b08fbe
:103acc000800e0032000bd270800e0030000000010
:020000040000fa
:020000041d03da
:103adc00e0ffbd271800b2af1400b1af1c00bfafa0
:103aec001000b0af2590a0001400801400a0113c71
:103afc00ec26308e0a0000522580000025200002a2
:103b0c005dba400f2528400221800202000002828b
:103b1c000c00405425284002ec2620ae25800000e5
:103b2c001c00bf8f251000021800b28f1400b18f3b
:103b3c001000b08f0800e0032000bd27efff00103d
:103b4c00258080009fbc400f25200002211002021e
:103b5c00000043800400601001004324ec2623aed7
:103b6c00efff0010000040a0edff0010ec2620ae8f
:020000040000fa
:020000041d03da
:103b7c00d8ffbd271c00b0af00a0103cd003028eb4
:103b8c002000b1af2400bfaf0d004010258880008d
:103b9c00cee7400f000000001000a4271bf5400fdb
:103bac001000a2af0f0044241000a58ff0fb400fb3
:103bbc000418047c0b00401025100000d00300ae4c
:103bcc00010010240b8031020f0010260418107c09
:103bdc000900001600a0023c0c000324c42c43acca
:103bec00251000002400bf8f2000b18f1c00b08f67
:103bfc000800e0032800bd2763c0400f2520000209
:103c0c00f8ff4054fcff50acf7ff00102400bf8fae
:020000040000fa
:020000041d03da
:103c1c00e0ffbd270055e57c1800b1af1400b0af34
:103c2c001c00bfaf258080002510c0002518e000c7
:103c3c000c00a014028d0700049d023c2548c00016
:103c4c00e48a478ce08a468c252020016c54400f76
:103c5c00252860000055647c0200801000080524b3
:103c6c00c1ff8524c2270200401803004010020047
:103c7c0025188300000002ae1c00bf8f00a0637cdf
:103c8c002000023c2510430000083132ccfba52457
:103c9c00040002ae0c0011ae251000021800b18f0a
:103cac00080005ae1400b08f0800e0032000bd270b
:020000040000fa
:020000041d03da
:103cbc00e0ffbd271c00bfaf1800b2af1400b1afbe
:103ccc001000b0af2590a000c4d3400f0100052414
:103cdc0015004010ffff1124252040000400508cdb
:103cec00e6d6400f25284002252840000a00401047
:103cfc00feff11240e0042900600422c11004014cd
:103d0c00900006269c00062603000724a4b4400f4e
:103d1c002520000225880000040000122510200236
:103d2c007ff9400f25200002251020021c00bf8fb8
:103d3c001800b28f1400b18f1000b08f0800e00390
:0c3d4c002000bd27f1ff0010020007243a
:020000040000fa
:020000041d03da
:103d5800e0ffbd271c00bfaf1800b1af1400b0af23
:103d68000200822c1b004014258000002588a0003a
:103d78002580c000002104002530000000a0023c7e
:103d8800e82042248ce1400f212044000001223227
:103d98000900401000000000f8ef400f2520000047
:103da8009c80838f010063249c8083af252840007a
:103db80001f2400f25200000060000162530000003
:103dc8002528200200a0043c96f2400ff820842405
:103dd80001001024251000021c00bf8f1800b18fad
:0c3de8001400b08f0800e0032000bd278d
:020000040000fa
:020000041d03da
:103df400d8ffbd272400bfaf2000b3af1c00b2af73
:103e04001800b1af1400b0af258080002598a00041
:103e14002588c000f8ef400f2520000025904000c1
:103e24004018100021187000801803002528600233
:103e340000a0043c58208424b3f8400f21208300c0
:103e44002528400201f2400f25200000070020121f
:103e540000811000253000000100052400a0043c6e
:103e6400e82084248ce1400f2120900001000224ea
:103e74002400bf8f2000b38f1c00b28f1800b18fb5
:0c3e84001400b08f0800e0032800bd27e8
:020000040000fa
:020000041d03da
:103e900000a0023c2c2b428c2200401800000000a5
:103ea000e8ffbd271400bfaf1000b0af1800858c2d
:103eb000040003241400a314ffff422400a0023cca
:103ec000302b42900c00401000a0023c242b508c60
:103ed0006cff400f1000848cc01802002118620093
:103ee000c018030021200302040080101400bf8fbb
:103ef000bded400f000000001400bf8f1000b08f18
:103f00000800e0031800bd2700a0033cfaff40149e
:103f10002c2b62ac42a1400f00000000f7ff001004
:0c3f20001400bf8f0800e0030000000048
:020000040000fa
:020000041d03da
:103f2c00e8ffbd271400bfaf1000b0af3081838f06
:103f3c001e006010251000001c0080102580a000c1
:103f4c00010002240500a250252880000200022452
:103f5c000100a25403001024252880005cb7400ff8
:103f6c000000648c25184000100060102510000023
:103f7c0000006494800084300d0080101400bf8f0a
:103f8c002a006290242850000100a4300200801006
:103f9c0025100000260062900200a5300400a0103d
:103fac001400bf8f27006390211043001400bf8fb3
:0c3fbc001000b08f0800e0031800bd27c3
:020000040000fa
:020000041d03da
:103fc800e0ffbd271c00bfaf1800b1af1400b0afb1
:103fd800258880005c009024251000000a00042435
:103fe80009000392050064540c00038e0800401475
:103ff800252800020a0000106881848f03006010e1
:1040080025100002f6ff0010258060002580600062
:10401800080000120c0040ac252800026881848f3b
:104028000c00828c09f840000c00108efbff001673
:10403800252800020d0022924429027c0d0022a2ac
:10404800040020a6280020a61c00bf8f1800b18fee
:0c4058001400b08f0800e0032000bd271a
:020000040000fa
:020000041d03da
:104064000000a390ff0002240e006214251000003b
:10407400030003240429627c0100a5900f00a330ef
:1040840036410424062064000100843002008010bc
:10409400251800000f00a3300418627c0800e00318
:1040a400ff004230010003240429627c0000a48c38
:1040b400ffff8730fe800634f7ffe610020003247a
:1040c400f5ff80140e0003240400a48cf3ff805435
:1040d4000418627c0800a48cf0ff80540418627ced
:1040e4000c00a48c0001033c26208300010003245f
:0c40f4000e000524e8ff00100b18a400cb
:020000040000fa
:020000041d03da
:10410000e8ffbd271400bfaf0482838f0c0060104e
:10411000251000000b0080501400bf8f190064149c
:104120000882828f0900441404828227000040ac78
:10413000040040acbbe5400f000000000100022479
:104140001400bf8f0800e0031800bd270800828c10
:10415000f8ff0010048282af0b008354251060002a
:104160000800648c080044ac0882848f01008350ee
:10417000088282afbbe5400f25206000f0ff0010f1
:1041800001000224251060000800638cf2ff601417
:0c41900000000000eaff001025100000f5
:020000040000fa
:020000041d03da
:10419c0000a0023cdc27438c22006010251000009c
:1041ac000f0064501c00828c252860001c00638c5e
:1041bc000900601000000000fcff835425286000fb
:1041cc001c00828c09004014000000001c00a2acf2
:1041dc0012000010251000000800e003251000005c
:1041ec000900405000a0023c252800000c00868ce1
:1041fc000c00438c211866000c0043acf3ffa05458
:10420c001c00828c00a0023ca82742243400438c62
:10421c001c00638c340043ac010002240800e00352
:0c422c001c0080ac0800e0030000000053
:020000040000fa
:020000041d03da
:10423800c03a0500425504002538ea000080013cd8
:104248002538e1004050050042550a001e040624a6
:104258002330ca000d00c018000000002000c12c47
:104268000200201400000000000007340638c700d0
:104278000200a104000000002338070025100700f1
:104288000800e003000000000000000002008010a9
:10429800000000000100a534f07f013c010021343a
:1042a8002b08a10004002014000000000080023c3c
:1042b800f3ff001000000000ff7f023cffff4234c4
:0c42c800efff00100000000000000000ec
:020000040000fa
:020000041d03da
:1042d400e0ffbd271c00bfaf1800b1af1400b0afa2
:1042e400258080003800918c1c00228e09f8400043
:1042f4000c00848c01000324090043101c00bf8fb0
:104304002000228e09f840000c00048e0800405062
:104314007800028e86f3400f252000021c00bf8f18
:104324001800b18f1400b08f0800e0032000bd27ef
:1043340001004230050040541400028e86f3400f01
:1043440025200002f6ff00101c00bf8f0001427cf4
:104354000300401002000224f0ff0010840000aead
:08436400eeff0010840002ae20
:020000040000fa
:020000041d03da
:10436c00e8ffbd271400bfaf1000b0af02f1400f43
:10437c0025808000160040101400bf8f0800028eac
:10438c001000438c010062301400401008006430af
:10439c0006008010251000004000627c0400633091
:1043ac0002006010401302000010423434000396e7
:1043bc0024104300220002a63c0000ae040002249c
:1043cc001a0002a6030002241c0002a61400bf8fd0
:1043dc001000b08f0800e0031800bd27f3ff801019
:1043ec002510000002006330001002240020042479
:0843fc00eeff00100b1083001e
:020000040000fa
:020000041d03da
:10440400d0ffbd272c00bfaf2800b4af2400b3af4a
:104414002000b2af1c00b1af1800b0af25a08000df
:104424002598a0002590c0002588e00000a0103c3d
:10443400d5f5400f682c0426682c108e0c00001251
:1044440000a0043c4000a28f1000a2af0400028e22
:1044540025382002253040022528600209f8400052
:10446400252080020000108ef6ff001600a0043cf8
:10447400e3f5400f682c84242c00bf8f2800b48ff0
:104484002400b38f2000b28f1c00b18f1800b08fae
:084494000800e0033000bd2721
:020000040000fa
:020000041d03da
:10449c00d0ffbd272c00bfaf2800b1af2400b0afb8
:1044ac0030d2400f2588e0001900401025804000d4
:1044bc004000a2931800a2a31900b1a31a00a0a750
:1044cc004400a28f1c00a2af3a000524c2ef400f9b
:1044dc0025200002ff0005248cfa400f2520000245
:1044ec00020002241000a2af3a00072408000624a0
:1044fc001800a52799d1400f252000020400401474
:10450c0025884000dff1400f252000022580200285
:10451c00251000022c00bf8f2800b18f2400b08f13
:08452c000800e0033000bd2788
:020000040000fa
:020000041d03da
:104534002300a010fbff0224d8ffbd272400bfaf37
:104544002000b2af1c00b1af1800b0af2580a000ae
:104554002588c0000000a38c130060102590e000a3
:104564001200c0102400bf8feff8400f00000000bd
:10457400252040000c008010faff0224420082949f
:104584000010423003004010001043320600601057
:10459400f8ff02241000a0af253840022530200285
:1045a400fb87400f252800022400bf8f2000b28f14
:1045b4001c00b18f1800b08f0800e0032800bd274d
:0845c4000800e0030000000004
:020000040000fa
:020000041d03da
:1045cc00e8ffbd271400bfaf1000b0af25808000fe
:1045dc005e0085a4010002240800c0105c0082a4c7
:1045ec005400829440100200ffff42304100432ce3
:1045fc001700605040000224540082a46000029214
:10460c00200042300a004010010003246000029296
:10461c004429627c600002a22000028e06004054f5
:10462c00600002929800410f00000000200002aed2
:10463c006000029201000324c439627c600002a273
:10464c001400bf8f1000b08f0800e0031800bd27c6
:08465c00eaff0010540082a4e3
:020000040000fa
:020000041d03da
:10466400d8ffbd272400bfaf2000b4af1c00b3aff8
:104674001800b2af1400b1af1000b0af25888000ad
:104684002598a0002590c00025a0e0009de0400fe3
:104694002520c0000f004010258040000500601256
:1046a400060052a42530400225286002effa400f8c
:1046b40010004424080032a60c0034a23800a2974b
:1046c4000a0022a60900062425282002c06f400ff4
:1046d40025200002251000022400bf8f2000b48f83
:1046e4001c00b38f1800b28f1400b18f1000b08f6c
:0846f4000800e0032800bd27c7
:020000040000fa
:020000041d03da
:1046fc00d0ffbd272c00bfaf2800b1af2400b0af56
:10470c00cc81908f19000012251000021c00801023
:10471c002588a0001000a0af1800a0af1400a4af13
:10472c001800a5a30c0007241000a62725280002ba
:10473c0000a0043c4cda400fa82b84240a00401043
:10474c00258040000800201200a0113cd5f5400f38
:10475c00a82b2426b881828f01004224b88182af15
:10476c00e3f5400fa82b2426251000022c00bf8f48
:10477c002800b18f2400b08f0800e0033000bd2763
:08478c00f9ff00102580000078
:020000040000fa
:020000041d03da
:10479400e8ffbd271400bfaf88bf023c6010428c05
:1047a40088bf033c3010638c8006637c0500601076
:1047b4008006427c0400401088bf023c31c0400f98
:1047c4000000000088bf023c6010428c88bf033c9c
:1047d4003010638cc006637c05006010c006427c08
:1047e4000400401088bf023c8d83400f000000008d
:1047f40088bf023c6010428c88bf033c3010638c3d
:104804000007637c050060100007427c0400401030
:104814001400bf8f6686400f000000001400bf8f95
:084824000800e0031800bd27a5
:020000040000fa
:020000041d03da
:10482c00d8ffbd272400bfaf2000b3af1c00b2af30
:10483c001800b1af1400b0af258080002598a000ff
:10484c002588c0000200a230090040102590e0002d
:10485c002530e000252820023dde400fd400848c5a
:10486c0025304002252820023dde400fd800048e62
:10487c000100733208006012253040022528200206
:10488c003dde400fdc00048e25304002252820023e
:10489c003dde400fe000048e2400bf8f2000b38f5c
:1048ac001c00b28f1800b18f1400b08f0800e00309
:0448bc002800bd27ec
:020000040000fa
:020000041d03da
:1048c000e0ffbd271c00bfaf1800b2af1400b1afae
:1048d0001000b0af2588a0002590c0002530000052
:1048e000049d053cd2bd400f20e8a5240d004010da
:1048f0002580400025284002b8e0400f25204000d8
:1049000008002012029d023c885f42240c002216ff
:10491000010003240d000292c418627c0421627c11
:104920000d0002a2251000021c00bf8f1800b28fdc
:104930001400b18f1000b08f0800e0032000bd27e5
:104940002528200228d5400f25200002f6ff001060
:04495000251000022c
:020000040000fa
:020000041d03da
:104954000400a38c0600632c20006014ffff0224d3
:104964000000a38c010065900300a6301b00c01456
:104974000400a52c1900a01400000000600082901f
:10498400040042301300401401000524050062882d
:1049940002006298430082a8400082b861008290bd
:1049a400c418a27c610082a0010062900800422c1d
:1049b4000900405401006290090062880600629870
:1049c400470082a8440082b8610082900421a27c3e
:1049d400610082a001006290020042240800e0030a
:0449e40000000000cf
:020000040000fa
:020000041d03da
:1049e800e0ffbd271c00bfaf1800b1af1400b0af87
:1049f800258080002c00848c040080102588a0006d
:104a080009000624dae1400f0200052414002012f0
:104a18002c0011ae1c00238e1000228e300002ae36
:104a28000c004294f8ff4224340002a60400629469
:104a3800360002a61c00228e08004224380002ae6e
:104a480025282002067e400f252000021c00bf8f6b
:104a58001800b18f1400b08f0800e0032000bd27b4
:104a6800300000ae340000a6360000a6f3ff0010a8
:044a780025102002e3
:020000040000fa
:020000041d03da
:104a7c00e0ffbd271c00bfaf1800b2af1400b1aff0
:104a8c001000b0af3081928f18004012faff022450
:104a9c000000518e160020121c00bf8f0c00238ebc
:104aac00120060102510000025800000252800024f
:104abc0082fb400f252020020700401025284000d3
:104acc0000004294010042300400405001001026c6
:104adc0075e6400f25204002010010260c00228ea6
:104aec002b100202f2ff4014252800021c00bf8f7d
:104afc001800b28f1400b18f1000b08f0800e003c3
:044b0c002000bd27a1
:020000040000fa
:020000041d03da
:104b1000e8ffbd271400bfaf1000b0af5c81828feb
:104b2000100040104c81828f0e0040102580000044
:104b3000801810005c81828f211043000000448c9b
:104b400003008010253000008ac1400f02000524b8
:104b5000010010264c81828f2b100202f5ff4014b9
:104b6000801810005081848f0c00828c09f840005e
:104b70005c81858f5c8180af4c8180af4881848f60
:104b8000050080101400bf8ffbf8400f00000000ec
:104b9000488180af1400bf8f1000b08f0800e00381
:044ba0001800bd2715
:020000040000fa
:020000041d03da
:104ba400e0ffbd271c00bfaf1800b1af1400b0afc9
:104bb400251080002588a0002520c0001400b08c9a
:104bc400110043880e004398030003aa000003baaf
:104bd40012004390040003a213004390050003a2b3
:104be4003000428c3c0047243f0043883c004398fb
:104bf400090003aa060003ba0400e2900a0002a214
:104c04000500e290ed67400f0b0002a20c0002a623
:104c14001000238e0c0062940e0042240c0062a447
:104c24001c00bf8f1800b18f1400b08f0800e00380
:044c34002000bd2778
:020000040000fa
:020000041d03da
:104c3800e0ffbd271c00bfaf1800b1af1400b0af34
:104c48000000828c0000428c009d053cbc1fa524fe
:104c580009f840000400848cc000062425280000c0
:104c680000a0043cd2fb400fd40384240482848f28
:104c7800090080142588000001000224f88182af11
:104c88001c00bf8f1800b18f1400b08f0800e0031c
:104c98002000bd27252000020882828f030044548b
:104ca8000800908c088280af25802002bbe5400f69
:104cb800048290aff7ff001601000224f0ff0010f5
:044cc800f88182af3e
:020000040000fa
:020000041d03da
:104ccc00e8ffbd271000b0af1400bfaf48008280d2
:104cdc00ffff432425104300480082a01800838c5a
:104cec001400828c2b10620005004010258080007f
:104cfc002c00828c2530000009f84000252800008b
:104d0c000400028e280000ae02004330180000aef2
:104d1c0008006010140000ae10004234040002ae13
:104d2c00ffff02241400bf8f1000b08f0800e003b7
:104d3c001800bd270800038e0c00048ec000427cb6
:104d4c0021186400400003ae3c0003aef5ff0010d8
:044d5c00231002001e
:020000040000fa
:020000041d03da
:104d6000e0ffbd271c00bfaf1800b1af1400b0af0b
:104d7000258080003800918c1c00228e09f84000ac
:104d80000c00848c01000324090043101c00bf8f19
:104d90002000228e09f840000c00048e08004050cc
:104da0003c00228e86f3400f252000021c00bf8f9e
:104db0001800b18f1400b08f0800e0032000bd2759
:104dc000780006262528000009f840000c00048e13
:104dd000050041040400022486f3400f2520000250
:104de000f3ff00101c00bf8ff0ff0010840002ae24
:020000040000fa
:020000041d03da
:104df000e8ffbd271400bfaf1000b0af0100a53021
:104e00000b00a0104000908ca3ff400f2520000253
:104e10003a00410f25200002fdff40140000000071
:104e20003d00410f25200002fdff4014000000005e
:104e3000a3ff400f25200002abff400f25200002fa
:104e400093ff400f2520000297ff400f252000020e
:104e50009bff400f252000023700410f2520000254
:104e6000fdff4014ef6305244900410f2520000297
:104e70001400bf8f1000b08f0800e0031800bd279a
:020000040000fa
:020000041d03da
:104e8000e8ffbd271400bfaf200083940800878c83
:104e9000080065300200a0141000e28c0400027cbf
:104ea000220085940030a6300100c050c418027c56
:104eb000006066300100c0500421027c001866309a
:104ec0000100c0504429027c005066300001a83027
:104ed0002530c8000100c0504408027c002863301f
:104ee0008000a53025186500010060508410027c08
:104ef0001000e2ac2800838c000062ac67ec400f2d
:104f0000252800001400bf8f0800e0031800bd270b
:020000040000fa
:020000041d03da
:104f1000e8ffbd271400bfaf1000b0af0d00801038
:104f20002580000000008294190040102580800038
:104f30000c00838c020002240600625425800000cd
:104f40000900a0500400828cfbe7400f0400848c11
:104f50000a800200251000021400bf8f1000b08fdd
:104f60000800e0031800bd27faff405025804000ec
:104f70000800448c02000324f6ff835425800000bf
:104f80000400429401004230f2ff00100a80020047
:104f9000f0ff001025800000eeff0010258040008b
:020000040000fa
:020000041d03da
:104fa0002100801025100000c0ffbd273c00bfafce
:104fb0003800b1af3400b0af2580a0001500a010bc
:104fc0002588c000030082901400a2af02008290e6
:104fd0001000a2af0100879000008690009d053c64
:104fe000ac00a524fafb400f1800a427fafa400fe2
:104ff0001800a427010042242b3022020500c0140f
:10500000251000001800a527dcfb400f252000021a
:10501000010002243c00bf8f3800b18f3400b08ff4
:105020000800e0034000bd270800e0030000000086
:020000040000fa
:020000041d03da
:10503000d0ffbd272c00bfaf2800b1af30d2400f4a
:105040002400b0af180040102580400085ff0224e6
:105050001800a2a31900a0a31a00a0a71c00a0afcb
:105060003a000524c2ef400f25200002ff0005246e
:105070008cfa400f25200002020002241000a2af8b
:105080003a000724080006241800a52799d1400fec
:10509000252000020400401425884000dff1400f65
:1050a0002520000225802002251000022c00bf8f41
:1050b0002800b18f2400b08f0800e0033000bd2726
:020000040000fa
:020000041d03da
:1050c000e0ffbd271c00bfaf1800b2af1400b1afa6
:1050d0001000b0af2588a0006bfa400f2590c000eb
:1050e00025804000120000122510000073dd400fe3
:1050f000252000020f0040101c00bf8f020040520c
:105100000000038e0800038e212871000000038e2a
:105110002b18a30006006054251000000400038e25
:105120002b1865000200605425100000080005ae31
:105130001c00bf8f1800b28f1400b18f1000b08f09
:105140000800e0032000bd27f9ff00102510000033
:020000040000fa
:020000041d03da
:10515000ffff833020006014ffff0224ffff843034
:1051600000a0023c401804002118640080180300cd
:1051700094144224211043000400458c1600a01012
:1051800025100000e8ffbd271400bfaf2510600008
:1051900000a0033c94146324211043002800a38c36
:1051a00009f860000800448c25184000020004241f
:1051b00006006410010002240300642c0300801028
:1051c000ffff02242b180300401003001400bf8fc0
:1051d0000800e0031800bd270800e00300000000fd
:020000040000fa
:020000041d03da
:1051e000fcffa9241e002011251000000500222d1f
:1051f000040003240b1822012530000025100000b4
:1052000003000c2404000b241700601825388000cc
:105210002168c30021188300255000002340e600c8
:1052200021400d01000008910000ee9026400e0183
:10523000ff0008310100e724f8ff671425504801fa
:105240000a108a010400c6242318a6000500672c52
:105250000a1867012b38c900ebffe014040084240e
:105260000800e00300000000f6ff00100300022425
:020000040000fa
:020000041d03da
:10527000e8ffbd271400bfaf1000b0af02f1400f30
:1052800025808000130040101400bf8f3400029668
:1052900004004330050060542800048e200003966b
:1052a0000f006014010005242800048e0500801002
:1052b0008000437c100042300100405404006334fd
:1052c000000083ac2528000067ec400f2520000279
:1052d0001400bf8f1000b08f0800e0031800bd2736
:1052e000dde2400f25200002f9ff401002000224f9
:0c52f0001a0002a6f6ff00101c0000a629
:020000040000fa
:020000041d03da
:1052fc00d8ffbd272400bfaf2000b3af1c00b2af56
:10530c001800b1af1400b0af259880002580a00024
:10531c002590c0000400801025880000fafa400f88
:10532c0084008424258840000b00001225102002e4
:10533c000a0040122400bf8f0e002012ffff4626e9
:10534c0084006526e6fb400f252000022180120216
:10535c00ffff00a2251020022400bf8f2000b38f76
:10536c001c00b28f1800b18f1400b08f0800e0033e
:0c537c002800bd27f7ff0010000000a271
:020000040000fa
:020000041d03da
:105388002000801400000000d8ffbd272400bfaf14
:105398002000b2af1c00b1af1800b0af2580a0004c
:1053a8002588c0002590e0002f0005240cf5400f4b
:1053b80025200002050040145c0005240cf5400f70
:1053c80025200002030040501000b2af0100502415
:1053d8001000b2af2538200225300002009d053ca0
:1053e8007c05a524d7c8400f252000002400bf8fc6
:1053f8002000b28f1c00b18f1800b08f0800e003a6
:0c5408002800bd270800e00300000000a1
:020000040000fa
:020000041d03da
:10541400d8ffbd272400bfaf2000b1af1c00b0af40
:1054240025308000039d053c7cf6a524d2bd400fa9
:105434004800848c0d004010258040001000022498
:105444001000a2af0600072414000624252800003b
:1054540099d1400f252000020a00401425884000fd
:10546400dff1400f252000022580200225100002d4
:105474002400bf8f2000b18f1c00b08f0800e00310
:105484002800bd27029d053c3872a524ae00410fbb
:0c54940025200002f6ff00102510000289
:020000040000fa
:020000041d03da
:1054a000e8ffbd271400bfaf1000b0af1900a01077
:1054b000258080000300a6880000a6980700a48825
:1054c0000400a4980b00a3880800a3980f00a288ea
:1054d0000c00a2983f0006aa3c0006ba430004aaaa
:1054e000400004ba470003aa440003ba4b0002aad2
:1054f000480002ba010003240d0002920421627cdc
:105500000d0002a21400bf8f1000b08f0800e0034e
:105510001800bd271000062425280000d2fb400fec
:0c5520003c008424f4ff0010251800005b
:020000040000fa
:020000041d03da
:10552c00e0ffbd271c00bfaf1800b1af1400b0af37
:10553c007481828f18004010258080001000918c9f
:10554c001bea400f252020021400038e00110300db
:10555c0021104300c01002006481848f5be5400f72
:10556c002120820042002296c439027c420022a6ed
:10557c001800038e02000224070062147481828fcb
:10558c00ffff422404004014748182af90d9400f75
:10559c000800048e788180af1c00bf8f1800b18f7b
:0c55ac001400b08f0800e0032000bd27b1
:020000040000fa
:020000041d03da
:1055b800d8ffbd272400bfaf2000b3af1c00b2af97
:1055c8001800b1af1400b0af120080102588800019
:1055d8009ff7400f2580a00016000012259040007c
:1055e8000300138a0000139a2528000215eb400fc8
:1055f8001c0044242528000266f2400f04004426bb
:105608002530000201000524acd7400f25202002d8
:1056180025886002251020022400bf8f2000b38f48
:105628001c00b28f1800b18f1400b08f0800e0037f
:0c5638002800bd27f7ff001025880002a5
:020000040000fa
:020000041d03da
:10564400e0ffbd271c00bfaf1800b2af1400b1af1c
:105654001000b0af16008010258000002590800057
:105664001900850010100000110040142588a000c6
:1056740002208570b8ff822c0e0040102510000215
:1056840064f0400f48008424090040102580400045
:105694000100205648004224000002ae3c0012ae35
:1056a400400011ae010005242cb4400f2520000257
:1056b400251000021c00bf8f1800b28f1400b18f98
:0c56c4001000b08f0800e0032000bd279c
:020000040000fa
:020000041d03da
:1056d000e8ffbd271400bfaf1000b0af009d073c2e
:1056e0009422e724009d063ca422c6240100052440
:1056f000049d043cdba1400f9c0184241000401455
:1057000025804000b800410f000000000800401054
:1057100025100002b600410f00000000009d053c6e
:10572000dc19a524d7c8400f252040002510000211
:105730001400bf8f1000b08f0800e0031800bd27d1
:10574000ff0006242528000000a0043cd2fb400fe7
:0c575000ec258424f6ff00102510000258
:020000040000fa
:020000041d03da
:10575c0000a0033c700263241d006414251000009b
:10576c000300e01000000000200002240000e2ac66
:10577c001700a010251000002000c62c1400c01427
:10578c000000000000a0023c7002422420004a8c61
:10579c002400498c2800488c2c00478c3000468c07
:1057ac003400448c3800438c3c00428c0000aaac82
:1057bc000400a9ac0800a8ac0c00a7ac1000a6ac67
:1057cc001400a4ac1800a3ac1c00a2ac2000022452
:0857dc000800e00300000000da
:020000040000fa
:020000041d03da
:1057e40000a0033c700263241d0064142510000013
:1057f40000a0023c8402439004006330180060104f
:1058040025100000e8ffbd271400bfaf1000b0afa3
:1058140000a0103c700210263800028e1000428c4a
:1058240009f840000800048e8400028e80100200f3
:10583400039d033c90a46324211043000000428c88
:1058440009f8400025200002140002920001427c65
:105854001400bf8f1000b08f0800e0031800bd27ac
:085864000800e0030000000051
:020000040000fa
:020000041d03da
:10586c001f00a010fbff02240000a38c1c00601082
:10587c00000000001a008010faff022442008394fa
:10588c00400068301600001100000000e0ffbd274a
:10589c000b00e0101c00bfaf00106330050060145b
:1058ac00f8ff02241000a6af01000724fb87400f6d
:1058bc00040086241c00bf8f0800e0032000bd27d5
:1058cc0073aa400f0000000025284000ffff0324ae
:1058dc000200042425108000f6ff00100a10650059
:0858ec000800e00300000000c9
:020000040000fa
:020000041d03da
:1058f4001f00c010251000002518a0003c00829055
:10590400030043102528c0000800e0032510000010
:10591400020002240c006214010006240c00848c92
:105924001300801025100000e8ffbd271400bfaf4e
:1059340028d5400f00000000010002241400bf8f8e
:105944000800e0031800bd270900661425100000b4
:105954000000a28c180082ac4000828c60004234ab
:10596400c439027c400082ac0800e0030100022438
:085974000800e0030000000040
:020000040000fa
:020000041d03da
:10597c001f00c010251000002518a0007700829091
:10598c00030043102528c0000800e0032510000088
:10599c00020002240c006214010006244c00848cca
:1059ac001300801025100000e8ffbd271400bfafc6
:1059bc0028d5400f00000000010002241400bf8f06
:1059cc000800e0031800bd2709006614251000002c
:1059dc000000a28c440082ac740082940100032469
:1059ec000463627c740082a40800e00301000224ba
:0859fc000800e00300000000b8
:020000040000fa
:020000041d03da
:105a0400e0ffbd271c00bfaf1800b1af1400b0af5a
:105a14007082828f1700401000a0103cfc271026d3
:105a240076f0400f000000000c00028e0c00518c38
:105a340056f3400f040024266c82828fffff422419
:105a44006c8282af7082828fffff4224708282afa9
:105a54008be5400f0000000034f2400f3000248e2c
:105a640034f2400f252020027082828fecff401414
:105a7400000000001c00bf8f1800b18f1400b08f0d
:085a84000800e0032000bd272b
:020000040000fa
:020000041d03da
:105a8c001f00801053ff0224e0ffbd271c00bfaf96
:105a9c001800b2af1400b1af1000b0af2580800079
:105aac002588a0000800a0142590c0000a1006004c
:105abc001c00bf8f1800b28f1400b18f1000b08f74
:105acc000800e0032000bd277000838cfeff022439
:105adc0006006250253040026bbc400f2538000098
:105aec00f1fe0324f2ff4314253040022528200246
:105afc00106d400f25200002eeff00101c00bf8f20
:085b0c000800e00300000000a6
:020000040000fa
:020000041d03da
:105b140000a0033c700263241c006414faff0224f6
:105b2400e8ffbd271400bfaf1000b0af2580a00070
:105b340025386000049d063cb4abc624252800002b
:105b4400f783400f25206000070000122510000293
:105b54001000438c09006050f5ff02240000428cc1
:105b6400fcff40541000438c2528000200a0043c94
:105b7400977d400f70028424010002241400bf8f1b
:105b84001000b08f0800e0031800bd270800e003f0
:045b9400000000000d
:020000040000fa
:020000041d03da
:105b9800e8ffbd271400bfaf1000b0af1000a01081
:105ba8002580a0000f00a490feff8224ff00423051
:105bb8000200422c0a004050258000000e00a290ee
:105bc8000600422c0b0040101305062402008438fe
:105bd800029d053c985fa524fef3400f0100842c2c
:105be800251000021400bf8f1000b08f0800e003da
:105bf8001800bd270300843817050624029d053cbc
:105c0800985fa524fef3400f0100842cf5ff0010d7
:045c18002510000251
:020000040000fa
:020000041d03da
:105c1c00d8ffbd272400bfaf2000b3af1c00b2af2c
:105c2c001800b1af1400b0af00a0023c8023429426
:105c3c000b00401025888000bc80908f2590400080
:105c4c00259800002528200205fb400f840004261f
:105c5c000800401001007326faff72168c00102603
:105c6c00efcd400f25202002fcee400f25204000f8
:105c7c0025804000251000022400bf8f2000b38f28
:105c8c001c00b28f1800b18f1400b08f0800e00315
:045c9c002800bd27f8
:020000040000fa
:020000041d03da
:105ca0002000828c010042301c00401400000000e3
:105cb000e0ffbd271c00bfaf1800b1af1400b0afac
:105cc0001000918c0c0020122580800025282002d5
:105cd0001000a29401004230050040140000318ef3
:105ce000c080848f0c00828c09f840000000000006
:105cf000f7ff201625282002c080848f0c00828c9c
:105d000009f84000252800021c00bf8f1800b18f41
:105d10001400b08f0800e0032000bd270800e00356
:045d2000000000007f
:020000040000fa
:020000041d03da
:105d24001e008010f7ff0224e8ffbd271400bfaf58
:105d34001000b0af2400828c150040102580800034
:105d44003000828c0700401000000000f9ff02249c
:105d5400380082ac1400bf8f1000b08f0800e0033d
:105d64001800bd2767f9400f480084242400062446
:105d740025280000d2fb400f252000024400028e9b
:105d840009f840004000048ef2ff001025100000c6
:105d9400f9ff0224efff0010380082ac0800e00392
:045da40000000000fb
:020000040000fa
:020000041d03da
:105da80088ffbd277400bfaf7000b1af6c00b0af03
:105db8002c81828f16004018258080003081918fb9
:105dc8001000a5275c62400f2400248606004010be
:105dd8005800a38f1000028e0300621401000524ee
:105de80016b0400f240024861800038e02000224f7
:105df800070062142c81828fffff422404004014a4
:105e08002c8182af2be5400f25202002308180af06
:105e18007400bf8f7000b18f6c00b08f0800e00372
:045e28007800bd271a
:020000040000fa
:020000041d03da
:105e2c00e0ffbd271c00bfaf1800b2af1400b1af2c
:105e3c001000b0af258880002590a0002580c00000
:105e4c009de0400f2520000014004010252040004c
:105e5c000c0040ac000052ac040050a4060050a44e
:105e6c0003000224080082a00c000624c06f400f1f
:105e7c00252820020400229621100202040022a6ea
:105e8c00251000021c00bf8f1800b28f1400b18fb8
:105e9c001000b08f0800e0032000bd27f8ff0010b1
:045eac00258000004d
:020000040000fa
:020000041d03da
:105eb000d8ffbd272400bfaf2000b3af1c00b2af96
:105ec0001800b1af1400b0af258880002598a0005d
:105ed00000a0023c942b508c0f0000122590c000b3
:105ee0000c00028e040040500400028e0800515441
:105ef0000000108e0400028e0800078e253040023c
:105f00002528600209f84000252020020000108e9c
:105f1000f4ff00560c00028e2400bf8f2000b38fc8
:105f20001c00b28f1800b18f1400b08f0800e0037e
:045f30002800bd2761
:020000040000fa
:020000041d03da
:105f3400e8ffbd271400bfafc081848f0500801027
:105f4400cc81858fd6f2400f00000000c08180af65
:105f5400cc81858f00a0043c4afa400fa82b8424ee
:105f6400b88180af00a0043c41e3400fc82b8424d7
:105f7400c881848f05008010c481858ffbf8400f91
:105f840000000000c88180afc481858f0500a01087
:105f9400cc81848f0c00828c09f840000000000042
:105fa400c48180afcc8180af1400bf8f0800e003b0
:045fb4001800bd27ed
:020000040000fa
:020000041d03da
:105fb800ffff8324feff632c1c00601025100000e7
:105fc800ffff83300500652c1800a01000a0053cd9
:105fd800c01003002110430080100200f026a52401
:105fe800211045002000458c1000a4142510000045
:105ff800c0100300211043008010020000a0043ce0
:10600800f0268424211044000000449007008010ea
:1060180025100000c0100300211843008018030059
:1060280000a0023cf0264224211043000800e003af
:046038000000000064
:020000040000fa
:020000041d03da
:10603c00e0ffbd271c00bfaf1800b1af1400b0af1c
:10604c0025808000020003241200a3100400918c10
:10605c000000828c0000428c009d053c5422a5243b
:10606c0009f84000252020020000028e0000428c1e
:10607c00009d053c6c22a52409f840002520200237
:10608c001c00bf8f1800b18f1400b08f0800e00304
:10609c002000bd272510c000ff0006240400458cfd
:1060ac0000a0043ce6fb400fec258424f4ff001018
:0460bc007c8290afa3
:020000040000fa
:020000041d03da
:1060c000e8ffbd271400bfaf1000b0af02f1400fd2
:1060d000258080000e0040101400bf8f340006960b
:1060e0002000c230120040542200059640f0400fbc
:1060f000000000002c00038e2b104300070040100e
:1061000001000524dde2400f252000021400bf8fae
:106110001000b08f0800e0031800bd27f8ff052429
:1061200067ec400f25200002f9ff00101400bf8f1c
:1061300013f1400f25200002f5ff00101400bf8f5f
:020000040000fa
:020000041d03da
:106140001d00801025100000e0ffbd271c00bfaf20
:106150001800b2af1400b1af1000b0af25888000b6
:10616000049d103cc4d71026049d123ce4d752264f
:106170000400058e0c00a0500800102605fb400fff
:106180002520200208004054080010260000028e3e
:106190001c00bf8f1800b28f1400b18f1000b08f99
:1061a0000800e0032000bd27f2ff12560400058e10
:1061b000f7ff0010251000000800e00300000000b9
:020000040000fa
:020000041d03da
:1061c0001d00a0102510a0000000a78c1a00e010f0
:1061d0002510000000a0023c8023439416006010ac
:1061e00025100000bc80828f25286000253000002b
:1061f00004008050420043940c0082540100c624e5
:106200004200439440006330080060500100c624ff
:106210000400438c2618e3000800488c241868000a
:1062200005006010000000000100c624f0ffc51446
:106230008c004224251000000800e003000000004c
:020000040000fa
:020000041d03da
:106240001d00801025100000420083944000633040
:106250001900601000000000e8ffbd271400bfaf68
:106260000300a7880000a7980700a6880400a69846
:106270000b00a3880800a3980f00a2880c00a29826
:106280002f0087a82c0087b8330086a8300086b876
:10629000370083a8340083b83b0082a8380082b856
:1062a0009fcd400f2c008424010002241400bf8fd6
:1062b0000800e0031800bd270800e003000000000c
:020000040000fa
:020000041d03da
:1062c000040002240700c214010002240b00a214df
:1062d00001000324420082940400627c0800e00371
:1062e000420082a4020002241300c2100000000039
:1062f000030002241000a21000000000e8ffbd27e8
:106300001400bfaf42008294f8ff42300100032422
:106310000463627c420082a42400828c100082ac60
:106320002800828c3de8400f140082ac1400bf8f1f
:106330000800e0031800bd270800e003000000008b
:020000040000fa
:020000041d03da
:10634000d8ffbd272400bfaf2000b3af1c00b2af01
:106350001800b1af1400b0af258080001400938cfa
:106360000800828caaed400f020044942590400062
:10637000fafa400f25204000030051241000038e3c
:106380002b18710007006014ffff02240300022491
:10639000000062a225284002dcfb400f01006426b9
:1063a000251020022400bf8f2000b38f1c00b28f65
:1063b0001800b18f1400b08f0800e0032800bd273b
:020000040000fa
:020000041d03da
:1063c000e8ffbd271400bfafc480828f10004018c3
:1063d000040005241800838c100065540200042476
:1063e0001400828c010003240418430027180300c2
:1063f00000a0023cdc2b42240c00448c24208300af
:106400000c0044ac1000448c24188300100043acf2
:106410001400bf8f0800e0031800bd27fcff6414c0
:10642000ffff4224faff4014c48082affbc7400f35
:106430000000000000a0023cf5ff0010f02b40ac73
:020000040000fa
:020000041d03da
:10644000d8ffbd272400bfaf2000b3af1c00b2af00
:106450001800b1af94fc400f1400b0afffff5030f4
:1064600000c0103600401124ffff133400c0123466
:1064700044ef400f252000020a004054251000027e
:10648000030013522580400201001026ffff103246
:10649000ffff3126f6ff20160000000025800000d7
:1064a000251000022400bf8f2000b38f1c00b28f84
:1064b0001800b18f1400b08f0800e0032800bd273a
:020000040000fa
:020000041d03da
:1064c000d8ffbd272400bfaf2000b3af1c00b2af80
:1064d0001800b1af1400b0af258880002520a000bf
:1064e0002590c0000400258e0800308e2380050210
:1064f0002b10d0002598c000050080100a980202d9
:10650000040060520400268eeffa400f253060022e
:106510000400268e2130d300040026ae2b10120278
:10652000010042382400bf8f2000b38f1c00b28fbf
:106530001800b18f1400b08f0800e0032800bd27b9
:020000040000fa
:020000041d03da
:10654000e8ffbd271400bfaf1000b0af258080006a
:106550000c000224760082a0f8ef400f25200000f6
:106560003c000486802004005c81838f2118640035
:10657000000060ac2528400001f2400f25200000fb
:106580005081848f0c00828c09f840001400058e25
:106590005081848f0c00828c09f840000000058e29
:1065a0005081848f0c00828c09f84000252800025d
:1065b0001400bf8f1000b08f0800e0031800bd2743
:020000040000fa
:020000041d03da
:1065c000d8ffbd272400bfaf2000b3af1c00b2af7f
:1065d0001800b1affdf4400f1400b0afffff503012
:1065e00000c0103600401124ffff133400c01234e5
:1065f0008cef400f252000020a00405425100002b5
:10660000030013522580400201001026ffff1032c4
:10661000ffff3126f6ff2016000000002580000055
:10662000251000022400bf8f2000b38f1c00b28f02
:106630001800b18f1400b08f0800e0032800bd27b8
:020000040000fa
:020000041d03da
:10664000e8ffbd271400bfaf1000b0af2580800069
:106650006881858f00a0043c4afa400f942b842463
:106660007081848f050080106481858ffbf8400f56
:1066700000000000708180af6481858f0600a0500b
:1066800000a0043c0c00028e09f840002520000206
:10669000648180af00a0043cddeb400f802b84249c
:1066a00000a0043cddeb400f6c2b8424688180af9c
:1066b0001400bf8f1000b08f0800e0031800bd2742
:020000040000fa
:020000041d03da
:1066c0003821009de8df039d4021009d5021009d61
:1066d000384c039d5421009d7021009d087f019d31
:1066e0007821009dbcd9039d9819039d84d9039df1
:1066f00080fa039df8ee039d8021009dd8cc039d78
:10670000030000008421009d98cc039d030000003d
:106710008821009db49c039d030000008c21009df6
:1067200070c0039d030000009021009d1078039d20
:10673000040000009821009dd46f039d0400000018
:020000040000fa
:020000041d03da
:1067400000a0033c700263241a006414faff0224c0
:10675000e8ffbd271400bfaf1000b0af2580a00038
:1067600000a0023c8002448c020003240d0083142c
:10677000feff02240b00a0102510000000a0023c28
:10678000e9f6400fb002448c03000224080002ae78
:10679000010002240c0002aedc050224100002ae4f
:1067a000251000001400bf8f1000b08f0800e00318
:0c67b0001800bd270800e00300000000f6
:020000040000fa
:020000041d03da
:1067bc00251080000047852c0300a014021a040049
:1067cc00e0ff6324047a627cff0084304700832c52
:1067dc0002006014e0ff84240438827c003a437c7d
:1067ec003a00642c0d008054d0ff6324c9ff63244d
:1067fc00ff006330ff0042303a00442c0900805403
:10680c00d0ff4224c9ff4224ff004230001903008c
:10681c00251043000800e003ff004230f5ff001094
:0c682c00ff006330f9ff0010ff00423055
:020000040000fa
:020000041d03da
:10683800e8ffbd27160082300a0040141400bfafdd
:106848007a00a294252082007a00a4a4b480828fc2
:1068580001004224b48082af1400bf8f0800e00317
:106868001800bd277a00a294252082007a00a4a4eb
:10687800b480828f01004224b48082af00a0023c21
:10688800e82042241800439401006334180043a40c
:10689800253000000100052400a0043c96f2400fba
:0c68a800f8208424edff00101400bf8fc6
:020000040000fa
:020000041d03da
:1068b400e0ffbd271c00bfaf1800b2af1400b1af9a
:1068c4001000b0af2580a0000021040000a0113cfe
:1068d400e820312621882402f8ef400f252000000b
:1068e4002528400008003296271010002410420288
:1068f4000001103204000012080022a69c80828f3e
:10690400ffff42249c8082af01f2400f252000004b
:10691400251040021c00bf8f1800b28f1400b18fe5
:0c6924001000b08f0800e0032000bd2729
:020000040000fa
:020000041d03da
:10693000d8ffbd272400bfaf2000b3af1c00b2af0b
:106940001800b1af1400b0af259880002520a0003a
:106950002588c0002590e0000400a28c09f84000c2
:106960002528e00009004010258040000400201286
:106970002530400225282002effa400f2520400054
:106980002528000216e0400f252060022510000295
:106990002400bf8f2000b38f1c00b28f1800b18f6e
:0c69a0001400b08f0800e0032800bd27a1
:020000040000fa
:020000041d03da
:1069ac00e0ffbd271c00bfaf1800b1af1400b0afa3
:1069bc00258080006bfa400f2588a0001300401042
:1069cc001c00bf8f2c00438c10006010253020025f
:1069dc001c00658c1000648c300044ac0c0084945a
:1069ec00f8ff8424340044a40400a494360044a486
:1069fc001c00638c08006324380043ac252800007d
:106a0c00ff85400f252000021c00bf8f1800b18f9e
:0c6a1c001400b08f0800e0032000bd272c
:020000040000fa
:020000041d03da
:106a2800d8ffbd272400bfaf2000b3af1c00b2af12
:106a38001800b1af1400b0af258880002598a000d9
:106a48002590c0009481848f0400828c09f840004e
:106a5800100005240900401025804000040053acb4
:106a680040f0400f080052ac0c0002ae2530000088
:106a78002528000213a8400f252020022510000217
:106a88002400bf8f2000b38f1c00b28f1800b18f75
:0c6a98001400b08f0800e0032800bd27a8
:020000040000fa
:020000041d03da
:106aa4000800e003000000002518e003019d043cf9
:106ab400a4e0842416008010000000000000858cef
:106ac4001300a010040084240000868c0400842495
:106ad40000008b8404008424049d0c3c14fe8c254b
:106ae40080580b0021606c0100008c8d09f8800136
:106af400000000002520400003008424fcff06243d
:106b04002420c4000000858cecffa01400000000c9
:0c6b140025f860000800e003000000000d
:020000040000fa
:020000041d03da
:106b200020000524000082800a004510f7ff43245e
:106b30000500632c070060142b000324070043109a
:106b40002d00032407004314252800000400001032
:106b500001000524f3ff0010010084242528000013
:106b60000100842425100000030000100a000724ff
:106b7000010084242310430000008380d0ff63249d
:106b80000a00662cfaffc054021047700100a050a2
:0c6b9000231002000800e00300000000d9
:020000040000fa
:020000041d03da
:106b9c00e0ffbd271c00bfaf1800b1af1400b0afb1
:106bac00258880002580a0002528800003f7400f51
:106bbc00252000020c0040505800028e1c00038e51
:106bcc002410430018000386211043000000448c5d
:106bdc001000828c000040ac6000028e09f840006e
:106bec00000000005800028e2528200209f8400001
:106bfc005000048e1c00bf8f1800b18f1400b08f92
:086c0c000800e0032000bd2791
:020000040000fa
:020000041d03da
:106c1400e0ffbd271c00bfaf1800b1af1400b0af38
:106c24001100a0102580c0002588a000c4d3400f07
:106c3400010005240d004050ffff0224100000163f
:106c4400080051ac7ff9400f0400448c25802002d9
:106c5400251000021c00bf8f1800b18f1400b08fe4
:106c64000800e0032000bd27fdff0224f9ff0052c5
:106c740025100002000002aef5ff00102580000080
:086c8400f0ff0010000000ae5b
:020000040000fa
:020000041d03da
:106c8c0000a0023cf02b428c190040100f00a22ceb
:106c9c0017004010005102240628a2000100a53064
:106cac001300a01000000000e8ffbd2709008010b1
:106cbc001400bfaf00a0033cdc2b63247800849449
:106ccc0001000224041082000c00648c2510440086
:106cdc000c0062ac253000000001052456cf400f9b
:106cec000e0004241400bf8f0800e0031800bd2719
:086cfc000800e00300000000a5
:020000040000fa
:020000041d03da
:106d040005008010251000004200829440004230ab
:106d140011004014000000000800e003000000001f
:106d24006cff400f000000004018020021186200b0
:106d3400c0180300211062008010020021800202aa
:106d440060000292010042301400bf8f1000b08f27
:106d54000800e0031800bd27e8ffbd271400bfaffb
:106d64001000b0afe080908fedff001625100000fa
:086d7400f6ff00101400bf8fb0
:020000040000fa
:020000041d03da
:106d7c00e0ffbd271c00bfaf1800b2af1400b1afcd
:106d8c001000b0af258080002590a000f8ef400fd8
:106d9c0025200000258840006bfa400f25200002ba
:106dac0007004010258000005800438c0500721429
:106dbc0025282002580040ac600040a4010010249b
:106dcc002528200201f2400f25200000251000028a
:106ddc001c00bf8f1800b28f1400b18f1000b08f41
:086dec000800e0032000bd27b0
:020000040000fa
:020000041d03da
:106df4001b00c01000000000e0ffbd271c00bfaf57
:106e04001800b2af1400b1af1000b0af2590a000cd
:106e14002588c000fafa400f2520c0004100442c08
:106e2400400003240b1844002580600025306000d6
:106e340025282002effa400f2000448e2000428ec5
:106e440021105000000040a01c00bf8f1800b28f1a
:106e54001400b18f1000b08f0800e0032000bd279c
:086e64000800e003000000003b
:020000040000fa
:020000041d03da
:106e6c00e8ffbd271400bfaf81fa400f1000b0af90
:106e7c0014004010251800002580400078f7400fc2
:106e8c00252040000f0040102518000076000292cb
:106e9c0003000324030043100800042409004414d5
:106eac0025180000a3e6400f252000020400038ee5
:106ebc000000048e23186400ffff63242318620073
:106ecc00ffff6330251060001400bf8f1000b08fdf
:086edc000800e0031800bd27c7
:020000040000fa
:020000041d03da
:106ee400e0ffbd271c00bfaf1800b2af1400b1af64
:106ef4001000b0af258080002590a000f8ef400f6f
:106f0400252000002588400081fa400f252000023a
:106f140007004010258000007c00438c050072149b
:106f2400252820027c0040ac7a0040a401001024f3
:106f34002528200201f2400f252000002510000220
:106f44001c00bf8f1800b28f1400b18f1000b08fd7
:086f54000800e0032000bd2746
:020000040000fa
:020000041d03da
:106f5c001b00a01025100000d8ffbd272400bfafd8
:106f6c002000b2af1c00b1af1800b0af2588800074
:106f7c002590a00092f7400f2580c0000b00401018
:106f8c002400bf8f01000052ffff10241000b0af8f
:106f9c00253800002530000025284002c776400f18
:106fac00252020020100422c2400bf8f2000b28f2c
:106fbc001c00b18f1800b08f0800e0032800bd271b
:086fcc000800e00300000000d2
:020000040000fa
:020000041d03da
:106fd4001c00838c1800828c19006210233062001c
:106fe400d0ffbd272c00bfaf2800b2af2400b1af43
:106ff4002000b0af258080000000928c0400918caa
:10700400009d053cac1fa524fafb400f1000a427eb
:107014000000428e1000a52709f840002520200218
:107024001c00028e180002ae2c00bf8f2800b28f05
:107034002400b18f2000b08f0800e0033000bd278a
:087044000800e0030000000059
:020000040000fa
:020000041d03da
:10704c00e0ffbd271c00bfaf1800b2af1400b1affa
:10705c001000b0af11008014ffff10242588a00091
:10706c002590c00000a0043c55fc400fa42c8424a7
:10707c000a00401000a0023ca42c428c0000428c60
:10708c002528400209f840002520200225804000d8
:10709c0000a0043c97f9400fac2c8424251000026e
:1070ac001c00bf8f1800b28f1400b18f1000b08f6e
:0870bc000800e0032000bd27dd
:020000040000fa
:020000041d03da
:1070c400e0ffbd271c00bfaf1800b2af1400b1af82
:1070d4001000b0af11008014ffff10242588a00019
:1070e4002590c00000a0043c55fc400fa42c84242f
:1070f4000a00401000a0023ca42c428c0c00428cdc
:107104002528400209f8400025202002258040005f
:1071140000a0043c97f9400fac2c842425100002f5
:107124001c00bf8f1800b28f1400b18f1000b08ff5
:087134000800e0032000bd2764
:020000040000fa
:020000041d03da
:10713c00e0ffbd271c00bfaf1800b2af1400b1af09
:10714c00a7fe400f1000b0af2588400000a0103cf7
:10715c00a82710260400028e1800428c09f8400063
:10716c00000000001000038e231843002800048e3a
:10717c002c00058e219064002b18430221806500a1
:10718c00aefe400f252020022510400225180002db
:10719c001c00bf8f1800b28f1400b18f1000b08f7d
:0871ac000800e0032000bd27ec
:020000040000fa
:020000041d03da
:1071b400e0ffbd271c00bfaf1800b1af1400b0af93
:1071c400d3e0400f258080001100401001001124fd
:1071d400eed7400f252000020b0040102580400010
:1071e40001004290040040100000000067d0400fee
:1071f40025200002010000a2180000a2190000a22c
:10720400000000a2258800002ef0400f00000000be
:10721400251020021c00bf8f1800b18f1400b08ffe
:087224000800e0032000bd2773
:020000040000fa
:020000041d03da
:10722c00e8ffbd271400bfaf1000b0af02f1400f54
:10723c00258080000c0040101400bf8f3400029693
:10724c000010422c0b00401409000524dde2400f15
:10725c002520000203004010030002241a0002a69d
:10726c001c0000a61400bf8f1000b08f0800e003b4
:10727c001800bd2706000524dde2400f2520000282
:10728c00f8ff4010050002241a0002a6f5ff0010ba
:04729c001c0000a62c
:020000040000fa
:020000041d03da
:1072a000e8ffbd271400bfaf1000b0af02f1400fe0
:1072b00025808000140040101400bf8f3400049615
:1072c00022000296002045300200a010fffd83300e
:1072d000000283340010423002004010fffe66308e
:1072e00000016634090005240fe3400f2520000249
:1072f00004004010040002241a0002a60800022420
:107300001c0002a61400bf8f1000b08f0800e0031d
:047310001800bd277d
:020000040000fa
:020000041d03da
:10731400e8ffbd271400bfaf1000b0af2580800088
:107324000800828c1400438c0000638c0a0046948d
:1073340025288000029d043c09f86000c4298424a7
:1073440009004014252840003c0000ae040002243b
:107354001a0002a61c0002a61400bf8f1000b08ff2
:107364000800e0031800bd2701000224fbffa2501f
:107374001400bf8f67ec400f25200002f7ff0010b8
:047384001400bf8fa3
:020000040000fa
:020000041d03da
:10738800e0ffbd271c00bfaf1800b2af1400b1afbb
:107398001000b0af1000a010f9ff10242590a00035
:1073a800c4d3400f010005240b004010ffff102438
:1073b8000400518c25284002cea7400f1000248ecf
:1073c800258040000400229602004234040022a6d0
:1073d8007ff9400f25202002251000021c00bf8fd6
:1073e8001800b28f1400b18f1000b08f0800e003ae
:0473f8002000bd278d
:020000040000fa
:020000041d03da
:1073fc00d8ffbd272400bfaf2000b3af1c00b2af35
:10740c001800b1af1400b0af100082900d00401006
:10741c0025880000258080002590a0000c00932476
:10742c00ffff053473f9400f252060022528400228
:10743c00adde400f25200002258840007ff9400f6b
:10744c0025206002251020022400bf8f2000b38f5e
:10745c001c00b28f1800b18f1400b08f0800e0032d
:04746c002800bd2710
:020000040000fa
:020000041d03da
:10747000251080002520e000000043948439037c1f
:10748000251865000800c010000043a40300c3884d
:107490000000c398100043ac0400c390140043a044
:1074a0000500c390150043a000a0033c342b638c5f
:1074b0000c0043ac0100032408008010160043a414
:1074c000e8ffbd271400bfaf16e0400f04004524bd
:1074d0001400bf8f0800e0031800bd270800e00378
:0474e00000000000a8
:020000040000fa
:020000041d03da
:1074e400e0ffbd271c00bfaf1800b2af1400b1af5e
:1074f4001000b0af100080102580000025888000a7
:1075040048009224ffff053473f9400f2520400200
:107514002400228e06004010000000000400438c6a
:107524002b2003020000428cfcff40140b806400fb
:107534007ff9400f25204002c01010001c00bf8faf
:107544001800b28f1400b18f1000b08f0800e00350
:047554002000bd272f
:020000040000fa
:020000041d03da
:10755800e0ffbd271c00bfaf1800b2af1400b1afe9
:107568001000b0af0800908c02000012258880003f
:107578002c001026fafa400f25200002030052249e
:107588001000238e2b18720008006014ffff0224dd
:107598001400248e04000224000082a02528000282
:1075a800dcfb400f01008424251040021c00bf8f23
:1075b8001800b28f1400b18f1000b08f0800e003dc
:0475c8002000bd27bb
:020000040000fa
:020000041d03da
:1075cc00e8ffbd271400bfaf1000b0af3c008390a4
:1075dc0001000224130062102580800002000424a4
:1075ec000c00641425100000f8ef400f252000005b
:1075fc000c00108e04000012252840000d00029291
:10760c00200042300b80020001f2400f25200000c8
:10761c002b1010001400bf8f1000b08f0800e00377
:10762c001800bd27e5de400f25280000f9ff0010eb
:04763c002b1002000d
:020000040000fa
:020000041d03da
:10764000e8ffbd271400bfaf1000b0af2580800059
:10765000ed67400f00008494000002a6ed67400f24
:1076600002000496020002a6ea67400f0400048e9e
:10767000040002aeea67400f0800048e080002ae64
:10768000ed67400f0e0004960e0002a6ed67400f56
:1076900010000496100002a6ed67400f1200049639
:1076a000120002a61400bf8f1000b08f0800e00384
:0476b0001800bd27da
:020000040000fa
:020000041d03da
:1076b400e8ffbd271400bfaf81fa400f1000b0af40
:1076c400258040001300001225100000740002966b
:1076d400800042300a004014010003247400029622
:1076e4008452627c740002a6010005242294400f97
:1076f4002520000225184000060060100100022425
:1077040025300000010005248ac1400f2520000215
:10771400010002241400bf8f1000b08f0800e003a2
:047724001800bd2765
:020000040000fa
:020000041d03da
:10772800e8ffbd271400bfaf9081828f1700405833
:107738001400bf8f1400858c4018050021186500bf
:1077480080180300a081858f2118a300040060a081
:107758001800848c020003240b008314ffff4224ca
:1077680009004014908182af97fa400f0000000092
:107778009481848f0c00828c09f84000a081858f49
:10778800a08180af948180af1400bf8f0800e00310
:047798001800bd27f1
:020000040000fa
:020000041d03da
:10779c0000a0033c802a632425100000040006246a
:1077ac000000678c1300e454010042240800a0146c
:1077bc002518400000a0033c00110200802a63241d
:1077cc0021106200030003240800e0030c0043a016
:1077dc00010002240900a21400a0023c00190300bd
:1077ec00802a422421104300030003240800e003f4
:1077fc000c0043a0eaff4614100063240800e003c9
:04780c000000000078
:020000040000fa
:020000041d03da
:10781000c8ffbd273400bfaf3000b3af2c00b2affc
:107820002800b1af2400b0af200091241800828c52
:107830000d00511023305100258080000000938cf2
:107840000400928c009d053cb41fa524fafb400f58
:107850001000a4270000628e1000a52709f8400040
:1078600025204002180011ae3400bf8f3000b38fc6
:107870002c00b28f2800b18f2400b08f0800e003e5
:047880003800bd27e8
:020000040000fa
:020000041d03da
:10788400e0ffbd271c00bfaf1800b1af1400b0afbc
:10789400258880002580a0002528800003f7400f5c
:1078a4002520000209004010401006241c00038e0d
:1078b4002410430018000386211043006400038e43
:1078c400feff052409f860000000448c5800028e75
:1078d4002528200209f840005000048e1c00bf8fa8
:1078e4001800b18f1400b08f0800e0032000bd27fa
:020000040000fa
:020000041d03da
:1078f400e0ffbd271c00bfaf1800b2af1400b1af4a
:107904001000b0af258080002588a0002590c0001d
:107914000000048e0400028e0a0082540000828c4f
:10792400040000ae08008014000000ae1c00bf8fed
:107934001800b28f1400b18f1000b08f0800e0035c
:107944002000bd27000002aef2ff20520000048e8a
:1079540009f8200225284002eeff00100000048ee2
:020000040000fa
:020000041d03da
:10796400e8ffbd271400bfaf1000b0af02f1400f15
:10797400258080000e0040101400bf8f3400029652
:10798400080042300d004010001206242528000093
:107994000fe3400f252000020400401004000224dd
:1079a4001a0002a60a0002241c0002a61400bf8fbb
:1079b4001000b08f0800e0031800bd27faff05246b
:1079c40067ec400f25200002f9ff00101400bf8f60
:020000040000fa
:020000041d03da
:1079d4002518800018008010251000001600a01043
:1079e4002520a0001200c62c1300c014009d053ce5
:1079f400d8ffbd272400bfaf050062901c00a2afd2
:107a0400040062901800a2af030062901400a2afb9
:107a1400020062901000a2af01006790000066901f
:107a2400fafb400fb800a524010002242400bf8ff4
:107a34000800e0032800bd270800e0030000000060
:020000040000fa
:020000041d03da
:107a44000b00c0102510c00021388600251000004e
:107a5400000083900000a6900700661026186600b8
:107a640027180300800064300a0080148000042476
:107a74000800e0030000000008004224ff00423038
:107a840001008424f2ffe4140100a5240800e003ab
:107a94000000000001004224422004002428830046
:107aa400fcffa014ff0042300800e00300000000c7
:020000040000fa
:020000041d03da
:107ab400e8ffbd271400bfaf1000b0af0000828cf8
:107ac400080045142580a000c7f5400f0000000001
:107ad400251000021400bf8f1000b08f0800e003cf
:107ae4001800bd27fcff40101400bf8f0000438c1a
:107af400fcff7054251060000000038e000043acae
:107b04000400838c01007050040082ac0800828c55
:107b1400ffff4224080082aceeff00102510000293
:020000040000fa
:020000041d03da
:107b2400e8ffbd27050080101400bfafeff8400f39
:107b3400b880848f140040141400bf8f00a0023c4e
:107b4400802343940f00601025100000bc80828fb6
:107b540025200000420045944000a5300600a050b6
:107b640001008424820045900100a5300600a01481
:107b74001400bf8f01008424f6ff83148c00422478
:107b8400251000001400bf8f0800e0031800bd2773
:020000040000fa
:020000041d03da
:107b9400e0ffbd271c00bfaf1800b2af1400b1afa7
:107ba4001000b0af258880002590a000f8ef400faa
:107bb400252000000c00308e08000012252840000b
:107bc4002000028e08004230040040100000000033
:107bd40002004012258000000c0020ae01f2400f8c
:107be40025200000251000021c00bf8f1800b28f52
:107bf4001400b18f1000b08f0800e0032000bd27ef
:020000040000fa
:020000041d03da
:107c0400e8ffbd271400bfaf1000b0af1bc7400f83
:107c1400258080004000028e448c027c400002ae2d
:107c24009bf1400f252000022c00048e03008010dd
:107c340009000624dae1400fefff05241200038651
:107c4400801803002881828f21104300000040ac7b
:107c54002081848f0c00828c09f8400025280002c2
:107c64001400bf8f1000b08f0800e0031800bd2778
:020000040000fa
:020000041d03da
:107c74001800848c030003241700831001000224dd
:107c8400e8ffbd271400bfaf3881828f0e00401477
:107c940025300000029d053c9824a524a6e1400f50
:107ca4000600042407004014348182af76fa400fa2
:107cb40000000000251000001400bf8f0800e0033e
:107cc4001800bd273881828f01004224388182af99
:107cd400f9ff0010010002240800e0030000000086
:020000040000fa
:020000041d03da
:107ce400e8ffbd271400bfaf1000b0af7400879445
:107cf4000010e7300400e010258080004800838ce9
:107d04000f006014010002242b38070044000626eb
:107d14004000052688cb400f4800048e25184000fb
:107d2400480002ae060060102510000074000296a0
:107d3400010003240463627c740002a6010002248f
:107d44001400bf8f1000b08f0800e0031800bd2797
:020000040000fa
:020000041d03da
:107d54001900801000000000e0ffbd271c00bfaf29
:107d64001800b1af1400b0af258080009ff7400f1a
:107d74002588a0005400458c0900a0101c00bf8f6a
:107d84001c00a28c0a005114020006249990400f92
:107d94002520000225284000f9ffa0141c00bf8ff5
:107da4001800b18f1400b08f0800e0032000bd2735
:107db400f9ff00100000a58c0800e003000000009b
:020000040000fa
:020000041d03da
:107dc4001900801400a0023ce0ffbd271c00bfafd7
:107dd4001800b1af1400b0af9414428c0d004010e1
:107de4002580a00000a0023c9814518c0a002012a7
:107df4001c00bf8ffafa400f2520a0001800238e24
:107e0400253040002528000200a0023c09f860004b
:107e14009c14448c1c00bf8f1800b18f1400b08fc9
:107e24000800e0032000bd270800e0030000000074
:020000040000fa
:020000041d03da
:107e340000a0023cdc27428c0b00405000a0023c16
:107e44000900805000a0023c0c00438c2b186400f5
:107e54000a006014000000000c00438c2318640026
:107e64000c0043ac00a0023ca82742241400438c1d
:107e7400100043ac0800e003000000000c00438c39
:107e84000c0040ac1c00428cf6ff40102320830001
:107e9400edff801400000000f3ff001000a0023c7e
:020000040000fa
:020000041d03da
:107ea4000000aa8015004011251080000000838086
:107eb40006006014000000000800e0032510000024
:107ec400000023810f00601025102001fcff4315e2
:107ed400010049240100a38008006010253020011e
:107ee4000200a7240000c880f5ff03150100c62482
:107ef4000000e380fbff60140100e7240800e003b6
:107f040000000000251000000800e003000000004d
:020000040000fa
:020000041d03da
:107f140018008010f5ff02240800838c00a0023ca6
:107f24005829422410006250020085840800e003ae
:107f3400f5ff02240f00c010f7ff0224280086acce
:107f4400200087a402000224180082a41c0080a43c
:107f54001a0080a401000224020082a41e0082a44c
:107f64000800e0030100022402000324f1ffa3102f
:0c7f7400f6ff02240800e00300000000fb
:020000040000fa
:020000041d03da
:107f80000000828c0800451400000000e8ffbd27b7
:107f90001400bfafb9f5400f000000001400bf8f00
:107fa0000800e0031800bd270e004010000000008c
:107fb0000000438cfcff6554251060000000a38c7a
:107fc000000043ac0400838c01006550040082acc7
:107fd0000800828cffff4224080082ac0800e00306
:0c7fe0002510a0000800e00300000000d5
:020000040000fa
:020000041d03da
:107fec00100082901700401000000000e0ffbd2739
:107ffc001c00bfaf1800b2af1400b1af1000b0af8f
:10800c00258080002588a0000c009224ffff0534f9
:10801c0073f9400f25204002252820023cfb400f1d
:10802c00252000027ff9400f252040021c00bf8f45
:10803c001800b28f1400b18f1000b08f0800e0034d
:0c804c002000bd270800e0030000000039
:020000040000fa
:020000041d03da
:10805800100082901700401000000000e0ffbd27cc
:108068001c00bfaf1800b2af1400b1af1000b0af22
:10807800258080002588a0000c009224ffff05348d
:1080880073f9400f2520400225282002b3f8400f3d
:10809800252000027ff9400f252040021c00bf8fd9
:1080a8001800b28f1400b18f1000b08f0800e003e1
:0c80b8002000bd270800e00300000000cd
:020000040000fa
:020000041d03da
:1080c400b880828f0400401000a0033c15004414c3
:1080d40000000000b88080af802363940300601424
:1080e400bc80828f0d0000102510000025200000a8
:1080f400420045944000a5300600a054b880838f08
:1081040001008424faff83148c004224251000000b
:10811400b880838f03006014000000000800e003af
:0c812400b88082af0800e00300000000fb
:020000040000fa
:020000041d03da
:10813000e0ffbd271c00bfaf1800b1af1400b0af07
:108140002588a0002510c0002530e0004004e57c13
:1081500014001024280003240b8065002110220243
:1081600021100202dfb4400fffff4530070040102e
:108170001c00bf8f060020121800b18f1800438c1e
:10818000211870001c0043ac1c00bf8f1800b18f79
:0c8190001400b08f0800e0032000bd27a1
:020000040000fa
:020000041d03da
:10819c00e8ffbd271400bfaf0c00a010240085ac75
:1081ac004800829400044230090040543c00839003
:1081bc003f00829002004230050040543c00839006
:1081cc004000828cc418027c400082ac3c0083903e
:1081dc000200022404006214000000000c00828cd7
:1081ec0001004054300045ac3dd6400f3c0085901a
:0c81fc001400bf8f0800e0031800bd272e
:020000040000fa
:020000041d03da
:10820800d8ffbd272400bfaf029d023c3c5e468cd0
:108218003c5e42240400458c0800438c1000a6af45
:108228001400a5af1800a3af0c0042941c00a2a72d
:1082380000008590ff0003240900a3142510000006
:108248000100839002006330050060100b000624d3
:1082580002008524a7f6400f1000a4270100422c35
:0c8268002400bf8f0800e0032800bd27a1
:020000040000fa
:020000041d03da
:10827400e8ffbd271400bfaf1000b0af2580800019
:108284006881848f0400828c09f840001000052660
:108294000a0040101400bf8f0b000012100043248a
:1082a400000043ac040050a4060040a401000324d1
:1082b400080043a00c0040ac1400bf8f1000b08f26
:1082c4000800e0031800bd27080040a0000040acef
:0c82d400040040a4f7ff0010060040a4c6
:020000040000fa
:020000041d03da
:1082e0001200a010100006240300a7880000a79821
:1082f0000700a6880400a6980b00a3880800a3988e
:108300000f00a2880c00a2984f0087a84c0087b8e5
:10831000530086a8500086b8570083a8540083b83d
:108320005b0082a80800e003580082b8e8ffbd2780
:108330001400bfaf25280000d2fb400f4c0084245e
:0c8340001400bf8f0800e0031800bd27e8
:020000040000fa
:020000041d03da
:10834c0000a0023cd82743901600601401000224c0
:10835c00e8ffbd271400bfaf1000b0afffff05341e
:10836c0000a0043c8bf9400fe0278424252040001a
:10837c0001000324070083142510000000a0103c0a
:10838c00a82710262fe9400f0800048e310002a206
:10839c00010002241400bf8f1000b08f0800e0030e
:0c83ac001800bd270800e00300000000de
:020000040000fa
:020000041d03da
:1083b80080bf023c000640ac80bf023c00064494eb
:1083c800010003240429647c000644a480bf043c03
:1083d8000f270524200685ac88bf043ca010858c97
:1083e8008420657ca01085ac88bf043c3010858c47
:1083f8000421057c301085ac88bf043c6010858c56
:108408000421657c601085ac00064494c47b647cc0
:0c841800000644a40800e003000000007f
:020000040000fa
:020000041d03da
:10842400200003240b20a5000b180500022c0400d7
:108434000400a014021205001000633425288000f3
:1084440002120500040040140221020008006334f3
:108454002510a000022102000400805482100400b0
:1084640004006334252040008210040004004054ba
:108474004210020002006334251080004210020002
:0c848400010042380800e003251043000e
:020000040000fa
:020000041d03da
:1084900017008010f5ff02240800838c00a0023c26
:1084a000582942240f006250020085840800e0032e
:1084b000f5ff02240e00c010f7ff0224280086ac4e
:1084c00004000224180082a41c0080a41a0080a4c6
:1084d00001000224020082a41e0082a40800e0031e
:1084e0000100022402000324f2ffa310f6ff02247d
:0884f0000800e0030000000099
:020000040000fa
:020000041d03da
:1084f800e8ffbd271400bfaf1000b0af02f1400f76
:1085080025808000080040101400bf8f34000296b8
:108518000800423007004014faff052467ec400fba
:10852800252000021400bf8f1000b08f0800e00360
:108538001800bd2700120624252800000fe3400f6d
:1085480025200002f7ff4010020002241a0002a6ac
:08855800f4ff00101c0000a656
:020000040000fa
:020000041d03da
:10856000e8ffbd271400bfaf1000b0af258080002a
:108570000800828c1400438c0400638c1000468c2d
:1085800025288000029d043c09f86000c429842449
:10859000070041042528400067ec400f2520000219
:1085a0001400bf8f1000b08f0800e0031800bd2733
:1085b000fbff4014040002241a0002a60500022456
:0885c000f7ff00101c0002a6e9
:020000040000fa
:020000041d03da
:1085c800e8ffbd271400bfaffbe7400f1000b0afb6
:1085d80011004010258040001400429404004050cf
:1085e80024000296a578400f140004262400029661
:1085f8000300401000000000a578400f2400042666
:1086080067f9400f25200002a8000624252800004d
:10861800d2fb400f252000021400bf8f1000b08f3e
:088628000800e0031800bd2763
:020000040000fa
:020000041d03da
:10863000e0ffbd271c00bfaf1800b2af1400b1af00
:108640001000b0af258080002588a0002590c000d4
:10865000f8ef400f2520000008000396251823029c
:10866000080003a62528400001f2400f2520000045
:10867000253040022528200296f2400f25200002d6
:108680001c00bf8f1800b28f1400b18f1000b08f84
:088690000800e0032000bd27f3
:020000040000fa
:020000041d03da
:108698001700a01025100000feff83242600632c7d
:1086a80013006010000000000021040000a0023c3c
:1086b800e8204224211044000000438c030060108d
:1086c800000000000a006554251000000500c010d5
:1086d800000045aca480838f2b20c3000100805488
:1086e8002036037c0c0046a40800e0030a0046a4d8
:0886f8000800e003000000008f
:020000040000fa
:020000041d03da
:108700001700801025100000e8ffbd271400bfaf40
:108710001000b0af258080004000838c4040023cb8
:10872000241862000a0060100100022403000724dc
:10873000040006242528800000a0043c37bc400f1c
:108740008023842431e0400f252000020100022410
:108750001400bf8f1000b08f0800e0031800bd2781
:088760000800e0030000000026
:020000040000fa
:020000041d03da
:10876800e8ffbd270200a0101400bfaf2e0085a0af
:108778002f0080a00800828c060040100000000036
:1087880009f840000c00858c1400bf8f0800e00336
:108798001800bd27b800410f000000000200422c5d
:1087a800faff40541400bf8fb600410f00000000cc
:1087b800009d053c5006a524d7c8400f2520400041
:0887c800f2ff00101400bf8f46
:020000040000fa
:020000041d03da
:1087d00000a0023cf02b428c15004010ffffa224a9
:1087e000ff0042300300422c1100401000a0033c67
:1087f000e8ffbd271400bfafdc2b6324780084940e
:1088000001000224041082000c00648c2510440036
:108810000c0062ac253000000001052456cf400f4b
:108820000e0004241400bf8f0800e0031800bd27c9
:088830000800e0030000000055
:020000040000fa
:020000041d03da
:10883800e0ffbd271c00bfaf1800b2af1400b1aff6
:108848001000b0af23f2400f25888000258040003b
:1088580054003296ffff522694fc400f0290427259
:10886800408010001b005000f401000210100000ae
:108878002110520040f0400f000022ae040022ae4a
:108888001c00bf8f1800b28f1400b18f1000b08f7a
:088898000800e0032000bd27e9
:020000040000fa
:020000041d03da
:1088a0001700801000000000e0ffbd271c00bfafd4
:1088b0001800b1af1400b0af2580800038be400f63
:1088c00001000624090040102588400025304000a2
:1088d00002000524acd7400f252000020500062425
:1088e000252820029990400f252000021c00bf8ff0
:1088f0001800b18f1400b08f0800e0032000bd27de
:088900000800e0030000000084
:020000040000fa
:020000041d03da
:1089080000a0033c802a63242510000004000624ec
:108918000c0067901000e0540100422400a0033cc2
:1089280000310200802a6324211866000100062411
:108938000c0066a0000065ac0d0060a00e0060a0f1
:10894800080064acac81838f01006324ac8183afe1
:108958000800e0032014027cedff46141000632495
:088968000800e003ffff0224f8
:020000040000fa
:020000041d03da
:10897000e0ffbd271c00bfaf1800b1af1400b0afbf
:108980000d00801025800000258880000a00a010be
:108990002580a00046f3400f000000000c004010ae
:1089a0002520400025300002cff6400f2528200268
:1089b0007ff9400f2c828427251000021c00bf8ff6
:1089c0001800b18f1400b08f0800e0032000bd270d
:0889d000f7ff001025800000f4
:020000040000fa
:020000041d03da
:1089d80008008328160060102510000040180400c5
:1089e800211864008018030000a0023cc429422416
:1089f80021104300feff0524080003240000468cd4
:108a08000800c5500100842440180400211864009f
:108a18008018030000a0023cc42942240800e00397
:108a280021104300f5ff83140c0042242510000098
:088a38000800e003000000004b
:020000040000fa
:020000041d03da
:108a4000e0ffbd271c00bfaf1800b2af1400b1afec
:108a50001000b0af259080002588a00088f0400f5e
:108a60002580c000060040142518400088f0400f03
:108a7000feff042425184000050060107cff02243e
:108a8000000072ac040071ac080070ac251000004e
:108a90001c00bf8f1800b28f1400b18f1000b08f70
:088aa0000800e0032000bd27df
:020000040000fa
:020000041d03da
:108aa800000000000000f03f000000000000e03f70
:108ab8000000000000005043000000000000b03f2c
:108ac80000000000000020400000000000002440da
:108ad8000000000000001440000000000000e04317
:108ae800000000000000e0c3000000f0ffff1f349a
:108af800000000000000f007000000000000e07f18
:088b0800000000000000600302
:020000040000fa
:020000041d03da
:108b100000a0023c582942241100445000a0023c0d
:108b20000800e00300000000e8ffbd271400bfaf0d
:108b30009429429480100200029d033c982a6324e9
:108b4000211043000000428c00a0043c09f84000c2
:108b50007c2984241400bf8f0800e0031800bd277f
:108b60007c294290f0ff405400a0023c0800e00342
:048b70000000000001
:020000040000fa
:020000041d03da
:108b7400e8ffbd271400bfaf1000b0af2580800010
:108b840001000224300082a0320085a403000224e4
:108b9400310082a00800828c020042941c9f400f86
:108ba400360082a408004104f7ff052467ec400f57
:108bb40025200002251000001400bf8f1000b08f84
:108bc4000800e0031800bd2703004238faff001034
:048bd4002b10020060
:020000040000fa
:020000041d03da
:108bd800e8ffbd271400bfaf1000b0af25808000ac
:108be8000800838c1000628c06004430010080501d
:108bf80004004234380044300100805020004234e0
:108c0800100062ac01000524dde2400f25200002bf
:108c180004004010040002241a0002a601000224e5
:108c28001c0002a61400bf8f1000b08f0800e003dc
:048c38001800bd273c
:020000040000fa
:020000041d03da
:108c3c00e8ffbd271400bfaf1000b0af2580800047
:108c4c0001000224300082a0320085a4310082a0f1
:108c5c00340086a40800828c020042941c9f400fb2
:108c6c00360082a408004104f7ff052467ec400f8e
:108c7c0025200002251000001400bf8f1000b08fbb
:108c8c000800e0031800bd2703004238faff00106b
:048c9c002b10020097
:020000040000fa
:020000041d03da
:108ca000e8ffbd271400bfaf1000b0af02f1400fc6
:108cb00025808000080040101400bf8f3400029609
:108cc0000010423007004014fbff052467ec400f02
:108cd000252000021400bf8f1000b08f0800e003b1
:108ce0001800bd2725280000dde2400f25200002e6
:108cf000f8ff4010020002241a0002a6f5ff00103f
:048d00001c0000a6ad
:020000040000fa
:020000041d03da
:108d04001000829015004010ffff0534e0ffbd27de
:108d14001c00bfaf1800b1af1400b0af25808000b5
:108d24000c00912473f9400f25202002c7f5400f51
:108d340025200002fdff40140000000067f9400fe9
:108d440025202002100000a21c00bf8f1800b18f44
:108d54001400b08f0800e0032000bd270800e003e2
:048d6400000000000b
:020000040000fa
:020000041d03da
:108d6800e0ffbd271c00bfaf1800b2af1400b1afc1
:108d78001000b0af100082900b0040102588000052
:108d8800258080000c009224ffff053473f9400f02
:108d980025204002c7f5400f252000022588400005
:108da8007ff9400f25204002251020021c00bf8fac
:108db8001800b28f1400b18f1000b08f0800e003c4
:048dc8002000bd27a3
:020000040000fa
:020000041d03da
:108dcc001800858c030003241400a3100100022456
:108ddc00e8ffbd271400bfaf8080828f0a004014cb
:108dec00010042240800828c848082af00a0043ce5
:108dfc003efe400f682c8424060040101400bf8fe8
:108e0c008080828f01004224808082af0100022486
:108e1c001400bf8f0800e0031800bd270800e00312
:048e2c000000000042
:020000040000fa
:020000041d03da
:108e3000e0ffbd271c00bfaf1800b1af1400b0affa
:108e400025808000f8ef400f252000002588400095
:108e500040181000211870008018030000a0043c86
:108e600058208424c7f5400f21208300258040002e
:108e70002528200201f2400f2520000025100002c5
:108e80001c00bf8f1800b18f1400b08f0800e003e2
:048e90002000bd27da
:020000040000fa
:020000041d03da
:108e9400e8ffbd271400bfaf1000b0af251080005d
:108ea4007000848c0e008010f2ff10244400428c69
:108eb4003000428c09f8400000000000258040008a
:108ec40027200200ad110724039d063c64bdc6247f
:108ed400009d053cb405a524e2d4400fc22704003c
:108ee400251000021400bf8f1000b08f0800e003ab
:048ef4001800bd277e
:020000040000fa
:020000041d03da
:108ef8000400a38c0900632c14006014ffff0224f3
:108f08000000a28c3d000324000043a007000324b6
:108f1800010043a00100032402008010020043a0c6
:108f28003c008424030045240300838800008398c0
:108f3800060043a8030043b8040082900400a2a0de
:108f4800050082900500a2a0090002240800e003a1
:048f58000000000015
:020000040000fa
:020000041d03da
:108f5c00e0ffbd271c00bfaf1800b2af1400b1afcb
:108f6c001000b0af258080002588a000f8ef400fde
:108f7c002520000025284000d881828f0400401451
:108f8c0025900000d48191afd88190af259000023c
:108f9c0001f2400f25200000251040021c00bf8f5d
:108fac001800b28f1400b18f1000b08f0800e003ce
:048fbc002000bd27ad
:020000040000fa
:020000041d03da
:108fc000ffff8424ffff84300a00832c130060100d
:108fd000fbff02242026047cc01004002110440062
:108fe0008010020000a0033ca01c63242110430059
:108ff0000000439009006010fbff022400a0023c27
:10900000a01c4224c0180400212864008028050008
:10901000212845000300a0a00600a2840800e00368
:04902000000000004c
:020000040000fa
:020000041d03da
:10902400f8ffbd270400bfaf006802400008033cfe
:109034002510430000688240c000000001000324a2
:1090440088bf023c641043ac2510000000488240f5
:10905400c0000000ffff022400588240c00000004e
:1090640000680240c4de027c00688240c000000048
:1090740088bf023c681043ac0400bf8f0800e003c3
:049084000800bd27fc
:020000040000fa
:020000041d03da
:10908800080000100100a524ffffa280ffffc724ed
:1090980009004010ffff62a02530e0002520600095
:1090a8000100a524f8ffc0140100832425108000c6
:1090b8000800e003000000000800e010211086000e
:1090c80001006324feff6214ffff60a0f8ff801018
:1090d800000000000800e00325108000fbff0010de
:0490e80025106000ef
:020000040000fa
:020000041d03da
:1090ec0015008010f5ff02240800838c00a0023cc0
:1090fc00582942240d006250020086840800e003c7
:10910c00f5ff0224280085ac06000224180082a476
:10911c001c0080a41a0080a401000224020082a476
:10912c001e0082a40800e0030100022402000324b4
:10913c00f4ffc310f6ff02240800e0030000000057
:020000040000fa
:020000041d03da
:10914c0015008010f5ff02240800838c00a0023c5f
:10915c00582942240d006250020085840800e00367
:10916c00f5ff0224280086ac03000224180082a418
:10917c001c0080a41a0080a401000224020082a416
:10918c001e0082a40800e003010002240200032454
:10919c00f4ffa310f6ff02240800e0030000000017
:020000040000fa
:020000041d03da
:1091ac0015008010f5ff02240800838c00a0023cff
:1091bc00582942240a006250c0bf023c0800e00358
:1091cc00f5ff022401004238001102000100632463
:1091dc00251043000000a2ac0800e003251000009d
:1091ec00f02f438c0006637cf02f428cf5ffa0140b
:1091fc004006427c251000000800e003000000003f
:020000040000fa
:020000041d03da
:10920c001000829014004010ffff0534e0ffbd27d2
:10921c001c00bfaf1800b1af1400b0af25808000a8
:10922c000c00912473f9400f25202002c7f5400f44
:10923c0025200002fdff4014000000007ff9400fc4
:10924c00252020021c00bf8f1800b18f1400b08f96
:10925c000800e0032000bd270800e0030000000028
:020000040000fa
:020000041d03da
:10926c00e0ffbd271c00bfaf1800b1af1400b0afba
:10927c00258080002588a0000000a2944000433087
:10928c000500601404008424800042300200401069
:10929c002c00042618000426ffdc400f04002526b1
:1092ac002528200207f9400f0000048e1c00bf8ff8
:1092bc001800b18f1400b08f0800e0032000bd2708
:020000040000fa
:020000041d03da
:1092cc00e8ffbd271400bfaf0400848c2c00858cf4
:1092dc001100a01000a0033c202b63241400628c0e
:1092ec000800a58c231045003800638c2b1043001c
:1092fc0002004054180084242c0084245ae3400fac
:10930c000000000001004054fcff42241400bf8ff9
:10931c000800e0031800bd27f8ff00101800842493
:020000040000fa
:020000041d03da
:10932c000400a38c0600632c13006014ffff0224be
:10933c000000a38c010065900400a52c0e00a01465
:10934c0000000000600082900400423008004014cd
:10935c000100052405006288020062983b0082a887
:10936c00380082b8610082904408a27c610082a01f
:10937c0001006290020042240800e003000000009b
:020000040000fa
:020000041d03da
:10938c000400a38c0600632c13006014ffff02245e
:10939c000000a38c01006690040005240e00c51487
:1093ac0000000000600085900400a5300a00a014a5
:1093bc000600022405006288020062983f0082a821
:1093cc003c0082b861008290010003248410627c0e
:1093dc00610082a0060002240800e00300000000e7
:020000040000fa
:020000041d03da
:1093ec00e8ffbd271400bfaf1000b0afd880828f4c
:1093fc000f00401825808000010006240100052480
:10940c0098af400f1000848c1800038e02000224c9
:10941c0007006214d880828fffff4224040040149e
:10942c00d88082af7dc5400f00000000c88080af9f
:10943c001400bf8f1000b08f0800e0031800bd2788
:020000040000fa
:020000041d03da
:10944c00e0ffbd271c00bfaf1800b2af1400b1afd6
:10945c001000b0af25808000f8ef400f25200000f1
:10946c0025904000c7f5400f4c000426258840008d
:10947c002528400201f2400f25200000252820025b
:10948c007ad2400f252000021c00bf8f1800b28f2b
:10949c001400b18f1000b08f0800e0032000bd272e
:020000040000fa
:020000041d03da
:1094ac00e8ffbd271400bfaf1000b0af25808000cf
:1094bc0024008484ffff0224060082500c00048eda
:1094cc001cee400f00000000ffff0224240002a647
:1094dc000c00048e0400801000000000fbf8400f0c
:1094ec00000000000c0000ae75c7400f25200002e4
:1094fc001400bf8f1000b08f0800e0031800bd27c8
:020000040000fa
:020000041d03da
:10950c00e8ffbd271400bfaf1000b0af3081908fc3
:10951c000f000012faff0224252880000000048ea0
:10952c000c0080101400bf8f0900a010f7ff02245c
:10953c005cb7400f00000000252840000400a0107c
:10954c00ffff022475e6400f2520000225100000c5
:10955c001400bf8f1000b08f0800e0031800bd2767
:020000040000fa
:020000041d03da
:10956c00e8ffbd271400bfaf1000b0af258080000e
:10957c00e6ef400f54008424e6ef400f3c00042635
:10958c00e6ef400f48000426e6ef400f600004268b
:10959c00e6ef400f6c000426d4ef400f04000426c5
:1095ac00d4ef400f10000426d4ef400f1c0004260b
:1095bc001400bf8f1000b08f0800e0031800bd2707
:020000040000fa
:020000041d03da
:1095cc003000829002004230130040140000000072
:1095dc00e8ffbd271400bfaf1000b0af258080009e
:1095ec00a881828f01004224a88182af40f0400ff5
:1095fc001b0080a01c0002ae30000292010003246c
:10960c004408627c300002a21400bf8f1000b08f9f
:10961c000800e0031800bd270800e003000000006c
:020000040000fa
:020000041d03da
:10962c00f8ffbd270400bfaf6082828f120040504c
:10963c000400bf8f4082828f4400428c0e00401089
:10964c000400bf8f4082838f4400628cffff422452
:10965c00440062ac4082828f4400428c060040146d
:10966c000400bf8f00600240847a027c006082405c
:10967c00c00000000400bf8f0800e0030800bd27f5
:020000040000fa
:020000041d03da
:10968c00d8ffbd272400bfaf2000b0af2580a000bd
:10969c000100062485f4400f1000a5270900401096
:1096ac002518400001000424090064102510000056
:1096bc00009d043ce4fa400fe822842404000010ce
:1096cc00ffff02241000a28f000002ae0100022452
:1096dc002400bf8f2000b08f0800e0032800bd27b6
:020000040000fa
:020000041d03da
:1096ec000e00801000a0063cbc2cc28c1200401056
:1096fc00f0ff8724f0ff838c0000458c2140830011
:10970c00080048141000a5241000428c2118650094
:10971c00000082acf0ff83acbc2cc7ac0800e003ab
:10972c0000000000214045000300e81421186500ea
:10973c000800e003000043acf7ff0010000082ac0f
:020000040000fa
:020000041d03da
:10974c00e0ffbd271800b1af1000918c1c00bfaf1b
:10975c002b10d1000b88c2000c0020121400b0afeb
:10976c00258080001400848ceffa400f25302002f5
:10977c001400028e1000038e21105100231871006a
:10978c00140002ae100003ae000040a01c00bf8ffe
:10979c001800b18f1400b08f0800e0032000bd2723
:020000040000fa
:020000041d03da
:1097ac0014008010f5ff02240800838c00a0023cfa
:1097bc00582942240c006250020085840800e00302
:1097cc00f5ff022405000224180082a41c0080a4ca
:1097dc001a0080a401000224020082a41e0082a4ac
:1097ec000800e0030100022402000324f5ffa3108b
:0c97fc00f6ff02240800e003000000005b
:020000040000fa
:020000041d03da
:10980800e8ffbd271400bfaf1000b0af02f1400f52
:10981800258080000e0040101400bf8f2800048ea1
:109828000800801025280000340002968000437c40
:10983800100042300100405404006334000083ac3f
:109848002528000067ec400f252000021400bf8f78
:0c9858001000b08f0800e0031800bd27ce
:020000040000fa
:020000041d03da
:10986400e0ffbd271c00bfaf1800b1af1400b0afbc
:10987400258080005200410f2588a0002518400053
:1098840009006014251000000400201200000000ec
:10989400f2f9400f25200002000022aefbff400f2a
:1098a40025200002010002241c00bf8f1800b18f84
:0c98b4001400b08f0800e0032000bd2766
:020000040000fa
:020000041d03da
:1098c00000a0033c802363241200641425100000d0
:1098d0001000a0100100022400a0023c6823488c64
:1098e000682342240400478c0800468c0c00448cfa
:1098f0001000438c1400428c0000a8ac0400a7acfc
:109900000800a6ac0c00a4ac1000a3ac1400a2ace0
:0c991000010002240800e0030000000039
:020000040000fa
:020000041d03da
:10991c000c00828c13004010251800000000828c73
:10992c00000045940100a5300800a0500800858c6b
:10993c00000045940400057c000045a42400858c9f
:10994c00ffffa524240085ac0800858c2110450060
:10995c00010063240c00858c2b286500f1ffa054ba
:0c996c00000045940800e003000000002b
:020000040000fa
:020000041d03da
:10997800e8ffbd271400bfaf6bfa400f1000b0af6f
:10998800258040000d000012251000003000028ed6
:109998000400401000000000360002960800401441
:1099a8001400bf8f13e5400f252000023000038efe
:1099b8000200601025100000360002961400bf8fc8
:0c99c8001000b08f0800e0031800bd275d
:020000040000fa
:020000041d03da
:1099d4000000a29401004330120060108000423065
:1099e400e8ffbd271400bfaf1000b0af040040145f
:1099f4002580a00026008294ffff4224260082a432
:109a04002528000207f9400f0000848c270000a2db
:109a1400260000a21400bf8f1000b08f0800e003de
:0c9a24001800bd270800e003000000004f
:020000040000fa
:020000041d03da
:109a3000e8ffbd271400bfaf1000b0af37f7400fed
:109a4000258080000e0040101400bf8f0400038e9c
:109a50000a006010251000004200039608006330e1
:109a6000080060501000b08f1000038e03006014d7
:109a7000010002241400028e2b1002001400bf8f7c
:0c9a80001000b08f0800e0031800bd27a4
:020000040000fa
:020000041d03da
:109a8c007600839003000224030062100800052472
:109a9c0010006514251000000800858c0c00828cc9
:109aac002b18a20009006054231045000400838c7d
:109abc000000848c23186400ffff63242328a20079
:109acc00231065000800e003ffff4230ffff422433
:0c9adc00ffff42300800e0030000000023
:020000040000fa
:020000041d03da
:109ae800e8ffbd271400bfaf81fa400f1000b0afe8
:109af800258040000d000012251000007600049219
:109b08000b0003240a0083141400bf8f3187400f11
:109b180025200002251840000400600425100000dc
:109b280001000224760002a2010002241400bf8f63
:0c9b38001000b08f0800e0031800bd27eb
:020000040000fa
:020000041d03da
:109b4400140080102510000042008394400063300c
:109b54001000601000000000e8ffbd271400bfaf34
:109b64001000b0af6cff400f6481908f00190200a9
:109b740021186200c01803002180030238000296f5
:109b8400d8ff42241400bf8f1000b08f0800e003f8
:0c9b94001800bd270800e00300000000de
:020000040000fa
:020000041d03da
:109ba0001400801000000000e8ffbd271400bfafc4
:109bb0001000b0af6cff400fa081908f40180200e2
:109bc0002118620080180300211003020500439051
:109bd00004006010a481838fffff6324a48183affe
:109be000040040a01400bf8f1000b08f0800e003f5
:0c9bf0001800bd270800e0030000000082
:020000040000fa
:020000041d03da
:109bfc001300a010212885001c81023cc59d423415
:109c0c00003e0200c0190200c03002002130c20028
:109c1c004030060021186600211862000012020074
:109c2c00211862002138e30001008424ffff829098
:109c3c00f3ffa414261047000800e0030000000006
:0c9c4c001c81023c0800e003c59d42346e
:020000040000fa
:020000041d03da
:109c5800e0ffbd271c00bfaf1800b1af1400b0afc4
:109c68000000b18c0c00201625100000eff8400f02
:109c78002580a000090040101c00bf8f42004394bb
:109c880000106330060060501800b18f2000038e6a
:109c9800c005637c0a1023021c00bf8f1800b18f17
:0c9ca8001400b08f0800e0032000bd276e
:020000040000fa
:020000041d03da
:109cb4001800828c1c00838c2b1043001100401070
:109cc40000000000e8ffbd271400bfaf1000b0afd4
:109cd400258080000000828c0000428c0000a58c4e
:109ce40009f840000400848c1800028e010042240c
:109cf400180002ae1400bf8f1000b08f0800e003fc
:0c9d04001800bd270800e003000000006c
:020000040000fa
:020000041d03da
:109d1000e8ffbd271400bfaf1000b0af0e008014e5
:109d2000ffff102400a0043c55fc400fa42c842409
:109d30000900401000a0023ca42c428c1000428c70
:109d400009f84000000000002580400000a0043c0d
:109d500097f9400fac2c8424251000021400bf8f0b
:0c9d60001000b08f0800e0031800bd27c1
:020000040000fa
:020000041d03da
:109d6c00e8ffbd271400bfaf1000b0af0e00801489
:109d7c00ffff102400a0043c55fc400fa42c8424ad
:109d8c000900401000a0023ca42c428c1400428c10
:109d9c0009f84000000000002580400000a0043cb1
:109dac0097f9400fac2c8424251000021400bf8faf
:0c9dbc001000b08f0800e0031800bd2765
:020000040000fa
:020000041d03da
:109dc800e8ffbd271400bfaf1000b0af0e0080142d
:109dd800ffff102400a0043c55fc400fa42c842451
:109de8000900401000a0023ca42c428c0800428cc0
:109df80009f84000000000002580400000a0043c55
:109e080097f9400fac2c8424251000021400bf8f52
:0c9e18001000b08f0800e0031800bd2708
:020000040000fa
:020000041d03da
:109e2400e8ffbd271400bfaf1000b0af0e008014d0
:109e3400ffff102400a0043c55fc400fa42c8424f4
:109e44000900401000a0023ca42c428c0400428c67
:109e540009f84000000000002580400000a0043cf8
:109e640097f9400fac2c8424251000021400bf8ff6
:0c9e74001000b08f0800e0031800bd27ac
:020000040000fa
:020000041d03da
:109e8000e8ffbd271400bfaf0200022488bf033cd7
:109e9000341062ac88bf033c001c0424941064acf2
:109ea00088bf033c00040424981064ac88bf033cc2
:109eb000641062ac88bf033c681062aceee0400ff7
:109ec000000000004082828f0000428cc041400fa1
:0c9ed0003c8282af79fc400f00000000d3
:020000040000fa
:020000041d03da
:109edc000000a78cffff02240c00e214080083246e
:109eec001000828c0400438c0400a3ac080065ac09
:109efc000800a2ac040045ac1000a4ac0000828c9d
:109f0c00010042240800e003000082ac2510600030
:109f1c000400638c0000668c2b30e600fcffc05004
:0c9f2c0025106000f0ff00100400438cc2
:020000040000fa
:020000041d03da
:109f3800e8ffbd271000b0af00a0103c4c2c028eeb
:109f4800080040101400bfaf00a0033c2c2c638c09
:109f58001400bf8f1000b08f231062000800e003c8
:109f68001800bd279687400f0000000000a0033ca2
:109f78004c2c028e2c2c638c1400bf8f1000b08fd9
:0c9f8800231062000800e0031800bd2751
:020000040000fa
:020000041d03da
:109f9400e0ffbd271c00bfaf1800b2af1400b1af83
:109fa4001000b0af258080002590c0002588e00017
:109fb400f3ff400fff00a530ff004532f7ff400fcd
:109fc40025200002252820020700410f2520000239
:109fd4001c00bf8f1800b28f1400b18f1000b08f17
:089fe4000800e0032000bd2786
:020000040000fa
:020000041d03da
:109fec00e8ffbd271400bfaf1000b0af0b0080100e
:109ffc00258000000800838c020002240c006214ef
:10a00c0025808000040082940100423003004050ff
:10a01c002580000073f9400fffff05342510000266
:10a02c001400bf8f1000b08f0800e0031800bd278c
:08a03c00faff0010258000006e
:020000040000fa
:020000041d03da
:10a04400e0ffbd271c00bfaf1800b1af1400b0afd4
:10a054002588a000c4d3400f010005240800401047
:10a06400ffff10240800438c03007114fdff10242b
:10a07400080040ac258000007ff9400f0400448ca8
:10a08400251000021c00bf8f1800b18f1400b08f80
:08a094000800e0032000bd27d5
:020000040000fa
:020000041d03da
:10a09c00e0ffbd271c00bfaf1800b1af1400b0af7c
:10a0ac002588c0002580e000588084af40f0400f28
:10a0bc004c8085af2528400050fb400f2520200206
:10a0cc00050000121c00bf8f40f0400f0000000084
:10a0dc006c8082af1c00bf8f1800b18f1400b08f42
:08a0ec000800e0032000bd277d
:020000040000fa
:020000041d03da
:10a0f400e8ffbd271400bfaf1000b0af258080007b
:10a10400f8ef400f252000001800038e040003ae72
:10a114001c00038e080003ae2000038e0c0003ae67
:10a124002528400001f2400f25200000420002963d
:10a134000463027c420002a61400bf8f1000b08f9b
:08a144000800e0031800bd272c
:020000040000fa
:020000041d03da
:10a14c0013008010251000004200839440006330ff
:10a15c000f006010000000000000a68cffff03241d
:10a16c000900c31001000224e8ffbd271400bfaf93
:10a17c002bf4400f00000000010042301400bf8f90
:10a18c000800e0031800bd270800e003010042307e
:08a19c000800e00300000000d0
:020000040000fa
:020000041d03da
:10a1a400e0ffbd271c00bfaf1800b1af1400b0af73
:10a1b400258880002520a0002580c000ffdc400ffa
:10a1c40025282002251840000600601025100000f4
:10a1d4000c00028e2528200209f8400025200002e8
:10a1e400010002241c00bf8f1800b18f1400b08f2f
:08a1f4000800e0032000bd2774
:020000040000fa
:020000041d03da
:10a1fc001300a0102510000000a0023c282b428c5c
:10a20c000f00401010000724d8ffbd272400bfaf5b
:10a21c001000a0af1400a5af1800a6af1c00a4af8f
:10a22c001000a6272528400000a0043c4cda400f63
:10a23c00402b84242400bf8f0800e0032800bd2796
:08a24c000800e003000000001f
:020000040000fa
:020000041d03da
:10a254001000838c0900632c11006014ffff02249a
:10a264001400838c02000224000062a00800828c87
:10a27400010040543c00422401006524030044884a
:10a2840000004498040064a8010064b804004390ea
:10a294000400a3a0050042900500a2a00900022426
:08a2a4000800e00300000000c7
:020000040000fa
:020000041d03da
:10a2ac001300a01025100000d0ffbd272c00bfaf5d
:10a2bc00c880828f0b004010140007241000a0af40
:10a2cc001400a5af1800a0af1c00a6af2000a4afcf
:10a2dc001000a6272528400000a0043c4cda400fb3
:10a2ec007c2c84242c00bf8f0800e0033000bd2799
:08a2fc000800e003000000006f
:020000040000fa
:020000041d03da
:10a304003081838f12006010faff02241000801045
:10a31400251000000400628c000082ac0800628cee
:10a32400040082ac1c00628c080082ac260062949b
:10a334000c0082a40000628c2400428c0e0082a4d3
:10a344000000628c0c00428c100082a425100000d6
:08a354000800e0030000000016
:020000040000fa
:020000041d03da
:10a35c00e0ffbd271c00bfaf1800b1af81fa400f62
:10a36c001400b0af0a004010258800002580400082
:10a37c00a3f4400f25204000050040102588400024
:10a38c001c00028e200002ae67ce400f252000027a
:10a39c00251020021c00bf8f1800b18f1400b08f45
:08a3ac000800e0032000bd27ba
:020000040000fa
:020000041d03da
:10a3b4001300801000000000e8ffbd271400bfafa9
:10a3c4001000b0af0400858c0500a010258080002b
:10a3d4006881848f0c00828c09f840000000000022
:10a3e4006881848f0c00828c09f8400025280002c3
:10a3f4001400bf8f1000b08f0800e0031800bd27c1
:08a404000800e0030000000065
:020000040000fa
:020000041d03da
:10a40c00e8ffbd271400bfaf050080101000b0afef
:10a41c0042008294400042300300401425808000aa
:10a42c000900a010258000000100062459ae400f41
:10a43c0025200002040040102528400003000624bb
:10a44c0090b5400f252000021400bf8f1000b08f74
:08a45c000800e0031800bd2711
:020000040000fa
:020000041d03da
:10a464001300801400a0043ce8ffbd271400bfaf14
:10a474001000b0af2580a00012f2400fac2c842451
:10a48400010003240600431400a0023c0000038ed4
:10a49400a42c43aca42c422401000324040043aca8
:10a4a4001400bf8f1000b08f0800e0031800bd2710
:08a4b4000800e00300000000b5
:020000040000fa
:020000041d03da
:10a4bc00e0ffbd271c00bfaf1800b2af1400b1af56
:10a4cc001000b0af2588800000607241c000000011
:10a4dc004cfc400f0000000025804000a0fb400f0a
:10a4ec0025202002b4fb400f01004432251000024d
:10a4fc001c00bf8f1800b28f1400b18f1000b08fea
:08a50c000800e0032000bd2758
:020000040000fa
:020000041d03da
:10a51400e8ffbd271400bfaf1000b0af25308000a6
:10a524002528000091d5400f0100042409004010a3
:10a5340025804000080040ac000040ac0c0040ac5a
:10a544002538000025300000252800004b76400ff8
:10a5540025204000251000021400bf8f1000b08f8a
:08a564000800e0031800bd2708
:020000040000fa
:020000041d03da
:10a56c001300801053ff02245c0085ac4567023c4d
:10a57c00012342244c0082accdef023c89ab423427
:10a58c00500082acba98023cfedc4234540082acdf
:10a59c003210023c76544224580082ac000080ac4d
:10a5ac00040080ac080080ac600080ac251000007a
:08a5bc000800e00300000000ac
:020000040000fa
:020000041d03da
:10a5c4008200a22806004010830003248000a528ee
:10a5d4000600a0500000c28c0800e0032510000013
:10a5e4000b00a314251000000000c28c07004224b5
:10a5f4000410027c080043240000c3ac0400438c14
:10a604000000428c040083ac000082ac01000224f0
:08a614000800e0030000000053
:020000040000fa
:020000041d03da
:10a61c00049d063c2510000048fdc624401802008d
:10a62c0021186600000067800300e0540000858c50
:10a63c000800e00301006290010042240000a880a1
:10a64c0004000715ff0042300100a52401006290b0
:10a65c00000085ac0b00432cf1ff60144018020085
:08a66c000800e00300000000fb
:020000040000fa
:020000041d03da
:10a67400e8ffbd271400bfaf1000b0af25808000f5
:10a684003800828c4000428c2538000078008624f3
:10a694002528000009f840000c00848c07004104c0
:10a6a4000100022486f3400f252000021400bf8f0e
:10a6b4001000b08f0800e0031800bd27fbff001056
:04a6c400840002ae5e
:020000040000fa
:020000041d03da
:10a6c8001200801000a0023ce8ffbd271400bfafb5
:10a6d8001000b0af0800838c582942240700621488
:10a6e800258080000c00828c1c00428c09f84000f8
:10a6f8001000848c000000a2020000a61400bf8f86
:10a708001000b08f0800e0031800bd270800e00320
:04a71800000000003d
:020000040000fa
:020000041d03da
:10a71c00e0ffbd271c00bfaf1800b1af1400b0aff5
:10a72c00258080002588c000f3ff400fff00a53076
:10a73c00ff002532f7ff400f25200002fbff400fe2
:10a74c0025200002ffff400f2520000204000224f8
:10a75c001c00bf8f1800b18f1400b08f0800e003ed
:04a76c002000bd27e5
:020000040000fa
:020000041d03da
:10a770002518000000a0023c8403422400a0063cef
:10a78000ac03c624000047940a00e0140000000057
:10a790000a18430004004224fbff4654000047947b
:10a7a0000600a0102510a0000000a3ac0800e003e4
:10a7b00025100000f8ffe454040042240800e003e0
:04a7c0000000000095
:020000040000fa
:020000041d03da
:10a7c400e8ffbd271400bfaf7080828f0e004018d1
:10a7d4007c80838f1000858c0300a314080003245d
:10a7e4007c8080af588083af1800848c02000324df
:10a7f40005008314ffff422403004014708082afdd
:10a8040071ed400f000000001400bf8f0800e0034a
:04a814001800bd2744
:020000040000fa
:020000041d03da
:10a81800e8ffbd271400bfaf1000b0af0b008010d9
:10a82800c08080af258080000400828c09f8400039
:10a838003800052405004010252840000c00028e31
:10a8480009f8400025200002c08090afc080828fa8
:10a858002b1002001400bf8f1000b08f0800e00317
:04a868001800bd27f0
:020000040000fa
:020000041d03da
:10a86c00e8ffbd271400bfaf8081828f0f004050de
:10a87c001400bf8f42008394000163300a00601003
:10a88c00ffff4224420083940442037c420083a4d1
:10a89c0005004014808182afe80306247081858f07
:10a8ac00b6f2400f040004241400bf8f0800e0032c
:04a8bc001800bd279c
:020000040000fa
:020000041d03da
:10a8c0001200a01025100000d8ffbd272400bfaf44
:10a8d0006881828f0a004010100007241000a0af8a
:10a8e0001400a5af1800a6af1c00a4af1000a62747
:10a8f0002528400000a0043c4cda400f942b84240f
:10a900002400bf8f0800e0032800bd270800e003f3
:04a910000000000043
:020000040000fa
:020000041d03da
:10a9140012008014ffff022400a0023c9414438c14
:10a924000e006010ffff022400a0023c9814438c28
:10a934000a006010ffff0224e8ffbd271400bfaf28
:10a944000c00628c00a0033c09f840009c14648c49
:10a954001400bf8f0800e0031800bd270800e003bf
:04a9640000000000ef
:020000040000fa
:020000041d03da
:10a9680012008014ffff022400a0023c9414438cc0
:10a978000e006010ffff022400a0023c9814438cd4
:10a988000a006010ffff0224e8ffbd271400bfafd4
:10a998001000628c00a0033c09f840009c14648cf1
:10a9a8001400bf8f0800e0031800bd270800e0036b
:04a9b800000000009b
:020000040000fa
:020000041d03da
:10a9bc0012008014ffff022400a0023c9414438c6c
:10a9cc000e006010ffff022400a0023c9814438c80
:10a9dc000a006010ffff0224e8ffbd271400bfaf80
:10a9ec001800628c00a0033c09f840009c14648c95
:10a9fc001400bf8f0800e0031800bd270800e00317
:04aa0c000000000046
:020000040000fa
:020000041d03da
:10aa1000f8ffbd270400bfafadde023cefbe4234fd
:10aa2000f8ff82ac3412023c78564224f4ff82ac28
:10aa300000680240f0ff82ac03000224ecff82ac0d
:10aa4000e8ff85ac049d023ce4f14224e4ff82acc3
:10aa5000a8ff86ac6cff82240400bf8f0800e003cf
:04aa60000800bd2706
:020000040000fa
:020000041d03da
:10aa6400e8ffbd271400bfaf8bf6400f1000b0af56
:10aa7400396f400f258040000500401000000000a1
:10aa8400006802400001423400688240c0000000b7
:10aa940000609040c000000088bf023c1000032406
:10aaa400341043ac1400bf8f1000b08f0800e003d3
:04aab4001800bd27a2
:020000040000fa
:020000041d03da
:10aab800e8ffbd271400bfaf0a0080101000b0af38
:10aac8007bff400f2580800025280000d294400f8e
:10aad800252000022f78400f0000000006004014d7
:10aae8001400bf8f006802400001423400688240b1
:10aaf800c00000001400bf8f1000b08f0800e003f2
:04ab08001800bd274d
:020000040000fa
:020000041d03da
:10ab0c000000043ce8ffbd270000842403008010f3
:10ab1c001400bfaf09f88000000000000000843072
:10ab2c000000a530049d083cd8f5082509f8000163
:10ab3c00000000000000023c000042240300401012
:10ab4c000000000009f8400000000000f9ff0010b0
:04ab5c0000000000f5
:020000040000fa
:020000041d03da
:10ab6000e0ffbd271800b0af1c00bfaf33d3400fcc
:10ab700025808000060040504400028effff022422
:10ab80001c00bf8f1800b08f0800e0032000bd2715
:10ab9000010006241000a52709f840002520000226
:10aba00001000324f5ff43141000a293f5ff0010e9
:04abb0001c00bf8f37
:020000040000fa
:020000041d03da
:10abb400e8ffbd271400bfaf1000b0af2580a00090
:10abc4001c00a28c242082001800a2842120820070
:10abd4006400a28c401006240100052409f84000fa
:10abe4000000848c0401028e01004224040102aea0
:10abf4001400bf8f1000b08f0800e0031800bd27b9
:020000040000fa
:020000041d03da
:10ac04000019040000406330c21104000400423003
:10ac1400251043004219040008006330251862001f
:10ac2400801104004020423025104300c018040065
:10ac34008003633025186200801004002000423035
:10ac4400251043004008847c0800e003251082009e
:020000040000fa
:020000041d03da
:10ac5400e8ffbd271400bfaf0000828c06004554f6
:10ac64000400828c76f2400f000000001400bf8fb5
:10ac74000800e0031800bd2705004514000000008b
:10ac840086f2400f00000000f9ff00101400bf8f8f
:10ac940016fc400f00000000f5ff00101400bf8fe9
:020000040000fa
:020000041d03da
:10aca40000a0023c802343940f0060102510000094
:10acb400bc80828f25280000420046944000c630a4
:10acc4000600c0500100a5240400478c0000868cb7
:10acd4000500e610000000000100a524f6ffa314ff
:10ace4008c004224251000000800e003000000004e
:020000040000fa
:020000041d03da
:10acf4000000a58c0001033c7f0063240e00a31018
:10ad04002510800000a0023c802343940a006010b8
:10ad140025100000bc80828f252000000400468c92
:10ad24000500a6100000000001008424fbff83142a
:10ad34008c004224251000000800e00300000000fd
:020000040000fa
:020000041d03da
:10ad4400e0ffbd271c00bfaf1800b1af1400b0afc7
:10ad5400258880002580a0005ae3400f252020028a
:10ad640006004014252840001c00bf8f1800b18f36
:10ad74001400b08f0800e0032000bd270c00028ef1
:10ad840009f8400025200002f3ff00100000000035
:020000040000fa
:020000041d03da
:10ad94000400a38c0300632c0f006014ffff022443
:10ada4000000a38c01006790010006240a00e61449
:10adb40000000000020063900800a3ac0200052418
:10adc40005006514030002246000839004006330ce
:10add400ffff04240b1083000800e00300000000c0
:020000040000fa
:020000041d03da
:10ade4000400a38c0600632c0f006014ffff0224f0
:10adf4000000a38c01006690040004240a00c4141b
:10ae040000000000020062901300a2a00300629000
:10ae14001200a2a0040062901100a2a0050062909a
:10ae24001000a2a0060002240800e00300000000b5
:020000040000fa
:020000041d03da
:10ae34000400a38c0600632c0f006014ffff02249f
:10ae44000000a38c01006690040004240a00c414ca
:10ae540000000000020062901700a2a003006290ac
:10ae64001600a2a0040062901500a2a00500629042
:10ae74001400a2a0060002240800e0030000000061
:020000040000fa
:020000041d03da
:10ae84000400a38c0600632c0f006014ffff02244f
:10ae94000000a38c01006690040004240a00c4147a
:10aea40000000000020062901b00a2a00300629058
:10aeb4001a00a2a0040062901900a2a005006290ea
:10aec4001800a2a0060002240800e003000000000d
:020000040000fa
:020000041d03da
:10aed400e0ffbd271c00bfaf1800b1af1400b0af36
:10aee400258880002580a000fafa400f2520a000c4
:10aef40025284000ffe6400f252000020c00238e89
:10af04001b004300f4016000101000001c00bf8f00
:10af14001800b18f1400b08f0800e0032000bd2793
:020000040000fa
:020000041d03da
:10af24003c00828c000f427c080040500400828c5c
:10af3400010042380100422c01004238740083941d
:10af4400c47b437c0800e003740083a40000838c6a
:10af5400231043006a0083944028030021186500ed
:10af6400431803002a104300f3ff00100100423885
:020000040000fa
:020000041d03da
:10af7400e8ffbd271400bfaf1000b0af25808000ec
:10af84005ae3400f25200002070040142528400002
:10af940041e3400f252000021400bf8f1000b08f42
:10afa4000800e0031800bd276881848f0c00828ca0
:10afb40009f8400000000000f1ff0010000000004c
:020000040000fa
:020000041d03da
:10afc400e0ffbd271c00bfaf1800b1af1400b0af45
:10afd400258080000400a0102588c0002520a00042
:10afe400effa400f1800058e1800028e2110510050
:10aff400180002ae1c0002ae251020021c00bf8ff8
:10b004001800b18f1400b08f0800e0032000bd27a2
:020000040000fa
:020000041d03da
:10b014001100801000000000e8ffbd271400bfaf3e
:10b024001000b0af6800908c080000121400bf8fad
:10b03400252800026881848f0c00828c09f8400066
:10b044000c00108efaff00161400bf8f1000b08f92
:10b054000800e0031800bd270800e003000000001a
:020000040000fa
:020000041d03da
:10b064001400e38c1000601000a0043ce8ffbd272e
:10b074001400bfafa01c84242320e4008320040018
:10b08400e338023c398e4234022082700100842469
:10b094001800e78c09f860002026047c1400bf8f98
:10b0a4000800e0031800bd270800e00300000000ca
:020000040000fa
:020000041d03da
:10b0b400c8ffbd273400bfaffeff02242800a2afa3
:10b0c4002400a0af5000a28f2000a2af4c00a28f9a
:10b0d4001c00a2af4800a28f1800a2af1400a7afb3
:10b0e4001000a6af2538a0002530000094b0400f12
:10b0f400252800003400bf8f0800e0033800bd2776
:020000040000fa
:020000041d03da
:10b1040000a0023c700242240e004414000000001f
:10b1140000a0023c84024290010042300900401029
:10b1240000000000e8ffbd271400bfaf00a0043cee
:10b134008bac400f700284241400bf8f0800e0031e
:0cb144001800bd270800e0030000000018
:020000040000fa
:020000041d03da
:10b15000e0ffbd271c00bfaf1800b1af1400b0afb7
:10b16000258880002580a00065f5400f252000027d
:10b1700006004014252840001c00bf8f1800b18f26
:10b180001400b08f0800e0032000bd2747f8400fef
:0cb1900025202002f4ff00100000000049
:020000040000fa
:020000041d03da
:10b19c001c0080a41a0080a4180080a402000224c1
:10b1ac00020082a40b00a1041e0085a4e8ffbd27a9
:10b1bc001400bfaf2530a000009d053c6800a524fd
:10b1cc00d7c8400f252000001400bf8f0800e003f3
:0cb1dc001800bd270800e0030000000080
:020000040000fa
:020000041d03da
:10b1e800e8ffbd271400bfaf1a0082940300432c68
:10b1f8000a00601080100200029d033c282a632484
:10b20800211043000000428c09f8400000000000b3
:10b218001400bf8f0800e0031800bd2767ec400f3b
:0cb22800f7ff0524fbff00101400bf8f8f
:020000040000fa
:020000041d03da
:10b23400e8ffbd271400bfaf1000b0af02f1400f0c
:10b244002580800009004010040005243400029683
:10b25400220002a6dde2400f252000020300401078
:10b26400070002241a0002a61c0000a61400bf8fc7
:0cb274001000b08f0800e0031800bd2798
:020000040000fa
:020000041d03da
:10b28000e8ffbd271400bfaf1000b0af02f1400fc0
:10b290002580800009004010050005243400029636
:10b2a000200002a6dde2400f25200002030040102e
:10b2b000060002241a0002a61c0000a61400bf8f7c
:0cb2c0001000b08f0800e0031800bd274c
:020000040000fa
:020000041d03da
:10b2cc00e8ffbd271400bfaf1000b0af02f1400f74
:10b2dc0025808000090040100600052434000296e9
:10b2ec00260002a6dde2400f2520000203004010dc
:10b2fc00050002241a0002a61c0000a61400bf8f31
:0cb30c001000b08f0800e0031800bd27ff
:020000040000fa
:020000041d03da
:10b31800e8ffbd271400bfaf1000b0af02f1400f27
:10b3280025808000090040100a0005243400029698
:10b33800240002a6dde2400f252000020300401091
:10b34800040002241a0002a61c0000a61400bf8fe5
:0cb358001000b08f0800e0031800bd27b3
:020000040000fa
:020000041d03da
:10b36400e8ffbd271400bfaf1a0082940300432cea
:10b374000a00601080100200029d033c342a6324fa
:10b38400211043000000428c09f840000000000036
:10b394001400bf8f0800e0031800bd2767ec400fbe
:0cb3a400f7ff0524fbff00101400bf8f12
:020000040000fa
:020000041d03da
:10b3b000e8ffbd271400bfaf1a0082940800432c99
:10b3c0000a00601080100200029d033c402a6324a2
:10b3d000211043000000428c09f8400000000000ea
:10b3e0001400bf8f0800e0031800bd2767ec400f72
:0cb3f000f7ff0524fbff00101400bf8fc6
:020000040000fa
:020000041d03da
:10b3fc00e8ffbd271400bfaf1a0082940600432c4f
:10b40c000a00601080100200029d033c602a632435
:10b41c00211043000000428c09f84000000000009d
:10b42c001400bf8f0800e0031800bd2767ec400f25
:0cb43c00f7ff0524fbff00101400bf8f79
:020000040000fa
:020000041d03da
:10b44800e8ffbd271400bfaf1a0082940300432c05
:10b458000a00601080100200029d033c782a6324d1
:10b46800211043000000428c09f840000000000051
:10b478001400bf8f0800e0031800bd2767ec400fd9
:0cb48800f7ff0524fbff00101400bf8f2d
:020000040000fa
:020000041d03da
:10b49400e8ffbd271400bfaf1a0082940500432cb7
:10b4a400060060148010020067ec400ff7ff0524cb
:10b4b4001400bf8f0800e0031800bd27029d033c61
:10b4c400842a6324211043000000428c09f84000c0
:0cb4d40000000000f7ff00101400bf8f04
:020000040000fa
:020000041d03da
:10b4e000e8ffbd271400bfaf1c0082940b00432c63
:10b4f0000a00601080100200029d033c982963241a
:10b50000211043000000428c09f8400000000000b8
:10b510001400bf8f0800e0031800bd2767ec400f40
:0cb52000f7ff0524fbff00101400bf8f94
:020000040000fa
:020000041d03da
:10b52c00e0ffbd271c00bfaf1800b1af1400b0afd7
:10b53c00258880002580a000c7f5400f252000023b
:10b54c0006004014252840001c00bf8f1800b18f46
:10b55c001400b08f0800e0032000bd27b3f8400fa3
:0cb56c0025202002f4ff00100000000069
:020000040000fa
:020000041d03da
:10b57800e8ffbd271400bfaf1000b0af25808000e2
:10b58800040080ac000080ac080080ac01000724f7
:10b598000100062425280000b2cb400f0c008424ab
:10b5a800010042380100422c100002a21400bf8f93
:0cb5b8001000b08f0800e0031800bd2751
:020000040000fa
:020000041d03da
:10b5c400e8ffbd271400bfaf10808487ffff02246b
:10b5d400060082507480848f1cee400f000000002f
:10b5e400ffff0224108082a77480848f05008010de
:10b5f4001400bf8ffbf8400f00000000748080af80
:0cb604001400bf8f0800e0031800bd27f1
:020000040000fa
:020000041d03da
:10b61000e8ffbd271400bfaf8080828f0c00401868
:10b62000020002241800838c090062148480858f34
:10b6300000a0043c4afa400f682c84248080828f4a
:10b64000ffff422402004014808082af848080afdc
:0cb650001400bf8f0800e0031800bd27a5
:020000040000fa
:020000041d03da
:10b65c00e8ffbd271400bfaf1000b0af080080108a
:10b66c002580a0000000828c050040100000000026
:10b67c0029eb400f00000000050040141400bf8fa0
:10b68c000200001225100000b880828f1400bf8fba
:0cb69c001000b08f0800e0031800bd276c
:020000040000fa
:020000041d03da
:10b6a80000a0023c802343940e0060102510000087
:10b6b800bc80868f252800004400c28c06004050bc
:10b6c8000100a524000047940300e4540100a524c8
:10b6d8000800e0030400428cf7ffa3148c00c62482
:0cb6e800251000000800e0030000000036
:020000040000fa
:020000041d03da
:10b6f400e8ffbd271400bfaf1000b0af2580800065
:10b704000000848c0a0080101400bf8f47e6400fad
:10b714000000000083e4400f2c00042683e4400f63
:10b724001800042683e4400f040004261400bf8f8d
:0cb734001000b08f0800e0031800bd27d3
:020000040000fa
:020000041d03da
:10b74000e0ffbd271c00bfaf1800b1af1400b0afc1
:10b750000288a67030a4400f252820020500401062
:10b76000258040002530200225280000d2fb400f14
:10b7700025204000251000021c00bf8f1800b18f4b
:0cb780001400b08f0800e0032000bd277b
:020000040000fa
:020000041d03da
:10b78c00e8ffbd271400bfafec80828f0c0040187f
:10b79c00020003241800848c09008314ffff422448
:10b7ac0007004014ec8082aff480848f0500801079
:10b7bc001400bf8ffbf8400f00000000f48080af36
:0cb7cc001400bf8f0800e0031800bd2728
:020000040000fa
:020000041d03da
:10b7d800e8ffbd271400bfaf0c818487ffff022458
:10b7e800060082500481848f1cee400f0000000088
:10b7f800ffff02240c8182a70481848f050080103a
:10b808001400bf8ffbf8400f00000000048180afd8
:0cb818001400bf8f0800e0031800bd27db
:020000040000fa
:020000041d03da
:10b82400e8ffbd271400bfaf0881828f0c004018c9
:10b83400020003241800848c09008314ffff4224af
:10b8440007004014088182af0c818387ffff022424
:10b85400040062101400bf8ff6ed400f00000000da
:0cb864001400bf8f0800e0031800bd278f
:020000040000fa
:020000041d03da
:10b87000e8ffbd271400bfaf6bfa400f1000b0af58
:10b88000258040000900001225100000ffff05344c
:10b8900073f9400f1081842701df400f252000023b
:10b8a0007ff9400f10818427010002241400bf8f0c
:0cb8b0001000b08f0800e0031800bd2756
:020000040000fa
:020000041d03da
:10b8bc00e8ffbd271400bfaf1000b0af6cff400f06
:10b8cc00a081908f4018020021186200801803009c
:10b8dc002110030201000324040043a0050040a032
:10b8ec00a481828f01004224a48182af1400bf8ff7
:0cb8fc001000b08f0800e0031800bd270a
:020000040000fa
:020000041d03da
:10b90800e0ffbd271c00bfaf1800b1af1400b0aff7
:10b918002086047cffff0224070002122588a0006d
:10b92800fafa400f2520a000ffff46302528200204
:10b938003e99400f252000021c00bf8f1800b18fd0
:0cb948001400b08f0800e0032000bd27b1
:020000040000fa
:020000041d03da
:10b9540018ffbd27e400bfafe000b0af2580800032
:10b96400f000a6aff400a7aff000a7271000a7af20
:10b974002530a000c80005241ec5400f1400a427cc
:10b984001400a52742ee400f25200002e400bf8fdb
:0cb99400e000b08f0800e003e800bd27d1
:020000040000fa
:020000041d03da
:10b9a000f8ffbd270400bfaf00606241c000000087
:10b9b00081bf023c30f240ac99aa033c5566632437
:10b9c00030f243ac6655033caa99633430f243ac81
:10b9d00081bf023c0100032418f643ac81bf023c46
:0cb9e00010f6428cffff00100000000079
:020000040000fa
:020000041d03da
:10b9ec00d0ffbd272c00bfaf019d023ce83742249d
:10b9fc001400a2af010002241800a2af019d023c6a
:10ba0c005c3742241c00a2af110002242000a2af1c
:10ba1c002400a0af1000a52737bf400f2520000041
:0cba2c002c00bf8f0800e0033000bd2795
:020000040000fa
:020000041d03da
:10ba38001000801025100000e8ffbd271400bfafdc
:10ba48001000b0af2b188500060060142580a000f8
:10ba58000200062491d5400f25280000010040541b
:10ba6800380050ac1400bf8f1000b08f0800e003fe
:0cba78001800bd270800e00300000000db
:020000040000fa
:020000041d03da
:10ba8400e8ffbd271400bfaf1000b0af2580a000b1
:10ba9400009d053c05fb400fd022a524251840003d
:10baa4000600601425100000009d053cdc22a5243e
:10bab40005fb400f252000020100422c1400bf8f1b
:0cbac4001000b08f0800e0031800bd2740
:020000040000fa
:020000041d03da
:10bad000401003240e008314ffff022400a0023c48
:10bae000840243900100643009008010ffff0224ab
:10baf00002006330060060140100042400a0023c30
:10bb000070024224140043904408837c140043a034
:08bb10000800e0030000000042
:020000040000fa
:020000041d03da
:10bb180006008010f5ff02240800838c00a0023c78
:10bb28005829422407006210f5ff02240800e003a8
:10bb3800000000005a2942940000c2ac0800e0034b
:10bb480025100000fbffc05400a0023c2510000097
:08bb58000800e00300000000fa
:020000040000fa
:020000041d03da
:10bb6000e0ffbd271c00bfaf1800b1af1400b0af9d
:10bb7000258080002588c000f3ff400fff00a5301e
:10bb8000ff002532f7ff400f252000029dfd400fea
:10bb9000252000021c00bf8f1800b18f1400b08f49
:08bba0000800e0032000bd27ae
:020000040000fa
:020000041d03da
:10bba800e8ffbd271400bfafb080828f0100422498
:10bbb800b08082af00a0023ce820422408004394f1
:10bbc80002006334080043a4253000000200052465
:10bbd80000a0043c96f2400ff82084241400bf8f84
:08bbe8000800e0031800bd276e
:020000040000fa
:020000041d03da
:10bbf000001003240e0083102510000000a0023c5a
:10bc0000802343940a00601025100000bc80828fbe
:10bc100025280000020046940500c4100000000022
:10bc20000100a524fbffa3148c0042242510000072
:08bc30000800e0030000000021
:020000040000fa
:020000041d03da
:10bc38000f008010251000004200839440006330fc
:10bc48000b00601000000000e8ffbd271400bfaf24
:10bc58004400828c3c00428c09f840007000848cbf
:10bc68000100422c1400bf8f0800e0031800bd2714
:08bc78000800e00300000000d9
:020000040000fa
:020000041d03da
:10bc80000f008010251000004200839440006330b4
:10bc90000b00601000000000e8ffbd271400bfafdc
:10bca0004400828c4400428c09f840007000848c6f
:10bcb0000100422c1400bf8f0800e0031800bd27cc
:08bcc0000800e0030000000091
:020000040000fa
:020000041d03da
:10bcc800e8ffbd271400bfaf0f0005242dda400f91
:10bcd8000c000424020043300600601401004230c6
:10bce80005004014252000001400bf8f0800e00361
:10bcf8001800bd27010004240824400f000000009c
:08bd0800faff00101400bf8fc8
:020000040000fa
:020000041d03da
:10bd10002481858f0e00a018010002242881838fc2
:10bd2000251000000000668c0500c0500100422470
:10bd30002a00c6940600c4502510000001004224c9
:10bd4000f8ff4514040063240800e0030100022406
:08bd50000800e0030000000000
:020000040000fa
:020000041d03da
:10bd5800e0ffbd271c00bfaf1800b1af1400b0afa3
:10bd68002580a0006bfa400f2588c00025204000e0
:10bd78000400801025100000253020023dd6400f19
:10bd8800252800021c00bf8f1800b18f1400b08f47
:08bd98000800e0032000bd27b4
:020000040000fa
:020000041d03da
:10bda000e8ffbd271400bfaf1000b0af6bfa400f23
:10bdb0002580a00025184000070060102510000015
:10bdc000280070a44000628c01000424448c827c12
:10bdd000400062ac010002241400bf8f1000b08f3d
:08bde0000800e0031800bd2774
:020000040000fa
:020000041d03da
:10bde80076008590fdffa324ff0063300300632cd9
:10bdf80004006014030002240800a538010003248d
:10be08000b1065003e0083940002643001008054ea
:10be180004004234000463300100605408004234d6
:08be28000800e0030000000027
:020000040000fa
:020000041d03da
:10be30004c81838f0e006010010002245c81858f8d
:10be4000251000000000a68c0500c050010042240f
:10be50006200c6940600c450251000000100422470
:10be6000f8ff43140400a5240800e00301000224a5
:08be70000800e00300000000df
:020000040000fa
:020000041d03da
:10be7800e8ffbd271400bfaf81fa400f00000000a3
:10be88002518400009006010010002243e00649457
:10be98000002843005008010251000003e006294e6
:10bea800444a027c3e0062a4010002241400bf8fb1
:08beb8000800e0031800bd279b
:020000040000fa
:020000041d03da
:10bec000e8ffbd271400bfaf81fa400f000000005b
:10bed00025184000090060102510000076006490cd
:10bee000fdff8324ff0063300300632c0300601414
:10bef00001000224080084380100822c1400bf8f46
:08bf00000800e0031800bd2752
:020000040000fa
:020000041d03da
:10bf08000d008290c0004230800003240c004314ce
:10bf180000000000e8ffbd271400bfaf3afc400f47
:10bf2800010005240300401060000324000043ac16
:10bf3800070040a01400bf8f0800e0031800bd27c9
:08bf48000800e0030000000006
:020000040000fa
:020000041d03da
:10bf5000e8ffbd271400bfaf1000b0af2580800000
:10bf600076f2400f252000020500401425284000ed
:10bf70001400bf8f1000b08f0800e0031800bd2729
:10bf80006881848f0c00828c09f84000000000005a
:08bf9000f3ff001000000000a7
:020000040000fa
:020000041d03da
:10bf9800e8ffbd271400bfaf1000b0af25808000b8
:10bfa800c7f5400f25200002050040142528400051
:10bfb8001400bf8f1000b08f0800e0031800bd27e1
:10bfc8006881848f0c00828c09f840000000000012
:08bfd800f3ff0010000000005f
:020000040000fa
:020000041d03da
:10bfe000e8ffbd27080080101400bfaf0100022445
:10bff0000900821000000000251000001400bf8f0f
:10c000000800e0031800bd277bff400f0000000080
:10c01000faff00102510000076f0400f000000002d
:08c02000f6ff001025100000de
:020000040000fa
:020000041d03da
:10c02800e8ffbd271400bfaf88bf023c3010448c26
:10c0380088bf023c01000324341043acec81828f9a
:10c048000600401001008430ec8182270400458cf2
:10c058000000428c09f84000000000001400bf8f67
:08c068000800e0031800bd27e9
:020000040000fa
:020000041d03da
:10c070001800828c200083242b1862000c006010b2
:10c08000ffff4224e8ffbd271400bfaf0000838cf0
:10c09000180082ac0000628c0000a58c09f84000fa
:10c0a0000400848c1400bf8f0800e0031800bd2733
:08c0b0000800e003000000009d
:020000040000fa
:020000041d03da
:10c0b800e8ffbd271400bfaf1000b0af00a0103cd0
:10c0c800a827102631000592adfa400f0800048e0b
:10c0d80030000292050040141400bf8f00a0043cf9
:10c0e80097f9400fe02784241400bf8f1000b08f09
:08c0f8000800e0031800bd2759
:020000040000fa
:020000041d03da
:10c10000e8ffbd271400bfaf2082828f04004014d7
:10c110000000000007f8400f01000424208282afd5
:10c120004fdc400f000000002082868f2538000081
:10c1300025204000304f400f252860001400bf8f9d
:08c140000800e0031800bd2710
:020000040000fa
:020000041d03da
:10c14800e8ffbd271400bfaf2082828f040040148f
:10c158000000000007f8400f01000424208282af8d
:10c168004fdc400f000000002082868f2538000039
:10c1780025204000304f400f252860001400bf8f55
:08c188000800e0031800bd27c8
:020000040000fa
:020000041d03da
:10c19000e8ffbd271400bfaf1000b0af7bff400f1a
:10c1a00025808000dfce400f252000022f78400f31
:10c1b00025804000040000162510000270fc400f8e
:10c1c00000000000251000021400bf8f1000b08f87
:08c1d0000800e0031800bd2780
:020000040000fa
:020000041d03da
:10c1d800f8ffbd270400bfaf00600240847a027cec
:10c1e800000c423400608240c00000006082828ff0
:10c1f800070040100400bf8f4082838f4400628c88
:10c2080001004224440062ac4082828f0400bf8f48
:08c218000800e0030800bd2747
:020000040000fa
:020000041d03da
:10c2200000a0033cc4296324251000000800052455
:10c230000000668c0800c45401004224401802002b
:10c24000211862008018030000a0023cc429422487
:10c250000800e00321104300f5ff45140c0063249f
:08c260000800e00325100000b6
:020000040000fa
:020000041d03da
:10c268000000023c00004224070040100000023c8d
:10c278000000422405004050049d023c3f0000702d
:10c288000800e00300000000049d023c14c9422499
:10c2980003004014000000000800e0030000000054
:08c2a80009f84000000000004d
:020000040000fa
:020000041d03da
:10c2b0000f00c01025100000ffffc6242518000045
:10c2c00021108300000042902138a3000700401095
:10c2d0000000e7900600e050231047000400c35020
:10c2e00023104700f6ff4710010063242310470086
:08c2f0000800e003000000005b
:020000040000fa
:020000041d03da
:10c2f8000e00a01000000000e8ffbd271400bfaf2b
:10c308001000b0af2580a0002528000095f3400f4d
:10c31800e000848c000002ae251000001400bf8fde
:10c328001000b08f0800e0031800bd270800e003e4
:04c3380025100000cc
:020000040000fa
:020000041d03da
:10c33c000e00a01000000000e8ffbd271400bfafe6
:10c34c001000b0af2580a0000100052495f3400f2c
:10c35c00e000848c000002ae251000001400bf8f9a
:10c36c001000b08f0800e0031800bd270800e003a0
:04c37c002510000088
:020000040000fa
:020000041d03da
:10c380000e00a01000000000e8ffbd271400bfafa2
:10c390001000b0af2580a0002528000095f3400fc5
:10c3a000d800848c000002ae251000001400bf8f5e
:10c3b0001000b08f0800e0031800bd270800e0035c
:04c3c0002510000044
:020000040000fa
:020000041d03da
:10c3c40006008010f5ff02240800838c00a0023cc4
:10c3d4005829422406006210f5ff02240800e003f5
:10c3e400000000000000a2ac0800e00325100000db
:10c3f400fcffa0543c00828c251000000800e003e0
:04c404000000000034
:020000040000fa
:020000041d03da
:10c40800e8ffbd271400bfaf1000b0afcfbb400f8f
:10c418002580800008004104f7ff052467ec400fe1
:10c4280025200002251000001400bf8f1000b08fd7
:10c438000800e0031800bd2702004238faff001088
:04c448002b100200b3
:020000040000fa
:020000041d03da
:10c44c00e8ffbd271400bfaf2510a0000010a330db
:10c45c0007006010fbff052400024230040040146a
:10c46c00f9ff05242000c630f8ff05240b28060030
:10c47c0067ec400f000000001400bf8f0800e003c1
:04c48c001800bd27b0
:020000040000fa
:020000041d03da
:10c490000e008010f5ff02240800838c00a0023cef
:10c4a0005829422409006214f5ff0224e8ffbd2741
:10c4b0001400bfaf67ec400ff4ff05242510000007
:10c4c0001400bf8f0800e0031800bd270800e00338
:04c4d0000000000068
:020000040000fa
:020000041d03da
:10c4d4000e00801025100000420083944000633059
:10c4e4000a006010000000000300a2880000a29867
:10c4f4003f0082a83c0082b80400a290400082a0c1
:10c504000500a290410082a0010002240800e0037b
:04c514000000000023
:020000040000fa
:020000041d03da
:10c51800e8ffbd271400bfaf1000b0af2580800032
:10c52800ed67400f00008494000002a6ed67400ffd
:10c5380002000496020002a6ed67400f060004966a
:10c54800060002a61400bf8f1000b08f0800e00399
:04c558001800bd27e3
:020000040000fa
:020000041d03da
:10c55c000400a38c0300632c0c006014ffff022466
:10c56c000000a28c35000324000043a0010003242a
:10c57c00010043a00c00a38c0900042401006450aa
:10c58c0003000324020043a0030002240800e0037c
:04c59c00000000009b
:020000040000fa
:020000041d03da
:10c5a0000400a38c0500632c0c006014ffff022420
:10c5b0000000a28c37000324000043a003000324e2
:10c5c000010043a001000424020044a0030043a092
:10c5d00006000324040043a0050002240800e00331
:04c5e0000000000057
:020000040000fa
:020000041d03da
:10c5e4000e008010251080000000848c01000324bc
:10c5f4000800831400000000e8ffbd271400bfaf4b
:10c60400c884400f252040001400bf8f0800e003b9
:10c614001800bd270800e003251000000800e0030f
:04c624000000000012
:020000040000fa
:020000041d03da
:10c62800e8ffbd271400bfaf1000b0af2000858c15
:10c638000600a010258080002081848f0c00828c49
:10c6480009f8400000000000200000aedff1400fb4
:10c65800252000021400bf8f1000b08f0800e003ef
:04c668001800bd27d2
:020000040000fa
:020000041d03da
:10c66c00e8ffbd271400bfaf1000b0af4c00902402
:10c67c00c7f5400f2520000205004014252040007e
:10c68c001400bf8f1000b08f0800e0031800bd2706
:10c69c0009000624dae1400fefff0524f4ff001037
:04c6ac00000000008a
:020000040000fa
:020000041d03da
:10c6b000e8ffbd271400bfaf6bfa400f1000b0af0a
:10c6c0000700401025800000252040003000428ceb
:10c6d000010040543600909413e5400f0000000024
:10c6e000251000021400bf8f1000b08f0800e00377
:04c6f0001800bd274a
:020000040000fa
:020000041d03da
:10c6f4000800858c1000838c0c00a310251000000a
:10c70400640083940900601001000624e8ffbd273b
:10c714001400bfaf9e14400f100005240100422cea
:10c724001400bf8f0800e0031800bd270800e003d1
:04c734000000000001
:020000040000fa
:020000041d03da
:10c73800e8ffbd271400bfaf81fa400f1000b0af6b
:10c7480025804000070000122510000078f7400ff0
:10c7580025200002040040101400bf8fbdf1400fd7
:10c76800252000021400bf8f1000b08f0800e003de
:04c778001800bd27c1
:020000040000fa
:020000041d03da
:10c77c000e00801000000000e8ffbd271400bfafc2
:10c78c001000b0af05ec400f258080006881848fcd
:10c79c000c00828c09f84000252800021400bf8f81
:10c7ac001000b08f0800e0031800bd270800e0035c
:04c7bc000000000079
:020000040000fa
:020000041d03da
:10c7c0001000828c0800438c0e00648cf0008430d2
:10c7d0006000072409008714251000000300a01042
:10c7e00000000000260062240000a2ac0300c0107c
:10c7f00001000224160063240000c3ac0800e0031b
:04c800000000000034
:020000040000fa
:020000041d03da
:10c80400e8ffbd27070080101400bfaf0100022419
:10c8140008008210000000001400bf8f0800e0032d
:10c824001800bd272f78400f00000000fbff001008
:10c834001400bf8f8be5400f00000000f7ff0010cd
:04c844001400bf8f8e
:020000040000fa
:020000041d03da
:10c848000000838c0d00601425100000e8ffbd2750
:10c858001400bfaf1000b0af2580800045e9400f3d
:10c8680001000424000002ae010002241400bf8f5e
:10c878001000b08f0800e0031800bd270800e0038f
:04c8880000000000ac
:020000040000fa
:020000041d03da
:10c88c00e8ffbd271400bfaf2082828f0400401444
:10c89c000000000007f8400f01000424208282af42
:10c8ac006400410f000000002082838f1b004300b6
:10c8bc00f4016000121000001400bf8f0800e003a8
:04c8cc001800bd276c
:020000040000fa
:020000041d03da
:10c8d0000e00801000000000e8ffbd271400bfaf6d
:10c8e0001000b0af7bff400f25808000bbe5400ffc
:10c8f000252000022f78400f000000001400bf8f99
:10c900001000b08f0800e0031800bd270800e00306
:04c910000000000023
:020000040000fa
:020000041d03da
:10c9140000606041c000000099aa033c81bf023c52
:10c924005566632430f240ac30f243ac6655033ca8
:10c93400aa99633430f243ac81bf023c0100032462
:10c9440018f643ac81bf023c10f6428c47f2400b10
:04c9540000000000df
:020000040000fa
:020000041d03da
:10c958000000828c090040540000a2ac040085aca1
:10c96800000085ac0400a0ac0000a0ac0800828cdc
:10c97800010042240800e003080082ac0400a0acd7
:10c988000000828c040045acf8ff0010000085ac64
:020000040000fa
:020000041d03da
:10c998000000828c090040540000a0ac040085ac63
:10c9a800000085ac0400a0ac0000a0ac0800828c9c
:10c9b800010042240800e003080082ac0400828cd5
:10c9c8000400a2ac000045acf8ff0010040085ace0
:020000040000fa
:020000041d03da
:10c9d8000000828c09004010000000000400838cd5
:10c9e800080062540000438c040080ac000080ac56
:10c9f8000800838cffff6324080083ac0800e00371
:10ca080000000000000083acf9ff0010040060acd7
:020000040000fa
:020000041d03da
:10ca18000400828c09004010000000000000838c94
:10ca2800080062540400438c040080ac000080ac11
:10ca38000800838cffff6324080083ac0800e00330
:10ca480000000000040083acf9ff0010000060ac97
:020000040000fa
:020000041d03da
:10ca58000400838c0c0060102538c000e8ffbd2757
:10ca68001400bfaf00a0023ce8204224231082003b
:10ca78002530a00009f86000032902001400bf8fc8
:10ca88000800e0031800bd270800e00300000000cc
:020000040000fa
:020000041d03da
:10ca98000d00801025100000020002240500a214d9
:10caa8000100032442008294080042380800e00391
:10cab800c000427c0400a3142510000042008294a8
:10cac800100042380001427c0800e003000000002a
:020000040000fa
:020000041d03da
:10cad8000d00a010251000000000a38c0a006010b3
:10cae800000000000600c0500c00a6a4a480828f9d
:10caf8002b18c200010060542036027c0c00a6a44a
:10cb08000a00a6a4010002240800e00300000000b7
:020000040000fa
:020000041d03da
:10cb180000a0023c802342240b00441400000000c3
:10cb2800e8ffbd271400bfafbc80828f040040100f
:10cb38001400bf8f9ba5400f000000001400bf8f9a
:10cb48000800e0031800bd270800e003000000000b
:020000040000fa
:020000041d03da
:10cb58000d0080102510000000a0023c282b468cf8
:10cb68000900c01025100000e8ffbd271400bfaf62
:10cb780000a0053c69e8400f402ba5241400bf8f96
:10cb88000800e0031800bd270800e00300000000cb
:020000040000fa
:020000041d03da
:10cb98000400a38c0600632c0b006014ffff022422
:10cba8000000a38c01006690040004240600c4144d
:10cbb8000000000005006288020062980f00a2a829
:10cbc8000c00a2b8060002240800e00300000000e0
:020000040000fa
:020000041d03da
:10cbd800e8ffbd271400bfaf6bfa400f1000b0afdd
:10cbe800060040102580400073dd400f25204000de
:10cbf80002004050258000000800108e2510000219
:10cc08001400bf8f1000b08f0800e0031800bd2784
:020000040000fa
:020000041d03da
:10cc18000d00801025108000e8ffbd271400bfaf6d
:10cc2800abc8400f00000000050040101400bf8f83
:10cc38000400428c01004054040042241400bf8fb9
:10cc48000800e0031800bd270800e003000000000a
:020000040000fa
:020000041d03da
:10cc58000d00801025100000e8ffbd271400bfafad
:10cc6800cc81868f0500c010049d073cf8f4e724aa
:10cc780000a0053c09ca400fa82ba5241400bf8fab
:10cc88000800e0031800bd270800e00300000000ca
:020000040000fa
:020000041d03da
:10cc9800d400828c0c004010000000000400458c79
:10cca800d000828c0800451000000000e8ffbd2776
:10ccb8001400bfafbda2400f000000001400bf8fda
:10ccc8000800e0031800bd270800e003000000008a
:020000040000fa
:020000041d03da
:10ccd800d400828c05004050cc00858c0000458c27
:10cce800cc00828c0800451000000000e8ffbd273a
:10ccf8001400bfafbda2400f000000001400bf8f9a
:10cd08000800e0031800bd270800e0030000000049
:020000040000fa
:020000041d03da
:10cd1800e8ffbd271400bfaf3082828f06004014a1
:10cd2800ffff0534ecc1400f000000003082828f05
:10cd380004004010ffff053473f9400f2c8284274c
:10cd48003082828f1400bf8f0800e0031800bd27cf
:020000040000fa
:020000041d03da
:10cd58001000838c0400858c0800828c0800a2ac2b
:10cd68000400858c040045ac0400628c0400445423
:10cd7800100080ac0800828c040062ac100080ac0b
:10cd88000000628cffff42240800e003000062ac50
:020000040000fa
:020000041d03da
:10cd9800e8ffbd271400bfaf1000b0af00a0103ce3
:10cda80081d6400f000000004c28028e0200422c61
:10cdb800fbff4014000000000068024000014234fc
:10cdc80000688240c0000000f5ff0010000000006d
:020000040000fa
:020000041d03da
:10cdd8008400832425108000252840000100422477
:10cde8000000a0a0fdff431425284000251880005e
:10cdf800840084242510000000006590010063244d
:10ce0800fdff8314251045000800e0032b100200e5
:020000040000fa
:020000041d03da
:10ce1800e8ffbd271400bfaf1000b0af2580800029
:10ce2800140082900421027c4429027c40f0400fc7
:10ce3800140082a0700002ae840000ae1400bf8f00
:0cce48001000b08f0800e0031800bd27a8
:020000040000fa
:020000041d03da
:10ce54000000838c08006014251000000800e00323
:10ce6400000000000400638cc001637c0100655075
:10ce740001004224251880000000648cf9ff80140e
:0cce8400000000000800e00300000000b7
:020000040000fa
:020000041d03da
:10ce90000c0080142538c000e8ffbd271400bfaf88
:10cea0002530a000009d053cd7c8400f2800a524d0
:10ceb0003880828ffeff40141400bf8f0800e0030b
:0ccec0001800bd270800e003000000007f
:020000040000fa
:020000041d03da
:10cecc000c0080142538c000e8ffbd271400bfaf4c
:10cedc002530a000009d053cd7c8400f4800a52474
:10ceec003c80828ffeff40141400bf8f0800e003cb
:0ccefc001800bd270800e0030000000043
:020000040000fa
:020000041d03da
:10cf0800e8ffbd271400bfaf1000b0af2580800038
:10cf1800dde2400f01000524040040100400022453
:10cf28001a0002a6090002241c0002a61400bf8fe2
:0ccf38001000b08f0800e0031800bd27b7
:020000040000fa
:020000041d03da
:10cf4400e8ffbd271400bfaf1000b0af25808000fc
:10cf5400dde2400f0900052404004010040002240f
:10cf64001a0002a6070002241c0002a61400bf8fa8
:0ccf74001000b08f0800e0031800bd277b
:020000040000fa
:020000041d03da
:10cf8000e8ffbd271400bfaf1000b0af25808000c0
:10cf9000008006340fe3400f2528000003004010f6
:10cfa000010002241a0002a61c0000a61400bf8f74
:0ccfb0001000b08f0800e0031800bd273f
:020000040000fa
:020000041d03da
:10cfbc00e8ffbd271400bfaf1000b0af02f1400f67
:10cfcc0025808000060040101400bf8f34000696a8
:10cfdc002200059613f1400f252000021400bf8f8c
:0ccfec001000b08f0800e0031800bd2703
:020000040000fa
:020000041d03da
:10cff8000c0080142538c000e8ffbd271400bfaf1f
:10d008002530a000009d053cd7c8400f8800a52406
:10d018004480828ffeff40141400bf8f0800e00395
:0cd028001800bd270800e0030000000015
:020000040000fa
:020000041d03da
:10d03400e8ffbd271400bfaf1000b0afc4d3400f4a
:10d04400010005240500401025804000a578400f0c
:10d05400252040007ff9400f0400048e1400bf8f88
:0cd064001000b08f0800e0031800bd278a
:020000040000fa
:020000041d03da
:10d070000c008010251000004200839440006330b3
:10d080000800601000000000e8ffbd271400bfafdb
:10d09000defc400f000000001400bf8f0800e0031a
:0cd0a0001800bd270800e003000000009d
:020000040000fa
:020000041d03da
:10d0ac000c00801025100000420083944000633077
:10d0bc0008006010000000000800828c271002009d
:10d0cc000400838c251043000000a38c2610430021
:0cd0dc000100422c0800e00300000000ee
:020000040000fa
:020000041d03da
:10d0e8000c0080102510000042008394400063303b
:10d0f8000800601000000000e8ffbd271400bfaf63
:10d1080064fb400f000000001400bf8f0800e0031c
:0cd118001800bd270800e0030000000024
:020000040000fa
:020000041d03da
:10d12400e8ffbd271400bfaf0100063c0200c6247f
:10d134001c000524dfb4400f380004240400401010
:10d14400049d033c34d86324080043ac0c0040ac79
:0cd154001400bf8f0800e0031800bd2786
:020000040000fa
:020000041d03da
:10d16000e8ffbd271400bfaf1000b0af25808000de
:10d170002520a000ffe6400f040005240c00038ecc
:10d180001b004300f4016000101000001400bf8f6a
:0cd190001000b08f0800e0031800bd275d
:020000040000fa
:020000041d03da
:10d19c00240080ac0c00828c0a004010251000008a
:10d1ac000000838c000060a40800858c21186500a9
:10d1bc00010042240c00858c2b284500faffa0545a
:0cd1cc00000060a40800e0030000000068
:020000040000fa
:020000041d03da
:10d1d8000c00801025100000e8ffbd271400bfaf29
:10d1e800c880868f0500c0101400bf8f00a0053cc2
:10d1f80069e8400f7c2ca5241400bf8f0800e003c9
:0cd208001800bd270800e0030000000033
:020000040000fa
:020000041d03da
:10d21400e8ffbd27010003240700c3141400bfafb7
:10d2240025300000ed7a400f010007241400bf8f61
:10d234000800e0031800bd272510c0002530a00019
:0cd2440002004238f7ff00100a28020028
:020000040000fa
:020000041d03da
:10d25000e8ffbd271400bfaf3881828f0800401857
:10d26000020003241800848c05008314ffff42246d
:10d2700003004014388182af76fa400f00000000ae
:0cd280001400bf8f0800e0031800bd2759
:020000040000fa
:020000041d03da
:10d28c001c00838c2000858c2b10650004004054fe
:10d29c001800828c231865000800e003ffff623041
:10d2ac00231045001400848c2318640021104300c3
:0cd2bc00010042240800e003ffff4230a4
:020000040000fa
:020000041d03da
:10d2c800e8ffbd271400bfaf480085ac7700839006
:10d2d8000200022404006214000000004c00828c4a
:10d2e80001004054300045ac5fd6400f7700859070
:0cd2f8001400bf8f0800e0031800bd27e1
:020000040000fa
:020000041d03da
:10d30400e8ffbd271400bfaf81fa400f0000000002
:10d314002520400006008010251000004c00838c5e
:10d32400040060101400bf8fa3e6400f000000004b
:0cd334001400bf8f0800e0031800bd27a4
:020000040000fa
:020000041d03da
:10d340000c00801025100000e8ffbd271400bfafbf
:10d350006881868f0500c0101400bf8f00a0053cb7
:10d3600069e8400f942ba5241400bf8f0800e00348
:0cd370001800bd270800e00300000000ca
:020000040000fa
:020000041d03da
:10d37c00e8ffbd271400bfafe081828f0800401882
:10d38c00020003241800848c05008314ffff422440
:10d39c0003004014e08182af9ec3400f00000000e8
:0cd3ac001400bf8f0800e0031800bd272c
:020000040000fa
:020000041d03da
:10d3b8000c0080102510000003008288000082986d
:10d3c800fc818327000062ac04828227000040ac05
:10d3d800040040ac02008294020062a4f88180af8d
:0cd3e800010002240800e0030000000027
:020000040000fa
:020000041d03da
:10d3f400e0ffbd271c00bfaf46f3400f1000a0aff5
:10d40400040040102520400004000624cff6400ffd
:10d414001000a5277ff9400f2c8284271000a28fcb
:0cd424001c00bf8f0800e0032000bd27a3
:020000040000fa
:020000041d03da
:10d43000e0ffbd271800b1af1400b0af2588a000f1
:10d440001c00bfaffafa400f258080001c00bf8f80
:10d4500025282002252000021800b18f1400b08f6b
:0cd460000100462410fb400b2000bd27fb
:020000040000fa
:020000041d03da
:10d46c000000848c03008104251000000800e003f8
:10d47c0000000000e8ffbd271400bfafdccb400f5d
:10d48c0000000000ffff03240100435025100000a2
:0cd49c001400bf8f0800e0031800bd273b
:020000040000fa
:020000041d03da
:10d4a800e0ffbd271800b0af1000a6af25808000b0
:10d4b8001c00bfaf1730400f1000a6270400038ed2
:10d4c8001c00bf8f10006330ffff04241800b08fca
:0cd4d8000b1083000800e0032000bd27bb
:020000040000fa
:020000041d03da
:10d4e4000800c010251080002000032423186600c3
:10d4f4000600601c0620c5000610c500252000009b
:10d50400252880000800e0032518a0000610c200aa
:10d5140004286500faff0010251045000800c0101b
:10d524002510800020000324231866000600601cd8
:10d534000428c5000428c40025200000251080000c
:10d544000800e0032518a000061062000420c400af
:08d55400faff00102528a200d7
:020000040000fa
:020000041d03da
:10d55c0000a0023c700242240900441400a0023cca
:10d56c0084024290010042300500401000a0023cb1
:10d57c0070024224140043904408037c140043a01e
:08d58c000800e00300000000ac
:020000040000fa
:020000041d03da
:10d594000000828c0a004010000000000400838c0c
:10d5a400030062540000438c040080ac2518000082
:10d5b400000083ac0800838cffff6324080083ac65
:08d5c4000800e0030000000074
:020000040000fa
:020000041d03da
:10d5cc0000a0023c582942240900441400a0023c4b
:10d5dc005829422402000324040043a40400a38c11
:10d5ec000c0043ac1000a38c140043ac240040a0ee
:08d5fc000800e003000000003c
:020000040000fa
:020000041d03da
:10d60400e8ffbd271400bfaf1000b0af2580800035
:10d61400dde2400f01000524030040100100022454
:10d624001a0002a61c0000a61400bf8f1000b08fc1
:08d634000800e0031800bd2707
:020000040000fa
:020000041d03da
:10d63c00e8ffbd271400bfaf1000b0af25808000fd
:10d64c00dde2400f0100052403004010010002241c
:10d65c001a0002a61c0000a61400bf8f1000b08f89
:08d66c000800e0031800bd27cf
:020000040000fa
:020000041d03da
:10d67400e8ffbd271400bfaf1000b0af25808000c5
:10d68400dde2400f252800000300401001000224c1
:10d694001a0002a61c0000a61400bf8f1000b08f51
:08d6a4000800e0031800bd2797
:020000040000fa
:020000041d03da
:10d6ac00e8ffbd271400bfaf1000b0af258080008d
:10d6bc00dde2400f010005240300401001000224ac
:10d6cc001a0002a61c0000a61400bf8f1000b08f19
:08d6dc000800e0031800bd275f
:020000040000fa
:020000041d03da
:10d6e4000000828c0a004010000000000400838cbb
:10d6f400030062540000438c040080ac2518000031
:10d70400000083ac0800838cffff6324080083ac13
:08d714000800e0030000000022
:020000040000fa
:020000041d03da
:10d71c000000828c0a004010000000000400838c82
:10d72c00030062540000438c040080ac25180000f8
:10d73c00000083ac0800838cffff6324080083acdb
:08d74c000800e00300000000ea
:020000040000fa
:020000041d03da
:10d75400100082900a004010ffff0534e8ffbd2747
:10d764001400bfaf73f9400f0c0084240100423849
:10d774000100422c1400bf8f0800e0031800bd27ed
:08d784000800e00300000000b2
:020000040000fa
:020000041d03da
:10d78c00100082900a00401000000000e8ffbd2746
:10d79c001400bfaf7ff9400f0c0084240100423805
:10d7ac000100422c1400bf8f0800e0031800bd27b5
:08d7bc000800e003000000007a
:020000040000fa
:020000041d03da
:10d7c400000000000000000001000000d800009ddf
:10d7d40002000000e000009d03000000841b009d87
:10d7e400ff0000000a000000fff00000ac10000081
:08d7f400ffff0000c0a80000c7
:020000040000fa
:020000041d03da
:10d7fc0000a0023c802343942b1883000800601087
:10d80c0025100000c01804002118640080180300c3
:10d81c002318640080180300bc80828f2110430001
:08d82c000800e0030000000009
:020000040000fa
:020000041d03da
:10d8340000a0023c682b428c080044502000828cdb
:10d84400e8ffbd271400bfaf28d7400f0000000039
:10d854001400bf8f0800e0031800bd27c418027c21
:08d864000800e003200082ac83
:020000040000fa
:020000041d03da
:10d86c001000838c0700632c09006014ffff022456
:10d87c001400828c05000324000043a00800838c54
:10d88c000400638c040043a8010043b80700022481
:08d89c000800e0030000000099
:020000040000fa
:020000041d03da
:10d8a400e8ffbd271400bfaf81fa400f000000005d
:10d8b4002520400005008010251000002294400f10
:10d8c4000100052427100200c21702001400bf8fb4
:08d8d4000800e0031800bd2765
:020000040000fa
:020000041d03da
:10d8dc0081bf023c00380324689043ac88bf023cf3
:10d8ec00e06040ac88bf023c07000324c46043ac3a
:10d8fc0088bf033c0900023c00804234e86162ac02
:08d90c000800e0030000000028
:020000040000fa
:020000041d03da
:10d9140000a0033ca02463240c00628c0800648ce7
:10d924002b1882000300601400a0033c0800e003ed
:10d9340023108200a02463241800638c211864003f
:08d944000800e003231062005b
:020000040000fa
:020000041d03da
:10d94c0000a0023ca02442242800448c2c00428cd1
:10d95c002b1882000300601400a0033c0800e003b5
:10d96c0023108200a02463243000638c21186400ef
:08d97c000800e0032310620023
:020000040000fa
:020000041d03da
:10d98400e8ffbd271400bfaf1c00a5a354d4400f6b
:10d99400fe8184970200032404004314010006243a
:10d9a4001c00a5276fea400ffe8184971400bf8fe7
:08d9b4000800e0031800bd2784
:020000040000fa
:020000041d03da
:10d9bc00e8ffbd271400bfaf1000b0af2580a0005a
:10d9cc00fafa400f2520a00025304000252800023f
:10d9dc006fea400ffe8184971400bf8f1000b08f48
:08d9ec000800e0031800bd274c
:020000040000fa
:020000041d03da
:10d9f400e0ffbd271c00bfaf1800b1af1400b0afeb
:10da040000a0103c502c1026029d023ca460518cb6
:10da140009f820020c00048eaeea400f0100042431
:08da2400fbff001000000000f0
:020000040000fa
:020000041d03da
:10da2c00f8ffbd270400bfaf00606241c0000000da
:10da3c000060024025184000847a037c010c63349a
:10da4c0000608340c0000000010042340400bf8f1e
:08da5c000800e0030800bd27eb
:020000040000fa
:020000041d03da
:10da6400e8ffbd271400bfaf1000b0af2580a000b1
:10da74004082858fb7e7400f1800a52401000524d4
:10da8400d294400f252000021400bf8f1000b08fe5
:08da94000800e0031800bd27a3
:020000040000fa
:020000041d03da
:10da9c000b00c01000000000000082900000a3905a
:10daac0003004310231043000800e00300000000b3
:10dabc00ffffc62401008424f5ff00100100a524fb
:08dacc000800e0032510000032
:020000040000fa
:020000041d03da
:10dad4000a00801053ff02240800a0100000000078
:10dae400e8ffbd271400bfaf7681400f000000009f
:10daf4001400bf8f0800e0031800bd270800e003ee
:04db0400000000001d
:020000040000fa
:020000041d03da
:10db08000a00801053ff02240800a0100000000043
:10db1800e8ffbd271400bfaf098e400f00000000ca
:10db28001400bf8f0800e0031800bd270800e003b9
:04db380000000000e9
:020000040000fa
:020000041d03da
:10db3c000a00801053ff02240800a010000000000f
:10db4c00e8ffbd271400bfafe281400f00000000ca
:10db5c001400bf8f0800e0031800bd270800e00385
:04db6c0000000000b5
:020000040000fa
:020000041d03da
:10db70000000a290200382a00100a290210382a0b5
:10db80000200a290100382a00300a290110382a0c1
:10db90000400a290000382a00500a2900800e00308
:04dba000010382a05b
:020000040000fa
:020000041d03da
:10dba400200382900000a2a0210382900100a2a081
:10dbb400100382900200a2a0110382900300a2a08d
:10dbc400000382900400a2a0010382900800e003f5
:04dbd4000500a2a006
:020000040000fa
:020000041d03da
:10dbd80000a0033c7002632408006414ffff0224c1
:10dbe80000a0023c840243900100633003006010ef
:10dbf800ffff022400a0023c8002428c0800e003e0
:04dc08000000000018
:020000040000fa
:020000041d03da
:10dc0c000800a28c09004010000000000400a38c46
:10dc1c008002637c030060100080033c0800e0037a
:10dc2c002510430000a0033c251043000800e0032e
:04dc3c0000000000e4
:020000040000fa
:020000041d03da
:10dc40000a008010ffff02240800828c02000324d7
:10dc500006004354ffff0224040083940100633054
:10dc6000ffff04240800e0030a1083000800e0031b
:04dc700000000000b0
:020000040000fa
:020000041d03da
:10dc7400000102240900c21401000624e8ffbd27a4
:10dc84001400bfaf0100052456cf400f1500042433
:10dc94001400bf8f0800e0031800bd270800e0034c
:04dca400000000007c
:020000040000fa
:020000041d03da
:10dca80042008294c420027c420082a40800a23070
:10dcb8000600401000000000420082940100032486
:10dcc800c418627c420082a4010002240800e00318
:04dcd8000000000048
:020000040000fa
:020000041d03da
:10dcdc00e8ffbd271400bfafeff8400f00000000b5
:10dcec0025184000040060102510000042006294ca
:10dcfc00001042380003427c1400bf8f0800e00380
:04dd0c001800bd2717
:020000040000fa
:020000041d03da
:10dd1000000102240900c21401000624e8ffbd2707
:10dd20001400bfaf0100052456cf400f0e0004249d
:10dd30001400bf8f0800e0031800bd270800e003af
:04dd400000000000df
:020000040000fa
:020000041d03da
:10dd4400000102240900c21401000624e8ffbd27d3
:10dd54001400bfaf0100052456cf400f0c0004246b
:10dd64001400bf8f0800e0031800bd270800e0037b
:04dd740000000000ab
:020000040000fa
:020000041d03da
:10dd7800000102240900c21401000624e8ffbd279f
:10dd88001400bfaf0100052456cf400f1300042430
:10dd98001400bf8f0800e0031800bd270800e00347
:04dda8000000000077
:020000040000fa
:020000041d03da
:10ddac00000102240900c21401000624e8ffbd276b
:10ddbc001400bfaf0100052456cf400f0f00042400
:10ddcc001400bf8f0800e0031800bd270800e00313
:04dddc000000000043
:020000040000fa
:020000041d03da
:10dde00077008390010002240600621002000524df
:10ddf00006006514251000004c00828c0800e0032a
:10de00002b1002004c00828c2b1002000800e00353
:04de1000000000000e
:020000040000fa
:020000041d03da
:10de14000a008010ffff0224e8ffbd271400bfaff3
:10de24002538c0002530a000904a400f0100052489
:10de34001400bf8f0800e0031800bd270800e003aa
:04de440000000000da
:020000040000fa
:020000041d03da
:10de48000a008010251000004200839440006330cf
:10de5800060060108001033c4000828c24104300bf
:10de680080ff033c211043000100422c0800e0031e
:04de780000000000a6
:020000040000fa
:020000041d03da
:10de7c00e8ffbd271400bfaf1000b0af6cff400f20
:10de8c006481908f0019020021106200c010020002
:10de9c00211002021400bf8f1000b08f0800e003a5
:04deac001800bd2776
:020000040000fa
:020000041d03da
:10deb000000202240900c21401000624e8ffbd2765
:10dec0001400bfaf0100052456cf400f1a000424f0
:10ded0001400bf8f0800e0031800bd270800e0030e
:04dee000000000003e
:020000040000fa
:020000041d03da
:10dee4002026047cffff0324080083102510000073
:10def400e8ffbd271400bfaf6e8b400f0000000089
:10df04001400bf8f0800e0031800bd270800e003d9
:04df14000000000009
:020000040000fa
:020000041d03da
:10df1800f8ffbd270400bfaf006802400008033cbb
:10df28002510430000688240c000000088bf023c02
:10df380001000324641043ac0400bf8f0800e00311
:04df48000800bd27e9
:020000040000fa
:020000041d03da
:10df4c0088bf023c00100324081043ac04000224d8
:10df5c0088bf033c981062ac88bf033cf81062acdd
:10df6c0088bf023c0f000324581143ac0800e003a7
:04df7c0000000000a1
:020000040000fa
:020000041d03da
:10df8000e8ffbd271400bfaf1000b0af00a0023cf7
:10df9000a02442243000508c53f6400fffff10267f
:10dfa000231002021400bf8f1000b08f0800e0039e
:04dfb0001800bd2771
:020000040000fa
:020000041d03da
:10dfb400e8ffbd271400bfaf1000b0af00a0023cc3
:10dfc400a02442241800508c45f6400fffff102671
:10dfd400231002021400bf8f1000b08f0800e0036a
:04dfe4001800bd273d
:020000040000fa
:020000041d03da
:10dfe800e8ffbd271400bfaf0000828c0000428c00
:10dff800009d053cf01fa52409f840000400848c0e
:10e0080068ee400f000000001400bf8f0800e00316
:04e018001800bd2708
:020000040000fa
:020000041d03da
:10e01c00e8ffbd271400bfaf00a0023cb427428c20
:10e02c00e8030624253800001900440012200000e3
:10e03c00304f400f102800001400bf8f0800e00381
:04e04c001800bd27d4
:020000040000fa
:020000041d03da
:10e050007882828f0000428c04004014ffff02246b
:10e060004c8282af0800e003000000007882828fbb
:10e070000c00428c0000428c4c8282af0800e0030e
:04e08000000000009c
:020000040000fa
:020000041d03da
:10e08400e8ffbd271400bfaf1000b0af76f0400f1b
:10e09400258080003800108e8be5400f00000000c2
:10e0a4000100022e1400bf8f1000b08f0800e0039f
:04e0b4001800bd276c
:020000040000fa
:020000041d03da
:10e0b800e8ffbd271000b0af1400bfafeec4400f9b
:10e0c8002580a00000004390ff0010321400bf8f8d
:10e0d800261870000b1003001000b08f0800e00332
:04e0e8001800bd2738
:020000040000fa
:020000041d03da
:10e0ec000900801053ff0224e8ffbd271400bfafc6
:10e0fc00aff9400f00000000251000001400bf8f86
:10e10c000800e0031800bd270800e0030000000031
:020000040000fa
:020000041d03da
:10e11c000000a0ac0400828c07004054000045ac09
:10e12c00040085ac000085ac0800828c0100422400
:10e13c000800e003080082acfbff0010040085ac73
:020000040000fa
:020000041d03da
:10e14c0009008010f5ff02240800838c00a0023c1b
:10e15c0058294224030062503c0085ac0800e003bf
:10e16c00f5ff0224251000000800e0030000000069
:020000040000fa
:020000041d03da
:10e17c00e8ffbd271400bfafcfbb400f000000006d
:10e18c002518400003006004f7ff022402006338e6
:10e19c000100622c1400bf8f0800e0031800bd279b
:020000040000fa
:020000041d03da
:10e1ac000000a0ac0400828c07004054000045ac79
:10e1bc00040085ac000085ac0800828c0100422470
:10e1cc000800e003080082acfbff0010040085ace3
:020000040000fa
:020000041d03da
:10e1dc00d8ffbd272400bfaf010002241800a2af56
:10e1ec003800a28f1400a2af1000a7af8d8c400f87
:10e1fc00253800002400bf8f0800e0032800bd274d
:020000040000fa
:020000041d03da
:10e20c00d8ffbd272400bfaf020002241800a2af24
:10e21c003c00a28f1400a2af3800a28f8d8c400f4f
:10e22c001000a2af2400bf8f0800e0032800bd2718
:020000040000fa
:020000041d03da
:10e23c00d8ffbd272400bfaf030002241800a2aff3
:10e24c003800a28f1400a2af1000a7af8d8c400f26
:10e25c00253800002400bf8f0800e0032800bd27ec
:020000040000fa
:020000041d03da
:10e26c00d8ffbd272400bfaf040002241800a2afc2
:10e27c003800a28f1400a2af1000a7af8d8c400ff6
:10e28c00253800002400bf8f0800e0032800bd27bc
:020000040000fa
:020000041d03da
:10e29c00d8ffbd272400bfaf050002241800a2af91
:10e2ac003c00a28f1400a2af3800a28f8d8c400fbf
:10e2bc001000a2af2400bf8f0800e0032800bd2788
:020000040000fa
:020000041d03da
:10e2cc000000a0ac0400828c07004054000045ac58
:10e2dc00040085ac000085ac0800828c010042244f
:10e2ec000800e003080082acfbff0010040085acc2
:020000040000fa
:020000041d03da
:10e2fc00e8ffbd271400bfafdce9400f2528000064
:10e30c0025184000030060102510000002006294e4
:10e31c00010042301400bf8f0800e0031800bd2735
:020000040000fa
:020000041d03da
:10e32c00e8ffbd271400bfafdce9400f2528000033
:10e33c0025184000030060102510000002006294b4
:10e34c004000427c1400bf8f0800e0031800bd277a
:020000040000fa
:020000041d03da
:10e35c0009008010251000004200839440006330b7
:10e36c0005006010000000000800828c27100200dd
:10e37c000400838c251043000800e003000000001b
:020000040000fa
:020000041d03da
:10e38c00420082940410027c420082a40100a2305c
:10e39c000500401000000000420083940100052499
:10e3ac000400a37c420083a40800e00300000000ea
:020000040000fa
:020000041d03da
:10e3bc0009008010251080004200839440006330d7
:10e3cc00050060502510000082008390010063302e
:10e3dc000800e0030a1003000800e003000000003e
:020000040000fa
:020000041d03da
:10e3ec000900801000000000e8ffbd271400bfaf3b
:10e3fc0010000624d2fb400f252800001400bf8f0c
:10e40c000800e0031800bd270800e003000000002e
:020000040000fa
:020000041d03da
:10e41c000000a294010042300700401000000000f0
:10e42c000000a2940400027c0000a2a42400828cb0
:10e43c00ffff4224240082ac0800e003000000002f
:020000040000fa
:020000041d03da
:10e44c00e8ffbd27040080101400bfaf4200829487
:10e45c00400042300a20020025300000ca93400fd1
:10e46c00252800001400bf8f0800e0031800bd270a
:020000040000fa
:020000041d03da
:10e47c00e8ffbd27040080101400bfaf4200829457
:10e48c00400042300a20020025300000ca93400fa1
:10e49c00010005241400bf8f0800e0031800bd27fd
:020000040000fa
:020000041d03da
:10e4ac00e8ffbd271400bfaf040080102530a0008a
:10e4bc0042008294400042300a200200ca93400f6e
:10e4cc00020005241400bf8f0800e0031800bd27cc
:020000040000fa
:020000041d03da
:10e4dc000900801025100000420082944000433057
:10e4ec0003006054010042300800e00325100000d6
:10e4fc00e080838f0a1003000800e0030000000096
:020000040000fa
:020000041d03da
:10e50c00e8ffbd271400bfaf81fa400f00000000e8
:10e51c002518400003006010251000003e00629496
:10e52c008002427c1400bf8f0800e0031800bd2756
:020000040000fa
:020000041d03da
:10e53c00e8ffbd271400bfaf81fa400f00000000b8
:10e54c00252040000300801025100000a3f4400f8c
:10e55c00000000001400bf8f0800e0031800bd2766
:020000040000fa
:020000041d03da
:10e56c00e8ffbd271400bfaf2026047cffff022468
:10e57c00040082101c00a5a3010006243e99400f44
:10e58c001c00a5271400bf8f0800e0031800bd274e
:020000040000fa
:020000041d03da
:10e59c00e8ffbd271400bfaf1000b0af258080008e
:10e5ac00d1fe400f0000848c000000ae010002245c
:10e5bc001400bf8f1000b08f0800e0031800bd27b7
:020000040000fa
:020000041d03da
:10e5cc00e8ffbd271400bfafffffa338ffff0224f5
:10e5dc000a284300af6e400f0000848c01004238c3
:10e5ec000100422c1400bf8f0800e0031800bd2767
:020000040000fa
:020000041d03da
:10e5fc00e8ffbd271400bfaf253800002530000010
:10e60c00252800004b76400f0000848c0100423816
:10e61c000100422c1400bf8f0800e0031800bd2736
:020000040000fa
:020000041d03da
:10e62c00e8ffbd271400bfafffffa338ffff022494
:10e63c000a284300af6e400f0000848c0100423862
:10e64c000100422c1400bf8f0800e0031800bd2706
:020000040000fa
:020000041d03da
:10e65c00e8ffbd271400bfaf2538000025300000af
:10e66c00252800004b76400f0000848c01004238b6
:10e67c000100422c1400bf8f0800e0031800bd27d6
:020000040000fa
:020000041d03da
:10e68c00000000000300000064a4039d4c70039d77
:10e69c00249e039dc89d039dc470039d109d039de6
:10e6ac006c9d039dd002049db8fc039dc802049d83
:020000040000fa
:020000041d03da
:10e6bc000900801053ff0224e8ffbd271400bfaff0
:10e6cc00feff06245be9400f252800001400bf8fd5
:10e6dc000800e0031800bd270800e003000000005c
:020000040000fa
:020000041d03da
:10e6ec000800801053ff0224e8ffbd271400bfafc1
:10e6fc00d9fa400f000000001400bf8f0800e0039f
:0ce70c001800bd270800e003000000001a
:020000040000fa
:020000041d03da
:10e718000319050007006010ffff0224f007022418
:10e72800140082ac2510a0000418027cf007a53064
:0ce73800180085ac0800e00300000000a1
:020000040000fa
:020000041d03da
:10e74400e8ffbd271400bfaf2510c0005400c38ce0
:10e754002530a0002528800009f860005000448c72
:0ce764001400bf8f0800e0031800bd2760
:020000040000fa
:020000041d03da
:10e7700008008010f5ff02240800838c00a0023cf2
:10e7800058294224030062501e0082840800e003de
:0ce79000f5ff02240800e0030000000078
:020000040000fa
:020000041d03da
:10e79c0008008010ffff02240800838c00a0023cbc
:10e7ac005829422403006250020082840800e003ce
:0ce7bc00ffff02240800e0030000000042
:020000040000fa
:020000041d03da
:10e7c800e8ffbd271400bfaf1000b0af0b00410f2a
:10e7d800258080008600410f252000021400bf8f8d
:0ce7e8001000b08f0800e0031800bd27ef
:020000040000fa
:020000041d03da
:10e7f400e8ffbd271400bfafc4d3400f2528000095
:10e804002518400002006010ffff02240c00628cf7
:0ce814001400bf8f0800e0031800bd27af
:020000040000fa
:020000041d03da
:10e820000800801000000000e8ffbd271400bfaf03
:10e83000dff1400f000000001400bf8f0800e0036c
:0ce840001800bd270800e00300000000e5
:020000040000fa
:020000041d03da
:10e84c0008008010251000004200839440006330c3
:10e85c0004006010000000000000a28c0c0082acd0
:0ce86c00010002240800e003000000008e
:020000040000fa
:020000041d03da
:10e8780006008010000000004200829440004230f0
:10e88800040040540000a28c252000000800e0038a
:0ce898002b100400fdff0010100082aceb
:020000040000fa
:020000041d03da
:10e8a400080080102510000042008394400063306b
:10e8b40004006010000000000000a28c140082ac70
:0ce8c400010002240800e0030000000036
:020000040000fa
:020000041d03da
:10e8d000e8ffbd27040080101400bfaf42008294ff
:10e8e000400042300a200200d6fc400f0000000029
:0ce8f0001400bf8f0800e0031800bd27d3
:020000040000fa
:020000041d03da
:10e8fc00480083940001633006006010251000006e
:10e90c000400a0504c0082244a0082940000a2ac67
:0ce91c004c0082240800e0030000000012
:020000040000fa
:020000041d03da
:10e92800e8ffbd271400bfaf1000b0af51eb400f98
:10e938002580800041e3400f252000021400bf8f8e
:0ce948001000b08f0800e0031800bd278d
:020000040000fa
:020000041d03da
:10e9540008008010251000001000838c0500601052
:10e96400000000000c0064940000638cfdff601440
:0ce97400211044000800e003ffff4230c7
:020000040000fa
:020000041d03da
:10e980008802049de0ed039d54a2039d4063039d16
:10e990005875039d6cd8039d3cb4029d3cb4029d08
:0ce9a0003cb4029d3cb4029dac00049d00
:020000040000fa
:020000041d03da
:10e9ac0008008004251000002481838f2a1883001e
:10e9bc0004006010802004002881828f2110440004
:0ce9cc000000428c0800e0030000000086
:020000040000fa
:020000041d03da
:10e9d800e8ffbd271400bfaf3481848f0500801085
:10e9e8001400bf8ffbf8400f00000000348180af97
:0ce9f8001400bf8f0800e0031800bd27ca
:020000040000fa
:020000041d03da
:10ea040008008004251000004c81838f2b1883009c
:10ea140004006010802004005c81828f2110440077
:0cea24000000428c0800e003000000002d
:020000040000fa
:020000041d03da
:10ea3000e8ffbd271400bfaf1000b0af2580a000d5
:10ea40003afc400f01000524070050a01400bf8fbe
:0cea50001000b08f0800e0031800bd2784
:020000040000fa
:020000041d03da
:10ea5c00e8ffbd271400bfafb081848f0500801084
:10ea6c001400bf8ffbf8400f00000000b08180af96
:0cea7c001400bf8f0800e0031800bd2745
:020000040000fa
:020000041d03da
:10ea8800f8ffbd270400bfaf006802400008033c40
:10ea98002510430000688240c0000000ec8180af70
:0ceaa8000400bf8f0800e0030800bd2739
:020000040000fa
:020000041d03da
:10eab4000800a01000000000e8ffbd271400bfaf4d
:10eac40096fb400f000000001400bf8f0800e00315
:0cead4001800bd270800e003000000004f
:020000040000fa
:020000041d03da
:10eae000e8ffbd271400bfaf248286af01000724d2
:10eaf00025308000049d043c8aca400f58f58424c8
:0ceb00001400bf8f0800e0031800bd27c0
:020000040000fa
:020000041d03da
:10eb0c00e8ffbd271400bfaf1000b0af00a0103c51
:10eb1c00502c10261b17400f0800048eaeea400f35
:0ceb2c0001000424fbff001000000000aa
:020000040000fa
:020000041d03da
:10eb3800e8ffbd271400bfaf1000b0af00a0103c25
:10eb4800502c1026e19c400f1400048eaeea400fb2
:0ceb580001000424fbff0010000000007e
:020000040000fa
:020000041d03da
:10eb6400e0ffbd271c00bfaffeff02241000a2afd0
:10eb740025380000253000008765400f2528000057
:0ceb84001c00bf8f0800e0032000bd272c
:020000040000fa
:020000041d03da
:10eb9000e8ffbd271400bfaf7c82828f0000438c4a
:10eba0000000638c2528800009f860000400448c74
:0cebb0001400bf8f0800e0031800bd2710
:020000040000fa
:020000041d03da
:10ebbc000800c01025108000213086002518800028
:10ebcc000000a790010063240100a524fcffc314de
:0cebdc00ffff67a00800e003000000003d
:020000040000fa
:020000041d03da
:10ebe800000082800700401000000000251080000f
:10ebf80001004380feff6014010042240800e00386
:0cec0800231044000800e0032510000069
:020000040000fa
:020000041d03da
:10ec1400000082800000a38003004314ff006330df
:10ec24000400405401008424ff0042300800e00343
:0cec340023104300f6ff00100100a5248f
:020000040000fa
:020000041d03da
:10ec4000ff00a5302130860004008654ffffc390ea
:10ec5000251000000800e00300000000fdff651023
:0cec6000ffffc224f8ff00102530400028
:020000040000fa
:020000041d03da
:10ec6c00e0ffbd270080023c251800001000a2af79
:10ec7c001400a3af1c00bfaf2fc9400f0000000051
:0cec8c001c00bf8f0800e0032000bd2723
:020000040000fa
:020000041d03da
:10ec98004000838c3c00868c500085ac23106600b5
:10eca8000400a010540082ac2a10a20001004054b5
:0cecb8002118c5000800e0034c0083acec
:020000040000fa
:020000041d03da
:10ecc40000a0043c342c822401000324080043ac3b
:10ecd40000a0033cd02c6324342c83ac0100033cff
:0cece400d07e63240800e003040043ac71
:020000040000fa
:020000041d03da
:10ecf0000000828c0000a2ac000085ac0400828c75
:10ed000001004050040085ac0800828c01004224c0
:08ed10000800e003080082acda
:020000040000fa
:020000041d03da
:10ed18000000c28c0000a2ac0400a6ac0000c28cab
:10ed2800040045ac0000c5ac0800828c01004224f8
:08ed38000800e003080082acb2
:020000040000fa
:020000041d03da
:10ed4000e8ffbd271400bfaf4880828f0400401049
:10ed50001400bf8f09f84000000000001400bf8fae
:08ed60000800e0031800bd27c4
:020000040000fa
:020000041d03da
:10ed680007008010251000004200839440006330a3
:10ed78000300601000000000b88084af0100022486
:08ed88000800e0030000000098
:020000040000fa
:020000041d03da
:10ed9000070080102510000042008394400063307b
:10eda00003006010000000008000828c0004427ca0
:08edb0000800e0030000000070
:020000040000fa
:020000041d03da
:10edb80007008010251080004200839440006330d3
:10edc80003006050251000000800e0033c00822486
:08edd8000800e0030000000048
:020000040000fa
:020000041d03da
:10ede0001000838c0300632c05006014ffff0224d5
:10edf0001400828c01000324000043a003000224bd
:08ee00000800e003000000001f
:020000040000fa
:020000041d03da
:10ee08000c00838c2b18a30005006010251000004f
:10ee18000800828c0000838c0220a27021108300dd
:08ee28000800e00300000000f7
:020000040000fa
:020000041d03da
:10ee300007008010251000004200839440006330da
:10ee400003006010000000007e008294ecff42246a
:08ee50000800e00300000000cf
:020000040000fa
:020000041d03da
:10ee5800421904000019030088bf023c60104224d4
:10ee6800211043000100032404188300080043ac68
:08ee78000800e00300000000a7
:020000040000fa
:020000041d03da
:10ee8000421904000019030088bf023c60104224ac
:10ee9000211043000100032404188300040043ac44
:08eea0000800e003000000007f
:020000040000fa
:020000041d03da
:10eea800421904000019030088bf023c30104224b4
:10eeb800211043000100032404188300040043ac1c
:08eec8000800e0030000000057
:020000040000fa
:020000041d03da
:10eed0000700801000000000f8ffbd270400bfaf4e
:10eee000206062410400bf8f0800e0030800bd27d6
:08eef0000800e003000000002f
:020000040000fa
:020000041d03da
:10eef800e0ffbd271c00bfaf010006241000a527b6
:10ef080045ea400ffe8184971000a2831c00bf8f42
:08ef18000800e0032000bd2702
:020000040000fa
:020000041d03da
:10ef2000e8ffbd271400bfaf25300000049d053c5d
:10ef3000f002a52490e2400f252000001400bf8fae
:08ef40000800e0031800bd27e2
:020000040000fa
:020000041d03da
:10ef48000700c01025108000202c057c2130860089
:10ef58002518800001006324feffc314ffff65a08d
:08ef68000800e00300000000b6
:020000040000fa
:020000041d03da
:10ef7000e8ffbd271000b0af1400bfaf86fd400f03
:10ef8000258080001400bf8f251000021000b08f74
:08ef90000800e0031800bd2792
:020000040000fa
:020000041d03da
:10ef9800e8ffbd271000b0af1400bfaf22e4400f58
:10efa800258080001400bf8f251000021000b08f4c
:08efb8000800e0031800bd276a
:020000040000fa
:020000041d03da
:10efc00000a0033cbc2c668c0500c014251000007a
:10efd000bc2c64ac100080ac000085ac01000224a5
:08efe0000800e003000000003e
:020000040000fa
:020000041d03da
:10efe800e0ffbd272800a6af2800a6271c00bfaf5a
:10eff8002c00a7af8aff400f1000a6af1c00bf8fe0
:08f008000800e0032000bd2711
:020000040000fa
:020000041d03da
:10f0100088bf023c01000324e46043ac02000324e7
:10f02000e46043ac04000324e46043ac0800e00364
:04f0300000000000dc
:020000040000fa
:020000041d03da
:10f0340000a0023c582942240400441400a0033ccc
:10f04400040040a4582960a0140040ac0800e00368
:04f0540000000000b8
:020000040000fa
:020000041d03da
:10f058000400a38c0000a28c000062ac0400a38c06
:10f06800040043ac0800828cffff42240800e00340
:04f07800080082ac5e
:020000040000fa
:020000041d03da
:10f07c00245d039dc090029d40b7039d68e4019df3
:10f08c0058fc039de474039db8f3039d70fc039d31
:04f09c0088fc039d4c
:020000040000fa
:020000041d03da
:10f0a0000400a38c05006010ffff02240000a28c66
:10f0b000ffff0324000043a0010002240800e00336
:04f0c000000000004c
:020000040000fa
:020000041d03da
:10f0c400e8ffbd271400bfaf2510a0002528c0000d
:10f0d40005fb400f2000448c1400bf8f0800e003a0
:04f0e4001800bd272c
:020000040000fa
:020000041d03da
:10f0e800e8ffbd271400bfafbbb9400f0000000008
:10f0f800010040540000428c1400bf8f0800e00358
:04f108001800bd2707
:020000040000fa
:020000041d03da
:10f10c000300a2880000a298110082a80e0082b809
:10f11c000400a290120082a00500a2900800e00357
:04f12c00130082a0aa
:020000040000fa
:020000041d03da
:10f13000421104000011020088bf033c60106324e8
:10f14000211862000000628c061082000800e003b3
:04f150000100423048
:020000040000fa
:020000041d03da
:10f15400e8ffbd271400bfafffff05348bf9400f54
:10f16400080084242b1002001400bf8f0800e00361
:04f174001800bd279b
:020000040000fa
:020000041d03da
:10f178000400a28c148282af188282270800a3940c
:10f18800040043a402000324000043ac0800e00389
:04f19800251000003e
:020000040000fa
:020000041d03da
:10f19c00f8ffbd270400bfaf00600240847a027cf8
:10f1ac00000c423400608240c0000000ffff0010e1
:04f1bc00000000004f
:020000040000fa
:020000041d03da
:10f1c000f8ffbd270400bfaf00600240847a027cd4
:10f1d000000c423400608240c0000000ffff0010bd
:04f1e000000000002b
:020000040000fa
:020000041d03da
:10f1e400f8ffbd270400bfaf00600240847a027cb0
:10f1f400000c423400608240c0000000ffff001099
:04f204000000000006
:020000040000fa
:020000041d03da
:10f20800200083349fff63241a00632c03006014da
:10f2180001000224d0ff84240a00822c0800e003a5
:04f2280000000000e2
:020000040000fa
:020000041d03da
:10f22c00d0ff83240a00632c040060140100022424
:10f23c00200084349fff84240600822c0800e00305
:04f24c0000000000be
:020000040000fa
:020000041d03da
:10f2500000a0043cc02c828c954c033c2d7f632481
:10f260000210437001004224c02c82ac0800e0036d
:04f270004214020042
:020000040000fa
:020000041d03da
:10f27400e0ffbd272c00a7af2c00a7271c00bfafc1
:10f284001ec5400f1000a7af1c00bf8f0800e0038d
:04f294002000bd2772
:020000040000fa
:020000041d03da
:10f2980000a0023c582942240300445000a0023c2c
:10f2a8000800e003ffff02240800e0035c29428411
:020000040000fa
:020000041d03da
:10f2b800e0ffbd271c00bfaf010002244ec2400f73
:10f2c8001000a2af1c00bf8f0800e0032000bd277c
:020000040000fa
:020000041d03da
:10f2d800e8ffbd271400bfaf4555400f00000000f0
:10f2e8002b1002001400bf8f0800e0031800bd2790
:020000040000fa
:020000041d03da
:10f2f8000500801025100000420083944000633010
:10f30800010060540c00828c0800e003000000003b
:020000040000fa
:020000041d03da
:10f3180005008010251000004200839440006330ef
:10f32800010060541000828c0800e0030000000017
:020000040000fa
:020000041d03da
:10f3380005008010251000004200839440006330cf
:10f34800010060541400828c0800e00300000000f3
:020000040000fa
:020000041d03da
:10f3580005008010251000004200839440006330af
:10f36800010060540400828c0800e00300000000e3
:020000040000fa
:020000041d03da
:10f37800050080102510000042008394400063308f
:10f38800010060540800828c0800e00300000000bf
:020000040000fa
:020000041d03da
:10f3980000a0023c8c23438c030064142510000059
:10f3a80000a0023c8823428c0800e0030000000013
:020000040000fa
:020000041d03da
:10f3b80005008010251000002c00828c3000838c02
:10f3c80023104300c01002000800e0030000000002
:020000040000fa
:020000041d03da
:10f3d800e8ffbd271400bfaf0000828c09f8400089
:10f3e800000000001400bf8f0800e0031800bd27cc
:020000040000fa
:020000041d03da
:10f3f800e8ffbd271400bfaf0400828c09f8400065
:10f40800000000001400bf8f0800e0031800bd27ab
:020000040000fa
:020000041d03da
:10f41800e8ffbd271400bfaf0800828c09f8400040
:10f42800000000001400bf8f0800e0031800bd278b
:020000040000fa
:020000041d03da
:10f43800e8ffbd271400bfaf0c00828c09f840001c
:10f44800000000001400bf8f0800e0031800bd276b
:020000040000fa
:020000041d03da
:10f45800e0ffbd271c00bfaf01000224757e400fee
:10f468001000a2af1c00bf8f0800e0032000bd27da
:020000040000fa
:020000041d03da
:10f47800e0ffbd271c00bfaf02000224757e400fcd
:10f488001000a2af1c00bf8f0800e0032000bd27ba
:020000040000fa
:020000041d03da
:10f49800e8ffbd271400bfaf2530a000aacc400f5d
:10f4a800010005241400bf8f0800e0031800bd27e1
:020000040000fa
:020000041d03da
:10f4b800e8ffbd271400bfaff1eb400f00000000cc
:10f4c800ff0042301400bf8f0800e0031800bd277a
:020000040000fa
:020000041d03da
:10f4d800e8ffbd271400bfaff1eb400f0100062481
:10f4e800ff0042301400bf8f0800e0031800bd275a
:020000040000fa
:020000041d03da
:10f4f800080082900400401000000000b881828f4c
:10f50800ffff4224b88182af0800e003000000003a
:020000040000fa
:020000041d03da
:10f51800e8ffbd271400bfaf25288000f256400f32
:10f52800010006241400bf8f0800e0031800bd275f
:020000040000fa
:020000041d03da
:10f53800f8ffbd270400bfaf00606241c0000000b3
:10f54800010042300400bf8f0800e0030800bd2717
:020000040000fa
:020000041d03da
:10f55800e8ffbd271400bfaf2482828f09f840005e
:10f56800252800001400bf8f0800e0031800bd27fd
:020000040000fa
:020000041d03da
:10f57800e8ffbd271400bfaff925400f00000000c9
:10f58800aeea400f0a000424fbff00100000000050
:020000040000fa
:020000041d03da
:10f5980008008224040082acffff0324080083ac27
:10f5a8000c0082ac100082ac0800e003000080acc4
:020000040000fa
:020000041d03da
:10f5b8004082828f04004010000000004c00438c01
:10f5c800010063244c0043ac0800e0030000000085
:020000040000fa
:020000041d03da
:10f5d800e8ffbd271400bfafcb9e400f25200000d9
:10f5e800b2b6400f00000000fdff00100000000050
:020000040000fa
:020000041d03da
:10f5f800e8ffbd271400bfaf00a0023cb4d5400f00
:10f60800902c40ac1400bf8f0800e0031800bd2701
:020000040000fa
:020000041d03da
:10f618000000a380251080000100a5240100842497
:10f62800fbff6014ffff83a00800e0030000000058
:020000040000fa
:020000041d03da
:10f6380000008c90ffffc624010084240000aca0c9
:10f64800fbffc0140100a5240800e003251080007a
:020000040000fa
:020000041d03da
:10f65800007f0224340282ac002a0500007fa53016
:0cf66800380285ac0800e0030000000040
:020000040000fa
:020000041d03da
:10f6740001000224980282ac000000000000000097
:0cf68400000000000800e003000000008f
:020000040000fa
:020000041d03da
:10f6900000a0033c700263240200641425100000e3
:0cf6a0009000628c0800e00300000000f5
:020000040000fa
:020000041d03da
:10f6ac00e8ffbd271400bfaf8200410f000000002f
:0cf6bc001400bf8f0800e0031800bd27f9
:020000040000fa
:020000041d03da
:10f6c800e8ffbd271400bfaf8000410f0000000015
:0cf6d8001400bf8f0800e0031800bd27dd
:020000040000fa
:020000041d03da
:10f6e400e8ffbd271400bfaf7e00410f00000000fb
:0cf6f4001400bf8f0800e0031800bd27c1
:020000040000fa
:020000041d03da
:10f70000e8ffbd271400bfaf7c00410f00000000e0
:0cf710001400bf8f0800e0031800bd27a4
:020000040000fa
:020000041d03da
:10f71c00e8ffbd271400bfaf7a00410f00000000c6
:0cf72c001400bf8f0800e0031800bd2788
:020000040000fa
:020000041d03da
:10f73800e8ffbd271400bfaf6c00410f00000000b8
:0cf748001400bf8f0800e0031800bd276c
:020000040000fa
:020000041d03da
:10f75400e8ffbd271400bfaf7800410f0000000090
:0cf764001400bf8f0800e0031800bd2750
:020000040000fa
:020000041d03da
:10f77000e8ffbd271400bfaf7600410f0000000076
:0cf780001400bf8f0800e0031800bd2734
:020000040000fa
:020000041d03da
:10f78c00e8ffbd271400bfaf3f9b400f25200000b2
:0cf79c001400bf8f0800e0031800bd2718
:020000040000fa
:020000041d03da
:10f7a800e0ffbd271c00bfaf4ec2400f1000a0af46
:0cf7b8001c00bf8f0800e0032000bd27ec
:020000040000fa
:020000041d03da
:10f7c400e8ffbd271400bfaf67ec400f25280000f9
:0cf7d4001400bf8f0800e0031800bd27e0
:020000040000fa
:020000041d03da
:10f7e000e8ffbd271400bfaf4f00410f000000002d
:0cf7f0001400bf8f0800e0031800bd27c4
:020000040000fa
:020000041d03da
:10f7fc00e8ffbd271400bfaf0300410f000000005d
:0cf80c001400bf8f0800e0031800bd27a7
:020000040000fa
:020000041d03da
:10f8180002190400a000842c020080143000622425
:0cf82800570062240800e003000000000c
:020000040000fa
:020000041d03da
:10f834000f0084300a00832c0200601430008224fc
:0cf84400570082240800e00300000000d0
:020000040000fa
:020000041d03da
:10f8500000a0033c8023632402006414ffff022401
:0cf860009880828f0800e0030000000088
:020000040000fa
:020000041d03da
:10f86c0004008010251080004400828c010040545c
:0cf87c000400428c0800e00300000000c3
:020000040000fa
:020000041d03da
:10f8880004008010000000004200829440004230d2
:0cf898000a2002000800e0032b1004000e
:020000040000fa
:020000041d03da
:10f8a40004008010251000004200829407004230ba
:0cf8b4000100422c0800e00300000000ee
:020000040000fa
:020000041d03da
:10f8c000480083940001633002006010251000009e
:0cf8d0005c0082240800e003000000003f
:020000040000fa
:020000041d03da
:10f8dc00e8ffbd271400bfaf6efb400f0000000017
:0cf8ec001400bf8f0800e0031800bd27c7
:020000040000fa
:020000041d03da
:10f8f800e8ffbd271400bfaf5eed400f0000000019
:0cf908001400bf8f0800e0031800bd27aa
:020000040000fa
:020000041d03da
:10f91400e8ffbd271400bfafd37b400f01000724cd
:0cf924001400bf8f0800e0031800bd278e
:020000040000fa
:020000041d03da
:10f93000e8ffbd271400bfafe0ca400f0200072454
:0cf940001400bf8f0800e0031800bd2772
:020000040000fa
:020000041d03da
:10f94c00e8ffbd271400bfaf4277400f0000000056
:0cf95c001400bf8f0800e0031800bd2756
:020000040000fa
:020000041d03da
:10f96800e8ffbd271400bfafff85400f0100062444
:0cf978001400bf8f0800e0031800bd273a
:020000040000fa
:020000041d03da
:10f98400e8ffbd271400bfaf4e82400f25300000b2
:0cf994001400bf8f0800e0031800bd271e
:020000040000fa
:020000041d03da
:10f9a000e8ffbd271400bfaf28d7400f00000000bc
:0cf9b0001400bf8f0800e0031800bd2702
:020000040000fa
:020000041d03da
:10f9bc0028000224620082a40d008290020003241d
:0cf9cc008439627c0800e0030d0082a07a
:020000040000fa
:020000041d03da
:10f9d8002800a524ffffa5300e00a5241400828c62
:0cf9e800211045000800e003180082ac6c
:020000040000fa
:020000041d03da
:10f9f400e8ffbd271400bfaf3afc400f09000524ff
:0cfa04001400bf8f0800e0031800bd27ad
:020000040000fa
:020000041d03da
:10fa1000e8ffbd271400bfaf64f0400f00000000f6
:0cfa20001400bf8f0800e0031800bd2791
:020000040000fa
:020000041d03da
:10fa2c0081bf033c00f0628c4001427cfdff401022
:0cfa3c00000000000800e00300000000d3
:020000040000fa
:020000041d03da
:10fa4800f8ffbd270400bfaf00588440c000000085
:0cfa58000400bf8f0800e0030800bd2779
:020000040000fa
:020000041d03da
:10fa6400e8ffbd271400bfaf45f6400f00000000bb
:0cfa74001400bf8f0800e0031800bd273d
:020000040000fa
:020000041d03da
:10fa8000e8ffbd271400bfaf5aea400ffe818497fc
:0cfa90001400bf8f0800e0031800bd2721
:020000040000fa
:020000041d03da
:10fa9c00e8ffbd271400bfaf4efd400f0000000073
:0cfaac001400bf8f0800e0031800bd2705
:020000040000fa
:020000041d03da
:10fab800e8ffbd271400bfafb4fb400f00000000f3
:0cfac8001400bf8f0800e0031800bd27e9
:020000040000fa
:020000041d03da
:10fad400e8ffbd271400bfaf4fdc400f000000005b
:0cfae4001400bf8f0800e0031800bd27cd
:020000040000fa
:020000041d03da
:10faf000e8ffbd271400bfaf0af0400f0000000070
:0cfb00001400bf8f0800e0031800bd27b0
:020000040000fa
:020000041d03da
:10fb0c00e8ffbd271400bfafe5d1400f0000000097
:0cfb1c001400bf8f0800e0031800bd2794
:020000040000fa
:020000041d03da
:10fb2800e8ffbd271400bfafe3fd400f0000000051
:0cfb38001400bf8f0800e0031800bd2778
:020000040000fa
:020000041d03da
:10fb4400e8ffbd271400bfaf34f2400f00000000ef
:0cfb54001400bf8f0800e0031800bd275c
:020000040000fa
:020000041d03da
:10fb6000bfff83241a00632c020060102510800060
:0cfb7000200082340800e00300000000c8
:020000040000fa
:020000041d03da
:10fb7c009fff83241a00632c020060102510800064
:0cfb8c005f0082300800e0030000000071
:020000040000fa
:020000041d03da
:10fb98000000200201000003000000000b0000002c
:08fba800010000000000000054
:020000040000fa
:020000041d03da
:10fbb0007f000224240282ac7f00a530280285ac9d
:08fbc0000800e0030000000052
:020000040000fa
:020000041d03da
:10fbc8007f000224340282ac7f00a530380285ac65
:08fbd8000800e003000000003a
:020000040000fa
:020000041d03da
:10fbe0006077029d546a029d5401049d000000004c
:08fbf00000000000000000000d
:020000040000fa
:020000041d03da
:10fbf80003008010000000000000a28c0c0082ac02
:08fc08000800e0030000000009
:020000040000fa
:020000041d03da
:10fc100003008010000000000000a28c100082ace5
:08fc20000800e00300000000f1
:020000040000fa
:020000041d03da
:10fc280003008010000000000000a28c140082acc9
:08fc38000800e00300000000d9
:020000040000fa
:020000041d03da
:10fc40000300c3880000c3980800a28c261043005c
:08fc50000800e0032b10020084
:020000040000fa
:020000041d03da
:10fc580003008010251000002c00828cc0100200c8
:08fc68000800e00300000000a9
:020000040000fa
:020000041d03da
:10fc700003008010251000003400828cc0100200a8
:08fc80000800e0030000000091
:020000040000fa
:020000041d03da
:10fc880003008010f7ff02243800828c380080ac13
:08fc98000800e0030000000079
:020000040000fa
:020000041d03da
:10fca000f8ffbd270400bfaf004802400400bf8f2b
:08fcb0000800e0030800bd2775
:020000040000fa
:020000041d03da
:10fcb800030080140300022400a0023ca82c428cfc
:08fcc8000800e0030000000049
:020000040000fa
:020000041d03da
:10fcd000f8ffbd270400bfaf00680240007002407b
:08fce000ffff0010000000000e
:020000040000fa
:020000041d03da
:10fce800f8ffbd270400bfaf006802400070024063
:08fcf800ffff001000000000f6
:020000040000fa
:020000041d03da
:10fd0000e8ffbd271400bfaf5f34400f00000000c4
:08fd1000fdff001000000000df
:020000040000fa
:020000041d03da
:10fd180000601a40bfff1b3cffff7b3724d05b030a
:10fd280000609a4018000042ffffc6240000a0a00f
:10fd3800fdffc0140100a5240800e0032510800081
:020000040000fa
:020000041d03da
:10fd480068076c094c836a9074a07ac00080688840
:06fd580000846c820081b2
:020000040000fa
:020000041d03da
:10fd6000822805002000828c84f8a27c0800e00331
:04fd7000200082ac41
:020000040000fa
:020000041d03da
:10fd7400822805003000828c84f8a27c0800e0030d
:04fd8400300082ac1d
:020000040000fa
:020000041d03da
:10fd880002008010ffff0224780082940800e0033c
:04fd98000000000067
:020000040000fa
:020000041d03da
:10fd9c0002008010251080002c0082240800e00353
:04fdac000000000053
:020000040000fa
:020000041d03da
:10fdb00002008010ffff0224780082940800e00314
:04fdc000000000003f
:020000040000fa
:020000041d03da
:10fdc40008b9039d54b9039d6ce5039de4de039dce
:04fdd40044fb029d4d
:020000040000fa
:020000041d03da
:10fdd800ec818227000044ac040045ac0800e00335
:04fde8000000000017
:020000040000fa
:020000041d03da
:10fdec004482828f01004224448282af0800e003e7
:04fdfc000000000003
:020000040000fa
:020000041d03da
:10fe00005482828f000082ac6882828f0800e003f7
:04fe1000040082acbc
:020000040000fa
:020000041d03da
:10fe140030fd039d38f6039da46a039da46a039de7
:04fe2400a46a039d2c
:020000040000fa
:020000041d03da
:10fe28002538c0002530a000ff7f053c1ec5400bcb
:04fe3800ffffa534ef
:020000040000fa
:020000041d03da
:10fe3c0001000224080082ac0800e003000000006e
:020000040000fa
:020000041d03da
:10fe4c0000800234080282ac0800e00300000000cd
:020000040000fa
:020000041d03da
:10fe5c0000800234040282ac0800e00300000000c1
:020000040000fa
:020000041d03da
:10fe6c0000800234040082ac0800e00300000000b3
:020000040000fa
:020000041d03da
:10fe7c0000800234080082ac0800e003000000009f
:020000040000fa
:020000041d03da
:10fe8c0000020224040082ac0800e0030000000021
:020000040000fa
:020000041d03da
:10fe9c0000020224080082ac0800e003000000000d
:020000040000fa
:020000041d03da
:10feac0000010224040082ac0800e0030000000002
:020000040000fa
:020000041d03da
:10febc0000010224080082ac0800e00300000000ee
:020000040000fa
:020000041d03da
:10fecc0040028294046aa27c0800e003400282a4ef
:020000040000fa
:020000041d03da
:10fedc00400282940418a27c0800e003400282a431
:020000040000fa
:020000041d03da
:10feec0000080224680282ac0800e0030000000055
:020000040000fa
:020000041d03da
:10fefc0060028294c45a027c0800e003600282a46f
:020000040000fa
:020000041d03da
:10ff0c00600282940442a27c0800e003600282a496
:020000040000fa
:020000041d03da
:10ff1c00ffc0a530a40085ac0800e0030000000081
:020000040000fa
:020000041d03da
:10ff2c00ffc0a530a80085ac0800e003000000006d
:020000040000fa
:020000041d03da
:10ff3c00002c0500080085ac0800e0030000000060
:020000040000fa
:020000041d03da
:10ff4c0008000224080282ac0800e0030000000054
:020000040000fa
:020000041d03da
:10ff5c0004000224080282ac0800e0030000000048
:020000040000fa
:020000041d03da
:10ff6c0080000224080082ac0800e00300000000be
:020000040000fa
:020000041d03da
:10ff7c00480086ac580087ac0800e0030000000085
:020000040000fa
:020000041d03da
:10ff8c0002000224880282ac0800e003000000009a
:020000040000fa
:020000041d03da
:10ff9c0002000224840282ac0800e003000000008e
:020000040000fa
:020000041d03da
:10ffac0001000224880282ac0800e003000000007b
:020000040000fa
:020000041d03da
:10ffbc0001000224840282ac0800e003000000006f
:020000040000fa
:020000041d03da
:10ffcc00a00282940462a27c0800e003a00282a436
:020000040000fa
:020000041d03da
:10ffdc00a00282940420a27c0800e003a00282a468
:020000040000fa
:020000041d03da
:10ffec0004000224d80282ac0800e00300000000e8
:020000040000fa
:020000041d03da
:10fffc0002000224980282ac0800e003000000001a
:020000040000fa
:020000041d04d9
:10000c0002000224940282ac0800e003000000000d
:020000040000fa
:020000041d04d9
:10001c00b00285a4000000000800e003000000000e
:020000040000fa
:020000041d04d9
:10002c0001000224940282ac0800e00300000000ee
:020000040000fa
:020000041d04d9
:10003c0000800234880282ac0800e003000000005b
:020000040000fa
:020000041d04d9
:10004c0000800234840282ac0800e003000000004f
:020000040000fa
:020000041d04d9
:10005c00800282948428a27c0800e003800282a49f
:020000040000fa
:020000041d04d9
:10006c000400060008000a000e0014001c00280002
:020000040000fa
:020000041d04d9
:10007c00040080ac000080ac0800e003080080acf9
:020000040000fa
:020000041d04d9
:10008c00040080ac000080ac0800e003080080ace9
:020000040000fa
:020000041d04d9
:10009c000300c2880000c2980800e0030800a2ac6c
:020000040000fa
:020000041d04d9
:1000ac002400828c2b1002000800e0034010020098
:020000040000fa
:020000041d04d9
:1000bc0001000224588282af0800e0030000000017
:020000040000fa
:020000041d04d9
:1000cc00ffff842400a0023c0800e003c02c44acd9
:020000040000fa
:020000041d04d9
:0c00dc00e000828c0800e003c001427cc0
:020000040000fa
:020000041d04d9
:0c00e800e000828c0800e0038001427cf4
:020000040000fa
:020000041d04d9
:0c00f400e000828c0800e0034001427c28
:020000040000fa
:020000041d04d9
:0c010000d40085ac0800e0030000000003
:020000040000fa
:020000041d04d9
:0c010c00c80085ac0800e0030000000003
:020000040000fa
:020000041d04d9
:0c011800c40085ac0800e00300000000fb
:020000040000fa
:020000041d04d9
:0c012400d40085ac0800e00300000000df
:020000040000fa
:020000041d04d9
:0c0130000000828c0800e003c003427c49
:020000040000fa
:020000041d04d9
:0c013c00d00282900800e0030100423075
:020000040000fa
:020000041d04d9
:0c014800d00282900800e0038000427c9e
:020000040000fa
:020000041d04d9
:0c0154002600023c0800e003a025422425
:020000040000fa
:020000041d04d9
:0c01600000a0023c0800e0038023429451
:020000040000fa
:020000041d04d9
:0c016c00420082940800e00307004230cb
:020000040000fa
:020000041d04d9
:0c0178001800828c0800e003180085ac21
:020000040000fa
:020000041d04d9
:0c0184006202023c0800e003005a422422
:020000040000fa
:020000041d04d9
:0c01900000a0023c0800e003b427428cf1
:020000040000fa
:020000041d04d9
:0c019c00a822009d3c60039db022009d45
:020000040000fa
:020000041d04d9
:0801a8000800e003500285a4e9
:020000040000fa
:020000041d04d9
:0801b0000800e003e200829068
:020000040000fa
:020000041d04d9
:0801b8000800e0032000828c26
:020000040000fa
:020000041d04d9
:0801c0000800e0033000828c0e
:020000040000fa
:020000041d04d9
:0801c8000800e003b20085a06d
:020000040000fa
:020000041d04d9
:0801d0000800e003b00085a067
:020000040000fa
:020000041d04d9
:0801d8000800e003100182940d
:020000040000fa
:020000041d04d9
:0801e0000800e00340018294d5
:020000040000fa
:020000041d04d9
:0801e8000800e003000182940d
:020000040000fa
:020000041d04d9
:0801f0000800e00350018294b5
:020000040000fa
:020000041d04d9
:0801f8000800e003600182949d
:020000040000fa
:020000041d04d9
:080200000800e00320018294d4
:020000040000fa
:020000041d04d9
:080208000800e00330018294bc
:020000040000fa
:020000041d04d9
:080210000800e003d000828c1d
:020000040000fa
:020000041d04d9
:080218000800e003c00282941b
:020000040000fa
:020000041d04d9
:080220000800e00300000000eb
:020000040000fa
:020000041d04d9
:080228000800e00301000224bc
:020000040000fa
:020000041d04d9
:080230000800e00300000000db
:020000040000fa
:020000041d04d9
:080238000800e00300000000d3
:020000040000fa
:020000041d04d9
:080240000800e00300000000cb
:020000040000fa
:020000041d04d9
:080248000800e00300000000c3
:020000040000fa
:020000041d04d9
:080250000800e003b880828f72
:020000040000fa
:020000041d04d9
:080258000800e0032b10040074
:020000040000fa
:020000041d04d9
:080260000800e0039080828f8a
:020000040000fa
:020000041d04d9
:080268000800e0038c80828f86
:020000040000fa
:020000041d04d9
:080270000800e003c08080af2c
:020000040000fa
:020000041d04d9
:080278000800e003f8ff022476
:020000040000fa
:020000041d04d9
:080280000800e003080002245d
:020000040000fa
:020000041d04d9
:080288000800e003251000004e
:020000040000fa
:020000041d04d9
:080290000800e0032510000046
:020000040000fa
:020000041d04d9
:080298000800e00325108000be
:020000040000fa
:020000041d04d9
:0802a0000800e0034c00822479
:020000040000fa
:020000041d04d9
:0802a8000800e0033c00822481
:020000040000fa
:020000041d04d9
:0802b0000800e0031800828c35
:020000040000fa
:020000041d04d9
:0802b8000800e003180085ac0a
:020000040000fa
:020000041d04d9
:0802c0000800e0032510000016
:020000040000fa
:020000041d04d9
:0802c8000800e003010002241c
:020000040000fa
:020000041d04d9
:0802d0000800e003000000003b
:020000040000fa
:020000041d04d9
:0802d8000800e0031c8282977c
:020000040000fa
:020000041d04d9
:0802e0000800e0031482828f84
:020000040000fa
:020000041d04d9
:0802e8000800e003100080ace7
:020000040000fa
:020000041d04d9
:0802f0000800e003f1fe022406
:020000040000fa
:020000041d04d9
:0802f8000800e003feff0224f0
:020000040000fa
:020000041d04d9
:080300000800e003000000000a
:020000040000fa
:020000041d04d9
:080308000800e0030000000002
:020000040000fa
:020000041d04d9
:080310000800e00300000000fa
:020000040000fa
:020000041d04d9
:08031800801c00a0040000009d
:00000001FF
